{
  "Sobic.004G230650": {
    "mean_TPM": 0.007,
    "n": 750,
    "effect": -0.0028371178120726193,
    "p": 0.328894857170824
  },
  "Sobic.004G230700": {
    "mean_TPM": 0.338,
    "n": 750,
    "effect": -0.02771091320995822,
    "p": 0.2866554864990182
  },
  "Sobic.004G230800": {
    "mean_TPM": 0.733,
    "n": 750,
    "effect": -0.27757559493660555,
    "p": 1.3158076253704281e-12
  },
  "Sobic.004G230900": {
    "mean_TPM": 1.568,
    "n": 750,
    "effect": -0.06814863891501634,
    "p": 0.07099348947914887
  },
  "Sobic.004G231200": {
    "mean_TPM": 1.028,
    "n": 750,
    "effect": -0.011023638051373748,
    "p": 0.35475654173921956
  },
  "Sobic.004G231300": {
    "mean_TPM": 3.946,
    "n": 750,
    "effect": 0.013382988666565857,
    "p": 0.742124836996529
  },
  "Sobic.004G231350": {
    "mean_TPM": 0.056,
    "n": 750,
    "effect": -0.016534071785813037,
    "p": 0.03185437511940422
  },
  "Sobic.004G231400": {
    "mean_TPM": 55.742,
    "n": 750,
    "effect": -0.0810003171429594,
    "p": 4.238982919506975e-06
  },
  "Sobic.004G231502": {
    "mean_TPM": 17.087,
    "n": 750,
    "effect": -0.16497017958076637,
    "p": 2.426909245054537e-07
  },
  "Sobic.004G231600": {
    "mean_TPM": 3.464,
    "n": 750,
    "effect": -0.00604176674129242,
    "p": 0.8400538629630812
  },
  "Sobic.004G231700": {
    "mean_TPM": 1.071,
    "n": 750,
    "effect": -0.05997921355713558,
    "p": 0.10249221139663854
  },
  "Sobic.004G231800": {
    "mean_TPM": 136.217,
    "n": 750,
    "effect": 0.03000208175419088,
    "p": 0.5415487573480936
  },
  "Sobic.004G231850": {
    "mean_TPM": 2.59,
    "n": 750,
    "effect": 0.21979974841447422,
    "p": 0.00101951148397373
  }
}