{
  "anchor_lead_to_emb": {
    "n": 873,
    "spearman_rho": 0.21419573931859628,
    "spearman_p": 1.615643856413934e-10,
    "partial_r": 0.26187177314991844,
    "partial_p": 3.721692396928333e-15
  },
  "B_expr_to_target": {
    "Sobic.004G230650": {
      "emb": {
        "n": 736,
        "spearman_rho": -0.05734165656834583,
        "spearman_p": 0.12011882466950267,
        "partial_r": -0.047015573806702265,
        "partial_p": 0.2026502450705093
      },
      "yellowness_b": {
        "n": 740,
        "spearman_rho": -0.01459569802766725,
        "spearman_p": 0.6918130490898361,
        "partial_r": -0.007595698174897111,
        "partial_p": 0.8365729780239355
      },
      "gloss": {
        "n": 740,
        "spearman_rho": -0.00958919735074905,
        "spearman_p": 0.7945402938414997,
        "partial_r": -0.004141290436631192,
        "partial_p": 0.9104544677926328
      }
    },
    "Sobic.004G230700": {
      "emb": {
        "n": 736,
        "spearman_rho": -0.10791081804553855,
        "spearman_p": 0.0033772666138948077,
        "partial_r": -0.1010735915269846,
        "partial_p": 0.006061642968002011
      },
      "yellowness_b": {
        "n": 740,
        "spearman_rho": -0.052480502852644696,
        "spearman_p": 0.15381248731731556,
        "partial_r": -0.03520962772934647,
        "partial_p": 0.33882835197876127
      },
      "gloss": {
        "n": 740,
        "spearman_rho": 0.076587915393163,
        "spearman_p": 0.03725536100254947,
        "partial_r": 0.043088162610986316,
        "partial_p": 0.24172461562583994
      }
    },
    "Sobic.004G230800": {
      "emb": {
        "n": 736,
        "spearman_rho": -0.20479500130968145,
        "spearman_p": 2.0702166034834437e-08,
        "partial_r": -0.09784222319327235,
        "partial_p": 0.00790133662785234
      },
      "yellowness_b": {
        "n": 740,
        "spearman_rho": -0.020375283862026628,
        "spearman_p": 0.5799976842175797,
        "partial_r": -0.004360313853561272,
        "partial_p": 0.9057401031386482
      },
      "gloss": {
        "n": 740,
        "spearman_rho": 0.002453526024133569,
        "spearman_p": 0.9468759481803062,
        "partial_r": 0.01300948776259091,
        "partial_p": 0.723853787898594
      }
    },
    "Sobic.004G230900": {
      "emb": {
        "n": 736,
        "spearman_rho": -0.07088224224845167,
        "spearman_p": 0.05458855971078586,
        "partial_r": 0.0437157389520238,
        "partial_p": 0.23620381417559005
      },
      "yellowness_b": {
        "n": 740,
        "spearman_rho": 0.03078752904981892,
        "spearman_p": 0.4029896554290182,
        "partial_r": 0.045214223821505056,
        "partial_p": 0.21925598063955468
      },
      "gloss": {
        "n": 740,
        "spearman_rho": -0.03493861430395359,
        "spearman_p": 0.3425615475999223,
        "partial_r": -0.06135006911152757,
        "partial_p": 0.09538480535720761
      }
    },
    "Sobic.004G231200": {
      "emb": {
        "n": 736,
        "spearman_rho": -0.1264376150336269,
        "spearman_p": 0.0005857174352921841,
        "partial_r": 0.006771788514836509,
        "partial_p": 0.8544811461440575
      },
      "yellowness_b": {
        "n": 740,
        "spearman_rho": 0.03940792643418088,
        "spearman_p": 0.28434250554109824,
        "partial_r": 0.0490565342181784,
        "partial_p": 0.18252238151399633
      },
      "gloss": {
        "n": 740,
        "spearman_rho": -0.015981981175117843,
        "spearman_p": 0.6642523833951643,
        "partial_r": -0.027031101837249088,
        "partial_p": 0.46281676117815823
      }
    },
    "Sobic.004G231300": {
      "emb": {
        "n": 736,
        "spearman_rho": -0.11486514378919062,
        "spearman_p": 0.001800831594683898,
        "partial_r": 0.031181310113882504,
        "partial_p": 0.3982809750888209
      },
      "yellowness_b": {
        "n": 740,
        "spearman_rho": 0.023087685225873202,
        "spearman_p": 0.5306102046496701,
        "partial_r": 0.03311676109551131,
        "partial_p": 0.3683346863799983
      },
      "gloss": {
        "n": 740,
        "spearman_rho": -0.013609772084252236,
        "spearman_p": 0.7116678247164977,
        "partial_r": -0.04424545170755845,
        "partial_p": 0.22930136140253726
      }
    },
    "Sobic.004G231350": {
      "emb": {
        "n": 736,
        "spearman_rho": -0.0343727404118433,
        "spearman_p": 0.35175049896231714,
        "partial_r": -0.013576343675511617,
        "partial_p": 0.7130910568227053
      },
      "yellowness_b": {
        "n": 740,
        "spearman_rho": 0.04186522316026767,
        "spearman_p": 0.25535829692079937,
        "partial_r": 0.046406429200448386,
        "partial_p": 0.2073316695695778
      },
      "gloss": {
        "n": 740,
        "spearman_rho": -0.04930233207429512,
        "spearman_p": 0.18033770353333073,
        "partial_r": -0.04622893348009562,
        "partial_p": 0.20907658303798937
      }
    },
    "Sobic.004G231400": {
      "emb": {
        "n": 736,
        "spearman_rho": -0.04015360937030262,
        "spearman_p": 0.27662718479545556,
        "partial_r": -0.05171497903885054,
        "partial_p": 0.16105101922962228
      },
      "yellowness_b": {
        "n": 740,
        "spearman_rho": 0.026499044648579616,
        "spearman_p": 0.4716729372381159,
        "partial_r": 0.026149765691371004,
        "partial_p": 0.47753705854530243
      },
      "gloss": {
        "n": 740,
        "spearman_rho": 0.04696920353785445,
        "spearman_p": 0.20186894973918934,
        "partial_r": 0.043978571295313594,
        "partial_p": 0.23212523775108002
      }
    },
    "Sobic.004G231502": {
      "emb": {
        "n": 736,
        "spearman_rho": -0.07847264563774943,
        "spearman_p": 0.033289504946016964,
        "partial_r": -0.015742924614787213,
        "partial_p": 0.6698198033526359
      },
      "yellowness_b": {
        "n": 740,
        "spearman_rho": -0.02075253864230778,
        "spearman_p": 0.5730015791377088,
        "partial_r": -0.007471537679293937,
        "partial_p": 0.8392076917752198
      },
      "gloss": {
        "n": 740,
        "spearman_rho": 0.02102456657098229,
        "spearman_p": 0.5679818064890853,
        "partial_r": -0.01006052584297393,
        "partial_p": 0.7846839873839498
      }
    },
    "Sobic.004G231600": {
      "emb": {
        "n": 736,
        "spearman_rho": -0.11034875382731187,
        "spearman_p": 0.002719737608077882,
        "partial_r": -0.007188771357621416,
        "partial_p": 0.8456297631802194
      },
      "yellowness_b": {
        "n": 740,
        "spearman_rho": 0.05470420068652721,
        "spearman_p": 0.1370906688640221,
        "partial_r": 0.061926399140157976,
        "partial_p": 0.09230769599325431
      },
      "gloss": {
        "n": 740,
        "spearman_rho": -0.038036741614491484,
        "spearman_p": 0.3014466801602782,
        "partial_r": -0.04493125845951303,
        "partial_p": 0.2221569375984976
      }
    },
    "Sobic.004G231700": {
      "emb": {
        "n": 736,
        "spearman_rho": -0.11884046246246291,
        "spearman_p": 0.0012377544540554681,
        "partial_r": -0.018752924244282234,
        "partial_p": 0.611499616093714
      },
      "yellowness_b": {
        "n": 740,
        "spearman_rho": -0.015452735720229949,
        "spearman_p": 0.6747234047845688,
        "partial_r": -0.0032793774063607345,
        "partial_p": 0.9290357030159246
      },
      "gloss": {
        "n": 740,
        "spearman_rho": 0.017515925837656373,
        "spearman_p": 0.6342769385396572,
        "partial_r": -0.03413663654216108,
        "partial_p": 0.35376178578220324
      }
    },
    "Sobic.004G231800": {
      "emb": {
        "n": 736,
        "spearman_rho": -0.08496861037701507,
        "spearman_p": 0.02114457977664541,
        "partial_r": 0.00808033199076083,