{
  "marker_to_feature": {
    "b_mean": {
      "n": 895,
      "n_minor_hom": 144,
      "beta_std": -0.06052833606645016,
      "p": 0.22908704978658553
    },
    "a_mean": {
      "n": 895,
      "n_minor_hom": 144,
      "beta_std": -0.044750124443484966,
      "p": 0.3544132764420086
    },
    "L_mean": {
      "n": 895,
      "n_minor_hom": 144,
      "beta_std": -0.06426667423262612,
      "p": 0.1792760076586692
    },
    "b_sd": {
      "n": 895,
      "n_minor_hom": 144,
      "beta_std": -0.10563268148233539,
      "p": 0.036824975604123185
    },
    "L_sd": {
      "n": 895,
      "n_minor_hom": 144,
      "beta_std": -0.05984433765061676,
      "p": 0.21951521428098708
    },
    "gloss": {
      "n": 895,
      "n_minor_hom": 144,
      "beta_std": -0.10442783670067829,
      "p": 0.041208904474636474
    }
  },
  "UGTexpr_to_feature": {
    "b_mean": {
      "n": 740,
      "raw_rho": -0.020207656330639596,
      "raw_p": 0.5831190712450899,
      "partial_r": -0.0041759571871143805,
      "partial_p": 0.909708070146975
    },
    "a_mean": {
      "n": 740,
      "raw_rho": 0.030149814427488545,
      "raw_p": 0.41280734350458737,
      "partial_r": 0.04216559484504168,
      "partial_p": 0.25196125329508556
    },
    "L_mean": {
      "n": 740,
      "raw_rho": 0.05342608900911023,
      "raw_p": 0.14652192724869353,
      "partial_r": 0.016304892983401178,
      "partial_p": 0.657895450562322
    },
    "b_sd": {
      "n": 740,
      "raw_rho": 0.049571999098763676,
      "raw_p": 0.1779632409846121,
      "partial_r": 0.033476277686411725,
      "partial_p": 0.3631555745865874
    },
    "L_sd": {
      "n": 740,
      "raw_rho": -0.12012735508333784,
      "raw_p": 0.0010597788566136844,
      "partial_r": -0.04694191463883697,
      "partial_p": 0.20213139711707967
    },
    "gloss": {
      "n": 740,
      "raw_rho": 0.0024358051996660624,
      "raw_p": 0.9472590814726095,
      "partial_r": 0.013020058884996142,
      "partial_p": 0.7236385747180636
    }
  }
}