{
  "per_target": {
    "embedding_std_267": {
      "n": 736,
      "raw_spearman": -0.20612793212596575,
      "raw_p": 1.6680462180109323e-08,
      "partial_r_given_5PC": -0.0991564751153084,
      "partial_p_given_5PC": 0.007100098753134157,
      "n_dose": 722,
      "partial_r_given_leaddose": -0.15156813928854973,
      "partial_p_given_leaddose": 4.327972555251468e-05,
      "pct_of_raw_removed_by_PC": 0.5189566300276403,
      "R2_target_by_5PC": 0.14136671725544414,
      "R2_UGTexpr_by_5PC": 0.16783309604673502
    },
    "embedding_std_488": {
      "n": 736,
      "raw_spearman": -0.16424126410287307,
      "raw_p": 7.5124351761076104e-06,
      "partial_r_given_5PC": -0.07029775798049352,
      "partial_p_given_5PC": 0.05661809520903457,
      "n_dose": 722,
      "partial_r_given_leaddose": -0.11275276759856415,
      "partial_p_given_leaddose": 0.002412509967356538,
      "pct_of_raw_removed_by_PC": 0.5719847970942169,
      "R2_target_by_5PC": 0.224188741996188,
      "R2_UGTexpr_by_5PC": 0.16783309604673502
    },
    "embedding_mean_339": {
      "n": 736,
      "raw_spearman": 0.1712981361374272,
      "raw_p": 2.9554518496536384e-06,
      "partial_r_given_5PC": 0.1107174892964646,
      "partial_p_given_5PC": 0.0026311436188159853,
      "n_dose": 722,
      "partial_r_given_leaddose": 0.13128129550434225,
      "partial_p_given_leaddose": 0.0004050956240760196,
      "pct_of_raw_removed_by_PC": 0.35365619385584335,
      "R2_target_by_5PC": 0.17002291447445494,
      "R2_UGTexpr_by_5PC": 0.16783309604673502
    },
    "emb": {
      "n": 736,
      "raw_spearman": -0.20476187788630723,
      "raw_p": 2.0813203061026422e-08,
      "partial_r_given_5PC": -0.09778616954498093,
      "partial_p_given_5PC": 0.007937239785422219,
      "n_dose": 722,
      "partial_r_given_leaddose": -0.14652038559857525,
      "partial_p_given_leaddose": 7.765166088280086e-05,
      "pct_of_raw_removed_by_PC": 0.5224395744247077,
      "R2_target_by_5PC": 0.23001273723208915,
      "R2_UGTexpr_by_5PC": 0.16783309604673502
    }
  },
  "structure_grip": {},
  "per_PC_corr": {
    "expr": {
      "PC1": -0.14801458229217188,
      "PC2": -0.1085038621876076,
      "PC3": 0.14454113227949836,
      "PC4": -0.22225602864499586,
      "PC5": -0.16938665332155106
    },
    "emb": {
      "PC1": -0.08198541052902783,
      "PC2": 0.4011681930751181,
      "PC3": -0.018587489409657137,
      "PC4": -0.024273897512518072,
      "PC5": 0.17468733408058523
    },
    "embedding_std_267": {
      "PC1": 0.02420247315491591,
      "PC2": 0.2655911577066671,
      "PC3": -0.010546620650778991,
      "PC4": 0.026767730276583523,
      "PC5": 0.17676842254806469
    },
    "embedding_std_488": {
      "PC1": -0.08502773299751143,
      "PC2": 0.40587997336861703,
      "PC3": -0.0413713780760284,
      "PC4": -0.08793193225611877,
      "PC5": 0.1402234110563581
    },
    "embedding_mean_339": {
      "PC1": 0.19352954915669293,
      "PC2": -0.3462319362291551,
      "PC3": -0.07351986392892257,
      "PC4": 0.0031645234342926004,
      "PC5": -0.16482622781871875
    }
  }
}