group,marker,chrom,pos,ref,alt,phenotype_column,n_observations,n_marker_nonmissing,n_ref_homozygote,n_heterozygote,n_alt_homozygote,phenotype_mean,phenotype_sd,effect_alt_allele,se,p_value,standardized_effect_alt_allele,standardized_alt_homozygote_vs_ref,alt_effect_direction,status,skip_reason
Alabama2025,6:58476610:G:A,6,58476610,G,A,human_score,132,132,119,1,12,2.602651515151515,0.7770934499719366,-0.4316305896671133,0.13366877654414763,0.001586560612599535,-0.5554423212326662,-1.1108846424653325,decreases,tested,
Georgia2025,6:58476610:G:A,6,58476610,G,A,human_score,147,147,132,0,15,2.7090419501133787,0.7691803497046108,-0.2943927379860484,0.11579116859407196,0.012095623580846615,-0.38273564593674864,-0.7654712918734973,decreases,tested,
Nebraska2025,6:58476610:G:A,6,58476610,G,A,human_score,561,561,542,1,18,1.9280897207367795,0.6463920139830311,-0.0847418577882111,0.07507925311672785,0.25951346792810775,-0.13109979076943812,-0.26219958153887624,decreases,tested,
Nebraska2025-Common,6:58476610:G:A,6,58476610,G,A,human_score,42,42,38,0,4,1.6989087301587302,0.4815589518192176,-0.1974052852655876,0.12594523180638909,0.12602137074035907,-0.4099296348242233,-0.8198592696484466,decreases,tested,
