{
  "Me": 4446367,
  "bonferroni_threshold": 1.1245135635452496e-08,
  "neglog10_threshold": 7.949035301867005,
  "region_chrom": "9",
  "region_lo": 1650000,
  "region_hi": 1850000,
  "peak_marker": 1768703,
  "lof_marker": 1754173,
  "candidate": "Sobic.009G019100"
}