{
  "disease": {
    "human_score": {
      "n": 541,
      "n_minor": 142,
      "beta_std": 0.004379999537247456,
      "p": 0.9277645516915676
    },
    "disease_exg": {
      "n": 895,
      "n_minor": 244,
      "beta_std": 0.07711223087822061,
      "p": 0.04367002783010102
    },
    "disease_exg_CV": {
      "n": 894,
      "n_minor": 243,
      "beta_std": -0.07964351967438864,
      "p": 0.04084726483587365
    },
    "pct": {
      "n": 895,
      "n_minor": 244,
      "beta_std": 0.07664436999950916,
      "p": 0.04745057643618779
    }
  },
  "color": {
    "b_mean": {
      "n": 895,
      "n_minor": 244,
      "beta_std": -0.006026093968840358,
      "p": 0.8786277280488649
    },
    "a_mean": {
      "n": 895,
      "n_minor": 244,
      "beta_std": 0.006885427492663244,
      "p": 0.8563078113383383
    },
    "L_mean": {
      "n": 895,
      "n_minor": 244,
      "beta_std": 0.1146982208636208,
      "p": 0.0023739479929474694
    },
    "b_sd": {
      "n": 895,
      "n_minor": 244,
      "beta_std": 0.036407763195493034,
      "p": 0.3545273283517788
    },
    "L_sd": {
      "n": 895,
      "n_minor": 244,
      "beta_std": 0.07778765495899807,
      "p": 0.035620092820921975
    },
    "gloss": {
      "n": 895,
      "n_minor": 244,
      "beta_std": -0.14970964683517873,
      "p": 0.00014111733404782083
    }
  },
  "size": {
    "leaf_area_img": {
      "n": 895,
      "n_minor": 244,
      "beta_std": 0.1338907454430225,
      "p": 0.00010353383560885743
    },
    "mask_pixels_img": {
      "n": 1,
      "n_minor": 0,
      "beta_std": NaN,
      "p": NaN,
      "note": "degenerate"
    },
    "mask_pixels_blue": {
      "n": 891,
      "n_minor": 241,
      "beta_std": 0.13658064098744416,
      "p": 7.853083572455317e-05
    }
  }
}