{
  "Sobic.009G229100": {
    "mean_TPM": 0.934,
    "n": 750,
    "effect": -0.06120261863121835,
    "p": 0.006376633823330238
  },
  "Sobic.009G229150": {
    "mean_TPM": 0.047,
    "n": 750,
    "effect": -0.0058439625915729055,
    "p": 0.09033414277598062
  },
  "Sobic.009G229200": {
    "mean_TPM": 17.298,
    "n": 750,
    "effect": 0.05858759317030901,
    "p": 0.00013916824605653588
  },
  "Sobic.009G229300": {
    "mean_TPM": 11.309,
    "n": 750,
    "effect": -0.030160387857917914,
    "p": 0.26938622154234226
  },
  "Sobic.009G229400": {
    "mean_TPM": 32.907,
    "n": 750,
    "effect": -0.0829444332060394,
    "p": 0.005341790896721545
  },
  "Sobic.009G229500": {
    "mean_TPM": 0.093,
    "n": 750,
    "effect": 0.003949692932911493,
    "p": 0.6149322112602589
  },
  "Sobic.009G229600": {
    "mean_TPM": 11.433,
    "n": 750,
    "effect": -0.06710666182280459,
    "p": 8.760310341558815e-05
  },
  "Sobic.009G229650": {
    "mean_TPM": 1.521,
    "n": 750,
    "effect": -0.02715406723412181,
    "p": 0.34835977837165755
  },
  "Sobic.009G229700": {
    "mean_TPM": 6096.591,
    "n": 750,
    "effect": 0.05386756680786681,
    "p": 0.08112169287139376
  },
  "Sobic.009G229801": {
    "mean_TPM": 5.775,
    "n": 750,
    "effect": 0.1860952709520444,
    "p": 2.6764512296137667e-28
  },
  "Sobic.009G229900": {
    "mean_TPM": 0.317,
    "n": 750,
    "effect": -0.026814464257790268,
    "p": 0.004567231315427811
  },
  "Sobic.009G230000": {
    "mean_TPM": 0.369,
    "n": 750,
    "effect": -0.0037341840954041093,
    "p": 0.79299928475959
  },
  "Sobic.009G230100": {
    "mean_TPM": 23.102,
    "n": 750,
    "effect": -0.37675108724959616,
    "p": 3.152453625048093e-33
  },
  "Sobic.009G230200": {
    "mean_TPM": 0.195,
    "n": 750,
    "effect": -0.030878982776089917,
    "p": 0.0005882773803242803
  },
  "Sobic.009G230400": {
    "mean_TPM": 1.024,
    "n": 750,
    "effect": -0.0915646626521015,
    "p": 0.0006904026782849244
  },
  "Sobic.009G230500": {
    "mean_TPM": 12.834,
    "n": 750,
    "effect": 0.1510818363655987,
    "p": 4.546499811393142e-10
  },
  "Sobic.009G230650": {
    "mean_TPM": 0.028,
    "n": 750,
    "effect": -0.004134893310212973,
    "p": 0.19651723970707385
  },
  "Sobic.009G230700": {
    "mean_TPM": 16.992,
    "n": 750,
    "effect": -0.024248329101988823,
    "p": 0.02500362442822778
  },
  "Sobic.009G230800": {
    "mean_TPM": 0.037,
    "n": 750,
    "effect": 0.0037056431358587125,
    "p": 0.2073173572867631
  },
  "Sobic.009G230900": {
    "mean_TPM": 0.334,
    "n": 750,
    "effect": -0.008260037143670835,
    "p": 0.712817144465151
  },
  "Sobic.009G231000": {
    "mean_TPM": 0.001,
    "n": 750,
    "effect": 0.002219653267335648,
    "p": 0.01450000285761575
  },
  "Sobic.009G231100": {
    "mean_TPM": 21.227,
    "n": 750,
    "effect": -0.12548747739340832,
    "p": 6.455769538437381e-12
  },
  "Sobic.009G231200": {
    "mean_TPM": 43.042,
    "n": 750,
    "effect": -0.05016881067541513,
    "p": 0.14221351913938735
  },
  "Sobic.009G231300": {
    "mean_TPM": 264.002,
    "n": 750,
    "effect": -0.06147078461534515,
    "p": 0.06595300955758218
  },
  "Sobic.009G231400": {
    "mean_TPM": 56.409,
    "n": 750,
    "effect": -0.12995108604558608,
    "p": 0.0030557290305521507
  }
}