{
  "anchor_lead_to_emb": {
    "n": 872,
    "spearman_rho": 0.2799762376984871,
    "spearman_p": 3.6138001346808994e-17,
    "partial_r": 0.28381304268171637,
    "partial_p": 1.283145942595733e-17
  },
  "B_expr_to_target": {
    "Sobic.009G229100": {
      "emb": {
        "n": 736,
        "spearman_rho": -0.09954732745735101,
        "spearman_p": 0.006876283566369675,
        "partial_r": -0.08133966264590464,
        "partial_p": 0.027342275993531253
      },
      "yellowness_b": {
        "n": 740,
        "spearman_rho": -9.359409291057775e-05,
        "spearman_p": 0.9979719946487474,
        "partial_r": -0.01118842479257919,
        "partial_p": 0.7612398467716096
      },
      "gloss": {
        "n": 740,
        "spearman_rho": -0.020946864387625164,
        "spearman_p": 0.5694135125283378,
        "partial_r": -0.00032001014010171687,
        "partial_p": 0.9930660707164806
      }
    },
    "Sobic.009G229150": {
      "emb": {
        "n": 736,
        "spearman_rho": -0.027547643485774643,
        "spearman_p": 0.4555344167361006,
        "partial_r": -0.05188445282238202,
        "partial_p": 0.15968118269507095
      },
      "yellowness_b": {
        "n": 740,
        "spearman_rho": -0.013345603238646194,
        "spearman_p": 0.7170216996102525,
        "partial_r": -0.01949375138279143,
        "partial_p": 0.5964994063762772
      },
      "gloss": {
        "n": 740,
        "spearman_rho": -0.026759270140832455,
        "spearman_p": 0.4673298376945848,
        "partial_r": -0.003695064547425196,
        "partial_p": 0.9200688119856262
      }
    },
    "Sobic.009G229200": {
      "emb": {
        "n": 736,
        "spearman_rho": 0.05613681400648035,
        "spearman_p": 0.12811811082501112,
        "partial_r": 0.0041310573207695815,
        "partial_p": 0.9109163637546999
      },
      "yellowness_b": {
        "n": 740,
        "spearman_rho": -0.01895642199373166,
        "spearman_p": 0.6066613728012192,
        "partial_r": -0.03087611064907767,
        "partial_p": 0.4016370630640814
      },
      "gloss": {
        "n": 740,
        "spearman_rho": -0.04847801947269665,
        "spearman_p": 0.1877414602837317,
        "partial_r": -0.03905091996362036,
        "partial_p": 0.28873137641071833
      }
    },
    "Sobic.009G229300": {
      "emb": {
        "n": 736,
        "spearman_rho": -0.09187685086952443,
        "spearman_p": 0.012645644246736292,
        "partial_r": -0.03830135618866071,
        "partial_p": 0.2994077007300183
      },
      "yellowness_b": {
        "n": 740,
        "spearman_rho": 0.027082013410935794,
        "spearman_p": 0.4619742084018801,
        "partial_r": 0.035409652735014646,
        "partial_p": 0.3360897955190051
      },
      "gloss": {
        "n": 740,
        "spearman_rho": -0.037529780107755185,
        "spearman_p": 0.30794016358060633,
        "partial_r": -0.049118073549248534,
        "partial_p": 0.18197358427699967
      }
    },
    "Sobic.009G229400": {
      "emb": {
        "n": 736,
        "spearman_rho": -0.11642414217390676,
        "spearman_p": 0.0015566783426279314,
        "partial_r": -0.04988062716154408,
        "partial_p": 0.17644924089863107
      },
      "yellowness_b": {
        "n": 740,
        "spearman_rho": -0.015425221506687615,
        "spearman_p": 0.6752695128183521,
        "partial_r": -0.006668213222369344,
        "partial_p": 0.8562966390445738
      },
      "gloss": {
        "n": 740,
        "spearman_rho": 0.004598252229429703,
        "spearman_p": 0.9006223632452891,
        "partial_r": -0.037442421456515766,
        "partial_p": 0.3090683692713844
      }
    },
    "Sobic.009G229500": {
      "emb": {
        "n": 736,
        "spearman_rho": -0.02585737906039639,
        "spearman_p": 0.4836663643957523,
        "partial_r": 0.024041910960189036,
        "partial_p": 0.5149004717055073
      },
      "yellowness_b": {
        "n": 740,
        "spearman_rho": 0.008101627744638714,
        "spearman_p": 0.8258562439961175,
        "partial_r": 0.017800513351170333,
        "partial_p": 0.6287790701675685
      },
      "gloss": {
        "n": 740,
        "spearman_rho": -0.002462109979593517,
        "spearman_p": 0.9466903630734168,
        "partial_r": -0.04262724242805756,
        "partial_p": 0.2468017964388347
      }
    },
    "Sobic.009G229600": {
      "emb": {
        "n": 736,
        "spearman_rho": 0.033613918359322224,
        "spearman_p": 0.3624903079681875,
        "partial_r": -0.003122280127681419,
        "partial_p": 0.9326099530040568
      },
      "yellowness_b": {
        "n": 740,
        "spearman_rho": 0.04469992139585905,
        "spearman_p": 0.22454890220164936,
        "partial_r": 0.03836598553547635,
        "partial_p": 0.2972786032990285
      },
      "gloss": {
        "n": 740,
        "spearman_rho": -0.016989012605393653,
        "spearman_p": 0.6445093994187299,
        "partial_r": 0.006505872917306807,
        "partial_p": 0.8597585231388314
      }
    },
    "Sobic.009G229650": {
      "emb": {
        "n": 736,
        "spearman_rho": 0.031103043386213242,
        "spearman_p": 0.39946670423284714,
        "partial_r": 0.05167491272047098,
        "partial_p": 0.1613761615302212
      },
      "yellowness_b": {
        "n": 740,
        "spearman_rho": -0.023439935900560763,
        "spearman_p": 0.5243562751293173,
        "partial_r": -0.021493511247197207,
        "partial_p": 0.5593779302520794
      },
      "gloss": {
        "n": 740,
        "spearman_rho": -0.014326914386596059,
        "spearman_p": 0.6972056280412469,
        "partial_r": -0.023478254946441384,
        "partial_p": 0.52367823128274
      }
    },
    "Sobic.009G229700": {
      "emb": {
        "n": 736,
        "spearman_rho": -0.04786557652970927,
        "spearman_p": 0.19459784497888546,
        "partial_r": 0.013565888246864891,
        "partial_p": 0.7133022618940292
      },
      "yellowness_b": {
        "n": 740,
        "spearman_rho": -0.03819903131917946,
        "spearman_p": 0.29938733791508354,
        "partial_r": -0.03324635583800061,
        "partial_p": 0.3664625099751797
      },
      "gloss": {
        "n": 740,
        "spearman_rho": -0.030561226914762988,
        "spearman_p": 0.40645751095943705,
        "partial_r": -0.057573321375356756,
        "partial_p": 0.11762648584032673
      }
    },
    "Sobic.009G229801": {
      "emb": {
        "n": 736,
        "spearman_rho": 0.02080054646230335,
        "spearman_p": 0.5731581202886366,
        "partial_r": 0.03230725874080317,
        "partial_p": 0.3814581894296858
      },
      "yellowness_b": {
        "n": 740,
        "spearman_rho": 0.06209746174930244,
        "spearman_p": 0.0914098409032368,
        "partial_r": 0.0639978303318951,
        "partial_p": 0.08189943075909496
      },
      "gloss": {
        "n": 740,
        "spearman_rho": -0.05308245576589864,
        "spearman_p": 0.1491402350893031,
        "partial_r": -0.08853264296691535,
        "partial_p": 0.01599591293733123
      }
    },
    "Sobic.009G229900": {
      "emb": {
        "n": 736,
        "spearman_rho": -0.025712197627991495,
        "spearman_p": 0.4861258032094301,
        "partial_r": 0.018193416025692112,
        "partial_p": 0.6221702617962616
      },
      "yellowness_b": {
        "n": 740,
        "spearman_rho": 0.010840670667231428,
        "spearman_p": 0.7684459639802669,
        "partial_r": 0.020995157347850298,
        "partial_p": 0.5685234856114657
      },
      "gloss": {
        "n": 740,
        "spearman_rho": -0.019034394192124927,
        "spearman_p": 0.605181981135791,
        "partial_r": -0.04156654437728745,
        "partial_p": 0.2587675697325265
      }
    },
    "Sobic.009G230000": {
      "emb": {
        "n": 736,
        "spearman_rho": -0.10336747329633346,
        "spearman_p": 0.004999819952284334,
        "partial_r": -0.05453915744384402,