{
  "Me": 4446367,
  "bonferroni_threshold": 1.1245135635452496e-08,
  "neglog10_threshold": 7.949035301867005,
  "region_chrom": "9",
  "region_lo": 60600000,
  "region_hi": 61150000,
  "peak_marker": 60857595
}