{
  "T2_largeeffect_to_disease": {
    "G335500 splice-donor (HIGH)": {
      "human": {
        "label": "G335500 splice-donor (HIGH)->human",
        "n": 561,
        "effect": 0.03644273759982234,
        "se": 0.03602852490752622,
        "p": 0.31222027413619713
      },
      "ExG": {
        "label": "G335500 splice-donor (HIGH)->ExG",
        "n": 895,
        "effect": 0.05889396493430975,
        "se": 0.028387235918432306,
        "p": 0.038305271971344895
      }
    },
    "G335500 missense Gln60Arg": {
      "human": {
        "label": "G335500 missense Gln60Arg->human",
        "n": 561,
        "effect": 0.29885654029011366,
        "se": 0.08548900818074304,
        "p": 0.0005104161472282487
      },
      "ExG": {
        "label": "G335500 missense Gln60Arg->ExG",
        "n": 895,
        "effect": 0.25760782608577926,
        "se": 0.06777674243026909,
        "p": 0.00019981985027792842
      }
    },
    "G336000 missense Ala446Val": {
      "human": {
        "label": "G336000 missense Ala446Val->human",
        "n": 561,
        "effect": -0.03489229093679285,
        "se": 0.03704143411692342,
        "p": 0.34661344133880356
      },
      "ExG": {
        "label": "G336000 missense Ala446Val->ExG",
        "n": 895,
        "effect": -0.022809874852407916,
        "se": 0.028491003513566295,
        "p": 0.423577847681867
      }
    },
    "G337066 inframe-del Ile169": {
      "human": {
        "label": "G337066 inframe-del Ile169->human",
        "n": 561,
        "effect": -0.0363319324760845,
        "se": 0.051188166486594716,
        "p": 0.4781440990797219
      },
      "ExG": {
        "label": "G337066 inframe-del Ile169->ExG",
        "n": 895,
        "effect": 0.0022084547546549708,
        "se": 0.040889499687863914,
        "p": 0.9569390943885533
      }
    }
  },
  "T4_ciseQTL": {
    "Sobic.004G335500": {
      "dhurrin_up_69314004": {
        "label": "Sobic.004G335500<-dhurrinUP",
        "n": 750,
        "effect": 0.42903256085627095,
        "se": 0.35179250902652615,
        "p": 0.2230181824866852
      },
      "main_peak_69421678": {
        "label": "Sobic.004G335500<-mainpeak",
        "n": 750,
        "effect": 0.8759735694484183,
        "se": 0.36089291297653747,
        "p": 0.015450897285758188
      }
    },
    "Sobic.004G336000": {
      "dhurrin_up_69314004": {
        "label": "Sobic.004G336000<-dhurrinUP",
        "n": 750,
        "effect": -0.05272354163374699,
        "se": 0.03678317870032829,
        "p": 0.15217559862634816
      },
      "main_peak_69421678": {
        "label": "Sobic.004G336000<-mainpeak",
        "n": 750,
        "effect": 0.008047289326257324,
        "se": 0.03797004459862664,
        "p": 0.8322136508045428
      }
    },
    "Sobic.004G337066": {
      "dhurrin_up_69314004": {
        "label": "Sobic.004G337066<-dhurrinUP",
        "n": 750,
        "effect": 0.001830840025533472,
        "se": 0.013491235035090317,
        "p": 0.8920905503051835
      },
      "main_peak_69421678": {
        "label": "Sobic.004G337066<-mainpeak",
        "n": 750,
        "effect": -0.0014761529239920323,
        "se": 0.013970138128038828,
        "p": 0.9158767683119384
      }
    },
    "Sobic.004G337300": {
      "dhurrin_up_69314004": {
        "label": "Sobic.004G337300<-dhurrinUP",
        "n": 750,
        "effect": -0.010362702606459964,
        "se": 0.044818645948381225,
        "p": 0.8172121373149855
      },
      "main_peak_69421678": {
        "label": "Sobic.004G337300<-mainpeak",
        "n": 750,
        "effect": -0.034137269374755384,
        "se": 0.04637676143362751,
        "p": 0.46191088318998663
      }
    }
  },
  "T3_expr_to_disease": {
    "Sobic.004G335500": {
      "human": {
        "n": 464,
        "spearman_rho": -0.03309724060123731,
        "spearman_p": 0.47695520536450464,
        "partial_r": 0.0090064926345787,
        "partial_p": 0.8465780409920766
      },
      "ExG": {
        "n": 740,
        "spearman_rho": -0.06762200381445331,
        "spearman_p": 0.06598692515503396,
        "partial_r": -0.020541830352448918,
        "partial_p": 0.5769041913040936
      }
    },
    "Sobic.004G336000": {
      "human": {
        "n": 464,
        "spearman_rho": -0.039878888196474206,
        "spearman_p": 0.3914219680878227,
        "partial_r": -0.001714979815895655,
        "partial_p": 0.9706108425913546
      },
      "ExG": {
        "n": 740,
        "spearman_rho": -0.04183961675691319,
        "spearman_p": 0.2556493544770811,
        "partial_r": -0.016431112139068216,
        "partial_p": 0.6554173280612468
      }
    },
    "Sobic.004G337066": {
      "human": {
        "n": 464,
        "spearman_rho": -0.10304865042796643,
        "spearman_p": 0.02644181366804379,
        "partial_r": -0.01464089281737664,
        "partial_p": 0.7531104250377543
      },
      "ExG": {
        "n": 740,
        "spearman_rho": -0.12313117319743008,
        "spearman_p": 0.0007889331505960299,
        "partial_r": -0.036959795093713554,
        "partial_p": 0.31535039963620026
      }
    },
    "Sobic.004G337300": {
      "human": {
        "n": 464,
        "spearman_rho": 0.07451625994433055,
        "spearman_p": 0.10892822520052699,
        "partial_r": -0.01158888595496329,
        "partial_p": 0.8033861003999212
      },
      "ExG": {
        "n": 740,
        "spearman_rho": 0.07538224123753212,
        "spearman_p": 0.04035763688028158,
        "partial_r": -7.010159663163243e-05,
        "partial_p": 0.9984810314866767
      }
    }
  }
}