{
  "disease": {
    "human_score": {
      "n": 541,
      "n_minor": 20,
      "beta_std": 0.4769341516393731,
      "p": 0.00019306578840144094
    },
    "disease_exg": {
      "n": 895,
      "n_minor": 28,
      "beta_std": 0.5233087434706194,
      "p": 4.226492549511335e-06
    },
    "disease_exg_CV": {
      "n": 894,
      "n_minor": 28,
      "beta_std": -0.26338028159842813,
      "p": 0.020999526601413056
    },
    "pct": {
      "n": 895,
      "n_minor": 28,
      "beta_std": 0.4891397051940796,
      "p": 2.3833036173482636e-05
    }
  },
  "color": {
    "b_mean": {
      "n": 895,
      "n_minor": 28,
      "beta_std": 0.09985766738990783,
      "p": 0.3831829209219819
    },
    "a_mean": {
      "n": 895,
      "n_minor": 28,
      "beta_std": 0.29331240318586094,
      "p": 0.00864402317442543
    },
    "L_mean": {
      "n": 895,
      "n_minor": 28,
      "beta_std": -0.019679372542960785,
      "p": 0.8584904905176494
    },
    "b_sd": {
      "n": 895,
      "n_minor": 28,
      "beta_std": 0.2395490639038117,
      "p": 0.03741999375925406
    },
    "L_sd": {
      "n": 895,
      "n_minor": 28,
      "beta_std": 0.07223018715474679,
      "p": 0.5208448999285529
    },
    "gloss": {
      "n": 895,
      "n_minor": 28,
      "beta_std": -0.08250395047633531,
      "p": 0.4788585328315519
    }
  },
  "size": {
    "leaf_area_img": {
      "n": 895,
      "n_minor": 28,
      "beta_std": -0.06750569395423676,
      "p": 0.5281944827667362
    },
    "mask_pixels_img": {
      "n": 1,
      "n_minor": 0,
      "beta_std": NaN,
      "p": NaN,
      "note": "degenerate"
    },
    "mask_pixels_blue": {
      "n": 891,
      "n_minor": 28,
      "beta_std": -0.08698772940859795,
      "p": 0.4141331928655153
    }
  }
}