{
  "Me": 4446367,
  "bonferroni_threshold": 1.1245135635452496e-08,
  "neglog10_threshold": 7.949035301867005,
  "region_chrom": "4",
  "region_lo": 69236000,
  "region_hi": 69452000,
  "peak_marker": 69421678
}