{
  "disease": {
    "human_score": {
      "n": 541,
      "n_minor": 26,
      "beta_std": 0.359283754577682,
      "p": 0.0004615790970887516
    },
    "disease_exg": {
      "n": 895,
      "n_minor": 48,
      "beta_std": 0.3215380581675882,
      "p": 4.728033566287629e-05
    },
    "disease_exg_CV": {
      "n": 894,
      "n_minor": 48,
      "beta_std": -0.20748032880467548,
      "p": 0.009313948887344423
    },
    "pct": {
      "n": 895,
      "n_minor": 48,
      "beta_std": 0.32521824483705825,
      "p": 6.935456344058949e-05
    }
  },
  "color": {
    "b_mean": {
      "n": 895,
      "n_minor": 48,
      "beta_std": -0.11337369326390256,
      "p": 0.15939940534805616
    },
    "a_mean": {
      "n": 895,
      "n_minor": 48,
      "beta_std": 0.139973928171275,
      "p": 0.07687869680128159
    },
    "L_mean": {
      "n": 895,
      "n_minor": 48,
      "beta_std": -0.014601972771650226,
      "p": 0.8519954041643255
    },
    "b_sd": {
      "n": 895,
      "n_minor": 48,
      "beta_std": -0.02663616623979582,
      "p": 0.7401401831230944
    },
    "L_sd": {
      "n": 895,
      "n_minor": 48,
      "beta_std": 0.034122386514177074,
      "p": 0.6575387140287028
    },
    "gloss": {
      "n": 895,
      "n_minor": 48,
      "beta_std": -0.009490414731300415,
      "p": 0.9066306080333544
    }
  },
  "size": {
    "leaf_area_img": {
      "n": 895,
      "n_minor": 48,
      "beta_std": -0.06296645888430824,
      "p": 0.38773940437437704
    },
    "mask_pixels_img": {
      "n": 1,
      "n_minor": 0,
      "beta_std": NaN,
      "p": NaN,
      "note": "degenerate"
    },
    "mask_pixels_blue": {
      "n": 891,
      "n_minor": 47,
      "beta_std": -0.0773026821386652,
      "p": 0.2890859540739577
    }
  }
}