{
  "Sobic.004G057400": {
    "mean_TPM": 12.804,
    "n": 750,
    "effect": -0.0053393711072826575,
    "p": 0.8306495106359466
  },
  "Sobic.004G057500": {
    "mean_TPM": 1.535,
    "n": 750,
    "effect": -0.08146804566591748,
    "p": 0.2204984031142118
  },
  "Sobic.004G057700": {
    "mean_TPM": 0.423,
    "n": 750,
    "effect": -0.0331114025844866,
    "p": 0.34397300267210074
  },
  "Sobic.004G057800": {
    "mean_TPM": 10.211,
    "n": 750,
    "effect": -0.015157313606432367,
    "p": 0.669795960026746
  },
  "Sobic.004G057900": {
    "mean_TPM": 17.894,
    "n": 750,
    "effect": -0.11810747341045177,
    "p": 0.10368606674498616
  },
  "Sobic.004G058000": {
    "mean_TPM": 5.586,
    "n": 750,
    "effect": -0.2004620546753279,
    "p": 0.0017827946008087425
  },
  "Sobic.004G058050": {
    "mean_TPM": 1.412,
    "n": 750,
    "effect": 0.06203801085186208,
    "p": 0.07939500730200433
  },
  "Sobic.004G058100": {
    "mean_TPM": 0.958,
    "n": 750,
    "effect": -0.09659358398044499,
    "p": 0.15688978170022327
  },
  "Sobic.004G058200": {
    "mean_TPM": 69.431,
    "n": 750,
    "effect": 0.03977456056689653,
    "p": 0.3577906527699577
  },
  "Sobic.004G058300": {
    "mean_TPM": 0.284,
    "n": 750,
    "effect": -0.014901570808601314,
    "p": 0.5275872970323663
  },
  "Sobic.004G058400": {
    "mean_TPM": 23.308,
    "n": 750,
    "effect": 0.06421694378770448,
    "p": 0.0715011784318301
  },
  "Sobic.004G058500": {
    "mean_TPM": 29.073,
    "n": 750,
    "effect": -0.032480895376496295,
    "p": 0.5422911354018238
  },
  "Sobic.004G058600": {
    "mean_TPM": 38.89,
    "n": 750,
    "effect": -0.08401902010187737,
    "p": 0.07154385497148337
  },
  "Sobic.004G058700": {
    "mean_TPM": 11.672,
    "n": 750,
    "effect": 0.04650579602509306,
    "p": 0.15727285601949284
  },
  "Sobic.004G058800": {
    "mean_TPM": 0.005,
    "n": 750,
    "effect": -0.0004956577225501098,
    "p": 0.8925778940598683
  }
}