{
  "anchor_lead_to_emb": {
    "n": 866,
    "spearman_rho": 0.17600717279661002,
    "spearman_p": 1.8602909269419016e-07,
    "partial_r": 0.23741538940227833,
    "partial_p": 1.4627066195354068e-12
  },
  "B_expr_to_target": {
    "Sobic.004G057400": {
      "emb": {
        "n": 736,
        "spearman_rho": 0.02357008462776467,
        "spearman_p": 0.5231858634870521,
        "partial_r": 0.020669951427894295,
        "partial_p": 0.5755691945061456
      },
      "yellowness_b": {
        "n": 740,
        "spearman_rho": 0.040206363552405124,
        "spearman_p": 0.27469067658921503,
        "partial_r": 0.04035861646839129,
        "partial_p": 0.2728758338144141
      },
      "gloss": {
        "n": 740,
        "spearman_rho": -0.004628639776174607,
        "spearman_p": 0.8999690595463525,
        "partial_r": 0.01136155643792384,
        "partial_p": 0.7576598824700158
      }
    },
    "Sobic.004G057500": {
      "emb": {
        "n": 736,
        "spearman_rho": 0.008510591794899509,
        "spearman_p": 0.8177045808843202,
        "partial_r": 0.020076116765371643,
        "partial_p": 0.5865925586664233
      },
      "yellowness_b": {
        "n": 740,
        "spearman_rho": 0.03725034795632875,
        "spearman_p": 0.31155850568016985,
        "partial_r": 0.02763837092242898,
        "partial_p": 0.452822755051016
      },
      "gloss": {
        "n": 740,
        "spearman_rho": -0.022384546315220213,
        "spearman_p": 0.5432058583168591,
        "partial_r": -0.013322149859335015,
        "partial_p": 0.71749770206596
      }
    },
    "Sobic.004G057700": {
      "emb": {
        "n": 736,
        "spearman_rho": 0.021731590906526186,
        "spearman_p": 0.5561090235365105,
        "partial_r": 0.03620908183414002,
        "partial_p": 0.32660270082028964
      },
      "yellowness_b": {
        "n": 740,
        "spearman_rho": 0.033150354664767755,
        "spearman_p": 0.36784881102825073,
        "partial_r": 0.037382261403747466,
        "partial_p": 0.30984689816229205
      },
      "gloss": {
        "n": 740,
        "spearman_rho": -0.026118207010445666,
        "spearman_p": 0.4780688577864335,
        "partial_r": -0.04278749123638991,
        "partial_p": 0.24502821778717596
      }
    },
    "Sobic.004G057800": {
      "emb": {
        "n": 736,
        "spearman_rho": 0.00205035979343313,
        "spearman_p": 0.9557159277888119,
        "partial_r": -0.00817331180982989,
        "partial_p": 0.8248096411145289
      },
      "yellowness_b": {
        "n": 740,
        "spearman_rho": 0.03441750742199063,
        "spearman_p": 0.34981320049695075,
        "partial_r": 0.03380652623383855,
        "partial_p": 0.35843838172195247
      },
      "gloss": {
        "n": 740,
        "spearman_rho": 0.019389154022442918,
        "spearman_p": 0.5984714794611896,
        "partial_r": 0.038783191736079366,
        "partial_p": 0.2920524462562593
      }
    },
    "Sobic.004G057900": {
      "emb": {
        "n": 736,
        "spearman_rho": -0.0766351635789034,
        "spearman_p": 0.037655645058805504,
        "partial_r": -0.04981232446294609,
        "partial_p": 0.17704304571450885
      },
      "yellowness_b": {
        "n": 740,
        "spearman_rho": -0.0049027670215615795,
        "spearman_p": 0.8940786909581113,
        "partial_r": 0.011498064179059032,
        "partial_p": 0.7548408648367263
      },
      "gloss": {
        "n": 740,
        "spearman_rho": -0.02280122258013984,
        "spearman_p": 0.5357238333266865,
        "partial_r": -0.07700309062224919,
        "partial_p": 0.036235076099925934
      }
    },
    "Sobic.004G058000": {
      "emb": {
        "n": 736,
        "spearman_rho": -0.05420463719786666,
        "spearman_p": 0.14180142487442146,
        "partial_r": -0.03808188794182218,
        "partial_p": 0.30218738577763443
      },
      "yellowness_b": {
        "n": 740,
        "spearman_rho": 0.020316540592391994,
        "spearman_p": 0.5810906508067735,
        "partial_r": 0.019483002758995074,
        "partial_p": 0.5967019241685753
      },
      "gloss": {
        "n": 740,
        "spearman_rho": -0.03994772442706597,
        "spearman_p": 0.27779245337089487,
        "partial_r": -0.039500627305885015,
        "partial_p": 0.28321029198449776
      }
    },
    "Sobic.004G058050": {
      "emb": {
        "n": 736,
        "spearman_rho": -0.04699863873540211,
        "spearman_p": 0.2028131026252298,
        "partial_r": -0.04261082092740652,
        "partial_p": 0.24826977204784872
      },
      "yellowness_b": {
        "n": 740,
        "spearman_rho": -0.0064529916067164236,
        "spearman_p": 0.8608867941020018,
        "partial_r": 0.0007543338574227377,
        "partial_p": 0.9836561483405086
      },
      "gloss": {
        "n": 740,
        "spearman_rho": 0.014471505128974898,
        "spearman_p": 0.6943028005667937,
        "partial_r": -0.023507810506127585,
        "partial_p": 0.5231555613927515
      }
    },
    "Sobic.004G058100": {
      "emb": {
        "n": 736,
        "spearman_rho": 0.0197597349926488,
        "spearman_p": 0.5925051548981676,
        "partial_r": 0.03811826792309956,
        "partial_p": 0.30172543247906597
      },
      "yellowness_b": {
        "n": 740,
        "spearman_rho": 0.013912360800697283,
        "spearman_p": 0.7055527010957808,
        "partial_r": 0.010783936061775077,
        "partial_p": 0.7696235268047381
      },
      "gloss": {
        "n": 740,
        "spearman_rho": -0.09909678388613916,
        "spearman_p": 0.006979728638341603,
        "partial_r": -0.06820420419394237,
        "partial_p": 0.06368507250934391
      }
    },
    "Sobic.004G058200": {
      "emb": {
        "n": 736,
        "spearman_rho": 0.05652678875432867,
        "spearman_p": 0.12548493335323638,
        "partial_r": 0.029557287548487687,
        "partial_p": 0.42331627842591596
      },
      "yellowness_b": {
        "n": 740,
        "spearman_rho": 0.07314774618175132,
        "spearman_p": 0.04668627841742006,
        "partial_r": 0.06873142774105151,
        "partial_p": 0.061658086052475254
      },
      "gloss": {
        "n": 740,
        "spearman_rho": 0.05124242601675552,
        "spearman_p": 0.16377009377665114,
        "partial_r": 0.08726951064080758,
        "partial_p": 0.01757246242373342
      }
    },
    "Sobic.004G058300": {
      "emb": {
        "n": 736,
        "spearman_rho": -0.040175783326938205,
        "spearman_p": 0.2763618129460718,
        "partial_r": -0.017109271798867016,
        "partial_p": 0.6430720233197008
      },
      "yellowness_b": {
        "n": 740,
        "spearman_rho": -0.019195675980045804,
        "spearman_p": 0.602127062611463,
        "partial_r": -0.005308952208004469,
        "partial_p": 0.8853615010127123
      },
      "gloss": {
        "n": 740,
        "spearman_rho": -0.04734211462311898,
        "spearman_p": 0.19830733999754024,
        "partial_r": -0.04619332271477043,
        "partial_p": 0.2094279380642665
      }
    },
    "Sobic.004G058400": {
      "emb": {
        "n": 736,
        "spearman_rho": -0.05521035101735577,
        "spearman_p": 0.13454556463230638,
        "partial_r": -0.02453839804884457,
        "partial_p": 0.5062560648676754
      },
      "yellowness_b": {
        "n": 740,
        "spearman_rho": 0.03239574448874738,
        "spearman_p": 0.37885890991530036,
        "partial_r": 0.045097244411327446,
        "partial_p": 0.22045194371385432
      },
      "gloss": {
        "n": 740,
        "spearman_rho": 0.013779566994907231,
        "spearman_p": 0.7082340697296229,
        "partial_r": -0.014070486988125247,
        "partial_p": 0.7023645775023036
      }
    },
    "Sobic.004G058500": {
      "emb": {
        "n": 736,
        "spearman_rho": 0.08568887934290119,
        "spearman_p": 0.020071568878200476,
        "partial_r": 0.0654630623049124,
        "partial_p": 0.07592202303559185
      },