{
  "Sobic.004G057400": {
    "disease_exg": {
      "n": 740,
      "raw_rho": 0.03311416003528113,
      "raw_p": 0.368372323029469,
      "partial_r": 0.011618821830408728,
      "partial_p": 0.7523498141678994
    },
    "human_score": {
      "n": 448,
      "raw_rho": 0.02650355243948882,
      "raw_p": 0.5758167585825975,
      "partial_r": -0.004553963476535984,
      "partial_p": 0.9234249113554464
    },
    "pct": {
      "n": 740,
      "raw_rho": 0.031407712609201555,
      "raw_p": 0.39357707070886017,
      "partial_r": 0.01038686320926391,
      "partial_p": 0.7778797306445004
    }
  },
  "Sobic.004G057500": {
    "disease_exg": {
      "n": 740,
      "raw_rho": -0.1264764775064362,
      "raw_p": 0.0005635560812606872,
      "partial_r": -0.0035742974104703063,
      "partial_p": 0.9226729159343587
    },
    "human_score": {
      "n": 448,
      "raw_rho": -0.13004561996261643,
      "raw_p": 0.00584107739238322,
      "partial_r": 0.03074972646939258,
      "partial_p": 0.516219296389497
    },
    "pct": {
      "n": 740,
      "raw_rho": -0.12193244900933935,
      "raw_p": 0.0008882429959611295,
      "partial_r": -0.004560710609750415,
      "partial_p": 0.9014295655234337
    }
  },
  "Sobic.004G057700": {
    "disease_exg": {
      "n": 740,
      "raw_rho": 0.0013582807663998213,
      "raw_p": 0.9705752759970387,
      "partial_r": 0.04943902577172118,
      "partial_p": 0.17913117419136287
    },
    "human_score": {
      "n": 448,
      "raw_rho": -0.074796464072296,
      "raw_p": 0.11389290470463079,
      "partial_r": 0.006501794943913328,
      "partial_p": 0.8908458050445817
    },
    "pct": {
      "n": 740,
      "raw_rho": 0.010727191861589493,
      "raw_p": 0.7708018193473543,
      "partial_r": 0.05554801323414138,
      "partial_p": 0.13112494336808078
    }
  },
  "Sobic.004G057800": {
    "disease_exg": {
      "n": 740,
      "raw_rho": 0.04191823966725068,
      "raw_p": 0.2547564107761833,
      "partial_r": -0.01151109086419763,
      "partial_p": 0.7545720207031046
    },
    "human_score": {
      "n": 448,
      "raw_rho": 0.0744817937564846,
      "raw_p": 0.11542611036800528,
      "partial_r": 0.0013891582909835443,
      "partial_p": 0.9766087315593339
    },
    "pct": {
      "n": 740,
      "raw_rho": 0.037501781427635106,
      "raw_p": 0.3083014599951903,
      "partial_r": -0.013119977264253407,
      "partial_p": 0.7216054562655954
    }
  },
  "Sobic.004G057900": {
    "disease_exg": {
      "n": 740,
      "raw_rho": -0.09669423805276027,
      "raw_p": 0.008486114665295148,
      "partial_r": -0.04733536000668973,
      "partial_p": 0.19837144168940887
    },
    "human_score": {
      "n": 448,
      "raw_rho": -0.12472990261487801,
      "raw_p": 0.008217810490322039,
      "partial_r": -0.06943599703205819,
      "partial_p": 0.14228125853463924
    },
    "pct": {
      "n": 740,
      "raw_rho": -0.08295400693783259,
      "raw_p": 0.024028785236406325,
      "partial_r": -0.036614099261453474,
      "partial_p": 0.31990119340992523
    }
  },
  "Sobic.004G058000": {
    "disease_exg": {
      "n": 740,
      "raw_rho": -0.07076015721358396,
      "raw_p": 0.05434924665082375,
      "partial_r": -0.03293289387355634,
      "partial_p": 0.3710010775479129
    },
    "human_score": {
      "n": 448,
      "raw_rho": -0.11415073659777818,
      "raw_p": 0.015637338425042523,
      "partial_r": -0.053695800359696476,
      "partial_p": 0.2567236456437935
    },
    "pct": {
      "n": 740,
      "raw_rho": -0.06817741319391152,
      "raw_p": 0.0637895239192782,
      "partial_r": -0.03305406997200586,
      "partial_p": 0.36924247518111847
    }
  },
  "Sobic.004G058050": {
    "disease_exg": {
      "n": 740,
      "raw_rho": -0.14747371915701993,
      "raw_p": 5.6498979155649566e-05,
      "partial_r": -0.06008529818802295,
      "partial_p": 0.10242494419030598
    },
    "human_score": {
      "n": 448,
      "raw_rho": -0.12385763753771169,
      "raw_p": 0.008681192802760581,
      "partial_r": -0.03678887816245876,
      "partial_p": 0.4372996004221034
    },
    "pct": {
      "n": 740,
      "raw_rho": -0.13299014543306337,
      "raw_p": 0.0002859206773396767,
      "partial_r": -0.048241289044635864,
      "partial_p": 0.18990853117482362
    }
  },
  "Sobic.004G058100": {
    "disease_exg": {
      "n": 740,
      "raw_rho": 0.07444073986823711,
      "raw_p": 0.042929716733200875,
      "partial_r": 0.012905230246770394,
      "partial_p": 0.7259774888959608
    },
    "human_score": {
      "n": 448,
      "raw_rho": 0.1366488957457537,
      "raw_p": 0.003757467237081179,
      "partial_r": 0.0913744421944179,
      "partial_p": 0.0532763822098421
    },
    "pct": {
      "n": 740,
      "raw_rho": 0.0644585967837715,
      "raw_p": 0.07971849437329306,
      "partial_r": 0.004024950798220612,
      "partial_p": 0.9129599084922669
    }
  },
  "Sobic.004G058200": {
    "disease_exg": {
      "n": 740,
      "raw_rho": 0.11927063811299196,
      "raw_p": 0.001151466158904991,
      "partial_r": 0.03882359215012944,
      "partial_p": 0.29154965982763653
    },
    "human_score": {
      "n": 448,
      "raw_rho": 0.15745693803198202,
      "raw_p": 0.0008248788658603971,
      "partial_r": 0.05770621606805783,
      "partial_p": 0.22283886131562666
    },
    "pct": {
      "n": 740,
      "raw_rho": 0.10306229667312493,
      "raw_p": 0.0050108683544864184,
      "partial_r": 0.026365554412460662,
      "partial_p": 0.47390944470665225
    }
  },
  "Sobic.004G058300": {
    "disease_exg": {
      "n": 740,
      "raw_rho": 0.06140848415485704,
      "raw_p": 0.09506923289405646,
      "partial_r": 0.06864134434463208,
      "partial_p": 0.06200059997461167
    },
    "human_score": {
      "n": 448,
      "raw_rho": -0.00011627708286142231,
      "raw_p": 0.9980417968463613,
      "partial_r": 0.01661045773400876,
      "partial_p": 0.7258741338429182
    },
    "pct": {
      "n": 740,
      "raw_rho": 0.06741677988967115,
      "raw_p": 0.06681445672539395,
      "partial_r": 0.07217654387358755,
      "partial_p": 0.049686230929795246
    }
  },
  "Sobic.004G058400": {
    "disease_exg": {
      "n": 740,
      "raw_rho": -0.1247816369216589,
      "raw_p": 0.0006689610238069847,
      "partial_r": -0.06881193932364564,
      "partial_p": 0.0613532902182268
    },
    "human_score": {
      "n": 448,
      "raw_rho": -0.13162592725959993,
      "raw_p": 0.005264909457823761,
      "partial_r": -0.0737906505929333,
      "partial_p": 0.11885040277194032
    },
    "pct": {
      "n": 740,
      "raw_rho": -0.11401051911297728,
      "raw_p": 0.0018943645611577918,
      "partial_r": -0.06199359637482778,
      "partial_p": 0.09195415899111524
    }
  },
  "Sobic.004G058500": {
    "disease_exg": {
      "n": 740,
      "raw_rho": 0.11183225289403687,
      "raw_p": 0.0023145707327437387,
      "partial_r": 0.05556353854325591,
      "partial_p": 0.13101709292819863
    },
    "human_score": {
      "n": 448,
      "raw_rho": 0.05445836082819202,
      "raw_p": 0.25002044705025744,
      "partial_r": -0.013756147220247811,
      "partial_p": 0.7715385046128125
    },
    "pct": {
      "n": 740,
      "raw_rho": 0.10318322541017809,
      "raw_p": 0.004959620919903489,
      "partial_r": 0.04968920437597655,
      "partial_p": 0.17693850071205117
    }
  },
  "Sobic.004G058600": {
    "disease_exg": {
      "n": 740,
      "raw_rho": 0.03630883585529979,
      "raw_p": 0.323955187499982,
      "partial_r": 0.01597151898988125,
      "partial_p": 0.6644587517609833
    },
    "human_score": {
      "n": 448,
      "raw_rho": 0.03341898373823349,
      "raw_p": 0.48045714210430224,
      "partial_r": 0.005580718528954363,
      "partial_p": 0.9062321039675683
    },
    "pct": {
      "n": 740,
      "raw_rho": 0.03199652280430858,
      "raw_p": 0.38476473330474703,
      "partial_r": 0.013465214886014213,
      "partial_p": 0.7145958083439512
    }
  },