n,pearson_r,pearson_p,pearson_r2,spearman_r,spearman_p,spearman_r2,rmse,mae,fold,evaluation_unit,n_features,n_genotypes_train,n_genotypes_test,best_params
1020,0.7541060399404178,4.318080095817392e-188,0.568675919474619,0.7187022990296896,7.651291472163066e-163,0.5165329946305615,0.526481708433068,0.4404996339784646,1,image,2048,805,149,"{""rf__bootstrap"": true, ""rf__max_depth"": 37, ""rf__max_features"": ""sqrt"", ""rf__min_samples_leaf"": 10, ""rf__min_samples_split"": 5, ""rf__n_estimators"": 300}"
1020,0.7483541095404542,1.05660405280355e-183,0.5600338732660861,0.6933022236491816,5.225610338412871e-147,0.4806679733168998,0.5036382179213911,0.4212206774829656,2,image,2048,759,195,"{""rf__bootstrap"": false, ""rf__max_depth"": 64, ""rf__max_features"": ""sqrt"", ""rf__min_samples_leaf"": 10, ""rf__min_samples_split"": 5, ""rf__n_estimators"": 800}"
1020,0.7641188570007021,4.989053641935251e-196,0.5838776276240595,0.7529949019587727,3.1081865500933374e-187,0.5670013223759017,0.49895225211904515,0.410457404701887,3,image,2048,751,203,"{""rf__bootstrap"": false, ""rf__max_depth"": 37, ""rf__max_features"": ""sqrt"", ""rf__min_samples_leaf"": 20, ""rf__min_samples_split"": 2, ""rf__n_estimators"": 700}"
1020,0.7385113864782958,1.832660180469554e-176,0.5453990679580949,0.7136899132236177,1.3976721763728078e-159,0.509353292237135,0.5157663733350691,0.41732573820590274,4,image,2048,751,203,"{""rf__bootstrap"": false, ""rf__max_depth"": 28, ""rf__max_features"": ""sqrt"", ""rf__min_samples_leaf"": 10, ""rf__min_samples_split"": 5, ""rf__n_estimators"": 1000}"
1020,0.7916554082292578,4.632961767360058e-220,0.6267182853786328,0.7697056242600263,1.2450395237950913e-200,0.5924467480175168,0.5153206349569749,0.4258921931828718,5,image,2048,750,204,"{""rf__bootstrap"": false, ""rf__max_depth"": 82, ""rf__max_features"": ""sqrt"", ""rf__min_samples_leaf"": 10, ""rf__min_samples_split"": 2, ""rf__n_estimators"": 900}"
