n,pearson_r,pearson_p,pearson_r2,spearman_r,spearman_p,spearman_r2,rmse,mae,fold,evaluation_unit,n_features,n_genotypes_train,n_genotypes_test,best_params
168,0.801491019265709,6.593612627265169e-39,0.6423878539635851,0.7662371627347692,1.0435223263599709e-33,0.5871193895558291,0.3812176003318196,0.31210866304928286,1,image,2048,439,92,"{""rf__bootstrap"": true, ""rf__max_depth"": 37, ""rf__max_features"": ""sqrt"", ""rf__min_samples_leaf"": 10, ""rf__min_samples_split"": 5, ""rf__n_estimators"": 300}"
168,0.8452764589978619,4.780647186855817e-47,0.714492292135964,0.811423287027099,1.4515033270643324e-40,0.6584077507298619,0.4061869956353539,0.3370808262131135,2,image,2048,423,108,"{""rf__bootstrap"": false, ""rf__max_depth"": 64, ""rf__max_features"": ""sqrt"", ""rf__min_samples_leaf"": 10, ""rf__min_samples_split"": 5, ""rf__n_estimators"": 800}"
168,0.8416299523526888,2.8165168133050675e-46,0.7083409766971892,0.7842332044274309,3.064715687515674e-36,0.6150217189265167,0.4665184727505309,0.3696207676743192,3,image,2048,421,110,"{""rf__bootstrap"": true, ""rf__max_depth"": 64, ""rf__max_features"": ""sqrt"", ""rf__min_samples_leaf"": 10, ""rf__min_samples_split"": 5, ""rf__n_estimators"": 1000}"
168,0.7888426645015149,6.287622947956826e-37,0.6222727493378495,0.7845350999964987,2.766012998578164e-36,0.6154953231265162,0.4698151133830646,0.3550510942182304,4,image,2048,421,110,"{""rf__bootstrap"": false, ""rf__max_depth"": 28, ""rf__max_features"": ""sqrt"", ""rf__min_samples_leaf"": 10, ""rf__min_samples_split"": 5, ""rf__n_estimators"": 1000}"
168,0.8372014900080255,2.287201847252911e-45,0.700906334871658,0.7671549008768,7.850955724874272e-34,0.5885266419392929,0.392132512721287,0.3099135462312521,5,image,2048,420,111,"{""rf__bootstrap"": false, ""rf__max_depth"": 82, ""rf__max_features"": ""sqrt"", ""rf__min_samples_leaf"": 10, ""rf__min_samples_split"": 2, ""rf__n_estimators"": 900}"
