n,pearson_r,pearson_p,pearson_r2,spearman_r,spearman_p,spearman_r2,rmse,mae,fold,evaluation_unit,n_features,n_genotypes_train,n_genotypes_test,best_params
168,0.7813528288038746,8.086061115355346e-36,0.6105122430798169,0.7522058783998417,6.919144186347271e-32,0.5658136834992774,0.39473880288389696,0.3222809801890048,1,image,1024,439,92,"{""rf__bootstrap"": true, ""rf__max_depth"": 37, ""rf__max_features"": ""sqrt"", ""rf__min_samples_leaf"": 10, ""rf__min_samples_split"": 5, ""rf__n_estimators"": 300}"
168,0.8356020896835297,4.798810555432564e-45,0.6982308522834816,0.796683262905972,3.8723718766352113e-38,0.6347042213945061,0.4138252729882932,0.3438221617842431,2,image,1024,423,108,"{""rf__bootstrap"": false, ""rf__max_depth"": 28, ""rf__max_features"": ""sqrt"", ""rf__min_samples_leaf"": 10, ""rf__min_samples_split"": 5, ""rf__n_estimators"": 200}"
168,0.8456134687574102,4.048547511468992e-47,0.7150621385439395,0.7805486999079446,1.057368974931062e-35,0.6092562729279826,0.4653803592505063,0.37029878394920107,3,image,1024,421,110,"{""rf__bootstrap"": true, ""rf__max_depth"": 64, ""rf__max_features"": ""sqrt"", ""rf__min_samples_leaf"": 10, ""rf__min_samples_split"": 5, ""rf__n_estimators"": 1000}"
168,0.7814070274276173,7.940865288996037e-36,0.610596942513265,0.7791874806852186,1.660739748984415e-35,0.6071331300565779,0.4792822697457877,0.3622110288333897,4,image,1024,421,110,"{""rf__bootstrap"": false, ""rf__max_depth"": 28, ""rf__max_features"": ""sqrt"", ""rf__min_samples_leaf"": 10, ""rf__min_samples_split"": 5, ""rf__n_estimators"": 1000}"
168,0.8328807828895861,1.6628213593476304e-44,0.6936903985067698,0.7505259867630125,1.121956563371288e-31,0.5632892568065937,0.39678731994829286,0.31542791270116055,5,image,1024,420,111,"{""rf__bootstrap"": false, ""rf__max_depth"": 82, ""rf__max_features"": ""sqrt"", ""rf__min_samples_leaf"": 10, ""rf__min_samples_split"": 2, ""rf__n_estimators"": 900}"
