n,pearson_r,pearson_p,pearson_r2,spearman_r,spearman_p,spearman_r2,rmse,mae,fold,evaluation_unit,n_features,n_genotypes_train,n_genotypes_test,best_params
1020,0.746923064648825,1.2509984827394402e-182,0.5578940645043927,0.7130233842280673,3.7482958311040795e-159,0.5084023464560461,0.5326009087518577,0.4453963706915757,1,image,1024,805,149,"{""rf__bootstrap"": false, ""rf__max_depth"": 73, ""rf__max_features"": ""sqrt"", ""rf__min_samples_leaf"": 20, ""rf__min_samples_split"": 2, ""rf__n_estimators"": 700}"
1020,0.736376670675953,6.166548933323096e-175,0.5422506011158009,0.6828575674775497,5.75062863811308e-141,0.4662944574613563,0.5139807056817797,0.4276767691846531,2,image,1024,759,195,"{""rf__bootstrap"": false, ""rf__max_depth"": 64, ""rf__max_features"": ""sqrt"", ""rf__min_samples_leaf"": 10, ""rf__min_samples_split"": 5, ""rf__n_estimators"": 800}"
1020,0.755190688719311,6.22403520173116e-189,0.5703129763283473,0.7404971410233578,6.747701108730634e-178,0.5483360158637667,0.5070421009107177,0.4177818127308854,3,image,1024,751,203,"{""rf__bootstrap"": true, ""rf__max_depth"": 64, ""rf__max_features"": ""sqrt"", ""rf__min_samples_leaf"": 10, ""rf__min_samples_split"": 5, ""rf__n_estimators"": 1000}"
1020,0.7308556939065672,4.688140775559202e-171,0.5341500453156499,0.7065142665451917,4.944743040909639e-155,0.49916240883189017,0.5233395761711729,0.42275436570080627,4,image,1024,751,203,"{""rf__bootstrap"": false, ""rf__max_depth"": 28, ""rf__max_features"": ""sqrt"", ""rf__min_samples_leaf"": 10, ""rf__min_samples_split"": 5, ""rf__n_estimators"": 1000}"
1020,0.7849637498596291,6.771020897522872e-214,0.6161680885936904,0.7625177337311909,9.854299453380226e-195,0.5814332942545514,0.5235511111793405,0.4316047774930965,5,image,1024,750,204,"{""rf__bootstrap"": false, ""rf__max_depth"": 82, ""rf__max_features"": ""sqrt"", ""rf__min_samples_leaf"": 10, ""rf__min_samples_split"": 2, ""rf__n_estimators"": 900}"
