n,pearson_r,pearson_p,pearson_r2,spearman_r,spearman_p,spearman_r2,rmse,mae,fold,evaluation_unit,n_features,n_genotypes_train,n_genotypes_test,best_params
1032,0.7456008490078759,9.221131074389873e-184,0.5559206260412654,0.7104257565659808,2.503379890254995e-159,0.5047047555923463,0.5082583232684066,0.4162832621721353,1,image,1024,805,149,"{""rf__bootstrap"": true, ""rf__max_depth"": 37, ""rf__max_features"": ""sqrt"", ""rf__min_samples_leaf"": 10, ""rf__min_samples_split"": 5, ""rf__n_estimators"": 300}"
1032,0.772606068702866,1.921284452630418e-205,0.5969201373964976,0.740435627804185,6.319043137369914e-180,0.5482449189217776,0.49387544379140924,0.4060739501358668,2,image,1024,758,196,"{""rf__bootstrap"": false, ""rf__max_depth"": 64, ""rf__max_features"": ""sqrt"", ""rf__min_samples_leaf"": 10, ""rf__min_samples_split"": 5, ""rf__n_estimators"": 800}"
1032,0.785864522449358,3.209469460481678e-217,0.6175830476445575,0.7822630776700281,6.12773712091744e-214,0.6119355226857844,0.5030108716652444,0.40296285312523844,3,image,1024,751,203,"{""rf__bootstrap"": true, ""rf__max_depth"": 64, ""rf__max_features"": ""sqrt"", ""rf__min_samples_leaf"": 10, ""rf__min_samples_split"": 5, ""rf__n_estimators"": 1000}"
1032,0.7662801329166018,4.213749125216894e-200,0.587185242102685,0.7292111471788117,6.74185696172441e-172,0.5317488971698386,0.48287976915731273,0.3974963827417222,4,image,1024,751,203,"{""rf__bootstrap"": false, ""rf__max_depth"": 28, ""rf__max_features"": ""sqrt"", ""rf__min_samples_leaf"": 10, ""rf__min_samples_split"": 5, ""rf__n_estimators"": 1000}"
1031,0.7986156244167214,3.802746506946901e-229,0.6377869155625098,0.7748970423534922,3.2049764126825796e-207,0.6004654262481899,0.4701916014082675,0.38615350345604876,5,image,1024,751,203,"{""rf__bootstrap"": false, ""rf__max_depth"": 82, ""rf__max_features"": ""sqrt"", ""rf__min_samples_leaf"": 10, ""rf__min_samples_split"": 2, ""rf__n_estimators"": 900}"
