n,pearson_r,pearson_p,pearson_r2,spearman_r,spearman_p,spearman_r2,rmse,mae,fold,evaluation_unit,n_features,n_genotypes_train,n_genotypes_test,best_params
170,0.8252947458935486,1.501465954140622e-43,0.6811114175994969,0.7672563692362864,3.1104963564959226e-34,0.5886823361336486,0.33249696864996964,0.26045077664089894,1,image,2048,440,93,"{""rf__bootstrap"": true, ""rf__max_depth"": 37, ""rf__max_features"": ""sqrt"", ""rf__min_samples_leaf"": 10, ""rf__min_samples_split"": 5, ""rf__n_estimators"": 300}"
169,0.8516936292454019,9.829856694585614e-49,0.7253820380972041,0.7923097376908157,1.1317850604082482e-37,0.6277547204396892,0.3963390138813613,0.30182061076324873,2,image,2048,424,109,"{""rf__bootstrap"": false, ""rf__max_depth"": 28, ""rf__max_features"": ""sqrt"", ""rf__min_samples_leaf"": 10, ""rf__min_samples_split"": 5, ""rf__n_estimators"": 200}"
169,0.82291325824526,7.427749942604408e-43,0.6771862305958299,0.7941148979516504,5.92560671087616e-38,0.63061847114876,0.36796764611153787,0.29131036503421587,3,image,2048,423,110,"{""rf__bootstrap"": true, ""rf__max_depth"": 64, ""rf__max_features"": ""sqrt"", ""rf__min_samples_leaf"": 10, ""rf__min_samples_split"": 5, ""rf__n_estimators"": 1000}"
169,0.8757821156372024,1.0516293726176034e-54,0.7669943140699742,0.8378413887391383,9.234156771197063e-46,0.7019781926843278,0.3679937367222253,0.2725278556399407,4,image,2048,423,110,"{""rf__bootstrap"": false, ""rf__max_depth"": 28, ""rf__max_features"": ""sqrt"", ""rf__min_samples_leaf"": 10, ""rf__min_samples_split"": 5, ""rf__n_estimators"": 1000}"
169,0.8360034194177421,2.1815474357196157e-45,0.6989017172781573,0.8096750984530059,1.6897237376988316e-40,0.6555737650548847,0.40513441590409655,0.31027101208837393,5,image,2048,422,111,"{""rf__bootstrap"": false, ""rf__max_depth"": 82, ""rf__max_features"": ""sqrt"", ""rf__min_samples_leaf"": 10, ""rf__min_samples_split"": 2, ""rf__n_estimators"": 900}"
