n,pearson_r,pearson_p,pearson_r2,spearman_r,spearman_p,spearman_r2,rmse,mae,fold,evaluation_unit,n_features,n_genotypes_train,n_genotypes_test,best_params
170,0.8168785707439503,5.354057409561769e-42,0.667290599340679,0.7649097114375856,6.480953127374363e-34,0.5850868666515304,0.33646278172964167,0.2641706197500462,1,image,1024,440,93,"{""rf__bootstrap"": true, ""rf__max_depth"": 37, ""rf__max_features"": ""sqrt"", ""rf__min_samples_leaf"": 10, ""rf__min_samples_split"": 5, ""rf__n_estimators"": 300}"
169,0.8389759217817111,5.402451126055238e-46,0.7038805973294718,0.7736081831739519,6.459370090369612e-35,0.5984696210737026,0.40862513576034176,0.309273235183351,2,image,1024,424,109,"{""rf__bootstrap"": false, ""rf__max_depth"": 64, ""rf__max_features"": ""sqrt"", ""rf__min_samples_leaf"": 10, ""rf__min_samples_split"": 5, ""rf__n_estimators"": 800}"
169,0.8266328447762697,1.489519401023467e-43,0.6833218600629085,0.7901223234331676,2.458057356613522e-37,0.6242932859874271,0.3655453030775927,0.291520435120001,3,image,1024,423,110,"{""rf__bootstrap"": true, ""rf__max_depth"": 64, ""rf__max_features"": ""sqrt"", ""rf__min_samples_leaf"": 10, ""rf__min_samples_split"": 5, ""rf__n_estimators"": 1000}"
169,0.8684053940610382,9.431776708943864e-53,0.7541279284343071,0.8258766128766717,2.071377214556246e-43,0.6820721796966438,0.37359588465241955,0.28034359319099195,4,image,1024,423,110,"{""rf__bootstrap"": false, ""rf__max_depth"": 28, ""rf__max_features"": ""sqrt"", ""rf__min_samples_leaf"": 10, ""rf__min_samples_split"": 5, ""rf__n_estimators"": 1000}"
169,0.8334176431713513,7.182825410376919e-45,0.6945849679492898,0.8055712851531756,8.341892751606896e-40,0.6489450954633389,0.4087240090547491,0.3135823240162802,5,image,1024,422,111,"{""rf__bootstrap"": false, ""rf__max_depth"": 82, ""rf__max_features"": ""sqrt"", ""rf__min_samples_leaf"": 10, ""rf__min_samples_split"": 2, ""rf__n_estimators"": 900}"
