n,pearson_r,pearson_p,pearson_r2,spearman_r,spearman_p,spearman_r2,rmse,mae,fold,evaluation_unit,n_features,n_genotypes_train,n_genotypes_test,best_params
1032,0.7498830422912096,5.169612523403168e-187,0.5623245771159201,0.7124263425275449,1.2828746930402783e-160,0.5075512935271748,0.503130057647419,0.4135835789088973,1,image,2048,805,149,"{""rf__bootstrap"": true, ""rf__max_depth"": 37, ""rf__max_features"": ""sqrt"", ""rf__min_samples_leaf"": 10, ""rf__min_samples_split"": 5, ""rf__n_estimators"": 300}"
1032,0.7742785241178213,6.95819932885955e-207,0.5995072329100716,0.7407302860273328,3.8396937126551786e-180,0.5486813566381343,0.4903775936445698,0.4018810676137121,2,image,2048,758,196,"{""rf__bootstrap"": false, ""rf__max_depth"": 64, ""rf__max_features"": ""sqrt"", ""rf__min_samples_leaf"": 10, ""rf__min_samples_split"": 5, ""rf__n_estimators"": 800}"
1032,0.7897626018673208,7.637444680948035e-221,0.6237249673082403,0.7826124023912836,2.963617817728417e-214,0.6124821723766564,0.497720736369701,0.3994931585816621,3,image,2048,751,203,"{""rf__bootstrap"": true, ""rf__max_depth"": 64, ""rf__max_features"": ""sqrt"", ""rf__min_samples_leaf"": 10, ""rf__min_samples_split"": 5, ""rf__n_estimators"": 1000}"
1032,0.7712930626360078,2.5488066065796257e-204,0.5948929884704327,0.7350013938695811,5.478107233974627e-176,0.5402270489902271,0.47729749706038144,0.3930333237285566,4,image,2048,751,203,"{""rf__bootstrap"": false, ""rf__max_depth"": 28, ""rf__max_features"": ""sqrt"", ""rf__min_samples_leaf"": 10, ""rf__min_samples_split"": 5, ""rf__n_estimators"": 1000}"
1031,0.798271633550738,8.296448590577008e-229,0.6372376009317638,0.7724715709748916,3.9477537489446654e-205,0.596712327964417,0.4681505303123625,0.3828866206030067,5,image,2048,751,203,"{""rf__bootstrap"": false, ""rf__max_depth"": 82, ""rf__max_features"": ""sqrt"", ""rf__min_samples_leaf"": 10, ""rf__min_samples_split"": 2, ""rf__n_estimators"": 900}"
