n,pearson_r,pearson_p,pearson_r2,spearman_r,spearman_p,spearman_r2,rmse,mae,fold,evaluation_unit,n_features,n_genotypes_train,n_genotypes_test,best_params
170,0.823813557803238,2.855318735237904e-43,0.6786687780204289,0.7750835362659754,2.522159314339813e-35,0.6007544881905695,0.337380486778883,0.2669670585817348,1,image,1024,440,93,"{""rf__bootstrap"": true, ""rf__max_depth"": 37, ""rf__max_features"": ""sqrt"", ""rf__min_samples_leaf"": 10, ""rf__min_samples_split"": 5, ""rf__n_estimators"": 300}"
169,0.8579229247969221,3.5903240893953425e-50,0.7360317448921053,0.8007903836248507,5.111764951335176e-39,0.6412652385060355,0.3965155300054343,0.3030700435455004,2,image,1024,424,109,"{""rf__bootstrap"": false, ""rf__max_depth"": 64, ""rf__max_features"": ""sqrt"", ""rf__min_samples_leaf"": 10, ""rf__min_samples_split"": 5, ""rf__n_estimators"": 800}"
169,0.8008044145086709,5.0850088977104126e-39,0.6412877102965752,0.7740790901396856,5.546886221563417e-35,0.5991984377914834,0.38643987453694306,0.3013683640551229,3,image,1024,423,110,"{""rf__bootstrap"": true, ""rf__max_depth"": 64, ""rf__max_features"": ""sqrt"", ""rf__min_samples_leaf"": 10, ""rf__min_samples_split"": 5, ""rf__n_estimators"": 1000}"
169,0.8720532650039854,1.0570405389554064e-53,0.7604768970041111,0.839322885184711,4.581766952399473e-46,0.7044629055947875,0.3786660243847516,0.2790604550233579,4,image,1024,423,110,"{""rf__bootstrap"": false, ""rf__max_depth"": 28, ""rf__max_features"": ""sqrt"", ""rf__min_samples_leaf"": 10, ""rf__min_samples_split"": 5, ""rf__n_estimators"": 1000}"
169,0.8319951476063315,1.3716037101864574e-44,0.6922159256404814,0.803721061635517,1.6924892652143346e-39,0.6459675449165225,0.4130355661775827,0.3165578703119157,5,image,1024,422,111,"{""rf__bootstrap"": false, ""rf__max_depth"": 82, ""rf__max_features"": ""sqrt"", ""rf__min_samples_leaf"": 10, ""rf__min_samples_split"": 2, ""rf__n_estimators"": 900}"
