group,marker,chrom,pos,ref,alt,phenotype_column,n_observations,n_marker_nonmissing,n_ref_homozygote,n_heterozygote,n_alt_homozygote,phenotype_mean,phenotype_sd,effect_alt_allele,se,p_value,standardized_effect_alt_allele,standardized_alt_homozygote_vs_ref,alt_effect_direction,status,skip_reason
Alabama2025,6:58476610:G:A,6,58476610,G,A,embedding_mean_30,274,274,256,2,16,-0.14838424374592832,0.060120457853342614,-0.031436418673420334,0.008139808721201866,0.00011349884941237151,-0.5228905400239315,-1.045781080047863,decreases,tested,
Georgia2025,6:58476610:G:A,6,58476610,G,A,embedding_mean_30,330,330,305,2,23,-0.05771282492090986,0.059352467764047574,-0.030744303633510772,0.0065602939423453615,1.346109822216048e-05,-0.5179953722519683,-1.0359907445039367,decreases,tested,
Nebraska2025,6:58476610:G:A,6,58476610,G,A,embedding_mean_30,891,891,849,3,39,-0.1366659001871262,0.07339638663370314,-0.04788732898996288,0.006045016504805139,1.0279824432825502e-14,-0.6524480452825635,-1.304896090565127,decreases,tested,
Nebraska2025-Common,6:58476610:G:A,6,58476610,G,A,embedding_mean_30,230,230,213,2,15,-0.14307079828801672,0.07544821480130344,-0.04201141485303378,0.009802857710670226,1.9841488624760833e-05,-0.556824504909399,-1.113649009818798,decreases,tested,
Nebraska2025-Common,6:58476610:G:A,6,58476610,G,A,embedding_mean_30,230,230,213,2,15,-0.14307079828801672,0.07544821480130344,-0.04201141485303378,0.009802857710670226,1.9841488624760833e-05,-0.556824504909399,-1.113649009818798,decreases,tested,
