group,marker,chrom,pos,ref,alt,phenotype_column,n_observations,n_marker_nonmissing,n_ref_homozygote,n_heterozygote,n_alt_homozygote,phenotype_mean,phenotype_sd,effect_alt_allele,se,p_value,standardized_effect_alt_allele,standardized_alt_homozygote_vs_ref,alt_effect_direction,status,skip_reason
Alabama2025,4:64959396:G:A,4,64959396,G,A,human_score,130,130,95,0,35,2.588302454949088,0.7453002334904684,0.09560844371073186,0.08526968648975727,0.26436670784352184,0.1282817841918127,0.2565635683836254,increases,tested,
Georgia2025,4:64959396:G:A,4,64959396,G,A,human_score,144,144,100,1,43,2.7502242537770476,0.7261167159596912,0.07489144950236892,0.07314906618208313,0.30772488947241405,0.1031396851997639,0.2062793703995278,increases,tested,
Nebraska2025,4:64959396:G:A,4,64959396,G,A,human_score,896,896,647,4,245,2.274616780859188,0.5006191971453346,0.08131130099660945,0.021175803968494656,0.00018175749937599588,0.16242146018424455,0.3248429203684891,increases,tested,
Nebraska2025-Common,4:64959396:G:A,4,64959396,G,A,human_score,230,230,169,1,60,2.119294216922908,0.481492487168198,0.13676161641450824,0.03573407538403077,0.00029965790459940325,0.28403686466396266,0.5680737293279253,increases,tested,
