group,marker,chrom,pos,ref,alt,phenotype_column,n_observations,n_marker_nonmissing,n_ref_homozygote,n_heterozygote,n_alt_homozygote,phenotype_mean,phenotype_sd,effect_alt_allele,se,p_value,standardized_effect_alt_allele,standardized_alt_homozygote_vs_ref,alt_effect_direction,status,skip_reason
Alabama2025,4:64959396:G:A,4,64959396,G,A,human_score,132,132,97,0,35,2.602651515151515,0.7770934499719366,0.08779516964327586,0.08844078380277426,0.32277390949306967,0.11297890832363396,0.2259578166472679,increases,tested,
Georgia2025,4:64959396:G:A,4,64959396,G,A,human_score,147,147,102,1,44,2.7090419501133787,0.7691803497046108,0.12635956068039494,0.07639538239493035,0.10036369939797374,0.16427819656199089,0.32855639312398177,increases,tested,
Nebraska2025,4:64959396:G:A,4,64959396,G,A,human_score,561,561,409,4,148,1.9280897207367795,0.6463920139830311,0.1249451473243356,0.03430655986410419,0.00034191470710461685,0.1932962422515567,0.3865924845031134,increases,tested,
Nebraska2025-Common,4:64959396:G:A,4,64959396,G,A,human_score,42,42,32,0,10,1.6989087301587302,0.4815589518192176,0.10988581084401056,0.10154623789580648,0.2865960602498831,0.22818766098914275,0.4563753219782855,increases,tested,
