image_key,genotype,fold,image_path,n_crops,observed,predicted
1001_LeafPhotoA_2025-09-08 10_30_44.491,PI533969,2,1001_LeafPhotoA_2025-09-08 10_30_44.491-05_00_0.png,2,1.75,2.2023304639761703
1001_LeafPhotoA_2025-09-08 10_31_01.387,PI533969,2,1001_LeafPhotoA_2025-09-08 10_31_01.387-05_00_0.png,1,1.25,2.070928946147916
1001_LeafPhotoA_2025-09-08 10_31_16.660,PI533969,2,1001_LeafPhotoA_2025-09-08 10_31_16.660-05_00_0.png,2,2.5,2.3744517694422886
1002_LeafPhotoA_2025-09-08 10_31_39.299,PI534049,3,1002_LeafPhotoA_2025-09-08 10_31_39.299-05_00_0.png,2,2.5,2.0041929256740763
1002_LeafPhotoA_2025-09-08 10_31_52.212,PI534049,3,1002_LeafPhotoA_2025-09-08 10_31_52.212-05_00_0.png,2,1.5,2.11972963644322
1002_LeafPhotoA_2025-09-08 10_32_08.178,PI534049,3,1002_LeafPhotoA_2025-09-08 10_32_08.178-05_00_0.png,2,1.5,1.8876553145671577
1003_LeafPhotoA_2025-09-08 09_18_47.237,PI533981,2,1003_LeafPhotoA_2025-09-08 09_18_47.237-05_00_0.png,2,2.5,2.056530275056097
1003_LeafPhotoA_2025-09-08 09_20_11.247,PI533981,2,1003_LeafPhotoA_2025-09-08 09_20_11.247-05_00_0.png,2,2.0,1.8470208899086493
1004_LeafPhotoA_2025-09-08 09_21_46.459,PI564163,1,1004_LeafPhotoA_2025-09-08 09_21_46.459-05_00_0.png,2,2.0,2.2248444924307815
1004_LeafPhotoA_2025-09-08 09_22_28.681,PI564163,1,1004_LeafPhotoA_2025-09-08 09_22_28.681-05_00_0.png,2,2.5,2.058265918716619
1004_LeafPhotoA_2025-09-08 09_23_15.296,PI564163,1,1004_LeafPhotoA_2025-09-08 09_23_15.296-05_00_0.png,2,1.5,2.1858822508080995
1005_LeafPhotoA_2025-09-08 09_35_34.267,PI533902,5,1005_LeafPhotoA_2025-09-08 09_35_34.267-05_00_0.png,2,2.5,2.0504773568341035
1005_LeafPhotoA_2025-09-08 09_36_05.265,PI533902,5,1005_LeafPhotoA_2025-09-08 09_36_05.265-05_00_0.png,2,2.5,2.24919739474635
1006_LeafPhotoA_2025-09-08 09_30_50.026,PI597965,3,1006_LeafPhotoA_2025-09-08 09_30_50.026-05_00_0.png,2,1.5,2.2215841719576823
1006_LeafPhotoA_2025-09-08 09_31_43.387,PI597965,3,1006_LeafPhotoA_2025-09-08 09_31_43.387-05_00_0.png,2,2.5,1.873747271486417
1006_LeafPhotoA_2025-09-08 09_36_28.687,PI597965,3,1006_LeafPhotoA_2025-09-08 09_36_28.687-05_00_0.png,2,1.5,1.7211765762986193
1007_LeafPhotoA_2025-09-08 09_36_58.125,PI533912,1,1007_LeafPhotoA_2025-09-08 09_36_58.125-05_00_0.png,2,3.5,2.8882943149803935
1007_LeafPhotoA_2025-09-08 09_37_28.704,PI533912,1,1007_LeafPhotoA_2025-09-08 09_37_28.704-05_00_0.png,2,3.0,2.680463114028249
1007_LeafPhotoA_2025-09-08 09_37_48.595,PI533912,1,1007_LeafPhotoA_2025-09-08 09_37_48.595-05_00_0.png,1,3.0,2.6712574372963864
1008_LeafPhotoA_2025-09-08 09_38_43.510,PI655975,2,1008_LeafPhotoA_2025-09-08 09_38_43.510-05_00_0.png,2,1.0,1.717258189003386
1008_LeafPhotoA_2025-09-08 09_39_01.597,PI655975,2,1008_LeafPhotoA_2025-09-08 09_39_01.597-05_00_0.png,1,1.0,1.9456860272389584
1008_LeafPhotoA_2025-09-08 09_39_17.372,PI655975,2,1008_LeafPhotoA_2025-09-08 09_39_17.372-05_00_0.png,2,1.0,1.841821049254376
1009_LeafPhotoA_2025-09-08 09_40_11.883,PI533950,4,1009_LeafPhotoA_2025-09-08 09_40_11.883-05_00_0.png,2,3.0,2.6919113182708676
1009_LeafPhotoA_2025-09-08 09_40_30.501,PI533950,4,1009_LeafPhotoA_2025-09-08 09_40_30.501-05_00_0.png,2,3.0,2.581338877376496
1010_LeafPhotoA_2025-09-08 09_41_20.962,PI576431,5,1010_LeafPhotoA_2025-09-08 09_41_20.962-05_00_0.png,2,3.0,2.55794535687099
1010_LeafPhotoA_2025-09-08 09_41_44.218,PI576431,5,1010_LeafPhotoA_2025-09-08 09_41_44.218-05_00_0.png,2,2.0,2.4973303769697623
1010_LeafPhotoA_2025-09-08 09_42_09.670,PI576431,5,1010_LeafPhotoA_2025-09-08 09_42_09.670-05_00_0.png,2,3.0,2.704611683386228
1011_LeafPhotoA_2025-09-08 09_43_02.719,PI576379,5,1011_LeafPhotoA_2025-09-08 09_43_02.719-05_00_0.png,2,2.5,2.8052824218587546
1011_LeafPhotoA_2025-09-08 09_43_19.114,PI576379,5,1011_LeafPhotoA_2025-09-08 09_43_19.114-05_00_0.png,2,2.5,2.3981318771145905
1012_LeafPhotoA_2025-09-08 09_43_43.769,SC0540,5,1012_LeafPhotoA_2025-09-08 09_43_43.769-05_00_0.png,2,2.5,2.537009037726785
1012_LeafPhotoA_2025-09-08 09_44_03.312,SC0540,5,1012_LeafPhotoA_2025-09-08 09_44_03.312-05_00_0.png,2,3.5,2.8607849256031033
1012_LeafPhotoA_2025-09-08 09_44_21.398,SC0540,5,1012_LeafPhotoA_2025-09-08 09_44_21.398-05_00_0.png,2,3.5,2.8941392229595597
1013_LeafPhotoA_2025-09-08 09_44_55.247,PI533993,4,1013_LeafPhotoA_2025-09-08 09_44_55.247-05_00_0.png,2,1.0,1.8500959532018544
1013_LeafPhotoA_2025-09-08 09_45_15.101,PI533993,4,1013_LeafPhotoA_2025-09-08 09_45_15.101-05_00_0.png,2,1.25,2.023995657795076
1013_LeafPhotoA_2025-09-08 09_45_36.458,PI533993,4,1013_LeafPhotoA_2025-09-08 09_45_36.458-05_00_0.png,2,1.5,1.8760483760982298
1014_LeafPhotoA_2025-09-08 09_46_27.231,SC0834,5,1014_LeafPhotoA_2025-09-08 09_46_27.231-05_00_0.png,1,3.0,2.512930054185247
1015_LeafPhotoA_2025-09-08 09_47_54.758,PI597959,3,1015_LeafPhotoA_2025-09-08 09_47_54.758-05_00_0.png,1,1.5,2.3827422743826974
1015_LeafPhotoA_2025-09-08 09_48_10.333,PI597959,3,1015_LeafPhotoA_2025-09-08 09_48_10.333-05_00_0.png,2,2.5,2.166236830785155
1015_LeafPhotoA_2025-09-08 09_48_38.527,PI597959,3,1015_LeafPhotoA_2025-09-08 09_48_38.527-05_00_0.png,2,2.5,2.302684942144448
1016_LeafPhotoA_2025-09-08 09_49_16.143,PI533825,3,1016_LeafPhotoA_2025-09-08 09_49_16.143-05_00_0.png,2,2.5,2.4282822761855773
1016_LeafPhotoA_2025-09-08 09_49_32.371,PI533825,3,1016_LeafPhotoA_2025-09-08 09_49_32.371-05_00_0.png,1,1.0,2.2204914392101203
1016_LeafPhotoA_2025-09-08 09_49_45.693,PI533825,3,1016_LeafPhotoA_2025-09-08 09_49_45.693-05_00_0.png,2,2.25,2.3877648636297493
1017_LeafPhotoA_2025-09-08 09_50_29.293,PI642791,3,1017_LeafPhotoA_2025-09-08 09_50_29.293-05_00_0.png,1,3.0,2.2637936603263826
1018_LeafPhotoA_2025-09-08 09_51_38.144,PI564163,1,1018_LeafPhotoA_2025-09-08 09_51_38.144-05_00_0.png,2,2.5,2.2737066279949834
1018_LeafPhotoA_2025-09-08 09_51_57.750,PI564163,1,1018_LeafPhotoA_2025-09-08 09_51_57.750-05_00_0.png,2,2.0,2.0778830357059954
1019_LeafPhotoA_2025-09-08 09_52_21.687,PI534082,1,1019_LeafPhotoA_2025-09-08 09_52_21.687-05_00_0.png,2,3.5,3.0622932751688414
1019_LeafPhotoA_2025-09-08 09_52_36.483,PI534082,1,1019_LeafPhotoA_2025-09-08 09_52_36.483-05_00_0.png,2,3.5,2.887900869593047
1020_LeafPhotoA_2025-09-08 09_53_31.800,PI655999,1,1020_LeafPhotoA_2025-09-08 09_53_31.800-05_00_0.png,2,1.5,2.229117708361673
1020_LeafPhotoA_2025-09-08 09_53_44.483,PI655999,1,1020_LeafPhotoA_2025-09-08 09_53_44.483-05_00_0.png,2,2.5,2.1413635286851522
1020_LeafPhotoA_2025-09-08 09_53_54.975,PI655999,1,1020_LeafPhotoA_2025-09-08 09_53_54.975-05_00_0.png,2,2.0,2.367239814187086
1021_LeafPhotoA_2025-09-08 09_54_18.191,PI534129,3,1021_LeafPhotoA_2025-09-08 09_54_18.191-05_00_0.png,2,1.0,2.012920728140521
1021_LeafPhotoA_2025-09-08 09_56_28.590,PI534129,3,1021_LeafPhotoA_2025-09-08 09_56_28.590-05_00_0.png,2,2.5,1.8638107015445216
1022_LeafPhotoA_2025-09-08 09_57_13.943,PI533985,2,1022_LeafPhotoA_2025-09-08 09_57_13.943-05_00_0.png,2,2.0,2.0663457559932867
1022_LeafPhotoA_2025-09-08 09_57_30.921,PI533985,2,1022_LeafPhotoA_2025-09-08 09_57_30.921-05_00_0.png,2,1.5,2.0952843458168298
1023_LeafPhotoA_2025-09-08 09_58_19.651,PI595717,5,1023_LeafPhotoA_2025-09-08 09_58_19.651-05_00_0.png,2,3.0,2.0283408223028627
1024_LeafPhotoA_2025-09-08 09_59_13.129,PI641874,1,1024_LeafPhotoA_2025-09-08 09_59_13.129-05_00_0.png,2,3.0,2.5542561710364584
1024_LeafPhotoA_2025-09-08 09_59_38.426,PI641874,1,1024_LeafPhotoA_2025-09-08 09_59_38.426-05_00_0.png,2,2.5,2.9841485432760892
1024_LeafPhotoA_2025-09-08 09_59_52.200,PI641874,1,1024_LeafPhotoA_2025-09-08 09_59_52.200-05_00_0.png,2,3.5,2.865655641416719
1026_LeafPhotoA_2025-09-08 10_01_59.080,PI656070,4,1026_LeafPhotoA_2025-09-08 10_01_59.080-05_00_0.png,2,1.75,2.3598873370791997
1027_LeafPhotoA_2025-09-08 10_03_06.832,PI656040,3,1027_LeafPhotoA_2025-09-08 10_03_06.832-05_00_0.png,1,3.0,2.5834348979717423
1028_LeafPhotoA_2025-09-08 10_03_31.588,PI533767,3,1028_LeafPhotoA_2025-09-08 10_03_31.588-05_00_0.png,2,2.5,2.4832945866898077
1028_LeafPhotoA_2025-09-08 10_03_47.511,PI533767,3,1028_LeafPhotoA_2025-09-08 10_03_47.511-05_00_0.png,2,2.0,2.614628466652331
1028_LeafPhotoA_2025-09-08 10_03_59.770,PI533767,3,1028_LeafPhotoA_2025-09-08 10_03_59.770-05_00_0.png,2,2.5,2.315408059346359
1029_LeafPhotoA_2025-09-08 10_04_31.255,PI576393,5,1029_LeafPhotoA_2025-09-08 10_04_31.255-05_00_0.png,2,2.5,2.2551549569222087
1029_LeafPhotoA_2025-09-08 10_04_42.098,PI576393,5,1029_LeafPhotoA_2025-09-08 10_04_42.098-05_00_0.png,2,1.5,1.858907922676594
1029_LeafPhotoA_2025-09-08 10_04_56.323,PI576393,5,1029_LeafPhotoA_2025-09-08 10_04_56.323-05_00_0.png,2,2.0,2.239472813869617
1030_LeafPhotoA_2025-09-08 10_05_12.593,PI533899,1,1030_LeafPhotoA_2025-09-08 10_05_12.593-05_00_0.png,2,2.25,2.790548431246348
1030_LeafPhotoA_2025-09-08 10_05_38.200,PI533899,1,1030_LeafPhotoA_2025-09-08 10_05_38.200-05_00_0.png,2,3.0,2.5430666932380297
1031_LeafPhotoA_2025-09-08 10_06_33.217,PI595728,3,1031_LeafPhotoA_2025-09-08 10_06_33.217-05_00_0.png,2,1.5,2.0641293899935147
1032_LeafPhotoA_2025-09-08 10_07_00.646,PI329440,4,1032_LeafPhotoA_2025-09-08 10_07_00.646-05_00_0.png,2,3.0,2.014200488867644
1032_LeafPhotoA_2025-09-08 10_07_16.135,PI329440,4,1032_LeafPhotoA_2025-09-08 10_07_16.135-05_00_0.png,2,1.5,1.9321198469089809
1032_LeafPhotoA_2025-09-08 10_07_30.322,PI329440,4,1032_LeafPhotoA_2025-09-08 10_07_30.322-05_00_0.png,2,1.75,2.267739880465897
1033_LeafPhotoA_2025-09-08 10_08_09.974,PI534021,3,1033_LeafPhotoA_2025-09-08 10_08_09.974-05_00_0.png,2,2.5,2.164331818892089
1033_LeafPhotoA_2025-09-08 10_08_54.253,PI534021,3,1033_LeafPhotoA_2025-09-08 10_08_54.253-05_00_0.png,1,1.5,1.932597594128633
1034_LeafPhotoA_2025-09-08 10_09_26.073,PI534120,3,1034_LeafPhotoA_2025-09-08 10_09_26.073-05_00_0.png,2,2.5,2.116553802409112
1034_LeafPhotoA_2025-09-08 10_10_03.182,PI534120,3,1034_LeafPhotoA_2025-09-08 10_10_03.182-05_00_0.png,1,2.0,2.553580593950623
1034_LeafPhotoA_2025-09-08 10_10_16.663,PI534120,3,1034_LeafPhotoA_2025-09-08 10_10_16.663-05_00_0.png,2,2.0,1.89100170853109
1035_LeafPhotoA_2025-09-08 10_12_45.309,PI564163,1,1035_LeafPhotoA_2025-09-08 10_12_45.309-05_00_0.png,1,2.5,2.1943650994378343
1035_LeafPhotoA_2025-09-08 10_12_59.269,PI564163,1,1035_LeafPhotoA_2025-09-08 10_12_59.269-05_00_0.png,1,2.5,2.115639918938664
1035_LeafPhotoA_2025-09-08 10_13_13.017,PI564163,1,1035_LeafPhotoA_2025-09-08 10_13_13.017-05_00_0.png,1,1.0,1.90327677816057
1036_LeafPhotoA_2025-09-08 10_13_37.325,PI576400,5,1036_LeafPhotoA_2025-09-08 10_13_37.325-05_00_0.png,2,2.0,1.93509789407932
1036_LeafPhotoA_2025-09-08 10_13_48.863,PI576400,5,1036_LeafPhotoA_2025-09-08 10_13_48.863-05_00_0.png,2,2.5,2.182006623234531
1036_LeafPhotoA_2025-09-08 10_14_00.627,PI576400,5,1036_LeafPhotoA_2025-09-08 10_14_00.627-05_00_0.png,2,3.0,2.420173202732511
1037_LeafPhotoA_2025-09-08 10_14_34.857,PI597943,5,1037_LeafPhotoA_2025-09-08 10_14_34.857-05_00_0.png,2,2.25,2.1903800412681655
1037_LeafPhotoA_2025-09-08 10_14_49.421,PI597943,5,1037_LeafPhotoA_2025-09-08 10_14_49.421-05_00_0.png,2,3.0,2.1431450149497433
1037_LeafPhotoA_2025-09-08 10_15_09.536,PI597943,5,1037_LeafPhotoA_2025-09-08 10_15_09.536-05_00_0.png,2,3.0,2.8188964524038034
1038_LeafPhotoA_2025-09-08 10_15_32.315,PI533768,1,1038_LeafPhotoA_2025-09-08 10_15_32.315-05_00_0.png,2,2.0,2.04518817623646
1038_LeafPhotoA_2025-09-08 10_15_50.926,PI533768,1,1038_LeafPhotoA_2025-09-08 10_15_50.926-05_00_0.png,1,2.0,2.2008830287742023
1038_LeafPhotoA_2025-09-08 10_16_04.977,PI533768,1,1038_LeafPhotoA_2025-09-08 10_16_04.977-05_00_0.png,1,1.5,2.1593727689313806
1039_LeafPhotoA_2025-09-08 10_16_33.293,PI533980,2,1039_LeafPhotoA_2025-09-08 10_16_33.293-05_00_0.png,2,2.5,2.307979533953159
1039_LeafPhotoA_2025-09-08 10_17_00.651,PI533980,2,1039_LeafPhotoA_2025-09-08 10_17_00.651-05_00_0.png,2,2.5,1.9806066112948348
1039_LeafPhotoA_2025-09-08 10_17_11.743,PI533980,2,1039_LeafPhotoA_2025-09-08 10_17_11.743-05_00_0.png,2,2.5,2.0284509832823385
1040_LeafPhotoA_2025-09-08 10_17_57.190,PI655995,1,1040_LeafPhotoA_2025-09-08 10_17_57.190-05_00_0.png,2,2.0,2.110694439998064
1040_LeafPhotoA_2025-09-08 10_18_12.445,PI655995,1,1040_LeafPhotoA_2025-09-08 10_18_12.445-05_00_0.png,2,2.5,1.9450076340943288
1040_LeafPhotoA_2025-09-08 10_18_43.741,PI655995,1,1040_LeafPhotoA_2025-09-08 10_18_43.741-05_00_0.png,2,2.0,2.341989746339583
1041_LeafPhotoA_2025-09-08 10_19_07.539,PI656042,2,1041_LeafPhotoA_2025-09-08 10_19_07.539-05_00_0.png,2,3.0,2.261926598799217
1041_LeafPhotoA_2025-09-08 10_19_21.222,PI656042,2,1041_LeafPhotoA_2025-09-08 10_19_21.222-05_00_0.png,2,2.0,1.9763751073622162
1041_LeafPhotoA_2025-09-08 10_19_35.997,PI656042,2,1041_LeafPhotoA_2025-09-08 10_19_35.997-05_00_0.png,2,2.0,1.9528285484013619
1042_LeafPhotoA_2025-09-08 10_20_35.599,PI598069,2,1042_LeafPhotoA_2025-09-08 10_20_35.599-05_00_0.png,2,1.5,1.755707808281653
1042_LeafPhotoA_2025-09-08 10_20_51.175,PI598069,2,1042_LeafPhotoA_2025-09-08 10_20_51.175-05_00_0.png,2,1.5,2.063925013288922
1042_LeafPhotoA_2025-09-08 10_21_06.936,PI598069,2,1042_LeafPhotoA_2025-09-08 10_21_06.936-05_00_0.png,2,1.5,1.8178638070587925
1043_LeafPhotoA_2025-09-08 10_21_32.723,PI533852,3,1043_LeafPhotoA_2025-09-08 10_21_32.723-05_00_0.png,2,2.0,2.0649144352552278
1043_LeafPhotoA_2025-09-08 10_21_46.526,PI533852,3,1043_LeafPhotoA_2025-09-08 10_21_46.526-05_00_0.png,2,3.0,2.3694247744110726
1043_LeafPhotoA_2025-09-08 10_21_59.227,PI533852,3,1043_LeafPhotoA_2025-09-08 10_21_59.227-05_00_0.png,2,3.5,3.3462324550834373
1044_LeafPhotoA_2025-09-08 10_22_48.871,PI597952,3,1044_LeafPhotoA_2025-09-08 10_22_48.871-05_00_0.png,2,2.5,2.6445930264015325
1044_LeafPhotoA_2025-09-08 10_23_04.014,PI597952,3,1044_LeafPhotoA_2025-09-08 10_23_04.014-05_00_0.png,2,3.0,2.8419884160654636
1044_LeafPhotoA_2025-09-08 10_23_47.531,PI597952,3,1044_LeafPhotoA_2025-09-08 10_23_47.531-05_00_0.png,2,4.0,2.799356628942199
1045_LeafPhotoA_2025-09-08 10_24_13.087,PI534140,3,1045_LeafPhotoA_2025-09-08 10_24_13.087-05_00_0.png,2,2.5,2.084881888155183
1045_LeafPhotoA_2025-09-08 10_24_25.395,PI534140,3,1045_LeafPhotoA_2025-09-08 10_24_25.395-05_00_0.png,2,1.0,1.8185897774118294
1045_LeafPhotoA_2025-09-08 10_24_39.722,PI534140,3,1045_LeafPhotoA_2025-09-08 10_24_39.722-05_00_0.png,2,1.0,2.00594890089394
1047_LeafPhotoA_2025-09-08 10_26_20.486,PI576435,5,1047_LeafPhotoA_2025-09-08 10_26_20.486-05_00_0.png,2,2.5,2.1529860378938075
1047_LeafPhotoA_2025-09-08 10_26_48.305,PI576435,5,1047_LeafPhotoA_2025-09-08 10_26_48.305-05_00_0.png,2,2.0,2.2452053393385
1047_LeafPhotoA_2025-09-08 10_27_02.535,PI576435,5,1047_LeafPhotoA_2025-09-08 10_27_02.535-05_00_0.png,2,2.0,2.2571208710402493
1048_LeafPhotoA_2025-09-08 10_27_26.311,PI595741,2,1048_LeafPhotoA_2025-09-08 10_27_26.311-05_00_0.png,2,1.25,2.0049048662761177
1048_LeafPhotoA_2025-09-08 10_27_42.531,PI595741,2,1048_LeafPhotoA_2025-09-08 10_27_42.531-05_00_0.png,2,1.5,2.028709681023257
1048_LeafPhotoA_2025-09-08 10_27_55.320,PI595741,2,1048_LeafPhotoA_2025-09-08 10_27_55.320-05_00_0.png,2,2.0,2.409002955188675
1049_LeafPhotoA_2025-09-08 10_28_20.044,PI656073,1,1049_LeafPhotoA_2025-09-08 10_28_20.044-05_00_0.png,1,2.0,1.9196215362270492
1049_LeafPhotoA_2025-09-08 10_28_40.680,PI656073,1,1049_LeafPhotoA_2025-09-08 10_28_40.680-05_00_0.png,2,1.5,1.7483374942516934
1049_LeafPhotoA_2025-09-08 10_28_53.505,PI656073,1,1049_LeafPhotoA_2025-09-08 10_28_53.505-05_00_0.png,1,2.5,1.9498838128979739
1050_LeafPhotoA_2025-09-08 10_29_26.585,PI576371,2,1050_LeafPhotoA_2025-09-08 10_29_26.585-05_00_0.png,2,2.0,1.9760546661156182
1050_LeafPhotoA_2025-09-08 10_29_43.243,PI576371,2,1050_LeafPhotoA_2025-09-08 10_29_43.243-05_00_0.png,2,1.5,1.7941385429800678
1050_LeafPhotoA_2025-09-08 10_29_56.473,PI576371,2,1050_LeafPhotoA_2025-09-08 10_29_56.473-05_00_0.png,2,3.0,2.691965462091547
1051_LeafPhotoA_2025-09-08 12_41_41.689,PI564163,1,1051_LeafPhotoA_2025-09-08 12_41_41.689-05_00_0.png,2,1.0,1.6950023565979289
1051_LeafPhotoA_2025-09-08 12_41_54.794,PI564163,1,1051_LeafPhotoA_2025-09-08 12_41_54.794-05_00_0.png,2,2.5,1.8274345965560155
1051_LeafPhotoA_2025-09-08 12_42_13.116,PI564163,1,1051_LeafPhotoA_2025-09-08 12_42_13.116-05_00_0.png,2,1.25,1.6597619237926942
1052_LeafPhotoA_2025-09-08 12_42_45.391,PI534068,3,1052_LeafPhotoA_2025-09-08 12_42_45.391-05_00_0.png,2,3.0,2.2280441075411264
1052_LeafPhotoA_2025-09-08 12_42_57.295,PI534068,3,1052_LeafPhotoA_2025-09-08 12_42_57.295-05_00_0.png,2,3.0,2.521047165893915
1052_LeafPhotoA_2025-09-08 12_43_10.542,PI534068,3,1052_LeafPhotoA_2025-09-08 12_43_10.542-05_00_0.png,2,2.5,2.0755959147364673
1053_LeafPhotoA_2025-09-08 12_43_28.443,PI534042,3,1053_LeafPhotoA_2025-09-08 12_43_28.443-05_00_0.png,2,3.0,2.4324866307040103
1053_LeafPhotoA_2025-09-08 12_43_49.634,PI534042,3,1053_LeafPhotoA_2025-09-08 12_43_49.634-05_00_0.png,2,2.5,2.732399903174157
1053_LeafPhotoA_2025-09-08 12_44_09.725,PI534042,3,1053_LeafPhotoA_2025-09-08 12_44_09.725-05_00_0.png,2,3.0,2.6725589824015783
1054_LeafPhotoA_2025-09-08 12_44_38.059,PI656021,4,1054_LeafPhotoA_2025-09-08 12_44_38.059-05_00_0.png,2,2.0,2.221521559825621
1054_LeafPhotoA_2025-09-08 12_44_49.928,PI656021,4,1054_LeafPhotoA_2025-09-08 12_44_49.928-05_00_0.png,2,1.5,2.095411972932038
1054_LeafPhotoA_2025-09-08 12_45_31.324,PI656021,4,1054_LeafPhotoA_2025-09-08 12_45_31.324-05_00_0.png,2,2.5,2.189492146426414
1055_LeafPhotoA_2025-09-08 12_45_58.943,PI576335,5,1055_LeafPhotoA_2025-09-08 12_45_58.943-05_00_0.png,2,2.5,2.7169962909670393
1055_LeafPhotoA_2025-09-08 12_46_11.865,PI576335,5,1055_LeafPhotoA_2025-09-08 12_46_11.865-05_00_0.png,2,3.0,2.661372610982261
1055_LeafPhotoA_2025-09-08 12_46_26.025,PI576335,5,1055_LeafPhotoA_2025-09-08 12_46_26.025-05_00_0.png,2,3.0,2.6235037849803984
1056_LeafPhotoA_2025-09-08 12_46_55.383,PI576352,1,1056_LeafPhotoA_2025-09-08 12_46_55.383-05_00_0.png,2,2.5,2.6369747922709026
1056_LeafPhotoA_2025-09-08 12_47_08.950,PI576352,1,1056_LeafPhotoA_2025-09-08 12_47_08.950-05_00_0.png,2,2.5,2.7725368581128014
1056_LeafPhotoA_2025-09-08 12_47_21.347,PI576352,1,1056_LeafPhotoA_2025-09-08 12_47_21.347-05_00_0.png,2,2.5,2.178651087604467
1056_LeafPhotoA_2025-09-08 12_47_34.787,PI576352,1,1056_LeafPhotoA_2025-09-08 12_47_34.787-05_00_0.png,2,1.75,2.448011236186205
1057_LeafPhotoA_2025-09-08 12_48_37.892,PI597977,5,1057_LeafPhotoA_2025-09-08 12_48_37.892-05_00_0.png,2,4.5,3.639297240293629
1057_LeafPhotoA_2025-09-08 12_49_00.094,PI597977,5,1057_LeafPhotoA_2025-09-08 12_49_00.094-05_00_0.png,2,4.0,3.305483488603425
1058_LeafPhotoA_2025-09-08 12_49_24.947,SC0445,3,1058_LeafPhotoA_2025-09-08 12_49_24.947-05_00_0.png,2,2.0,1.9547481492069727
1058_LeafPhotoA_2025-09-08 12_50_17.103,SC0445,3,1058_LeafPhotoA_2025-09-08 12_50_17.103-05_00_0.png,2,2.0,1.9868168416729457
1058_LeafPhotoA_2025-09-08 12_50_31.062,SC0445,3,1058_LeafPhotoA_2025-09-08 12_50_31.062-05_00_0.png,2,2.5,2.110606629282729
1059_LeafPhotoA_2025-09-08 12_51_02.759,PI534146,1,1059_LeafPhotoA_2025-09-08 12_51_02.759-05_00_0.png,2,2.5,1.945782924560175
1059_LeafPhotoA_2025-09-08 12_51_04.089,PI534146,1,1059_LeafPhotoA_2025-09-08 12_51_04.089-05_00_0.png,2,2.0,1.9598413394932797
1059_LeafPhotoA_2025-09-08 12_51_19.205,PI534146,1,1059_LeafPhotoA_2025-09-08 12_51_19.205-05_00_0.png,1,1.0,1.8236136224109118
1060_LeafPhotoA_2025-09-08 12_51_59.737,BTx645,2,1060_LeafPhotoA_2025-09-08 12_51_59.737-05_00_0.png,2,1.5,1.6267790785603276
1060_LeafPhotoA_2025-09-08 12_52_11.188,BTx645,2,1060_LeafPhotoA_2025-09-08 12_52_11.188-05_00_0.png,2,1.5,1.6485620222261954
1060_LeafPhotoA_2025-09-08 12_52_23.607,BTx645,2,1060_LeafPhotoA_2025-09-08 12_52_23.607-05_00_0.png,2,2.0,1.82660468014286
1061_LeafPhotoA_2025-09-08 12_52_48.432,PI656075,5,1061_LeafPhotoA_2025-09-08 12_52_48.432-05_00_0.png,1,1.0,1.8069713494590303
1061_LeafPhotoA_2025-09-08 12_53_03.341,PI656075,5,1061_LeafPhotoA_2025-09-08 12_53_03.341-05_00_0.png,2,1.0,1.708579040207392
1061_LeafPhotoA_2025-09-08 12_53_18.379,PI656075,5,1061_LeafPhotoA_2025-09-08 12_53_18.379-05_00_0.png,2,1.5,1.798814974923977
1062_LeafPhotoA_2025-09-08 12_53_58.949,PI533790,5,1062_LeafPhotoA_2025-09-08 12_53_58.949-05_00_0.png,2,3.0,2.686186573144775
1062_LeafPhotoA_2025-09-08 12_54_11.961,PI533790,5,1062_LeafPhotoA_2025-09-08 12_54_11.961-05_00_0.png,2,3.25,3.095652756678877
1062_LeafPhotoA_2025-09-08 12_54_24.608,PI533790,5,1062_LeafPhotoA_2025-09-08 12_54_24.608-05_00_0.png,2,3.0,2.60305353885785
1063_LeafPhotoA_2025-09-08 12_54_42.315,PI576411,3,1063_LeafPhotoA_2025-09-08 12_54_42.315-05_00_0.png,2,2.5,2.051959216273228
1063_LeafPhotoA_2025-09-08 12_54_53.990,PI576411,3,1063_LeafPhotoA_2025-09-08 12_54_53.990-05_00_0.png,2,2.0,1.7767098265817156
1063_LeafPhotoA_2025-09-08 12_55_04.884,PI576411,3,1063_LeafPhotoA_2025-09-08 12_55_04.884-05_00_0.png,2,2.5,2.1299715034466513
1064_LeafPhotoA_2025-09-08 12_55_47.422,PI597956,2,1064_LeafPhotoA_2025-09-08 12_55_47.422-05_00_0.png,2,3.5,2.837650907208173
1064_LeafPhotoA_2025-09-08 12_55_59.210,PI597956,2,1064_LeafPhotoA_2025-09-08 12_55_59.210-05_00_0.png,2,2.5,2.9022856045729624
1064_LeafPhotoA_2025-09-08 12_56_11.568,PI597956,2,1064_LeafPhotoA_2025-09-08 12_56_11.568-05_00_0.png,2,3.0,3.2313661930134883
1065_LeafPhotoA_2025-09-08 12_56_29.728,PI564163,1,1065_LeafPhotoA_2025-09-08 12_56_29.728-05_00_0.png,2,3.0,2.4117684451187746
1065_LeafPhotoA_2025-09-08 12_56_50.799,PI564163,1,1065_LeafPhotoA_2025-09-08 12_56_50.799-05_00_0.png,2,3.5,2.1571467344246766
1065_LeafPhotoA_2025-09-08 12_57_07.532,PI564163,1,1065_LeafPhotoA_2025-09-08 12_57_07.532-05_00_0.png,2,1.25,1.8216885535979646
1066_LeafPhotoA_2025-09-08 12_57_46.555,PI653617,2,1066_LeafPhotoA_2025-09-08 12_57_46.555-05_00_0.png,2,4.5,3.5363862154934727
1066_LeafPhotoA_2025-09-08 12_58_11.508,PI653617,2,1066_LeafPhotoA_2025-09-08 12_58_11.508-05_00_0.png,2,2.5,2.6472974191459344
1066_LeafPhotoA_2025-09-08 12_58_34.508,PI653617,2,1066_LeafPhotoA_2025-09-08 12_58_34.508-05_00_0.png,2,3.0,2.5326891002175915
1067_LeafPhotoA_2025-09-08 12_59_01.810,PI533846,4,1067_LeafPhotoA_2025-09-08 12_59_01.810-05_00_0.png,2,2.0,2.3716697735614938
1067_LeafPhotoA_2025-09-08 12_59_13.071,PI533846,4,1067_LeafPhotoA_2025-09-08 12_59_13.071-05_00_0.png,2,1.25,2.0804658367013538
1067_LeafPhotoA_2025-09-08 12_59_24.163,PI533846,4,1067_LeafPhotoA_2025-09-08 12_59_24.163-05_00_0.png,2,2.5,2.878457480338933
1069_LeafPhotoA_2025-09-08 13_00_37.435,SC0479,1,1069_LeafPhotoA_2025-09-08 13_00_37.435-05_00_0.png,2,2.5,1.7879611510108517
1069_LeafPhotoA_2025-09-08 13_00_55.842,SC0479,1,1069_LeafPhotoA_2025-09-08 13_00_55.842-05_00_0.png,2,2.5,1.8141117755875587
1069_LeafPhotoA_2025-09-08 13_01_10.484,SC0479,1,1069_LeafPhotoA_2025-09-08 13_01_10.484-05_00_0.png,2,3.0,2.832484851329707
1070_LeafPhotoA_2025-09-08 13_01_31.955,PI533859,4,1070_LeafPhotoA_2025-09-08 13_01_31.955-05_00_0.png,2,1.5,2.314586848859128
1070_LeafPhotoA_2025-09-08 13_01_46.896,PI533859,4,1070_LeafPhotoA_2025-09-08 13_01_46.896-05_00_0.png,2,2.0,1.7503460643458693
1070_LeafPhotoA_2025-09-08 13_01_59.089,PI533859,4,1070_LeafPhotoA_2025-09-08 13_01_59.089-05_00_0.png,2,2.5,1.977284275611085
1071_LeafPhotoA_2025-09-08 13_02_15.956,PI595718,4,1071_LeafPhotoA_2025-09-08 13_02_15.956-05_00_0.png,2,2.5,2.4529170581117365
1071_LeafPhotoA_2025-09-08 13_02_28.154,PI595718,4,1071_LeafPhotoA_2025-09-08 13_02_28.154-05_00_0.png,2,3.5,3.0207663787160954
1071_LeafPhotoA_2025-09-08 13_02_40.681,PI595718,4,1071_LeafPhotoA_2025-09-08 13_02_40.681-05_00_0.png,1,3.0,2.744294948644406
1072_LeafPhotoA_2025-09-08 13_03_12.392,PI534134,3,1072_LeafPhotoA_2025-09-08 13_03_12.392-05_00_0.png,2,4.0,3.0481178681371195
1072_LeafPhotoA_2025-09-08 13_03_29.236,PI534134,3,1072_LeafPhotoA_2025-09-08 13_03_29.236-05_00_0.png,2,2.5,2.8142065765009696
1073_LeafPhotoA_2025-09-08 13_06_10.190,PI534086,3,1073_LeafPhotoA_2025-09-08 13_06_10.190-05_00_0.png,2,2.25,2.5518680181306914
1073_LeafPhotoA_2025-09-08 13_06_22.249,PI534086,3,1073_LeafPhotoA_2025-09-08 13_06_22.249-05_00_0.png,2,3.0,2.6861842561547125
1073_LeafPhotoA_2025-09-08 13_06_37.638,PI534086,3,1073_LeafPhotoA_2025-09-08 13_06_37.638-05_00_0.png,2,3.0,2.6743797814683807
1074_LeafPhotoA_2025-09-08 13_07_19.185,PI533934,3,1074_LeafPhotoA_2025-09-08 13_07_19.185-05_00_0.png,2,2.5,1.9757409470390452
1074_LeafPhotoA_2025-09-08 13_07_20.236,PI533934,3,1074_LeafPhotoA_2025-09-08 13_07_20.236-05_00_0.png,2,2.0,1.9743480173664587
1074_LeafPhotoA_2025-09-08 13_07_35.831,PI533934,3,1074_LeafPhotoA_2025-09-08 13_07_35.831-05_00_0.png,2,2.0,1.8614983669798475
1075_LeafPhotoA_2025-09-08 13_08_10.230,PI534053,5,1075_LeafPhotoA_2025-09-08 13_08_10.230-05_00_0.png,2,2.0,2.3546732060771665
1075_LeafPhotoA_2025-09-08 13_08_28.899,PI534053,5,1075_LeafPhotoA_2025-09-08 13_08_28.899-05_00_0.png,2,2.25,2.2473306282592915
1075_LeafPhotoA_2025-09-08 13_08_46.218,PI534053,5,1075_LeafPhotoA_2025-09-08 13_08_46.218-05_00_0.png,2,2.5,2.4150369429761858
1076_LeafPhotoA_2025-09-08 13_09_02.306,PI564163,1,1076_LeafPhotoA_2025-09-08 13_09_02.306-05_00_0.png,2,2.5,1.999271212929485
1076_LeafPhotoA_2025-09-08 13_09_04.809,PI564163,1,1076_LeafPhotoA_2025-09-08 13_09_04.809-05_00_0.png,2,2.0,1.9821443246086126
1076_LeafPhotoA_2025-09-08 13_09_14.610,PI564163,1,1076_LeafPhotoA_2025-09-08 13_09_14.610-05_00_0.png,2,2.0,1.6845405670976064
1076_LeafPhotoA_2025-09-08 13_09_39.276,PI564163,1,1076_LeafPhotoA_2025-09-08 13_09_39.276-05_00_0.png,2,2.5,1.8375229515511498
1077_LeafPhotoA_2025-09-08 13_10_03.609,PI533753,3,1077_LeafPhotoA_2025-09-08 13_10_03.609-05_00_0.png,2,2.5,1.9349498143603094
1077_LeafPhotoA_2025-09-08 13_10_16.495,PI533753,3,1077_LeafPhotoA_2025-09-08 13_10_16.495-05_00_0.png,2,2.5,2.508539373804429
1077_LeafPhotoA_2025-09-08 13_10_27.977,PI533753,3,1077_LeafPhotoA_2025-09-08 13_10_27.977-05_00_0.png,2,3.0,2.4327806111925248
1078_LeafPhotoA_2025-09-08 13_10_47.187,PI534073,4,1078_LeafPhotoA_2025-09-08 13_10_47.187-05_00_0.png,2,3.5,2.767652042393447
1078_LeafPhotoA_2025-09-08 13_10_59.348,PI534073,4,1078_LeafPhotoA_2025-09-08 13_10_59.348-05_00_0.png,2,3.0,2.4863577386773024
1079_LeafPhotoA_2025-09-08 13_11_39.389,PI653616,1,1079_LeafPhotoA_2025-09-08 13_11_39.389-05_00_0.png,2,1.5,2.1191626619371804
1079_LeafPhotoA_2025-09-08 13_12_23.319,PI653616,1,1079_LeafPhotoA_2025-09-08 13_12_23.319-05_00_0.png,2,2.0,2.0553479874056158
1079_LeafPhotoA_2025-09-08 13_12_46.443,PI653616,1,1079_LeafPhotoA_2025-09-08 13_12_46.443-05_00_0.png,2,2.0,2.2133191906517373
1080_LeafPhotoA_2025-09-08 13_13_10.878,PI533745,4,1080_LeafPhotoA_2025-09-08 13_13_10.878-05_00_0.png,2,3.0,2.9983870812892386
1080_LeafPhotoA_2025-09-08 13_13_28.658,PI533745,4,1080_LeafPhotoA_2025-09-08 13_13_28.658-05_00_0.png,2,1.5,1.8584898337043065
1080_LeafPhotoA_2025-09-08 13_13_48.454,PI533745,4,1080_LeafPhotoA_2025-09-08 13_13_48.454-05_00_0.png,2,3.0,2.6115975305278236
1081_LeafPhotoA_2025-09-08 13_14_07.416,PI533778,5,1081_LeafPhotoA_2025-09-08 13_14_07.416-05_00_0.png,2,3.0,2.810363543525855
1081_LeafPhotoA_2025-09-08 13_14_19.465,PI533778,5,1081_LeafPhotoA_2025-09-08 13_14_19.465-05_00_0.png,2,3.0,2.4219814356812863
1081_LeafPhotoA_2025-09-08 13_14_31.503,PI533778,5,1081_LeafPhotoA_2025-09-08 13_14_31.503-05_00_0.png,2,2.0,2.247298363141176
1082_LeafPhotoA_2025-09-08 13_15_14.529,PI533961,5,1082_LeafPhotoA_2025-09-08 13_15_14.529-05_00_0.png,2,2.5,2.7834475499775406
1082_LeafPhotoA_2025-09-08 13_15_41.911,PI533961,5,1082_LeafPhotoA_2025-09-08 13_15_41.911-05_00_0.png,2,2.0,2.5620949163256954
1082_LeafPhotoA_2025-09-08 13_16_01.725,PI533961,5,1082_LeafPhotoA_2025-09-08 13_16_01.725-05_00_0.png,2,2.5,2.655194865027521
1083_LeafPhotoA_2025-09-08 13_16_43.264,PI656076,2,1083_LeafPhotoA_2025-09-08 13_16_43.264-05_00_0.png,2,1.5,1.7600698528928516
1083_LeafPhotoA_2025-09-08 13_16_45.891,PI656076,2,1083_LeafPhotoA_2025-09-08 13_16_45.891-05_00_0.png,2,1.5,1.7810991904216664
1083_LeafPhotoA_2025-09-08 13_16_58.615,PI656076,2,1083_LeafPhotoA_2025-09-08 13_16_58.615-05_00_0.png,2,1.0,1.5715708847073973
1083_LeafPhotoA_2025-09-08 13_17_11.784,PI656076,2,1083_LeafPhotoA_2025-09-08 13_17_11.784-05_00_0.png,2,1.5,1.8751088618674598
1084_LeafPhotoA_2025-09-08 13_17_37.134,PI595739,3,1084_LeafPhotoA_2025-09-08 13_17_37.134-05_00_0.png,2,1.0,1.84979325441393
1084_LeafPhotoA_2025-09-08 13_17_51.731,PI595739,3,1084_LeafPhotoA_2025-09-08 13_17_51.731-05_00_0.png,1,1.5,2.0398632344538847
1084_LeafPhotoA_2025-09-09 10_56_54.861,PI595739,3,1084_LeafPhotoA_2025-09-09 10_56_54.861-05_00_0.png,2,1.5,1.9583304233598016
1084_LeafPhotoA_2025-09-09 10_57_11.618,PI595739,3,1084_LeafPhotoA_2025-09-09 10_57_11.618-05_00_0.png,2,2.0,2.124066978029741
1084_LeafPhotoA_2025-09-09 10_57_27.969,PI595739,3,1084_LeafPhotoA_2025-09-09 10_57_27.969-05_00_0.png,2,1.0,2.0632268894008408
1085_LeafPhotoA_2025-09-09 10_57_52.246,PI576427,4,1085_LeafPhotoA_2025-09-09 10_57_52.246-05_00_0.png,2,2.5,2.027589661612254
1085_LeafPhotoA_2025-09-09 10_57_54.383,PI576427,4,1085_LeafPhotoA_2025-09-09 10_57_54.383-05_00_0.png,2,2.0,2.031840791137183
1085_LeafPhotoA_2025-09-09 10_58_08.346,PI576427,4,1085_LeafPhotoA_2025-09-09 10_58_08.346-05_00_0.png,2,2.0,1.9541663990603897
1085_LeafPhotoA_2025-09-09 10_58_22.092,PI576427,4,1085_LeafPhotoA_2025-09-09 10_58_22.092-05_00_0.png,2,2.0,2.27621044977876
1086_LeafPhotoA_2025-09-09 10_58_54.973,PI534144,4,1086_LeafPhotoA_2025-09-09 10_58_54.973-05_00_0.png,2,2.5,2.607000343195035
1086_LeafPhotoA_2025-09-09 10_59_11.313,PI534144,4,1086_LeafPhotoA_2025-09-09 10_59_11.313-05_00_0.png,2,1.75,2.264296593633618
1086_LeafPhotoA_2025-09-09 10_59_23.090,PI534144,4,1086_LeafPhotoA_2025-09-09 10_59_23.090-05_00_0.png,2,2.5,2.758452836914116
1087_LeafPhotoA_2025-09-09 10_59_43.217,PI564163,1,1087_LeafPhotoA_2025-09-09 10_59_43.217-05_00_0.png,2,2.5,2.010487059894589
1087_LeafPhotoA_2025-09-09 10_59_59.625,PI564163,1,1087_LeafPhotoA_2025-09-09 10_59_59.625-05_00_0.png,2,1.5,1.9107909641431051
1087_LeafPhotoA_2025-09-09 11_00_11.411,PI564163,1,1087_LeafPhotoA_2025-09-09 11_00_11.411-05_00_0.png,2,1.5,2.261704980898362
1090_LeafPhotoA_2025-09-09 11_01_46.837,PI597969,1,1090_LeafPhotoA_2025-09-09 11_01_46.837-05_00_0.png,2,2.0,2.6171439827266862
1090_LeafPhotoA_2025-09-09 11_02_09.742,PI597969,1,1090_LeafPhotoA_2025-09-09 11_02_09.742-05_00_0.png,1,2.5,2.6152209920817273
1091_LeafPhotoA_2025-09-09 11_02_49.148,PI656028,5,1091_LeafPhotoA_2025-09-09 11_02_49.148-05_00_0.png,2,1.5,2.2394942519258816
1091_LeafPhotoA_2025-09-09 11_03_04.801,PI656028,5,1091_LeafPhotoA_2025-09-09 11_03_04.801-05_00_0.png,2,1.5,2.165558207007706
1091_LeafPhotoA_2025-09-09 11_03_16.259,PI656028,5,1091_LeafPhotoA_2025-09-09 11_03_16.259-05_00_0.png,2,1.5,2.169006820564483
1092_LeafPhotoA_2025-09-09 11_03_37.932,SC1446,4,1092_LeafPhotoA_2025-09-09 11_03_37.932-05_00_0.png,2,3.0,2.361044980789982
1092_LeafPhotoA_2025-09-09 11_03_50.695,SC1446,4,1092_LeafPhotoA_2025-09-09 11_03_50.695-05_00_0.png,2,3.0,2.4861876317782747
1092_LeafPhotoA_2025-09-09 11_04_04.807,SC1446,4,1092_LeafPhotoA_2025-09-09 11_04_04.807-05_00_0.png,2,1.5,2.1754985341412985
1093_LeafPhotoA_2025-09-09 11_04_37.753,SC0847,2,1093_LeafPhotoA_2025-09-09 11_04_37.753-05_00_0.png,2,4.0,3.546592819995516
1093_LeafPhotoA_2025-09-09 11_04_59.658,SC0847,2,1093_LeafPhotoA_2025-09-09 11_04_59.658-05_00_0.png,2,4.5,3.8162158182670254
1099_LeafPhotoA_2025-09-08 12_37_28.231,PI656009,3,1099_LeafPhotoA_2025-09-08 12_37_28.231-05_00_0.png,2,1.5,1.7773391007425083
1099_LeafPhotoA_2025-09-08 12_38_16.189,PI656009,3,1099_LeafPhotoA_2025-09-08 12_38_16.189-05_00_0.png,1,1.5,1.965858858255026
1099_LeafPhotoA_2025-09-08 12_38_29.235,PI656009,3,1099_LeafPhotoA_2025-09-08 12_38_29.235-05_00_0.png,2,1.25,1.6698264547308381
1100_LeafPhotoA_2025-09-08 12_40_34.567,PI656108,1,1100_LeafPhotoA_2025-09-08 12_40_34.567-05_00_0.png,2,3.0,2.8987462129332044
1100_LeafPhotoA_2025-09-08 12_40_55.551,PI656108,1,1100_LeafPhotoA_2025-09-08 12_40_55.551-05_00_0.png,2,2.0,2.097841270923513
1100_LeafPhotoA_2025-09-08 12_41_10.019,PI656108,1,1100_LeafPhotoA_2025-09-08 12_41_10.019-05_00_0.png,2,2.5,2.1420793618769807
1101_LeafPhotoA_2025-09-08 10_49_46.896,PI533823,2,1101_LeafPhotoA_2025-09-08 10_49_46.896-05_00_0.png,2,1.5,1.8334800812443262
1101_LeafPhotoA_2025-09-08 10_50_13.286,PI533823,2,1101_LeafPhotoA_2025-09-08 10_50_13.286-05_00_0.png,2,2.75,2.570118573642881
1102_LeafPhotoA_2025-09-08 10_51_28.648,PI534152,2,1102_LeafPhotoA_2025-09-08 10_51_28.648-05_00_0.png,2,2.0,2.284839676439026
1102_LeafPhotoA_2025-09-08 10_51_55.982,PI534152,2,1102_LeafPhotoA_2025-09-08 10_51_55.982-05_00_0.png,2,1.5,2.064464847276476
1103_LeafPhotoA_2025-09-08 09_18_21.849,PI576417,2,1103_LeafPhotoA_2025-09-08 09_18_21.849-05_00_0.png,2,2.5,2.3457193914683625
1103_LeafPhotoA_2025-09-08 09_19_25.768,PI576417,2,1103_LeafPhotoA_2025-09-08 09_19_25.768-05_00_0.png,2,2.0,1.8352332322041358
1104_LeafPhotoA_2025-09-08 09_36_16.822,PI656038,1,1104_LeafPhotoA_2025-09-08 09_36_16.822-05_00_0.png,2,1.0,1.8724041908394042
1104_LeafPhotoA_2025-09-08 09_36_42.090,PI656038,1,1104_LeafPhotoA_2025-09-08 09_36_42.090-05_00_0.png,2,1.0,1.8928843738976189
1104_LeafPhotoA_2025-09-08 09_37_08.525,PI656038,1,1104_LeafPhotoA_2025-09-08 09_37_08.525-05_00_0.png,2,2.5,2.0456432491134446
1105_LeafPhotoA_2025-09-08 09_38_06.236,PI595735,5,1105_LeafPhotoA_2025-09-08 09_38_06.236-05_00_0.png,2,1.5,1.9011620777015203
1105_LeafPhotoA_2025-09-08 09_38_45.129,PI595735,5,1105_LeafPhotoA_2025-09-08 09_38_45.129-05_00_0.png,2,1.0,2.1402848253111406
1105_LeafPhotoA_2025-09-08 09_39_17.312,PI595735,5,1105_LeafPhotoA_2025-09-08 09_39_17.312-05_00_0.png,2,2.0,2.0511325762277166
1106_LeafPhotoA_2025-09-08 09_41_24.337,SC0371,4,1106_LeafPhotoA_2025-09-08 09_41_24.337-05_00_0.png,2,3.0,2.7486900423095553
1107_LeafPhotoA_2025-09-08 09_44_03.594,SC0458,3,1107_LeafPhotoA_2025-09-08 09_44_03.594-05_00_0.png,2,1.5,1.8979378901843158
1108_LeafPhotoA_2025-09-08 09_44_49.552,PI533873,4,1108_LeafPhotoA_2025-09-08 09_44_49.552-05_00_0.png,2,2.0,2.0175124803333513
1108_LeafPhotoA_2025-09-08 09_45_37.921,PI533873,4,1108_LeafPhotoA_2025-09-08 09_45_37.921-05_00_0.png,2,2.5,1.8545849701865482
1109_LeafPhotoA_2025-09-08 09_47_24.655,PI564163,1,1109_LeafPhotoA_2025-09-08 09_47_24.655-05_00_0.png,2,2.5,1.8277233364372933
1109_LeafPhotoA_2025-09-08 09_47_58.332,PI564163,1,1109_LeafPhotoA_2025-09-08 09_47_58.332-05_00_0.png,2,2.5,1.8513125632045675
1109_LeafPhotoA_2025-09-08 09_48_18.960,PI564163,1,1109_LeafPhotoA_2025-09-08 09_48_18.960-05_00_0.png,2,3.0,2.322203131896635
1110_LeafPhotoA_2025-09-08 09_48_54.489,PI533951,1,1110_LeafPhotoA_2025-09-08 09_48_54.489-05_00_0.png,1,2.5,2.3481617093885143
1110_LeafPhotoA_2025-09-08 09_49_27.638,PI533951,1,1110_LeafPhotoA_2025-09-08 09_49_27.638-05_00_0.png,2,2.5,2.036845843687556
1110_LeafPhotoA_2025-09-08 09_49_57.248,PI533951,1,1110_LeafPhotoA_2025-09-08 09_49_57.248-05_00_0.png,2,2.5,2.5215722610592772
1111_LeafPhotoA_2025-09-08 09_50_44.488,PI656098,5,1111_LeafPhotoA_2025-09-08 09_50_44.488-05_00_0.png,2,2.0,2.2292020496858282
1111_LeafPhotoA_2025-09-08 09_51_27.996,PI656098,5,1111_LeafPhotoA_2025-09-08 09_51_27.996-05_00_0.png,1,3.0,2.2656693425922008
1112_LeafPhotoA_2025-09-08 09_52_56.205,PI24969,1,1112_LeafPhotoA_2025-09-08 09_52_56.205-05_00_0.png,1,2.5,2.2092469244136455
1112_LeafPhotoA_2025-09-08 09_53_21.075,PI24969,1,1112_LeafPhotoA_2025-09-08 09_53_21.075-05_00_0.png,2,1.0,2.0479757258105087
1112_LeafPhotoA_2025-09-08 09_53_39.737,PI24969,1,1112_LeafPhotoA_2025-09-08 09_53_39.737-05_00_0.png,2,1.5,2.2326061219337787
1113_LeafPhotoA_2025-09-08 09_54_19.069,PI598070,3,1113_LeafPhotoA_2025-09-08 09_54_19.069-05_00_0.png,2,2.5,2.3912391126454917
1113_LeafPhotoA_2025-09-08 09_54_47.376,PI598070,3,1113_LeafPhotoA_2025-09-08 09_54_47.376-05_00_0.png,2,1.5,2.211062609904842
1113_LeafPhotoA_2025-09-08 09_55_09.635,PI598070,3,1113_LeafPhotoA_2025-09-08 09_55_09.635-05_00_0.png,2,2.5,2.1939815523981836
1115_LeafPhotoA_2025-09-08 09_57_42.464,PI597972,2,1115_LeafPhotoA_2025-09-08 09_57_42.464-05_00_0.png,1,2.5,2.5731812995508214
1115_LeafPhotoA_2025-09-08 09_58_09.096,PI597972,2,1115_LeafPhotoA_2025-09-08 09_58_09.096-05_00_0.png,2,3.0,2.514193548799951
1115_LeafPhotoA_2025-09-08 09_58_32.273,PI597972,2,1115_LeafPhotoA_2025-09-08 09_58_32.273-05_00_0.png,2,3.0,2.8260280313874198
1116_LeafPhotoA_2025-09-08 09_59_24.734,PI534135,1,1116_LeafPhotoA_2025-09-08 09_59_24.734-05_00_0.png,2,1.5,2.084881486917935
1116_LeafPhotoA_2025-09-08 09_59_50.648,PI534135,1,1116_LeafPhotoA_2025-09-08 09_59_50.648-05_00_0.png,2,2.5,1.8815183648042653
1116_LeafPhotoA_2025-09-08 10_00_12.748,PI534135,1,1116_LeafPhotoA_2025-09-08 10_00_12.748-05_00_0.png,2,2.0,1.7035696013549275
1117_LeafPhotoA_2025-09-08 10_00_48.141,PI576365,3,1117_LeafPhotoA_2025-09-08 10_00_48.141-05_00_0.png,2,2.0,2.155039190751549
1117_LeafPhotoA_2025-09-08 10_01_14.938,PI576365,3,1117_LeafPhotoA_2025-09-08 10_01_14.938-05_00_0.png,2,3.0,2.1962646549616727
1117_LeafPhotoA_2025-09-08 10_01_40.986,PI576365,3,1117_LeafPhotoA_2025-09-08 10_01_40.986-05_00_0.png,2,2.5,2.199306957821566
1118_LeafPhotoA_2025-09-08 10_02_17.783,PI533988,1,1118_LeafPhotoA_2025-09-08 10_02_17.783-05_00_0.png,2,1.75,2.3551234203700715
1118_LeafPhotoA_2025-09-08 10_02_36.914,PI533988,1,1118_LeafPhotoA_2025-09-08 10_02_36.914-05_00_0.png,2,2.0,1.6581402518924897
1119_LeafPhotoA_2025-09-08 10_03_34.150,PI534100,1,1119_LeafPhotoA_2025-09-08 10_03_34.150-05_00_0.png,1,2.0,2.033156809205742
1119_LeafPhotoA_2025-09-08 10_03_58.358,PI534100,1,1119_LeafPhotoA_2025-09-08 10_03_58.358-05_00_0.png,2,1.75,2.0860066454731205
1120_LeafPhotoA_2025-09-08 10_05_09.393,PI655987,4,1120_LeafPhotoA_2025-09-08 10_05_09.393-05_00_0.png,2,2.5,2.027670897016639
1120_LeafPhotoA_2025-09-08 10_05_30.399,PI655987,4,1120_LeafPhotoA_2025-09-08 10_05_30.399-05_00_0.png,2,2.0,2.0997326286480096
1120_LeafPhotoA_2025-09-08 10_05_52.986,PI655987,4,1120_LeafPhotoA_2025-09-08 10_05_52.986-05_00_0.png,2,2.5,2.067928693633938
1121_LeafPhotoA_2025-09-08 10_06_53.769,PI533968,1,1121_LeafPhotoA_2025-09-08 10_06_53.769-05_00_0.png,2,3.0,2.500175474010982
1122_LeafPhotoA_2025-09-08 10_07_49.073,PI534069,5,1122_LeafPhotoA_2025-09-08 10_07_49.073-05_00_0.png,2,2.5,2.6415676491718183
1122_LeafPhotoA_2025-09-08 10_08_12.180,PI534069,5,1122_LeafPhotoA_2025-09-08 10_08_12.180-05_00_0.png,2,2.25,2.7537466964914126
1123_LeafPhotoA_2025-09-08 10_08_49.730,PI534002,1,1123_LeafPhotoA_2025-09-08 10_08_49.730-05_00_0.png,2,2.5,2.258455202120625
1123_LeafPhotoA_2025-09-08 10_09_09.535,PI534002,1,1123_LeafPhotoA_2025-09-08 10_09_09.535-05_00_0.png,2,1.5,2.015866572715325
1123_LeafPhotoA_2025-09-08 10_09_23.984,PI534002,1,1123_LeafPhotoA_2025-09-08 10_09_23.984-05_00_0.png,2,2.5,2.3057905381786075
1124_LeafPhotoA_2025-09-08 10_10_04.044,PI597945,4,1124_LeafPhotoA_2025-09-08 10_10_04.044-05_00_0.png,2,2.5,2.4603908935105157
1124_LeafPhotoA_2025-09-08 10_10_32.893,PI597945,4,1124_LeafPhotoA_2025-09-08 10_10_32.893-05_00_0.png,2,2.5,2.3329806688108943
1124_LeafPhotoA_2025-09-08 10_10_51.695,PI597945,4,1124_LeafPhotoA_2025-09-08 10_10_51.695-05_00_0.png,2,1.5,2.4712183314052187
1125_LeafPhotoA_2025-09-08 10_11_23.578,PI595708,2,1125_LeafPhotoA_2025-09-08 10_11_23.578-05_00_0.png,2,3.0,2.231634397831756
1125_LeafPhotoA_2025-09-08 10_12_23.672,PI595708,2,1125_LeafPhotoA_2025-09-08 10_12_23.672-05_00_0.png,2,1.75,1.920423372349721
1125_LeafPhotoA_2025-09-08 10_13_03.747,PI595708,2,1125_LeafPhotoA_2025-09-08 10_13_03.747-05_00_0.png,2,1.25,2.0355725805412344
1126_LeafPhotoA_2025-09-08 10_13_29.753,PI597981,5,1126_LeafPhotoA_2025-09-08 10_13_29.753-05_00_0.png,2,3.5,2.9531810692806832
1126_LeafPhotoA_2025-09-08 10_13_57.176,PI597981,5,1126_LeafPhotoA_2025-09-08 10_13_57.176-05_00_0.png,1,3.0,2.8762453089995637
1126_LeafPhotoA_2025-09-08 10_14_23.671,PI597981,5,1126_LeafPhotoA_2025-09-08 10_14_23.671-05_00_0.png,2,3.0,2.625617077788293
1127_LeafPhotoA_2025-09-08 10_15_24.325,PI534153,1,1127_LeafPhotoA_2025-09-08 10_15_24.325-05_00_0.png,2,2.5,2.258667968049303
1128_LeafPhotoA_2025-09-08 10_16_08.428,PI564163,1,1128_LeafPhotoA_2025-09-08 10_16_08.428-05_00_0.png,2,2.0,1.7972168716400498
1128_LeafPhotoA_2025-09-08 10_16_35.243,PI564163,1,1128_LeafPhotoA_2025-09-08 10_16_35.243-05_00_0.png,2,2.5,1.8575522506898372
1128_LeafPhotoA_2025-09-08 10_16_55.291,PI564163,1,1128_LeafPhotoA_2025-09-08 10_16_55.291-05_00_0.png,2,1.5,2.1030984572761175
1129_LeafPhotoA_2025-09-08 10_17_39.978,PI656046,5,1129_LeafPhotoA_2025-09-08 10_17_39.978-05_00_0.png,2,3.0,2.957317551482312
1129_LeafPhotoA_2025-09-08 10_18_06.081,PI656046,5,1129_LeafPhotoA_2025-09-08 10_18_06.081-05_00_0.png,2,4.0,3.0076119031049675
1129_LeafPhotoA_2025-09-08 10_18_24.399,PI656046,5,1129_LeafPhotoA_2025-09-08 10_18_24.399-05_00_0.png,2,3.0,2.523300592198907
1130_LeafPhotoA_2025-09-08 10_19_32.229,PI656067,3,1130_LeafPhotoA_2025-09-08 10_19_32.229-05_00_0.png,2,2.5,2.2937524089319066
1130_LeafPhotoA_2025-09-08 10_20_05.265,PI656067,3,1130_LeafPhotoA_2025-09-08 10_20_05.265-05_00_0.png,2,3.25,2.961565189921652
1130_LeafPhotoA_2025-09-08 10_20_33.571,PI656067,3,1130_LeafPhotoA_2025-09-08 10_20_33.571-05_00_0.png,2,1.75,1.90771981411573
1131_LeafPhotoA_2025-09-08 10_20_55.815,PI597947,2,1131_LeafPhotoA_2025-09-08 10_20_55.815-05_00_0.png,2,2.0,2.0977316337397154
1131_LeafPhotoA_2025-09-08 10_21_15.490,PI597947,2,1131_LeafPhotoA_2025-09-08 10_21_15.490-05_00_0.png,2,3.0,2.255476172235704
1131_LeafPhotoA_2025-09-08 10_21_33.523,PI597947,2,1131_LeafPhotoA_2025-09-08 10_21_33.523-05_00_0.png,2,2.5,2.0603247264230085
1132_LeafPhotoA_2025-09-08 10_23_11.796,PI533759,1,1132_LeafPhotoA_2025-09-08 10_23_11.796-05_00_0.png,2,2.5,1.9826584193063923
1134_LeafPhotoA_2025-09-08 10_25_05.676,PI576374,3,1134_LeafPhotoA_2025-09-08 10_25_05.676-05_00_0.png,2,3.0,2.491502855449625
1134_LeafPhotoA_2025-09-08 10_25_22.077,PI576374,3,1134_LeafPhotoA_2025-09-08 10_25_22.077-05_00_0.png,2,2.0,2.1769966219848813
1134_LeafPhotoA_2025-09-08 10_25_38.944,PI576374,3,1134_LeafPhotoA_2025-09-08 10_25_38.944-05_00_0.png,2,2.5,2.0905561784148765
1135_LeafPhotoA_2025-09-08 10_26_37.579,PI656086,2,1135_LeafPhotoA_2025-09-08 10_26_37.579-05_00_0.png,2,1.0,1.8729699548709806
1135_LeafPhotoA_2025-09-08 10_27_12.155,PI656086,2,1135_LeafPhotoA_2025-09-08 10_27_12.155-05_00_0.png,1,1.5,1.9209657800382467
1136_LeafPhotoA_2025-09-08 10_28_06.923,PI656105,4,1136_LeafPhotoA_2025-09-08 10_28_06.923-05_00_0.png,2,2.5,2.2536524812111702
1137_LeafPhotoA_2025-09-08 10_29_33.365,PI534121,1,1137_LeafPhotoA_2025-09-08 10_29_33.365-05_00_0.png,2,2.5,2.0557017904349784
1137_LeafPhotoA_2025-09-08 10_30_17.775,PI534121,1,1137_LeafPhotoA_2025-09-08 10_30_17.775-05_00_0.png,2,1.5,2.0834032962930755
1138_LeafPhotoA_2025-09-08 10_30_50.978,PI533841,5,1138_LeafPhotoA_2025-09-08 10_30_50.978-05_00_0.png,2,2.25,2.374641777359397
1138_LeafPhotoA_2025-09-08 10_31_08.551,PI533841,5,1138_LeafPhotoA_2025-09-08 10_31_08.551-05_00_0.png,2,3.0,2.6015010119822772
1138_LeafPhotoA_2025-09-08 10_31_28.640,PI533841,5,1138_LeafPhotoA_2025-09-08 10_31_28.640-05_00_0.png,2,3.0,2.3910007512530096
1139_LeafPhotoA_2025-09-08 10_32_13.831,PI533920,5,1139_LeafPhotoA_2025-09-08 10_32_13.831-05_00_0.png,2,3.0,2.3304715613906803
1139_LeafPhotoA_2025-09-08 10_32_30.914,PI533920,5,1139_LeafPhotoA_2025-09-08 10_32_30.914-05_00_0.png,2,2.0,2.3004239916334828
1139_LeafPhotoA_2025-09-08 10_32_54.266,PI533920,5,1139_LeafPhotoA_2025-09-08 10_32_54.266-05_00_0.png,2,3.0,2.2203778052932157
1140_LeafPhotoA_2025-09-08 10_33_49.348,PI533772,3,1140_LeafPhotoA_2025-09-08 10_33_49.348-05_00_0.png,2,2.0,2.2830369907588612
1140_LeafPhotoA_2025-09-08 10_34_08.475,PI533772,3,1140_LeafPhotoA_2025-09-08 10_34_08.475-05_00_0.png,2,3.0,2.483349012131374
1141_LeafPhotoA_2025-09-08 10_34_36.614,PI533962,3,1141_LeafPhotoA_2025-09-08 10_34_36.614-05_00_0.png,2,2.5,2.563176285027451
1141_LeafPhotoA_2025-09-08 10_34_59.433,PI533962,3,1141_LeafPhotoA_2025-09-08 10_34_59.433-05_00_0.png,2,2.5,2.277564299849445
1141_LeafPhotoA_2025-09-08 10_35_31.807,PI533962,3,1141_LeafPhotoA_2025-09-08 10_35_31.807-05_00_0.png,2,1.5,1.8996774131050571
1142_LeafPhotoA_2025-09-08 10_36_24.487,PI595703,5,1142_LeafPhotoA_2025-09-08 10_36_24.487-05_00_0.png,2,1.5,1.9585531925982134
1142_LeafPhotoA_2025-09-08 10_36_54.046,PI595703,5,1142_LeafPhotoA_2025-09-08 10_36_54.046-05_00_0.png,2,2.5,2.236012842054413
1142_LeafPhotoA_2025-09-08 10_37_21.587,PI595703,5,1142_LeafPhotoA_2025-09-08 10_37_21.587-05_00_0.png,2,1.0,2.189838567412648
1143_LeafPhotoA_2025-09-08 10_37_49.962,SC0871,4,1143_LeafPhotoA_2025-09-08 10_37_49.962-05_00_0.png,2,4.0,2.92257470409707
1143_LeafPhotoA_2025-09-08 10_38_47.981,SC0871,4,1143_LeafPhotoA_2025-09-08 10_38_47.981-05_00_0.png,2,3.5,3.648084695107954
1144_LeafPhotoA_2025-09-08 10_39_57.505,PI533817,4,1144_LeafPhotoA_2025-09-08 10_39_57.505-05_00_0.png,2,3.5,2.810984808714466
1144_LeafPhotoA_2025-09-08 10_40_26.306,PI533817,4,1144_LeafPhotoA_2025-09-08 10_40_26.306-05_00_0.png,2,2.25,2.1145701973712137
1145_LeafPhotoA_2025-09-08 10_41_08.586,PI564163,1,1145_LeafPhotoA_2025-09-08 10_41_08.586-05_00_0.png,2,2.0,2.152558124200672
1145_LeafPhotoA_2025-09-08 10_41_37.289,PI564163,1,1145_LeafPhotoA_2025-09-08 10_41_37.289-05_00_0.png,2,1.5,2.0865068041737582
1145_LeafPhotoA_2025-09-08 10_41_59.930,PI564163,1,1145_LeafPhotoA_2025-09-08 10_41_59.930-05_00_0.png,2,1.5,2.07861306313819
1146_LeafPhotoA_2025-09-08 10_43_16.185,PI533847,1,1146_LeafPhotoA_2025-09-08 10_43_16.185-05_00_0.png,2,2.5,2.13706660878282
1147_LeafPhotoA_2025-09-08 10_43_48.976,PI533976,4,1147_LeafPhotoA_2025-09-08 10_43_48.976-05_00_0.png,2,2.5,2.4843327592106035
1147_LeafPhotoA_2025-09-08 10_44_08.415,PI533976,4,1147_LeafPhotoA_2025-09-08 10_44_08.415-05_00_0.png,2,2.5,2.2323634482884662
1147_LeafPhotoA_2025-09-08 10_44_29.060,PI533976,4,1147_LeafPhotoA_2025-09-08 10_44_29.060-05_00_0.png,2,2.5,2.523099419554043
1148_LeafPhotoA_2025-09-08 10_45_23.150,PI576414,5,1148_LeafPhotoA_2025-09-08 10_45_23.150-05_00_0.png,1,3.0,2.5605775033372145
1148_LeafPhotoA_2025-09-08 10_46_19.368,PI576414,5,1148_LeafPhotoA_2025-09-08 10_46_19.368-05_00_0.png,2,3.0,2.2992275326928624
1149_LeafPhotoA_2025-09-08 10_46_42.123,PI576378,3,1149_LeafPhotoA_2025-09-08 10_46_42.123-05_00_0.png,2,2.75,2.571295614086965
1149_LeafPhotoA_2025-09-08 10_47_03.744,PI576378,3,1149_LeafPhotoA_2025-09-08 10_47_03.744-05_00_0.png,2,3.0,2.6122975910188986
1149_LeafPhotoA_2025-09-08 10_47_32.215,PI576378,3,1149_LeafPhotoA_2025-09-08 10_47_32.215-05_00_0.png,2,2.25,2.993285310046555
1150_LeafPhotoA_2025-09-08 10_48_11.571,SC0027,3,1150_LeafPhotoA_2025-09-08 10_48_11.571-05_00_0.png,2,1.75,2.867408573662961
1150_LeafPhotoA_2025-09-08 10_48_38.053,SC0027,3,1150_LeafPhotoA_2025-09-08 10_48_38.053-05_00_0.png,2,2.5,2.5936564434749774
1151_LeafPhotoA_2025-09-08 17_00_01.150,PI576354,5,1151_LeafPhotoA_2025-09-08 17_00_01.150-05_00_0.png,1,3.0,2.58888342803997
1151_LeafPhotoA_2025-09-08 17_00_17.575,PI576354,5,1151_LeafPhotoA_2025-09-08 17_00_17.575-05_00_0.png,1,2.5,2.3448900452534027
1152_LeafPhotoA_2025-09-08 16_58_21.742,PI533777,4,1152_LeafPhotoA_2025-09-08 16_58_21.742-05_00_0.png,2,2.0,2.3529376856889215
1153_LeafPhotoA_2025-09-08 16_56_31.378,PI597982,5,1153_LeafPhotoA_2025-09-08 16_56_31.378-05_00_0.png,2,3.0,2.4046432667039648
1153_LeafPhotoA_2025-09-08 16_56_51.165,PI597982,5,1153_LeafPhotoA_2025-09-08 16_56_51.165-05_00_0.png,2,2.5,2.348534126635938
1155_LeafPhotoA_2025-09-08 16_53_26.883,PI533903,4,1155_LeafPhotoA_2025-09-08 16_53_26.883-05_00_0.png,2,2.5,2.152396526398869
1155_LeafPhotoA_2025-09-08 16_53_48.092,PI533903,4,1155_LeafPhotoA_2025-09-08 16_53_48.092-05_00_0.png,1,1.75,2.477666251045568
1155_LeafPhotoA_2025-09-08 16_54_35.831,PI533903,4,1155_LeafPhotoA_2025-09-08 16_54_35.831-05_00_0.png,2,1.5,1.9733888602668406
1156_LeafPhotoA_2025-09-08 16_51_40.451,PI641824,3,1156_LeafPhotoA_2025-09-08 16_51_40.451-05_00_0.png,2,2.5,2.1156448624584305
1156_LeafPhotoA_2025-09-08 16_52_15.162,PI641824,3,1156_LeafPhotoA_2025-09-08 16_52_15.162-05_00_0.png,2,1.75,2.3249267602059085
1156_LeafPhotoA_2025-09-08 16_52_57.211,PI641824,3,1156_LeafPhotoA_2025-09-08 16_52_57.211-05_00_0.png,2,3.0,2.5255470616772233
1157_LeafPhotoA_2025-09-08 16_50_24.357,PI533801,1,1157_LeafPhotoA_2025-09-08 16_50_24.357-05_00_0.png,1,2.5,2.7129759791469676
1157_LeafPhotoA_2025-09-08 16_50_48.963,PI533801,1,1157_LeafPhotoA_2025-09-08 16_50_48.963-05_00_0.png,1,3.0,2.7387945838414383
1158_LeafPhotoA_2025-09-08 16_48_52.735,PI534088,5,1158_LeafPhotoA_2025-09-08 16_48_52.735-05_00_0.png,2,2.0,2.419140582277771
1158_LeafPhotoA_2025-09-08 16_49_27.616,PI534088,5,1158_LeafPhotoA_2025-09-08 16_49_27.616-05_00_0.png,2,3.0,2.622100705393633
1159_LeafPhotoA_2025-09-08 16_47_54.035,PI659753,1,1159_LeafPhotoA_2025-09-08 16_47_54.035-05_00_0.png,2,1.25,1.8294574209301149
1159_LeafPhotoA_2025-09-08 16_48_08.020,PI659753,1,1159_LeafPhotoA_2025-09-08 16_48_08.020-05_00_0.png,2,2.5,1.9617291097269254
1159_LeafPhotoA_2025-09-08 16_48_24.109,PI659753,1,1159_LeafPhotoA_2025-09-08 16_48_24.109-05_00_0.png,2,3.0,2.5963357711971704
1160_LeafPhotoA_2025-09-08 16_46_05.404,SC0159,5,1160_LeafPhotoA_2025-09-08 16_46_05.404-05_00_0.png,1,3.5,3.1731941227238263
1160_LeafPhotoA_2025-09-08 16_46_51.942,SC0159,5,1160_LeafPhotoA_2025-09-08 16_46_51.942-05_00_0.png,2,2.0,2.3434657396911645
1160_LeafPhotoA_2025-09-08 16_47_23.883,SC0159,5,1160_LeafPhotoA_2025-09-08 16_47_23.883-05_00_0.png,2,3.0,3.4169033167948615
1161_LeafPhotoA_2025-09-08 16_45_39.714,PI576350,3,1161_LeafPhotoA_2025-09-08 16_45_39.714-05_00_0.png,2,3.5,2.467298958559418
1162_LeafPhotoA_2025-09-08 16_43_44.001,PI655981,2,1162_LeafPhotoA_2025-09-08 16_43_44.001-05_00_0.png,2,2.5,2.1501321093068873
1163_LeafPhotoA_2025-09-08 16_42_10.758,PI534093,3,1163_LeafPhotoA_2025-09-08 16_42_10.758-05_00_0.png,2,1.25,2.3472264805520844
1164_LeafPhotoA_2025-09-08 16_41_07.769,PI595729,5,1164_LeafPhotoA_2025-09-08 16_41_07.769-05_00_0.png,2,2.5,2.325407887529665
1164_LeafPhotoA_2025-09-08 16_41_25.344,PI595729,5,1164_LeafPhotoA_2025-09-08 16_41_25.344-05_00_0.png,2,2.0,2.1089711494693426
1165_LeafPhotoA_2025-09-08 16_39_18.501,PI534061,4,1165_LeafPhotoA_2025-09-08 16_39_18.501-05_00_0.png,2,3.0,2.488782895265209
1165_LeafPhotoA_2025-09-08 16_39_46.444,PI534061,4,1165_LeafPhotoA_2025-09-08 16_39_46.444-05_00_0.png,2,1.5,1.9355499779900587
1166_LeafPhotoA_2025-09-08 16_38_17.988,PI656109,2,1166_LeafPhotoA_2025-09-08 16_38_17.988-05_00_0.png,1,2.5,2.2783618116288267
1167_LeafPhotoA_2025-09-08 16_36_51.710,SC0616,2,1167_LeafPhotoA_2025-09-08 16_36_51.710-05_00_0.png,2,2.0,2.022475474115506
1167_LeafPhotoA_2025-09-08 16_37_34.329,SC0616,2,1167_LeafPhotoA_2025-09-08 16_37_34.329-05_00_0.png,2,2.5,2.3495089460279575
1168_LeafPhotoA_2025-09-08 16_35_21.707,PI534133,4,1168_LeafPhotoA_2025-09-08 16_35_21.707-05_00_0.png,2,2.0,1.9850470268089768
1168_LeafPhotoA_2025-09-08 16_36_01.267,PI534133,4,1168_LeafPhotoA_2025-09-08 16_36_01.267-05_00_0.png,2,2.0,1.9214891676563877
1169_LeafPhotoA_2025-09-08 16_34_08.310,PI534102,5,1169_LeafPhotoA_2025-09-08 16_34_08.310-05_00_0.png,2,1.5,2.1163840782826844
1169_LeafPhotoA_2025-09-08 16_34_32.395,PI534102,5,1169_LeafPhotoA_2025-09-08 16_34_32.395-05_00_0.png,1,1.0,2.14805881929221
1169_LeafPhotoA_2025-09-08 16_34_51.077,PI534102,5,1169_LeafPhotoA_2025-09-08 16_34_51.077-05_00_0.png,2,2.5,2.2529909736758302
1170_LeafPhotoA_2025-09-08 16_32_45.562,PI534149,5,1170_LeafPhotoA_2025-09-08 16_32_45.562-05_00_0.png,2,1.75,2.107186269286984
1171_LeafPhotoA_2025-09-08 16_30_33.870,PI533963,2,1171_LeafPhotoA_2025-09-08 16_30_33.870-05_00_0.png,2,2.0,2.610683013450633
1172_LeafPhotoA_2025-09-08 16_28_54.331,PI276837,4,1172_LeafPhotoA_2025-09-08 16_28_54.331-05_00_0.png,2,2.5,2.0003555229020185
1172_LeafPhotoA_2025-09-08 16_29_18.586,PI276837,4,1172_LeafPhotoA_2025-09-08 16_29_18.586-05_00_0.png,2,2.0,1.9746362799126798
1172_LeafPhotoA_2025-09-08 16_30_06.055,PI276837,4,1172_LeafPhotoA_2025-09-08 16_30_06.055-05_00_0.png,2,2.0,1.9477650556615733
1173_LeafPhotoA_2025-09-08 16_27_48.628,PI597953,1,1173_LeafPhotoA_2025-09-08 16_27_48.628-05_00_0.png,2,3.0,2.340837655128244
1173_LeafPhotoA_2025-09-08 16_28_11.383,PI597953,1,1173_LeafPhotoA_2025-09-08 16_28_11.383-05_00_0.png,2,2.5,2.6902416526925634
1174_LeafPhotoA_2025-09-08 16_26_09.463,PI656012,1,1174_LeafPhotoA_2025-09-08 16_26_09.463-05_00_0.png,2,2.0,2.0911106687422256
1174_LeafPhotoA_2025-09-08 16_26_26.879,PI656012,1,1174_LeafPhotoA_2025-09-08 16_26_26.879-05_00_0.png,2,2.5,2.11043106187967
1174_LeafPhotoA_2025-09-08 16_26_52.134,PI656012,1,1174_LeafPhotoA_2025-09-08 16_26_52.134-05_00_0.png,1,1.5,2.3443273884136433
1175_LeafPhotoA_2025-09-08 16_24_37.781,PI534008,3,1175_LeafPhotoA_2025-09-08 16_24_37.781-05_00_0.png,2,1.75,2.247860368297446
1175_LeafPhotoA_2025-09-08 16_25_03.869,PI534008,3,1175_LeafPhotoA_2025-09-08 16_25_03.869-05_00_0.png,2,2.0,2.071278573056088
1175_LeafPhotoA_2025-09-08 16_25_27.149,PI534008,3,1175_LeafPhotoA_2025-09-08 16_25_27.149-05_00_0.png,2,1.5,2.157986274125221
1176_LeafPhotoA_2025-09-08 16_22_58.961,PI534041,5,1176_LeafPhotoA_2025-09-08 16_22_58.961-05_00_0.png,2,2.0,2.1723155061623176
1176_LeafPhotoA_2025-09-08 16_23_35.938,PI534041,5,1176_LeafPhotoA_2025-09-08 16_23_35.938-05_00_0.png,2,3.5,2.788095354078324
1176_LeafPhotoA_2025-09-08 16_24_00.200,PI534041,5,1176_LeafPhotoA_2025-09-08 16_24_00.200-05_00_0.png,1,1.5,2.1368536356622023
1177_LeafPhotoA_2025-09-08 16_21_29.985,PI576406,4,1177_LeafPhotoA_2025-09-08 16_21_29.985-05_00_0.png,2,3.5,2.895288820328928
1177_LeafPhotoA_2025-09-08 16_21_52.403,PI576406,4,1177_LeafPhotoA_2025-09-08 16_21_52.403-05_00_0.png,2,2.5,2.294100952561586
1177_LeafPhotoA_2025-09-08 16_22_14.380,PI576406,4,1177_LeafPhotoA_2025-09-08 16_22_14.380-05_00_0.png,2,3.0,2.2577385989011005
1178_LeafPhotoA_2025-09-08 16_19_24.244,PI534141,2,1178_LeafPhotoA_2025-09-08 16_19_24.244-05_00_0.png,2,3.5,2.850860309608905
1178_LeafPhotoA_2025-09-08 16_19_57.203,PI534141,2,1178_LeafPhotoA_2025-09-08 16_19_57.203-05_00_0.png,2,2.5,2.9328513895482757
1178_LeafPhotoA_2025-09-08 16_20_21.931,PI534141,2,1178_LeafPhotoA_2025-09-08 16_20_21.931-05_00_0.png,2,3.5,2.9767210244109052
1179_LeafPhotoA_2025-09-08 16_17_18.972,PI576368,2,1179_LeafPhotoA_2025-09-08 16_17_18.972-05_00_0.png,2,2.0,2.1452769607614908
1179_LeafPhotoA_2025-09-08 16_17_37.143,PI576368,2,1179_LeafPhotoA_2025-09-08 16_17_37.143-05_00_0.png,2,2.5,2.199068309496229
1179_LeafPhotoA_2025-09-08 16_18_00.937,PI576368,2,1179_LeafPhotoA_2025-09-08 16_18_00.937-05_00_0.png,2,3.0,2.618787344773013
1180_LeafPhotoA_2025-09-08 16_14_42.983,SC0759,1,1180_LeafPhotoA_2025-09-08 16_14_42.983-05_00_0.png,2,3.0,2.566208617424223
1180_LeafPhotoA_2025-09-08 16_15_10.466,SC0759,1,1180_LeafPhotoA_2025-09-08 16_15_10.466-05_00_0.png,2,3.5,2.6226724027307426
1180_LeafPhotoA_2025-09-08 16_15_29.779,SC0759,1,1180_LeafPhotoA_2025-09-08 16_15_29.779-05_00_0.png,2,2.0,2.3539546444814854
1181_LeafPhotoA_2025-09-08 16_13_30.089,PI533891,4,1181_LeafPhotoA_2025-09-08 16_13_30.089-05_00_0.png,2,2.5,2.9489191930027743
1181_LeafPhotoA_2025-09-08 16_13_46.902,PI533891,4,1181_LeafPhotoA_2025-09-08 16_13_46.902-05_00_0.png,2,2.5,2.7225209394234966
1181_LeafPhotoA_2025-09-08 16_14_15.468,PI533891,4,1181_LeafPhotoA_2025-09-08 16_14_15.468-05_00_0.png,2,3.5,2.7281165377063594
1182_LeafPhotoA_2025-09-08 16_12_25.242,PI533917,4,1182_LeafPhotoA_2025-09-08 16_12_25.242-05_00_0.png,2,2.5,2.2769677225874383
1182_LeafPhotoA_2025-09-08 16_12_58.388,PI533917,4,1182_LeafPhotoA_2025-09-08 16_12_58.388-05_00_0.png,2,1.5,2.2344773088259338
1183_LeafPhotoA_2025-09-08 16_10_25.603,PI534020,5,1183_LeafPhotoA_2025-09-08 16_10_25.603-05_00_0.png,2,4.0,2.7193084243948533
1183_LeafPhotoA_2025-09-08 16_10_58.782,PI534020,5,1183_LeafPhotoA_2025-09-08 16_10_58.782-05_00_0.png,2,3.5,2.624265307941969
1183_LeafPhotoA_2025-09-08 16_11_43.574,PI534020,5,1183_LeafPhotoA_2025-09-08 16_11_43.574-05_00_0.png,2,3.5,3.4465940689176904
1184_LeafPhotoA_2025-09-08 16_08_30.015,PI576383,3,1184_LeafPhotoA_2025-09-08 16_08_30.015-05_00_0.png,2,2.75,2.770092275227615
1184_LeafPhotoA_2025-09-08 16_08_54.473,PI576383,3,1184_LeafPhotoA_2025-09-08 16_08_54.473-05_00_0.png,2,3.5,2.7447337288916662
1184_LeafPhotoA_2025-09-08 16_09_22.530,PI576383,3,1184_LeafPhotoA_2025-09-08 16_09_22.530-05_00_0.png,2,3.5,2.8258338812496087
1185_LeafPhotoA_2025-09-08 16_07_03.874,PI629059,2,1185_LeafPhotoA_2025-09-08 16_07_03.874-05_00_0.png,2,2.5,1.728288828820925
1185_LeafPhotoA_2025-09-08 16_07_28.096,PI629059,2,1185_LeafPhotoA_2025-09-08 16_07_28.096-05_00_0.png,2,1.0,1.7411580216524112
1185_LeafPhotoA_2025-09-08 16_07_58.771,PI629059,2,1185_LeafPhotoA_2025-09-08 16_07_58.771-05_00_0.png,2,1.5,1.8123485080169104
1186_LeafPhotoA_2025-09-08 16_05_12.767,PI576381,5,1186_LeafPhotoA_2025-09-08 16_05_12.767-05_00_0.png,2,2.5,2.155186324141499
1186_LeafPhotoA_2025-09-08 16_05_34.142,PI576381,5,1186_LeafPhotoA_2025-09-08 16_05_34.142-05_00_0.png,2,1.25,1.9170283984782157
1186_LeafPhotoA_2025-09-08 16_05_54.823,PI576381,5,1186_LeafPhotoA_2025-09-08 16_05_54.823-05_00_0.png,2,1.5,2.2920907984368393
1187_LeafPhotoA_2025-09-08 16_02_51.706,PI534006,2,1187_LeafPhotoA_2025-09-08 16_02_51.706-05_00_0.png,2,2.5,2.4115725333989424
1187_LeafPhotoA_2025-09-08 16_03_30.325,PI534006,2,1187_LeafPhotoA_2025-09-08 16_03_30.325-05_00_0.png,2,2.0,2.416884651135327
1187_LeafPhotoA_2025-09-08 16_04_03.683,PI534006,2,1187_LeafPhotoA_2025-09-08 16_04_03.683-05_00_0.png,1,3.0,2.266999153022762
1188_LeafPhotoA_2025-09-08 16_01_18.490,PI656003,2,1188_LeafPhotoA_2025-09-08 16_01_18.490-05_00_0.png,2,2.5,2.393004108110242
1188_LeafPhotoA_2025-09-08 16_01_44.544,PI656003,2,1188_LeafPhotoA_2025-09-08 16_01_44.544-05_00_0.png,1,2.25,2.7066188338678527
1188_LeafPhotoA_2025-09-08 16_02_11.270,PI656003,2,1188_LeafPhotoA_2025-09-08 16_02_11.270-05_00_0.png,2,2.5,2.2203367725151417
1189_LeafPhotoA_2025-09-08 15_58_05.450,PI534077,5,1189_LeafPhotoA_2025-09-08 15_58_05.450-05_00_0.png,2,2.5,2.6862290331453154
1189_LeafPhotoA_2025-09-08 15_58_26.047,PI534077,5,1189_LeafPhotoA_2025-09-08 15_58_26.047-05_00_0.png,2,2.5,2.493237445844967
1190_LeafPhotoA_2025-09-08 15_56_14.852,PI574455,4,1190_LeafPhotoA_2025-09-08 15_56_14.852-05_00_0.png,2,2.5,2.87144231415944
1190_LeafPhotoA_2025-09-08 15_56_54.318,PI574455,4,1190_LeafPhotoA_2025-09-08 15_56_54.318-05_00_0.png,2,3.0,2.5659834523695673
1190_LeafPhotoA_2025-09-08 15_57_15.298,PI574455,4,1190_LeafPhotoA_2025-09-08 15_57_15.298-05_00_0.png,2,1.5,1.781333819393755
1191_LeafPhotoA_2025-09-08 15_53_40.792,PI534143,1,1191_LeafPhotoA_2025-09-08 15_53_40.792-05_00_0.png,2,3.5,3.0385750672149
1191_LeafPhotoA_2025-09-08 15_54_08.755,PI534143,1,1191_LeafPhotoA_2025-09-08 15_54_08.755-05_00_0.png,2,2.25,2.7889890112602314
1191_LeafPhotoA_2025-09-08 15_54_25.154,PI534143,1,1191_LeafPhotoA_2025-09-08 15_54_25.154-05_00_0.png,2,2.0,2.7070248689070224
1192_LeafPhotoA_2025-09-08 15_52_44.412,PI564163,1,1192_LeafPhotoA_2025-09-08 15_52_44.412-05_00_0.png,2,2.5,2.4483332021734503
1192_LeafPhotoA_2025-09-08 15_53_09.891,PI564163,1,1192_LeafPhotoA_2025-09-08 15_53_09.891-05_00_0.png,2,2.0,2.390670087043388
1193_LeafPhotoA_2025-09-08 15_50_58.786,PI533848,2,1193_LeafPhotoA_2025-09-08 15_50_58.786-05_00_0.png,2,2.5,2.1385682968884385
1193_LeafPhotoA_2025-09-08 15_51_23.244,PI533848,2,1193_LeafPhotoA_2025-09-08 15_51_23.244-05_00_0.png,1,3.5,2.544696770079875
1193_LeafPhotoA_2025-09-08 15_51_41.936,PI533848,2,1193_LeafPhotoA_2025-09-08 15_51_41.936-05_00_0.png,2,2.5,2.0589814981106445
1194_LeafPhotoA_2025-09-08 15_49_13.610,PI533866,5,1194_LeafPhotoA_2025-09-08 15_49_13.610-05_00_0.png,1,3.0,2.475211141397258
1194_LeafPhotoA_2025-09-08 15_49_50.617,PI533866,5,1194_LeafPhotoA_2025-09-08 15_49_50.617-05_00_0.png,2,1.0,1.8418632852522812
1195_LeafPhotoA_2025-09-08 15_47_39.608,PI576362,1,1195_LeafPhotoA_2025-09-08 15_47_39.608-05_00_0.png,2,2.5,2.4669012434581363
1195_LeafPhotoA_2025-09-08 15_48_23.868,PI576362,1,1195_LeafPhotoA_2025-09-08 15_48_23.868-05_00_0.png,2,2.5,2.1787158329747403
1196_LeafPhotoA_2025-09-08 15_45_29.366,SC0854,2,1196_LeafPhotoA_2025-09-08 15_45_29.366-05_00_0.png,2,3.0,2.6840801048689036
1196_LeafPhotoA_2025-09-08 15_46_27.438,SC0854,2,1196_LeafPhotoA_2025-09-08 15_46_27.438-05_00_0.png,2,1.75,2.588437621179503
1196_LeafPhotoA_2025-09-08 15_47_01.365,SC0854,2,1196_LeafPhotoA_2025-09-08 15_47_01.365-05_00_0.png,2,3.0,2.8070386443420374
1197_LeafPhotoA_2025-09-08 15_42_33.635,PI659692,3,1197_LeafPhotoA_2025-09-08 15_42_33.635-05_00_0.png,2,1.25,2.170121921391298
1197_LeafPhotoA_2025-09-08 15_43_50.293,PI659692,3,1197_LeafPhotoA_2025-09-08 15_43_50.293-05_00_0.png,2,2.0,2.2614436283546713
1198_LeafPhotoA_2025-09-08 09_25_24.531,PI534080,5,1198_LeafPhotoA_2025-09-08 09_25_24.531-05_00_0.png,2,1.25,2.2083855433149493
1198_LeafPhotoA_2025-09-08 09_27_02.711,PI534080,5,1198_LeafPhotoA_2025-09-08 09_27_02.711-05_00_0.png,2,3.0,2.447702091562645
1198_LeafPhotoA_2025-09-08 09_27_47.775,PI534080,5,1198_LeafPhotoA_2025-09-08 09_27_47.775-05_00_0.png,2,3.0,2.5465401505111553
1198_LeafPhotoA_2025-09-08 15_40_47.993,PI534080,5,1198_LeafPhotoA_2025-09-08 15_40_47.993-05_00_0.png,1,3.5,2.765650672395965
1198_LeafPhotoA_2025-09-08 15_41_15.856,PI534080,5,1198_LeafPhotoA_2025-09-08 15_41_15.856-05_00_0.png,2,2.5,2.5138866717086854
1199_LeafPhotoA_2025-09-08 17_02_26.759,PI533972,4,1199_LeafPhotoA_2025-09-08 17_02_26.759-05_00_0.png,2,2.0,2.3290220963687593
1199_LeafPhotoA_2025-09-08 17_02_43.707,PI533972,4,1199_LeafPhotoA_2025-09-08 17_02_43.707-05_00_0.png,2,2.5,2.2456492070558447
1200_LeafPhotoA_2025-09-08 17_00_53.346,PI656037,2,1200_LeafPhotoA_2025-09-08 17_00_53.346-05_00_0.png,2,1.0,1.845347167515523
1200_LeafPhotoA_2025-09-08 17_01_20.552,PI656037,2,1200_LeafPhotoA_2025-09-08 17_01_20.552-05_00_0.png,2,2.0,1.8910319146233678
1200_LeafPhotoA_2025-09-08 17_01_52.096,PI656037,2,1200_LeafPhotoA_2025-09-08 17_01_52.096-05_00_0.png,1,1.0,1.769232989400789
1201_LeafPhotoA_2025-09-08 10_44_12.793,PI548797,2,1201_LeafPhotoA_2025-09-08 10_44_12.793-05_00_0.png,2,1.5,1.6816514028076646
1201_LeafPhotoA_2025-09-08 10_45_01.777,PI548797,2,1201_LeafPhotoA_2025-09-08 10_45_01.777-05_00_0.png,2,2.0,1.5552850370733495
1202_LeafPhotoA_2025-09-08 10_45_39.926,PI576356,5,1202_LeafPhotoA_2025-09-08 10_45_39.926-05_00_0.png,1,1.0,1.8482701213033712
1202_LeafPhotoA_2025-09-08 10_45_58.475,PI576356,5,1202_LeafPhotoA_2025-09-08 10_45_58.475-05_00_0.png,1,1.0,1.679747188245383
1202_LeafPhotoA_2025-09-08 10_46_25.784,PI576356,5,1202_LeafPhotoA_2025-09-08 10_46_25.784-05_00_0.png,2,1.25,1.8966044851893968
1203_LeafPhotoA_2025-09-08 09_17_24.189,SC1166,4,1203_LeafPhotoA_2025-09-08 09_17_24.189-05_00_0.png,1,3.0,2.480584525263608
1203_LeafPhotoA_2025-09-08 09_17_50.777,SC1166,4,1203_LeafPhotoA_2025-09-08 09_17_50.777-05_00_0.png,2,2.0,2.200492680728284
1203_LeafPhotoA_2025-09-08 09_19_50.867,SC1166,4,1203_LeafPhotoA_2025-09-08 09_19_50.867-05_00_0.png,2,2.25,2.5934931787575177
1204_LeafPhotoA_2025-09-08 09_23_23.652,PI534038,5,1204_LeafPhotoA_2025-09-08 09_23_23.652-05_00_0.png,2,3.0,2.298813338940756
1204_LeafPhotoA_2025-09-08 09_24_34.513,PI534038,5,1204_LeafPhotoA_2025-09-08 09_24_34.513-05_00_0.png,2,2.5,1.9678481014790334
1204_LeafPhotoA_2025-09-08 09_25_21.477,PI534038,5,1204_LeafPhotoA_2025-09-08 09_25_21.477-05_00_0.png,2,2.5,2.3102175053332163
1205_LeafPhotoA_2025-09-08 09_26_48.852,PI655991,4,1205_LeafPhotoA_2025-09-08 09_26_48.852-05_00_0.png,2,1.0,1.7202634907082093
1205_LeafPhotoA_2025-09-08 09_27_17.999,PI655991,4,1205_LeafPhotoA_2025-09-08 09_27_17.999-05_00_0.png,2,1.25,1.8731330926974197
1205_LeafPhotoA_2025-09-08 09_28_04.109,PI655991,4,1205_LeafPhotoA_2025-09-08 09_28_04.109-05_00_0.png,2,2.0,1.9877938825847792
1206_LeafPhotoA_2025-09-08 09_30_08.342,PI655992,4,1206_LeafPhotoA_2025-09-08 09_30_08.342-05_00_0.png,2,2.0,1.9015188906939335
1206_LeafPhotoA_2025-09-08 09_30_31.899,PI655992,4,1206_LeafPhotoA_2025-09-08 09_30_31.899-05_00_0.png,2,1.5,1.766165578549845
1206_LeafPhotoA_2025-09-08 09_31_09.977,PI655992,4,1206_LeafPhotoA_2025-09-08 09_31_09.977-05_00_0.png,2,1.0,1.6403272025177695
1207_LeafPhotoA_2025-09-08 09_33_35.033,PI533855,3,1207_LeafPhotoA_2025-09-08 09_33_35.033-05_00_0.png,2,1.0,2.1655228393290913
1207_LeafPhotoA_2025-09-08 09_34_30.630,PI533855,3,1207_LeafPhotoA_2025-09-08 09_34_30.630-05_00_0.png,2,2.5,2.3925760514500864
1209_LeafPhotoA_2025-09-08 09_36_46.496,PI595736,2,1209_LeafPhotoA_2025-09-08 09_36_46.496-05_00_0.png,2,1.0,1.7323034034933826
1209_LeafPhotoA_2025-09-08 09_37_14.965,PI595736,2,1209_LeafPhotoA_2025-09-08 09_37_14.965-05_00_0.png,2,1.25,1.7267728340644237
1209_LeafPhotoA_2025-09-08 09_37_46.150,PI595736,2,1209_LeafPhotoA_2025-09-08 09_37_46.150-05_00_0.png,2,2.0,1.8945381570439246
1210_LeafPhotoA_2025-09-08 09_38_24.164,PI533878,3,1210_LeafPhotoA_2025-09-08 09_38_24.164-05_00_0.png,2,1.25,1.9842081000908853
1210_LeafPhotoA_2025-09-08 09_39_04.129,PI533878,3,1210_LeafPhotoA_2025-09-08 09_39_04.129-05_00_0.png,2,1.25,2.0692865748287197
1210_LeafPhotoA_2025-09-08 09_39_32.955,PI533878,3,1210_LeafPhotoA_2025-09-08 09_39_32.955-05_00_0.png,2,2.5,2.4024246089951933
1212_LeafPhotoA_2025-09-08 09_42_02.733,PI534083,4,1212_LeafPhotoA_2025-09-08 09_42_02.733-05_00_0.png,2,3.0,2.3669262279258416
1212_LeafPhotoA_2025-09-08 09_42_54.332,PI534083,4,1212_LeafPhotoA_2025-09-08 09_42_54.332-05_00_0.png,2,2.25,2.181135882758668
1213_LeafPhotoA_2025-09-08 09_43_59.948,PI533800,1,1213_LeafPhotoA_2025-09-08 09_43_59.948-05_00_0.png,2,2.0,2.0010974692876715
1213_LeafPhotoA_2025-09-08 09_44_31.820,PI533800,1,1213_LeafPhotoA_2025-09-08 09_44_31.820-05_00_0.png,2,2.5,2.09216919848274
1213_LeafPhotoA_2025-09-08 09_45_05.304,PI533800,1,1213_LeafPhotoA_2025-09-08 09_45_05.304-05_00_0.png,2,1.0,1.8269409244643648
1214_LeafPhotoA_2025-09-08 09_46_06.613,PI533763,4,1214_LeafPhotoA_2025-09-08 09_46_06.613-05_00_0.png,2,2.5,2.1432961020983634
1214_LeafPhotoA_2025-09-08 09_46_46.292,PI533763,4,1214_LeafPhotoA_2025-09-08 09_46_46.292-05_00_0.png,2,2.5,2.231443324802777
1214_LeafPhotoA_2025-09-08 09_47_10.824,PI533763,4,1214_LeafPhotoA_2025-09-08 09_47_10.824-05_00_0.png,2,1.5,2.435314612053107
1215_LeafPhotoA_2025-09-08 09_48_15.511,PI534118,3,1215_LeafPhotoA_2025-09-08 09_48_15.511-05_00_0.png,2,2.5,2.0800306088489204
1215_LeafPhotoA_2025-09-08 09_50_40.556,PI534118,3,1215_LeafPhotoA_2025-09-08 09_50_40.556-05_00_0.png,2,2.5,2.2207356332888004
1216_LeafPhotoA_2025-09-08 09_51_18.258,PI595714,4,1216_LeafPhotoA_2025-09-08 09_51_18.258-05_00_0.png,2,1.5,2.2911416884854496
1216_LeafPhotoA_2025-09-08 09_51_38.597,PI595714,4,1216_LeafPhotoA_2025-09-08 09_51_38.597-05_00_0.png,2,2.0,1.882242130765475
1216_LeafPhotoA_2025-09-08 09_52_09.164,PI595714,4,1216_LeafPhotoA_2025-09-08 09_52_09.164-05_00_0.png,2,2.5,1.9790261208380113
1217_LeafPhotoA_2025-09-08 09_52_51.663,PI655974,1,1217_LeafPhotoA_2025-09-08 09_52_51.663-05_00_0.png,2,1.0,1.7014728946430948
1217_LeafPhotoA_2025-09-08 09_53_36.339,PI655974,1,1217_LeafPhotoA_2025-09-08 09_53_36.339-05_00_0.png,2,1.5,1.6406146834801392
1217_LeafPhotoA_2025-09-08 09_54_02.015,PI655974,1,1217_LeafPhotoA_2025-09-08 09_54_02.015-05_00_0.png,2,2.0,1.931979206908682
1218_LeafPhotoA_2025-09-08 09_55_19.524,PI533931,3,1218_LeafPhotoA_2025-09-08 09_55_19.524-05_00_0.png,2,2.0,2.078125923098333
1218_LeafPhotoA_2025-09-08 09_55_48.140,PI533931,3,1218_LeafPhotoA_2025-09-08 09_55_48.140-05_00_0.png,2,3.5,2.562545394992613
1218_LeafPhotoA_2025-09-08 09_56_20.034,PI533931,3,1218_LeafPhotoA_2025-09-08 09_56_20.034-05_00_0.png,2,2.0,2.321439539045996
1219_LeafPhotoA_2025-09-08 09_57_23.701,PI533822,5,1219_LeafPhotoA_2025-09-08 09_57_23.701-05_00_0.png,2,2.5,2.626021167653392
1219_LeafPhotoA_2025-09-08 09_57_43.225,PI533822,5,1219_LeafPhotoA_2025-09-08 09_57_43.225-05_00_0.png,2,3.0,2.5443630584564247
1220_LeafPhotoA_2025-09-08 09_58_33.442,PI534060,3,1220_LeafPhotoA_2025-09-08 09_58_33.442-05_00_0.png,2,2.5,2.325669568459056
1220_LeafPhotoA_2025-09-08 09_59_32.289,PI534060,3,1220_LeafPhotoA_2025-09-08 09_59_32.289-05_00_0.png,2,2.25,2.1419936066005745
1221_LeafPhotoA_2025-09-08 10_00_11.226,PI533839,5,1221_LeafPhotoA_2025-09-08 10_00_11.226-05_00_0.png,2,2.5,2.155222175807511
1221_LeafPhotoA_2025-09-08 10_00_47.447,PI533839,5,1221_LeafPhotoA_2025-09-08 10_00_47.447-05_00_0.png,2,2.5,2.100410136545555
1222_LeafPhotoA_2025-09-08 10_01_43.423,PI533789,3,1222_LeafPhotoA_2025-09-08 10_01_43.423-05_00_0.png,2,2.5,2.182066741293534
1222_LeafPhotoA_2025-09-08 10_02_04.448,PI533789,3,1222_LeafPhotoA_2025-09-08 10_02_04.448-05_00_0.png,1,2.5,2.2355146826910155
1223_LeafPhotoA_2025-09-08 10_02_54.221,PI655983,3,1223_LeafPhotoA_2025-09-08 10_02_54.221-05_00_0.png,2,2.5,1.803628644688916
1223_LeafPhotoA_2025-09-08 10_03_13.455,PI655983,3,1223_LeafPhotoA_2025-09-08 10_03_13.455-05_00_0.png,2,1.5,1.8839682484575275
1223_LeafPhotoA_2025-09-08 10_03_37.290,PI655983,3,1223_LeafPhotoA_2025-09-08 10_03_37.290-05_00_0.png,2,1.5,1.6097049904358083
1224_LeafPhotoA_2025-09-08 10_04_30.822,PI564163,1,1224_LeafPhotoA_2025-09-08 10_04_30.822-05_00_0.png,2,1.0,1.9027925062487034
1224_LeafPhotoA_2025-09-08 10_05_08.517,PI564163,1,1224_LeafPhotoA_2025-09-08 10_05_08.517-05_00_0.png,1,1.5,1.7983584578445941
1225_LeafPhotoA_2025-09-08 10_05_53.630,SC0965,3,1225_LeafPhotoA_2025-09-08 10_05_53.630-05_00_0.png,2,3.5,2.7526126481224504
1225_LeafPhotoA_2025-09-08 10_06_05.269,SC0965,3,1225_LeafPhotoA_2025-09-08 10_06_05.269-05_00_0.png,2,3.0,2.4523518223281977
1226_LeafPhotoA_2025-09-08 10_07_58.660,PI564163,1,1226_LeafPhotoA_2025-09-08 10_07_58.660-05_00_0.png,2,2.0,1.9804893995064432
1226_LeafPhotoA_2025-09-08 10_08_53.325,PI564163,1,1226_LeafPhotoA_2025-09-08 10_08_53.325-05_00_0.png,2,2.0,2.0035420893264266
1227_LeafPhotoA_2025-09-08 10_09_53.429,PI595710,2,1227_LeafPhotoA_2025-09-08 10_09_53.429-05_00_0.png,1,3.0,2.6010963247158214
1228_LeafPhotoA_2025-09-08 10_10_42.828,PI576351,2,1228_LeafPhotoA_2025-09-08 10_10_42.828-05_00_0.png,2,2.0,1.962232263722528
1228_LeafPhotoA_2025-09-08 10_11_20.554,PI576351,2,1228_LeafPhotoA_2025-09-08 10_11_20.554-05_00_0.png,2,2.0,1.9229565829001896
1228_LeafPhotoA_2025-09-08 10_11_36.583,PI576351,2,1228_LeafPhotoA_2025-09-08 10_11_36.583-05_00_0.png,2,2.5,1.6600388978107272
1229_LeafPhotoA_2025-09-08 10_12_40.415,PI656077,5,1229_LeafPhotoA_2025-09-08 10_12_40.415-05_00_0.png,2,2.0,1.975262143300456
1229_LeafPhotoA_2025-09-08 10_13_02.494,PI656077,5,1229_LeafPhotoA_2025-09-08 10_13_02.494-05_00_0.png,2,2.5,2.1472130403828675
1230_LeafPhotoA_2025-09-08 10_14_02.865,PI656010,1,1230_LeafPhotoA_2025-09-08 10_14_02.865-05_00_0.png,2,1.5,2.183529507361736
1230_LeafPhotoA_2025-09-08 10_14_16.314,PI656010,1,1230_LeafPhotoA_2025-09-08 10_14_16.314-05_00_0.png,2,3.0,2.21780524032497
1230_LeafPhotoA_2025-09-08 10_14_37.037,PI656010,1,1230_LeafPhotoA_2025-09-08 10_14_37.037-05_00_0.png,2,2.0,2.197770952172628
1231_LeafPhotoA_2025-09-08 10_16_02.846,PI533843,5,1231_LeafPhotoA_2025-09-08 10_16_02.846-05_00_0.png,2,2.5,2.288857013601629
1231_LeafPhotoA_2025-09-08 10_16_21.866,PI533843,5,1231_LeafPhotoA_2025-09-08 10_16_21.866-05_00_0.png,2,2.5,1.9532915649821954
1232_LeafPhotoA_2025-09-08 10_16_48.705,PI533872,2,1232_LeafPhotoA_2025-09-08 10_16_48.705-05_00_0.png,2,1.5,2.000197102860054
1232_LeafPhotoA_2025-09-08 10_17_07.215,PI533872,2,1232_LeafPhotoA_2025-09-08 10_17_07.215-05_00_0.png,2,2.0,2.1070482123145418
1232_LeafPhotoA_2025-09-08 10_17_24.001,PI533872,2,1232_LeafPhotoA_2025-09-08 10_17_24.001-05_00_0.png,2,2.0,2.112549147880574
1233_LeafPhotoA_2025-09-08 10_18_40.717,PI576410,5,1233_LeafPhotoA_2025-09-08 10_18_40.717-05_00_0.png,2,1.5,1.8697149780688886
1234_LeafPhotoA_2025-09-08 10_19_27.121,SC0921,2,1234_LeafPhotoA_2025-09-08 10_19_27.121-05_00_0.png,2,1.5,2.135111470842597
1234_LeafPhotoA_2025-09-08 10_19_53.934,SC0921,2,1234_LeafPhotoA_2025-09-08 10_19_53.934-05_00_0.png,2,3.0,1.924329294918994
1234_LeafPhotoA_2025-09-08 10_20_18.045,SC0921,2,1234_LeafPhotoA_2025-09-08 10_20_18.045-05_00_0.png,2,1.75,2.4692788102380208
1235_LeafPhotoA_2025-09-08 10_20_51.257,PI533932,4,1235_LeafPhotoA_2025-09-08 10_20_51.257-05_00_0.png,2,2.5,1.9974422787480839
1235_LeafPhotoA_2025-09-08 10_21_19.791,PI533932,4,1235_LeafPhotoA_2025-09-08 10_21_19.791-05_00_0.png,2,2.0,1.6839907547034587
1235_LeafPhotoA_2025-09-08 10_21_51.952,PI533932,4,1235_LeafPhotoA_2025-09-08 10_21_51.952-05_00_0.png,2,2.5,2.348703562971472
1236_LeafPhotoA_2025-09-08 10_22_21.849,PI534030,2,1236_LeafPhotoA_2025-09-08 10_22_21.849-05_00_0.png,2,1.0,1.7976167937038559
1236_LeafPhotoA_2025-09-08 10_22_36.343,PI534030,2,1236_LeafPhotoA_2025-09-08 10_22_36.343-05_00_0.png,2,1.5,1.8085346559118443
1236_LeafPhotoA_2025-09-08 10_23_03.516,PI534030,2,1236_LeafPhotoA_2025-09-08 10_23_03.516-05_00_0.png,2,1.5,1.8610159148436154
1237_LeafPhotoA_2025-09-08 10_23_55.466,PI656015,5,1237_LeafPhotoA_2025-09-08 10_23_55.466-05_00_0.png,2,2.0,1.9125529203434257
1237_LeafPhotoA_2025-09-08 10_24_10.516,PI656015,5,1237_LeafPhotoA_2025-09-08 10_24_10.516-05_00_0.png,2,2.0,1.8343359984767347
1237_LeafPhotoA_2025-09-08 10_24_26.726,PI656015,5,1237_LeafPhotoA_2025-09-08 10_24_26.726-05_00_0.png,2,2.5,2.352362631242504
1238_LeafPhotoA_2025-09-08 10_25_06.118,PI534014,5,1238_LeafPhotoA_2025-09-08 10_25_06.118-05_00_0.png,2,1.0,1.646071505319538
1238_LeafPhotoA_2025-09-08 10_25_18.210,PI534014,5,1238_LeafPhotoA_2025-09-08 10_25_18.210-05_00_0.png,2,1.5,1.6320724639460114
1238_LeafPhotoA_2025-09-08 10_25_39.811,PI534014,5,1238_LeafPhotoA_2025-09-08 10_25_39.811-05_00_0.png,2,1.5,1.6801824968236856
1240_LeafPhotoA_2025-09-08 10_28_09.778,PI576363,2,1240_LeafPhotoA_2025-09-08 10_28_09.778-05_00_0.png,2,2.0,2.170074425283127
1240_LeafPhotoA_2025-09-08 10_28_24.122,PI576363,2,1240_LeafPhotoA_2025-09-08 10_28_24.122-05_00_0.png,2,1.5,2.0643959642089724
1240_LeafPhotoA_2025-09-08 10_28_39.382,PI576363,2,1240_LeafPhotoA_2025-09-08 10_28_39.382-05_00_0.png,2,2.0,2.3109550518093216
1241_LeafPhotoA_2025-09-08 10_29_08.880,PI533975,5,1241_LeafPhotoA_2025-09-08 10_29_08.880-05_00_0.png,2,2.0,1.936876524483141
1241_LeafPhotoA_2025-09-08 10_29_30.893,PI533975,5,1241_LeafPhotoA_2025-09-08 10_29_30.893-05_00_0.png,2,2.5,2.1616085135767817
1241_LeafPhotoA_2025-09-08 10_29_46.119,PI533975,5,1241_LeafPhotoA_2025-09-08 10_29_46.119-05_00_0.png,2,2.0,2.02750387494486
1242_LeafPhotoA_2025-09-08 10_30_10.377,SC0631,3,1242_LeafPhotoA_2025-09-08 10_30_10.377-05_00_0.png,1,2.0,2.1284833582585803
1242_LeafPhotoA_2025-09-08 10_30_41.702,SC0631,3,1242_LeafPhotoA_2025-09-08 10_30_41.702-05_00_0.png,2,2.5,2.2602748543446225
1243_LeafPhotoA_2025-09-08 10_31_08.763,PI564163,1,1243_LeafPhotoA_2025-09-08 10_31_08.763-05_00_0.png,2,2.5,2.014408650555168
1243_LeafPhotoA_2025-09-08 10_31_30.623,PI564163,1,1243_LeafPhotoA_2025-09-08 10_31_30.623-05_00_0.png,2,2.0,1.7559302725192363
1243_LeafPhotoA_2025-09-08 10_31_49.546,PI564163,1,1243_LeafPhotoA_2025-09-08 10_31_49.546-05_00_0.png,2,2.0,1.738189528030055
1244_LeafPhotoA_2025-09-08 10_32_46.273,PI656102,1,1244_LeafPhotoA_2025-09-08 10_32_46.273-05_00_0.png,2,2.5,2.3030195899819756
1244_LeafPhotoA_2025-09-08 10_33_45.219,PI656102,1,1244_LeafPhotoA_2025-09-08 10_33_45.219-05_00_0.png,2,2.5,2.405971487915538
1245_LeafPhotoA_2025-09-08 10_34_10.196,PI534127,3,1245_LeafPhotoA_2025-09-08 10_34_10.196-05_00_0.png,1,2.5,2.5114737857611154
1245_LeafPhotoA_2025-09-08 10_34_23.868,PI534127,3,1245_LeafPhotoA_2025-09-08 10_34_23.868-05_00_0.png,2,2.0,1.9847789775980218
1246_LeafPhotoA_2025-09-08 10_36_39.620,PI533956,1,1246_LeafPhotoA_2025-09-08 10_36_39.620-05_00_0.png,2,1.5,2.5248209422930517
1246_LeafPhotoA_2025-09-08 10_36_51.001,PI533956,1,1246_LeafPhotoA_2025-09-08 10_36_51.001-05_00_0.png,2,2.0,1.8654152252741578
1246_LeafPhotoA_2025-09-08 10_38_21.989,PI533956,1,1246_LeafPhotoA_2025-09-08 10_38_21.989-05_00_0.png,2,3.0,2.7728766100274935
1247_LeafPhotoA_2025-09-08 10_39_05.531,PI533856,1,1247_LeafPhotoA_2025-09-08 10_39_05.531-05_00_0.png,2,3.0,2.7328350898202385
1247_LeafPhotoA_2025-09-08 10_39_31.896,PI533856,1,1247_LeafPhotoA_2025-09-08 10_39_31.896-05_00_0.png,2,2.5,2.211610419725687
1248_LeafPhotoA_2025-09-08 10_40_18.525,PI534055,5,1248_LeafPhotoA_2025-09-08 10_40_18.525-05_00_0.png,2,2.5,2.5115259128878518
1248_LeafPhotoA_2025-09-08 10_40_49.391,PI534055,5,1248_LeafPhotoA_2025-09-08 10_40_49.391-05_00_0.png,2,1.0,2.001986053150591
1248_LeafPhotoA_2025-09-08 10_41_11.816,PI534055,5,1248_LeafPhotoA_2025-09-08 10_41_11.816-05_00_0.png,2,2.0,2.0264058368102513
1249_LeafPhotoA_2025-09-08 10_41_51.533,PI595727,1,1249_LeafPhotoA_2025-09-08 10_41_51.533-05_00_0.png,2,1.0,1.6267301765855366
1249_LeafPhotoA_2025-09-08 10_42_08.665,PI595727,1,1249_LeafPhotoA_2025-09-08 10_42_08.665-05_00_0.png,2,2.0,1.6200730939092274
1249_LeafPhotoA_2025-09-08 10_42_35.463,PI595727,1,1249_LeafPhotoA_2025-09-08 10_42_35.463-05_00_0.png,2,2.5,1.954928718351332
1250_LeafPhotoA_2025-09-08 10_43_08.313,PI564163,1,1250_LeafPhotoA_2025-09-08 10_43_08.313-05_00_0.png,2,2.0,1.8011908571852155
1250_LeafPhotoA_2025-09-08 10_43_21.050,PI564163,1,1250_LeafPhotoA_2025-09-08 10_43_21.050-05_00_0.png,2,1.5,1.915180058062864
1250_LeafPhotoA_2025-09-08 10_43_41.179,PI564163,1,1250_LeafPhotoA_2025-09-08 10_43_41.179-05_00_0.png,2,1.25,1.5773286262546358
1251_LeafPhotoA_2025-09-08 16_36_31.612,SC0747,3,1251_LeafPhotoA_2025-09-08 16_36_31.612-05_00_0.png,2,3.0,2.423269808100099
1251_LeafPhotoA_2025-09-08 16_37_26.468,SC0747,3,1251_LeafPhotoA_2025-09-08 16_37_26.468-05_00_0.png,2,2.0,2.2766605683472587
1252_LeafPhotoA_2025-09-08 16_35_43.926,PI655971,3,1252_LeafPhotoA_2025-09-08 16_35_43.926-05_00_0.png,1,3.0,2.7738416330634235
1252_LeafPhotoA_2025-09-08 16_35_58.445,PI655971,3,1252_LeafPhotoA_2025-09-08 16_35_58.445-05_00_0.png,2,3.0,2.9908256577789865
1253_LeafPhotoA_2025-09-08 16_34_54.468,PI534108,3,1253_LeafPhotoA_2025-09-08 16_34_54.468-05_00_0.png,2,2.0,1.7880104316190721
1253_LeafPhotoA_2025-09-08 16_35_21.642,PI534108,3,1253_LeafPhotoA_2025-09-08 16_35_21.642-05_00_0.png,2,2.5,2.3074365831920294
1254_LeafPhotoA_2025-09-08 16_34_11.961,PI655970,3,1254_LeafPhotoA_2025-09-08 16_34_11.961-05_00_0.png,1,2.0,1.978405051801367
1254_LeafPhotoA_2025-09-08 16_34_23.303,PI655970,3,1254_LeafPhotoA_2025-09-08 16_34_23.303-05_00_0.png,1,2.0,2.0610218744925537
1254_LeafPhotoA_2025-09-08 16_34_37.548,PI655970,3,1254_LeafPhotoA_2025-09-08 16_34_37.548-05_00_0.png,2,1.5,1.9162354542045876
1256_LeafPhotoA_2025-09-08 16_32_47.764,PI656113,2,1256_LeafPhotoA_2025-09-08 16_32_47.764-05_00_0.png,1,3.0,3.0673099327264266
1256_LeafPhotoA_2025-09-08 16_33_05.105,PI656113,2,1256_LeafPhotoA_2025-09-08 16_33_05.105-05_00_0.png,1,3.0,2.543801754267564
1256_LeafPhotoA_2025-09-08 16_33_20.459,PI656113,2,1256_LeafPhotoA_2025-09-08 16_33_20.459-05_00_0.png,1,2.5,2.6070698429926735
1257_LeafPhotoA_2025-09-08 16_31_47.223,SC0235,1,1257_LeafPhotoA_2025-09-08 16_31_47.223-05_00_0.png,2,3.0,2.672258540353511
1257_LeafPhotoA_2025-09-08 16_31_58.175,SC0235,1,1257_LeafPhotoA_2025-09-08 16_31_58.175-05_00_0.png,2,2.5,2.3337282476913104
1257_LeafPhotoA_2025-09-08 16_32_23.671,SC0235,1,1257_LeafPhotoA_2025-09-08 16_32_23.671-05_00_0.png,2,3.0,2.6688042529458715
1258_LeafPhotoA_2025-09-08 16_30_59.985,PI533996,2,1258_LeafPhotoA_2025-09-08 16_30_59.985-05_00_0.png,2,2.5,2.465038991736894
1258_LeafPhotoA_2025-09-08 16_31_01.774,PI533996,2,1258_LeafPhotoA_2025-09-08 16_31_01.774-05_00_0.png,2,3.0,2.4803803273247347
1258_LeafPhotoA_2025-09-08 16_31_15.963,PI533996,2,1258_LeafPhotoA_2025-09-08 16_31_15.963-05_00_0.png,2,2.25,2.5227540562427113
1258_LeafPhotoA_2025-09-08 16_31_30.669,PI533996,2,1258_LeafPhotoA_2025-09-08 16_31_30.669-05_00_0.png,2,3.5,3.2173878409320196
1259_LeafPhotoA_2025-09-08 16_30_12.453,PI595725,3,1259_LeafPhotoA_2025-09-08 16_30_12.453-05_00_0.png,2,2.25,2.329869336912237
1259_LeafPhotoA_2025-09-08 16_30_23.555,PI595725,3,1259_LeafPhotoA_2025-09-08 16_30_23.555-05_00_0.png,2,2.75,2.9543620002637296
1260_LeafPhotoA_2025-09-08 16_29_24.500,PI576428,3,1260_LeafPhotoA_2025-09-08 16_29_24.500-05_00_0.png,2,2.5,2.060186255775242
1261_LeafPhotoA_2025-09-08 16_28_18.923,PI534131,1,1261_LeafPhotoA_2025-09-08 16_28_18.923-05_00_0.png,2,3.0,2.1261361609108764
1261_LeafPhotoA_2025-09-08 16_28_39.256,PI534131,1,1261_LeafPhotoA_2025-09-08 16_28_39.256-05_00_0.png,2,2.5,2.260418287529308
1261_LeafPhotoA_2025-09-08 16_28_52.946,PI534131,1,1261_LeafPhotoA_2025-09-08 16_28_52.946-05_00_0.png,1,1.5,1.991079414565595
1262_LeafPhotoA_2025-09-08 16_27_16.439,PI564163,1,1262_LeafPhotoA_2025-09-08 16_27_16.439-05_00_0.png,2,1.5,1.9320570837201279
1263_LeafPhotoA_2025-09-08 16_22_56.619,SC0923,4,1263_LeafPhotoA_2025-09-08 16_22_56.619-05_00_0.png,2,1.5,2.677998293065081
1263_LeafPhotoA_2025-09-08 16_23_38.717,SC0923,4,1263_LeafPhotoA_2025-09-08 16_23_38.717-05_00_0.png,2,3.0,2.7230670526250877
1264_LeafPhotoA_2025-09-08 16_21_58.024,PI533861,1,1264_LeafPhotoA_2025-09-08 16_21_58.024-05_00_0.png,2,2.5,1.9965065950124183
1264_LeafPhotoA_2025-09-08 16_22_38.258,PI533861,1,1264_LeafPhotoA_2025-09-08 16_22_38.258-05_00_0.png,2,2.0,1.6910445720088199
1265_LeafPhotoA_2025-09-08 16_20_58.175,PI534071,2,1265_LeafPhotoA_2025-09-08 16_20_58.175-05_00_0.png,1,3.5,2.6952912235293827
1265_LeafPhotoA_2025-09-08 16_21_30.137,PI534071,2,1265_LeafPhotoA_2025-09-08 16_21_30.137-05_00_0.png,1,2.5,2.347924232898593
1266_LeafPhotoA_2025-09-08 16_20_25.613,PI656058,2,1266_LeafPhotoA_2025-09-08 16_20_25.613-05_00_0.png,2,2.0,1.8500210462307607
1267_LeafPhotoA_2025-09-08 16_19_11.885,PI576336,5,1267_LeafPhotoA_2025-09-08 16_19_11.885-05_00_0.png,2,2.25,2.3891841325527494
1267_LeafPhotoA_2025-09-08 16_19_24.654,PI576336,5,1267_LeafPhotoA_2025-09-08 16_19_24.654-05_00_0.png,2,2.25,2.373597363073662
1267_LeafPhotoA_2025-09-08 16_19_47.103,PI576336,5,1267_LeafPhotoA_2025-09-08 16_19_47.103-05_00_0.png,2,2.0,1.929670227786585
1268_LeafPhotoA_2025-09-08 16_18_21.694,PI564163,1,1268_LeafPhotoA_2025-09-08 16_18_21.694-05_00_0.png,2,1.25,2.0364306581523346
1268_LeafPhotoA_2025-09-08 16_18_36.417,PI564163,1,1268_LeafPhotoA_2025-09-08 16_18_36.417-05_00_0.png,2,2.0,1.8931130166359473
1269_LeafPhotoA_2025-09-08 16_17_38.730,PI534057,2,1269_LeafPhotoA_2025-09-08 16_17_38.730-05_00_0.png,2,1.75,2.341745318165448
1269_LeafPhotoA_2025-09-08 16_17_52.960,PI534057,2,1269_LeafPhotoA_2025-09-08 16_17_52.960-05_00_0.png,2,2.25,2.5759801849552217
1270_LeafPhotoA_2025-09-08 16_16_23.047,PI533796,4,1270_LeafPhotoA_2025-09-08 16_16_23.047-05_00_0.png,2,3.0,2.683224977622782
1270_LeafPhotoA_2025-09-08 16_16_41.431,PI533796,4,1270_LeafPhotoA_2025-09-08 16_16_41.431-05_00_0.png,2,3.0,2.7055625771964094
1270_LeafPhotoA_2025-09-08 16_16_55.988,PI533796,4,1270_LeafPhotoA_2025-09-08 16_16_55.988-05_00_0.png,2,2.0,2.1215901359422737
1271_LeafPhotoA_2025-09-08 16_15_42.123,PI533982,5,1271_LeafPhotoA_2025-09-08 16_15_42.123-05_00_0.png,2,3.5,2.719877019843095
1271_LeafPhotoA_2025-09-08 16_15_54.251,PI533982,5,1271_LeafPhotoA_2025-09-08 16_15_54.251-05_00_0.png,2,1.5,2.5490517704343514
1271_LeafPhotoA_2025-09-08 16_16_08.206,PI533982,5,1271_LeafPhotoA_2025-09-08 16_16_08.206-05_00_0.png,2,2.0,2.220780921506537
1272_LeafPhotoA_2025-09-08 16_14_31.926,SC0582,4,1272_LeafPhotoA_2025-09-08 16_14_31.926-05_00_0.png,2,2.5,2.201465125623001
1272_LeafPhotoA_2025-09-08 16_14_44.397,SC0582,4,1272_LeafPhotoA_2025-09-08 16_14_44.397-05_00_0.png,2,2.25,2.6416176526678887
1272_LeafPhotoA_2025-09-08 16_15_18.232,SC0582,4,1272_LeafPhotoA_2025-09-08 16_15_18.232-05_00_0.png,1,3.25,2.9894020943195105
1273_LeafPhotoA_2025-09-08 16_14_13.241,PI533849,5,1273_LeafPhotoA_2025-09-08 16_14_13.241-05_00_0.png,2,3.0,2.6024860714954903
1274_LeafPhotoA_2025-09-08 16_13_00.947,PI656006,3,1274_LeafPhotoA_2025-09-08 16_13_00.947-05_00_0.png,1,1.5,1.7805616545653389
1274_LeafPhotoA_2025-09-08 16_13_15.279,PI656006,3,1274_LeafPhotoA_2025-09-08 16_13_15.279-05_00_0.png,2,2.5,2.1450700222020047
1275_LeafPhotoA_2025-09-08 16_12_12.231,SC0741,3,1275_LeafPhotoA_2025-09-08 16_12_12.231-05_00_0.png,2,3.0,3.2510469277669283
1275_LeafPhotoA_2025-09-08 16_12_28.660,SC0741,3,1275_LeafPhotoA_2025-09-08 16_12_28.660-05_00_0.png,2,3.0,2.8329065136711873
1276_LeafPhotoA_2025-09-08 16_11_15.393,PI576419,3,1276_LeafPhotoA_2025-09-08 16_11_15.393-05_00_0.png,2,3.5,2.933129728179995
1276_LeafPhotoA_2025-09-08 16_11_32.845,PI576419,3,1276_LeafPhotoA_2025-09-08 16_11_32.845-05_00_0.png,1,3.5,2.527921528535333
1277_LeafPhotoA_2025-09-08 16_09_30.061,SC0636,4,1277_LeafPhotoA_2025-09-08 16_09_30.061-05_00_0.png,2,3.0,2.0986858343786854
1277_LeafPhotoA_2025-09-08 16_10_45.807,SC0636,4,1277_LeafPhotoA_2025-09-08 16_10_45.807-05_00_0.png,2,3.0,2.460078117760721
1278_LeafPhotoA_2025-09-08 16_08_45.462,PI576413,1,1278_LeafPhotoA_2025-09-08 16_08_45.462-05_00_0.png,2,2.0,2.1423196561066353
1278_LeafPhotoA_2025-09-08 16_08_58.986,PI576413,1,1278_LeafPhotoA_2025-09-08 16_08_58.986-05_00_0.png,2,3.0,2.271774260118197
1278_LeafPhotoA_2025-09-08 16_09_11.776,PI576413,1,1278_LeafPhotoA_2025-09-08 16_09_11.776-05_00_0.png,2,2.5,2.3067897533960875
1279_LeafPhotoA_2025-09-08 16_08_00.467,PI595733,1,1279_LeafPhotoA_2025-09-08 16_08_00.467-05_00_0.png,2,1.0,1.604290379387499
1279_LeafPhotoA_2025-09-08 16_08_11.687,PI595733,1,1279_LeafPhotoA_2025-09-08 16_08_11.687-05_00_0.png,2,1.0,1.508130125264548
1280_LeafPhotoA_2025-09-08 16_07_02.445,PI564165,4,1280_LeafPhotoA_2025-09-08 16_07_02.445-05_00_0.png,2,1.5,1.8104363808909985
1280_LeafPhotoA_2025-09-08 16_07_14.321,PI564165,4,1280_LeafPhotoA_2025-09-08 16_07_14.321-05_00_0.png,2,2.0,1.7494987788537988
1280_LeafPhotoA_2025-09-08 16_07_33.334,PI564165,4,1280_LeafPhotoA_2025-09-08 16_07_33.334-05_00_0.png,2,1.0,2.0447960705123043
1281_LeafPhotoA_2025-09-08 16_06_15.730,PI533896,4,1281_LeafPhotoA_2025-09-08 16_06_15.730-05_00_0.png,2,2.5,2.3623411504613814
1281_LeafPhotoA_2025-09-08 16_06_18.116,PI533896,4,1281_LeafPhotoA_2025-09-08 16_06_18.116-05_00_0.png,2,3.0,2.3930428030915185
1282_LeafPhotoA_2025-09-08 16_05_16.879,PI564163,1,1282_LeafPhotoA_2025-09-08 16_05_16.879-05_00_0.png,1,3.0,2.6636976140840556
1283_LeafPhotoA_2025-09-08 16_04_31.206,PI534165,1,1283_LeafPhotoA_2025-09-08 16_04_31.206-05_00_0.png,2,2.0,1.817377215196597
1285_LeafPhotoA_2025-09-08 16_02_02.373,PI655986,3,1285_LeafPhotoA_2025-09-08 16_02_02.373-05_00_0.png,2,1.5,1.9486185007365855
1285_LeafPhotoA_2025-09-08 16_02_21.767,PI655986,3,1285_LeafPhotoA_2025-09-08 16_02_21.767-05_00_0.png,2,3.0,2.534449028336418
1285_LeafPhotoA_2025-09-08 16_02_38.808,PI655986,3,1285_LeafPhotoA_2025-09-08 16_02_38.808-05_00_0.png,2,2.0,2.673733816023222
1286_LeafPhotoA_2025-09-08 16_01_17.344,PI534089,1,1286_LeafPhotoA_2025-09-08 16_01_17.344-05_00_0.png,2,4.5,3.3087371034876045
1286_LeafPhotoA_2025-09-08 16_01_31.756,PI534089,1,1286_LeafPhotoA_2025-09-08 16_01_31.756-05_00_0.png,2,4.0,3.262962868321845
1286_LeafPhotoA_2025-09-08 16_01_45.976,PI534089,1,1286_LeafPhotoA_2025-09-08 16_01_45.976-05_00_0.png,2,5.0,3.448329888108627
1287_LeafPhotoA_2025-09-08 15_59_57.251,PI533857,1,1287_LeafPhotoA_2025-09-08 15_59_57.251-05_00_0.png,2,1.5,1.8605587212076147
1287_LeafPhotoA_2025-09-08 16_01_01.012,PI533857,1,1287_LeafPhotoA_2025-09-08 16_01_01.012-05_00_0.png,2,4.0,2.8776088084786235
1288_LeafPhotoA_2025-09-08 15_59_14.840,PI534160,1,1288_LeafPhotoA_2025-09-08 15_59_14.840-05_00_0.png,1,1.5,2.159152296467505
1288_LeafPhotoA_2025-09-08 15_59_27.299,PI534160,1,1288_LeafPhotoA_2025-09-08 15_59_27.299-05_00_0.png,2,2.5,1.9479533266645812
1288_LeafPhotoA_2025-09-08 15_59_38.747,PI534160,1,1288_LeafPhotoA_2025-09-08 15_59_38.747-05_00_0.png,2,2.0,2.394570911019059
1289_LeafPhotoA_2025-09-08 15_57_17.379,PI564163,1,1289_LeafPhotoA_2025-09-08 15_57_17.379-05_00_0.png,2,2.5,1.8306807552042292
1289_LeafPhotoA_2025-09-08 15_57_37.217,PI564163,1,1289_LeafPhotoA_2025-09-08 15_57_37.217-05_00_0.png,2,2.5,1.9901941389572775
1289_LeafPhotoA_2025-09-08 15_58_04.282,PI564163,1,1289_LeafPhotoA_2025-09-08 15_58_04.282-05_00_0.png,2,2.0,2.254533171717402
1290_LeafPhotoA_2025-09-08 15_56_23.653,PI533850,4,1290_LeafPhotoA_2025-09-08 15_56_23.653-05_00_0.png,2,2.5,2.617684435859972
1290_LeafPhotoA_2025-09-08 15_56_37.615,PI533850,4,1290_LeafPhotoA_2025-09-08 15_56_37.615-05_00_0.png,2,4.0,3.3819600726350525
1291_LeafPhotoA_2025-09-08 15_55_02.334,SC0870,1,1291_LeafPhotoA_2025-09-08 15_55_02.334-05_00_0.png,2,2.5,2.1171176495798694
1291_LeafPhotoA_2025-09-08 15_55_03.217,SC0870,1,1291_LeafPhotoA_2025-09-08 15_55_03.217-05_00_0.png,2,2.0,2.1399622071563984
1292_LeafPhotoA_2025-09-08 15_54_22.156,PI656052,3,1292_LeafPhotoA_2025-09-08 15_54_22.156-05_00_0.png,1,3.0,2.540479912470784
1293_LeafPhotoA_2025-09-08 15_52_58.637,PI656072,2,1293_LeafPhotoA_2025-09-08 15_52_58.637-05_00_0.png,2,2.0,1.8617950484422172
1293_LeafPhotoA_2025-09-08 15_53_11.521,PI656072,2,1293_LeafPhotoA_2025-09-08 15_53_11.521-05_00_0.png,2,2.0,1.8804423423248056
1293_LeafPhotoA_2025-09-08 15_53_24.573,PI656072,2,1293_LeafPhotoA_2025-09-08 15_53_24.573-05_00_0.png,2,1.0,2.0027511294296203
1294_LeafPhotoA_2025-09-08 15_51_16.167,PI534119,2,1294_LeafPhotoA_2025-09-08 15_51_16.167-05_00_0.png,2,2.5,2.0925288286798667
1295_LeafPhotoA_2025-09-08 15_50_08.082,PI533888,3,1295_LeafPhotoA_2025-09-08 15_50_08.082-05_00_0.png,2,3.0,2.73375046772435
1295_LeafPhotoA_2025-09-08 15_50_19.233,PI533888,3,1295_LeafPhotoA_2025-09-08 15_50_19.233-05_00_0.png,2,2.5,2.5537617652607643
1296_LeafPhotoA_2025-09-08 15_48_42.112,PI534027,4,1296_LeafPhotoA_2025-09-08 15_48_42.112-05_00_0.png,2,2.5,1.9927845732376495
1296_LeafPhotoA_2025-09-08 15_48_52.871,PI534027,4,1296_LeafPhotoA_2025-09-08 15_48_52.871-05_00_0.png,2,2.5,2.564626035557146
1296_LeafPhotoA_2025-09-08 15_49_06.359,PI534027,4,1296_LeafPhotoA_2025-09-08 15_49_06.359-05_00_0.png,2,2.5,2.366170645567453
1296_LeafPhotoA_2025-09-08 15_49_08.394,PI534027,4,1296_LeafPhotoA_2025-09-08 15_49_08.394-05_00_0.png,2,2.0,2.3577541855686897
1297_LeafPhotoA_2025-09-08 15_47_55.790,SC0178,3,1297_LeafPhotoA_2025-09-08 15_47_55.790-05_00_0.png,1,3.5,2.637927114465436
1297_LeafPhotoA_2025-09-08 15_48_11.082,SC0178,3,1297_LeafPhotoA_2025-09-08 15_48_11.082-05_00_0.png,2,3.0,2.5963970725983114
1297_LeafPhotoA_2025-09-08 15_48_23.885,SC0178,3,1297_LeafPhotoA_2025-09-08 15_48_23.885-05_00_0.png,2,3.0,2.721632625264289
1298_LeafPhotoA_2025-09-08 15_47_08.630,PI534138,5,1298_LeafPhotoA_2025-09-08 15_47_08.630-05_00_0.png,2,2.5,2.3447870262537127
1298_LeafPhotoA_2025-09-08 15_47_21.277,PI534138,5,1298_LeafPhotoA_2025-09-08 15_47_21.277-05_00_0.png,2,2.25,2.252537665685661
1298_LeafPhotoA_2025-09-08 15_47_32.922,PI534138,5,1298_LeafPhotoA_2025-09-08 15_47_32.922-05_00_0.png,2,2.5,2.3679637116075485
1299_LeafPhotoA_2025-09-08 16_38_35.389,PI564163,1,1299_LeafPhotoA_2025-09-08 16_38_35.389-05_00_0.png,1,2.5,2.514737655488582
1299_LeafPhotoA_2025-09-08 16_38_48.630,PI564163,1,1299_LeafPhotoA_2025-09-08 16_38_48.630-05_00_0.png,2,2.0,2.002956450414758
1299_LeafPhotoA_2025-09-08 16_39_02.787,PI564163,1,1299_LeafPhotoA_2025-09-08 16_39_02.787-05_00_0.png,1,3.5,2.4350066425490073
1300_LeafPhotoA_2025-09-08 16_37_53.454,SC0438,2,1300_LeafPhotoA_2025-09-08 16_37_53.454-05_00_0.png,2,2.5,2.3005911790173874
1301_LeafPhotoA_2025-09-08 10_19_50.410,PI564163,1,1301_LeafPhotoA_2025-09-08 10_19_50.410-05_00_0.png,2,1.5,2.1920695578027543
1301_LeafPhotoA_2025-09-08 10_20_06.394,PI564163,1,1301_LeafPhotoA_2025-09-08 10_20_06.394-05_00_0.png,2,1.5,1.9726875677188986
1301_LeafPhotoA_2025-09-08 10_20_24.380,PI564163,1,1301_LeafPhotoA_2025-09-08 10_20_24.380-05_00_0.png,2,1.5,2.1222116815911516
1302_LeafPhotoA_2025-09-08 10_22_05.371,PI656018,2,1302_LeafPhotoA_2025-09-08 10_22_05.371-05_00_0.png,2,3.5,3.4755263520315047
1302_LeafPhotoA_2025-09-08 10_22_31.224,PI656018,2,1302_LeafPhotoA_2025-09-08 10_22_31.224-05_00_0.png,1,3.0,3.088930904393485
1302_LeafPhotoA_2025-09-08 10_22_58.013,PI656018,2,1302_LeafPhotoA_2025-09-08 10_22_58.013-05_00_0.png,1,3.0,3.261780785134684
1303_LeafPhotoA_2025-09-08 09_17_33.156,PI656031,1,1303_LeafPhotoA_2025-09-08 09_17_33.156-05_00_0.png,2,1.0,1.7302187979147527
1303_LeafPhotoA_2025-09-08 09_18_12.359,PI656031,1,1303_LeafPhotoA_2025-09-08 09_18_12.359-05_00_0.png,2,1.5,2.2174893369727515
1305_LeafPhotoA_2025-09-08 09_19_24.505,PI597961,3,1305_LeafPhotoA_2025-09-08 09_19_24.505-05_00_0.png,2,1.5,1.9280386022210994
1305_LeafPhotoA_2025-09-08 09_19_42.020,PI597961,3,1305_LeafPhotoA_2025-09-08 09_19_42.020-05_00_0.png,2,1.0,1.853680292996935
1305_LeafPhotoA_2025-09-08 09_20_08.702,PI597961,3,1305_LeafPhotoA_2025-09-08 09_20_08.702-05_00_0.png,2,1.5,1.9677463247441125
1306_LeafPhotoA_2025-09-08 09_21_07.935,PI533851,2,1306_LeafPhotoA_2025-09-08 09_21_07.935-05_00_0.png,1,2.0,2.6671287022768206
1307_LeafPhotoA_2025-09-08 09_21_58.249,PI534036,4,1307_LeafPhotoA_2025-09-08 09_21_58.249-05_00_0.png,2,1.5,1.9615532662716966
1307_LeafPhotoA_2025-09-08 09_22_15.163,PI534036,4,1307_LeafPhotoA_2025-09-08 09_22_15.163-05_00_0.png,2,1.75,1.9471476927548717
1308_LeafPhotoA_2025-09-08 09_23_10.892,PI534048,4,1308_LeafPhotoA_2025-09-08 09_23_10.892-05_00_0.png,1,3.0,2.4236132889577724
1308_LeafPhotoA_2025-09-08 09_23_31.553,PI534048,4,1308_LeafPhotoA_2025-09-08 09_23_31.553-05_00_0.png,2,2.5,2.65806318703549
1308_LeafPhotoA_2025-09-08 09_24_08.103,PI534048,4,1308_LeafPhotoA_2025-09-08 09_24_08.103-05_00_0.png,2,3.0,2.3147871797653243
1309_LeafPhotoA_2025-09-08 09_24_37.926,PI534147,2,1309_LeafPhotoA_2025-09-08 09_24_37.926-05_00_0.png,2,4.0,3.4697982192238537
1309_LeafPhotoA_2025-09-08 09_24_58.238,PI534147,2,1309_LeafPhotoA_2025-09-08 09_24_58.238-05_00_0.png,1,3.5,3.4908340016133894
1309_LeafPhotoA_2025-09-08 09_25_34.905,PI534147,2,1309_LeafPhotoA_2025-09-08 09_25_34.905-05_00_0.png,2,3.5,3.4387822557035848
1310_LeafPhotoA_2025-09-08 09_26_56.251,PI534122,5,1310_LeafPhotoA_2025-09-08 09_26_56.251-05_00_0.png,2,2.5,2.538999445539986
1311_LeafPhotoA_2025-09-08 09_27_50.762,PI656101,5,1311_LeafPhotoA_2025-09-08 09_27_50.762-05_00_0.png,2,2.25,2.0948631743965547
1311_LeafPhotoA_2025-09-08 09_28_14.472,PI656101,5,1311_LeafPhotoA_2025-09-08 09_28_14.472-05_00_0.png,2,3.5,2.9375019501088584
1311_LeafPhotoA_2025-09-08 09_28_46.614,PI656101,5,1311_LeafPhotoA_2025-09-08 09_28_46.614-05_00_0.png,2,4.0,3.2316297539904655
1312_LeafPhotoA_2025-09-08 09_29_51.639,PI534009,2,1312_LeafPhotoA_2025-09-08 09_29_51.639-05_00_0.png,2,1.5,2.277804362382221
1314_LeafPhotoA_2025-09-08 09_31_44.782,PI595719,2,1314_LeafPhotoA_2025-09-08 09_31_44.782-05_00_0.png,2,2.0,2.907024185668779
1314_LeafPhotoA_2025-09-08 09_32_02.288,PI595719,2,1314_LeafPhotoA_2025-09-08 09_32_02.288-05_00_0.png,2,2.0,2.970034411758048
1314_LeafPhotoA_2025-09-08 09_32_32.845,PI595719,2,1314_LeafPhotoA_2025-09-08 09_32_32.845-05_00_0.png,2,3.5,3.136705049057413
1315_LeafPhotoA_2025-09-08 09_33_12.652,PI564163,1,1315_LeafPhotoA_2025-09-08 09_33_12.652-05_00_0.png,2,3.0,2.4208877855761473
1316_LeafPhotoA_2025-09-08 09_34_20.097,PI597968,4,1316_LeafPhotoA_2025-09-08 09_34_20.097-05_00_0.png,2,2.0,2.9052759348108035
1316_LeafPhotoA_2025-09-08 09_34_38.201,PI597968,4,1316_LeafPhotoA_2025-09-08 09_34_38.201-05_00_0.png,2,5.0,2.911625123007588
1317_LeafPhotoA_2025-09-08 09_35_24.203,PI564163,1,1317_LeafPhotoA_2025-09-08 09_35_24.203-05_00_0.png,2,3.0,2.611057870164843
1318_LeafPhotoA_2025-09-08 09_37_04.959,PI595732,4,1318_LeafPhotoA_2025-09-08 09_37_04.959-05_00_0.png,1,2.5,1.7110808386466492
1318_LeafPhotoA_2025-09-08 09_37_28.384,PI595732,4,1318_LeafPhotoA_2025-09-08 09_37_28.384-05_00_0.png,1,2.0,1.8125051626467341
1318_LeafPhotoA_2025-09-08 09_38_14.702,PI595732,4,1318_LeafPhotoA_2025-09-08 09_38_14.702-05_00_0.png,2,2.5,2.1091337176411464
1319_LeafPhotoA_2025-09-08 09_40_31.396,PI576389,2,1319_LeafPhotoA_2025-09-08 09_40_31.396-05_00_0.png,2,1.5,2.4734835981079577
1319_LeafPhotoA_2025-09-08 09_40_51.056,PI576389,2,1319_LeafPhotoA_2025-09-08 09_40_51.056-05_00_0.png,2,2.5,2.162396788381575
1321_LeafPhotoA_2025-09-08 09_43_13.104,PI533807,3,1321_LeafPhotoA_2025-09-08 09_43_13.104-05_00_0.png,2,2.0,2.0269266992272295
1321_LeafPhotoA_2025-09-08 09_43_47.604,PI533807,3,1321_LeafPhotoA_2025-09-08 09_43_47.604-05_00_0.png,2,2.5,2.030628050182026
1321_LeafPhotoA_2025-09-08 09_44_03.768,PI533807,3,1321_LeafPhotoA_2025-09-08 09_44_03.768-05_00_0.png,2,2.0,2.2185840220371897
1322_LeafPhotoA_2025-09-08 09_44_46.085,PI655978,4,1322_LeafPhotoA_2025-09-08 09_44_46.085-05_00_0.png,2,1.5,2.026800793514407
1322_LeafPhotoA_2025-09-08 09_45_01.696,PI655978,4,1322_LeafPhotoA_2025-09-08 09_45_01.696-05_00_0.png,2,1.5,1.915105094341291
1323_LeafPhotoA_2025-09-08 09_45_23.945,PI656065,4,1323_LeafPhotoA_2025-09-08 09_45_23.945-05_00_0.png,2,3.0,2.28864651329815
1323_LeafPhotoA_2025-09-08 09_46_08.097,PI656065,4,1323_LeafPhotoA_2025-09-08 09_46_08.097-05_00_0.png,2,2.0,2.335219533048003
1323_LeafPhotoA_2025-09-08 09_46_28.454,PI656065,4,1323_LeafPhotoA_2025-09-08 09_46_28.454-05_00_0.png,2,2.0,2.006755833670114
1324_LeafPhotoA_2025-09-08 09_47_08.944,PI534022,1,1324_LeafPhotoA_2025-09-08 09_47_08.944-05_00_0.png,2,2.0,2.061908193240253
1325_LeafPhotoA_2025-09-08 09_47_56.861,PI655977,3,1325_LeafPhotoA_2025-09-08 09_47_56.861-05_00_0.png,2,3.5,2.71257644592119
1325_LeafPhotoA_2025-09-08 09_48_22.263,PI655977,3,1325_LeafPhotoA_2025-09-08 09_48_22.263-05_00_0.png,1,2.5,2.5379988763117405
1325_LeafPhotoA_2025-09-08 09_48_43.634,PI655977,3,1325_LeafPhotoA_2025-09-08 09_48_43.634-05_00_0.png,2,3.0,2.2485734150305974
1326_LeafPhotoA_2025-09-08 09_49_31.523,PI656017,5,1326_LeafPhotoA_2025-09-08 09_49_31.523-05_00_0.png,2,1.5,1.912505535418172
1326_LeafPhotoA_2025-09-08 09_49_33.510,PI656017,5,1326_LeafPhotoA_2025-09-08 09_49_33.510-05_00_0.png,2,1.5,1.9400260355566745
1327_LeafPhotoA_2025-09-08 09_50_22.121,PI533978,2,1327_LeafPhotoA_2025-09-08 09_50_22.121-05_00_0.png,1,2.5,2.2628493857122205
1327_LeafPhotoA_2025-09-08 09_50_58.746,PI533978,2,1327_LeafPhotoA_2025-09-08 09_50_58.746-05_00_0.png,1,2.5,2.308494630408562
1329_LeafPhotoA_2025-09-08 09_55_55.841,PI533871,4,1329_LeafPhotoA_2025-09-08 09_55_55.841-05_00_0.png,1,2.0,2.2553484026336585
1329_LeafPhotoA_2025-09-08 09_56_25.680,PI533871,4,1329_LeafPhotoA_2025-09-08 09_56_25.680-05_00_0.png,2,2.5,2.032819586008249
1329_LeafPhotoA_2025-09-08 09_56_53.667,PI533871,4,1329_LeafPhotoA_2025-09-08 09_56_53.667-05_00_0.png,2,2.5,2.581489240748285
1330_LeafPhotoA_2025-09-08 09_57_17.816,PI595740,4,1330_LeafPhotoA_2025-09-08 09_57_17.816-05_00_0.png,1,3.0,2.687357956764166
1330_LeafPhotoA_2025-09-08 09_57_37.119,PI595740,4,1330_LeafPhotoA_2025-09-08 09_57_37.119-05_00_0.png,2,3.0,2.4133258086641582
1331_LeafPhotoA_2025-09-08 09_58_31.257,PI576401,3,1331_LeafPhotoA_2025-09-08 09_58_31.257-05_00_0.png,2,2.0,2.2856997387867772
1331_LeafPhotoA_2025-09-08 09_59_08.980,PI576401,3,1331_LeafPhotoA_2025-09-08 09_59_08.980-05_00_0.png,2,2.0,1.9631581255796455
1332_LeafPhotoA_2025-09-08 09_59_44.447,PI533986,4,1332_LeafPhotoA_2025-09-08 09_59_44.447-05_00_0.png,2,3.0,2.5470943005867555
1332_LeafPhotoA_2025-09-08 10_00_19.909,PI533986,4,1332_LeafPhotoA_2025-09-08 10_00_19.909-05_00_0.png,2,2.0,2.414375935622684
1333_LeafPhotoA_2025-09-08 10_01_18.955,PI533776,5,1333_LeafPhotoA_2025-09-08 10_01_18.955-05_00_0.png,2,3.5,2.6939157449328377
1334_LeafPhotoA_2025-09-08 10_01_43.028,PI533948,2,1334_LeafPhotoA_2025-09-08 10_01_43.028-05_00_0.png,2,2.0,1.9414787786294048
1335_LeafPhotoA_2025-09-08 10_03_33.177,PI597975,5,1335_LeafPhotoA_2025-09-08 10_03_33.177-05_00_0.png,2,3.0,2.7841010225787355
1337_LeafPhotoA_2025-09-08 10_05_13.215,PI597978,2,1337_LeafPhotoA_2025-09-08 10_05_13.215-05_00_0.png,2,3.0,2.4050734311617394
1337_LeafPhotoA_2025-09-08 10_05_28.154,PI597978,2,1337_LeafPhotoA_2025-09-08 10_05_28.154-05_00_0.png,2,3.0,2.3066871730109217
1337_LeafPhotoA_2025-09-08 10_05_50.848,PI597978,2,1337_LeafPhotoA_2025-09-08 10_05_50.848-05_00_0.png,2,3.0,2.6171023808801572
1338_LeafPhotoA_2025-09-08 10_07_02.814,PI542718,1,1338_LeafPhotoA_2025-09-08 10_07_02.814-05_00_0.png,2,4.5,3.683643817647372
1339_LeafPhotoA_2025-09-08 10_08_06.144,PI597949,5,1339_LeafPhotoA_2025-09-08 10_08_06.144-05_00_0.png,1,2.5,1.8778271579772818
1340_LeafPhotoA_2025-09-08 10_08_37.990,PI533755,5,1340_LeafPhotoA_2025-09-08 10_08_37.990-05_00_0.png,2,2.5,2.4437042690675637
1340_LeafPhotoA_2025-09-08 10_08_50.867,PI533755,5,1340_LeafPhotoA_2025-09-08 10_08_50.867-05_00_0.png,2,2.0,2.2160348133238337
1340_LeafPhotoA_2025-09-08 10_09_03.293,PI533755,5,1340_LeafPhotoA_2025-09-08 10_09_03.293-05_00_0.png,2,2.0,2.3803851076612275
1341_LeafPhotoA_2025-09-08 10_09_38.844,PI656053,4,1341_LeafPhotoA_2025-09-08 10_09_38.844-05_00_0.png,1,1.5,1.8551990086667727
1341_LeafPhotoA_2025-09-08 10_09_53.998,PI656053,4,1341_LeafPhotoA_2025-09-08 10_09_53.998-05_00_0.png,2,1.5,1.9977300592402953
1342_LeafPhotoA_2025-09-08 10_10_13.170,PI595721,1,1342_LeafPhotoA_2025-09-08 10_10_13.170-05_00_0.png,2,2.5,1.8422628197626243
1343_LeafPhotoA_2025-09-08 10_11_04.420,PI564163,1,1343_LeafPhotoA_2025-09-08 10_11_04.420-05_00_0.png,2,1.25,1.9999335308949833
1343_LeafPhotoA_2025-09-08 10_11_19.080,PI564163,1,1343_LeafPhotoA_2025-09-08 10_11_19.080-05_00_0.png,1,3.0,2.716304532297164
1343_LeafPhotoA_2025-09-08 10_11_32.270,PI564163,1,1343_LeafPhotoA_2025-09-08 10_11_32.270-05_00_0.png,2,1.5,1.8239273473596882
1344_LeafPhotoA_2025-09-08 10_11_55.418,SC0247,3,1344_LeafPhotoA_2025-09-08 10_11_55.418-05_00_0.png,2,1.5,2.0018046655140425
1344_LeafPhotoA_2025-09-08 10_12_17.747,SC0247,3,1344_LeafPhotoA_2025-09-08 10_12_17.747-05_00_0.png,1,2.0,2.366044260830799
1345_LeafPhotoA_2025-09-08 10_12_57.558,PI533936,2,1345_LeafPhotoA_2025-09-08 10_12_57.558-05_00_0.png,2,2.0,2.0158313575587443
1345_LeafPhotoA_2025-09-08 10_13_26.383,PI533936,2,1345_LeafPhotoA_2025-09-08 10_13_26.383-05_00_0.png,2,2.5,2.074129044859187
1346_LeafPhotoA_2025-09-08 10_14_27.977,PI534095,3,1346_LeafPhotoA_2025-09-08 10_14_27.977-05_00_0.png,2,3.5,2.7289326222579007
1346_LeafPhotoA_2025-09-08 10_15_00.579,PI534095,3,1346_LeafPhotoA_2025-09-08 10_15_00.579-05_00_0.png,2,3.0,2.8309703784748956
1347_LeafPhotoA_2025-09-08 10_15_29.541,PI564163,1,1347_LeafPhotoA_2025-09-08 10_15_29.541-05_00_0.png,2,1.75,2.1077649087017387
1347_LeafPhotoA_2025-09-08 10_15_42.901,PI564163,1,1347_LeafPhotoA_2025-09-08 10_15_42.901-05_00_0.png,2,1.5,1.7300303484348356
1348_LeafPhotoA_2025-09-08 10_16_33.542,PI597967,3,1348_LeafPhotoA_2025-09-08 10_16_33.542-05_00_0.png,2,2.5,2.069971775012875
1348_LeafPhotoA_2025-09-08 10_17_01.061,PI597967,3,1348_LeafPhotoA_2025-09-08 10_17_01.061-05_00_0.png,1,2.5,1.9139651725349829
1348_LeafPhotoA_2025-09-08 10_17_17.769,PI597967,3,1348_LeafPhotoA_2025-09-08 10_17_17.769-05_00_0.png,2,2.0,1.9838116272700699
1349_LeafPhotoA_2025-09-08 10_17_45.282,PI534157,4,1349_LeafPhotoA_2025-09-08 10_17_45.282-05_00_0.png,2,2.0,2.159360175125443
1349_LeafPhotoA_2025-09-08 10_18_02.619,PI534157,4,1349_LeafPhotoA_2025-09-08 10_18_02.619-05_00_0.png,2,1.5,1.8353424408548527
1349_LeafPhotoA_2025-09-08 10_18_15.798,PI534157,4,1349_LeafPhotoA_2025-09-08 10_18_15.798-05_00_0.png,2,2.0,1.6890485040726806
1350_LeafPhotoA_2025-09-08 10_19_15.288,PI576380,1,1350_LeafPhotoA_2025-09-08 10_19_15.288-05_00_0.png,2,1.5,1.6155134500862809
1350_LeafPhotoA_2025-09-08 10_19_29.932,PI576380,1,1350_LeafPhotoA_2025-09-08 10_19_29.932-05_00_0.png,2,3.0,2.241099064174756
1351_LeafPhotoA_2025-09-08 12_28_03.896,PI533782,1,1351_LeafPhotoA_2025-09-08 12_28_03.896-05_00_0.png,1,2.0,2.529618608277178
1351_LeafPhotoA_2025-09-08 12_28_16.380,PI533782,1,1351_LeafPhotoA_2025-09-08 12_28_16.380-05_00_0.png,2,3.0,2.4934268415957788
1352_LeafPhotoA_2025-09-08 12_28_41.375,PI595745,1,1352_LeafPhotoA_2025-09-08 12_28_41.375-05_00_0.png,2,1.5,2.2729118977606646
1352_LeafPhotoA_2025-09-08 12_28_53.645,PI595745,1,1352_LeafPhotoA_2025-09-08 12_28_53.645-05_00_0.png,2,2.5,2.485181434047602
1352_LeafPhotoA_2025-09-08 12_29_11.662,PI595745,1,1352_LeafPhotoA_2025-09-08 12_29_11.662-05_00_0.png,1,3.0,2.5129671082048417
1353_LeafPhotoA_2025-09-08 12_29_28.708,SC0914,4,1353_LeafPhotoA_2025-09-08 12_29_28.708-05_00_0.png,2,2.5,1.9450956269682778
1353_LeafPhotoA_2025-09-08 12_29_30.408,SC0914,4,1353_LeafPhotoA_2025-09-08 12_29_30.408-05_00_0.png,2,1.5,1.9497758145341957
1353_LeafPhotoA_2025-09-08 12_29_44.786,SC0914,4,1353_LeafPhotoA_2025-09-08 12_29_44.786-05_00_0.png,2,2.5,1.89408348686165
1353_LeafPhotoA_2025-09-08 12_30_21.320,SC0914,4,1353_LeafPhotoA_2025-09-08 12_30_21.320-05_00_0.png,1,2.0,2.2636717264750654
1354_LeafPhotoA_2025-09-08 12_30_47.135,PI656088,1,1354_LeafPhotoA_2025-09-08 12_30_47.135-05_00_0.png,2,3.0,2.9220369058332505
1354_LeafPhotoA_2025-09-08 12_31_07.094,PI656088,1,1354_LeafPhotoA_2025-09-08 12_31_07.094-05_00_0.png,2,2.5,2.309098992789142
1355_LeafPhotoA_2025-09-08 12_32_16.167,PI533913,5,1355_LeafPhotoA_2025-09-08 12_32_16.167-05_00_0.png,1,3.0,2.3756417177354994
1355_LeafPhotoA_2025-09-08 12_32_34.587,PI533913,5,1355_LeafPhotoA_2025-09-08 12_32_34.587-05_00_0.png,2,3.0,2.2683583711335578
1356_LeafPhotoA_2025-09-08 12_33_10.815,PI595702,5,1356_LeafPhotoA_2025-09-08 12_33_10.815-05_00_0.png,1,3.0,2.6752738332907997
1357_LeafPhotoA_2025-09-08 12_34_05.972,SC1170,4,1357_LeafPhotoA_2025-09-08 12_34_05.972-05_00_0.png,1,3.75,3.6112389160053042
1358_LeafPhotoA_2025-09-08 12_35_05.753,PI656103,4,1358_LeafPhotoA_2025-09-08 12_35_05.753-05_00_0.png,1,3.0,3.1667320198914446
1358_LeafPhotoA_2025-09-08 12_35_26.225,PI656103,4,1358_LeafPhotoA_2025-09-08 12_35_26.225-05_00_0.png,2,3.0,2.5172448029041385
1359_LeafPhotoA_2025-09-08 12_39_06.490,PI576423,3,1359_LeafPhotoA_2025-09-08 12_39_06.490-05_00_0.png,1,2.0,2.0990605125375974
1360_LeafPhotoA_2025-09-08 12_40_03.936,PI597979,3,1360_LeafPhotoA_2025-09-08 12_40_03.936-05_00_0.png,2,2.0,2.4478022433886975
1360_LeafPhotoA_2025-09-08 12_40_13.454,PI597979,3,1360_LeafPhotoA_2025-09-08 12_40_13.454-05_00_0.png,2,2.0,2.445550936866243
1361_LeafPhotoA_2025-09-08 12_40_52.684,PI564163,1,1361_LeafPhotoA_2025-09-08 12_40_52.684-05_00_0.png,1,3.0,2.6744162967345684
1361_LeafPhotoA_2025-09-08 12_41_14.140,PI564163,1,1361_LeafPhotoA_2025-09-08 12_41_14.140-05_00_0.png,2,2.5,2.4167750458052297
1361_LeafPhotoA_2025-09-08 12_41_32.487,PI564163,1,1361_LeafPhotoA_2025-09-08 12_41_32.487-05_00_0.png,1,2.0,2.503410809236293
1362_LeafPhotoA_2025-09-08 12_41_57.130,PI576360,5,1362_LeafPhotoA_2025-09-08 12_41_57.130-05_00_0.png,2,1.5,2.120494369395751
1362_LeafPhotoA_2025-09-08 12_42_10.210,PI576360,5,1362_LeafPhotoA_2025-09-08 12_42_10.210-05_00_0.png,2,2.5,2.1507718368734214
1362_LeafPhotoA_2025-09-08 12_42_13.789,PI576360,5,1362_LeafPhotoA_2025-09-08 12_42_13.789-05_00_0.png,2,2.0,2.0958456954253846
1362_LeafPhotoA_2025-09-08 12_42_33.264,PI576360,5,1362_LeafPhotoA_2025-09-08 12_42_33.264-05_00_0.png,1,3.0,2.4601357455085493
1363_LeafPhotoA_2025-09-08 12_43_30.304,PI534166,4,1363_LeafPhotoA_2025-09-08 12_43_30.304-05_00_0.png,2,3.5,3.5036026729698695
1365_LeafPhotoA_2025-09-08 12_47_05.614,SC0156,4,1365_LeafPhotoA_2025-09-08 12_47_05.614-05_00_0.png,2,2.5,2.2005155900343216
1365_LeafPhotoA_2025-09-08 12_47_18.027,SC0156,4,1365_LeafPhotoA_2025-09-08 12_47_18.027-05_00_0.png,2,2.0,2.932333468303286
1365_LeafPhotoA_2025-09-08 12_47_27.603,SC0156,4,1365_LeafPhotoA_2025-09-08 12_47_27.603-05_00_0.png,2,2.5,2.9604628306881886
1366_LeafPhotoA_2025-09-08 12_47_53.362,PI533813,4,1366_LeafPhotoA_2025-09-08 12_47_53.362-05_00_0.png,1,2.5,1.996648921537702
1366_LeafPhotoA_2025-09-08 12_48_32.099,PI533813,4,1366_LeafPhotoA_2025-09-08 12_48_32.099-05_00_0.png,2,2.0,2.0276675011198826
1367_LeafPhotoA_2025-09-08 12_49_39.844,PI595712,3,1367_LeafPhotoA_2025-09-08 12_49_39.844-05_00_0.png,1,2.0,2.090664739912046
1367_LeafPhotoA_2025-09-08 12_50_01.418,PI595712,3,1367_LeafPhotoA_2025-09-08 12_50_01.418-05_00_0.png,1,2.5,2.482063028224031
1367_LeafPhotoA_2025-09-08 12_50_27.003,PI595712,3,1367_LeafPhotoA_2025-09-08 12_50_27.003-05_00_0.png,2,2.5,2.2487076794532133
1368_LeafPhotoA_2025-09-08 12_50_56.220,SC0777,5,1368_LeafPhotoA_2025-09-08 12_50_56.220-05_00_0.png,1,3.5,2.5759421370181785
1368_LeafPhotoA_2025-09-08 12_51_12.579,SC0777,5,1368_LeafPhotoA_2025-09-08 12_51_12.579-05_00_0.png,2,3.0,2.1776611707817812
1368_LeafPhotoA_2025-09-08 12_51_27.631,SC0777,5,1368_LeafPhotoA_2025-09-08 12_51_27.631-05_00_0.png,2,3.0,2.4295085620028227
1369_LeafPhotoA_2025-09-08 12_51_46.284,PI533894,2,1369_LeafPhotoA_2025-09-08 12_51_46.284-05_00_0.png,2,3.5,3.1034806956580248
1369_LeafPhotoA_2025-09-08 12_51_56.930,PI533894,2,1369_LeafPhotoA_2025-09-08 12_51_56.930-05_00_0.png,2,4.0,3.2486245543376695
1369_LeafPhotoA_2025-09-08 12_52_09.172,PI533894,2,1369_LeafPhotoA_2025-09-08 12_52_09.172-05_00_0.png,2,3.5,2.9439869235511646
1370_LeafPhotoA_2025-09-08 12_52_33.590,PI656093,3,1370_LeafPhotoA_2025-09-08 12_52_33.590-05_00_0.png,2,3.5,2.861908913199057
1370_LeafPhotoA_2025-09-08 12_52_45.620,PI656093,3,1370_LeafPhotoA_2025-09-08 12_52_45.620-05_00_0.png,2,2.5,2.2014722332045022
1371_LeafPhotoA_2025-09-08 12_53_26.686,PI533876,5,1371_LeafPhotoA_2025-09-08 12_53_26.686-05_00_0.png,2,3.0,2.446293677575959
1371_LeafPhotoA_2025-09-08 12_53_42.124,PI533876,5,1371_LeafPhotoA_2025-09-08 12_53_42.124-05_00_0.png,1,3.5,2.831828542291519
1371_LeafPhotoA_2025-09-08 12_53_58.500,PI533876,5,1371_LeafPhotoA_2025-09-08 12_53_58.500-05_00_0.png,2,2.5,2.3100267871664615
1372_LeafPhotoA_2025-09-08 12_54_25.629,PI564163,1,1372_LeafPhotoA_2025-09-08 12_54_25.629-05_00_0.png,2,1.5,1.7832050736267309
1372_LeafPhotoA_2025-09-08 12_54_38.657,PI564163,1,1372_LeafPhotoA_2025-09-08 12_54_38.657-05_00_0.png,1,2.5,1.973163534811897
1372_LeafPhotoA_2025-09-08 12_54_49.976,PI564163,1,1372_LeafPhotoA_2025-09-08 12_54_49.976-05_00_0.png,1,2.5,1.995407042862167
1373_LeafPhotoA_2025-09-08 12_55_26.187,PI534040,2,1373_LeafPhotoA_2025-09-08 12_55_26.187-05_00_0.png,2,3.0,2.581209155587652
1373_LeafPhotoA_2025-09-08 12_55_37.690,PI534040,2,1373_LeafPhotoA_2025-09-08 12_55_37.690-05_00_0.png,2,3.0,2.7204173041360296
1374_LeafPhotoA_2025-09-08 12_56_08.244,PI534016,3,1374_LeafPhotoA_2025-09-08 12_56_08.244-05_00_0.png,2,1.25,2.0649381060838694
1374_LeafPhotoA_2025-09-08 12_56_33.851,PI534016,3,1374_LeafPhotoA_2025-09-08 12_56_33.851-05_00_0.png,2,2.0,1.9242056377616736
1374_LeafPhotoA_2025-09-08 12_56_52.744,PI534016,3,1374_LeafPhotoA_2025-09-08 12_56_52.744-05_00_0.png,2,3.5,3.084802550830999
1375_LeafPhotoA_2025-09-08 12_57_11.327,SC1442,1,1375_LeafPhotoA_2025-09-08 12_57_11.327-05_00_0.png,2,2.0,2.175931995394697
1375_LeafPhotoA_2025-09-08 12_57_28.435,SC1442,1,1375_LeafPhotoA_2025-09-08 12_57_28.435-05_00_0.png,2,2.5,2.618837000327642
1376_LeafPhotoA_2025-09-08 12_58_22.473,PI533819,3,1376_LeafPhotoA_2025-09-08 12_58_22.473-05_00_0.png,1,2.5,2.4770374532326733
1377_LeafPhotoA_2025-09-08 12_59_16.329,PI533938,5,1377_LeafPhotoA_2025-09-08 12_59_16.329-05_00_0.png,2,3.5,2.8924036194224176
1377_LeafPhotoA_2025-09-08 12_59_27.299,PI533938,5,1377_LeafPhotoA_2025-09-08 12_59_27.299-05_00_0.png,2,3.0,2.7196518970592423
1377_LeafPhotoA_2025-09-08 12_59_37.518,PI533938,5,1377_LeafPhotoA_2025-09-08 12_59_37.518-05_00_0.png,2,2.0,2.411298186797961
1378_LeafPhotoA_2025-09-08 12_59_53.571,PI533928,2,1378_LeafPhotoA_2025-09-08 12_59_53.571-05_00_0.png,2,2.5,2.3008287130866085
1378_LeafPhotoA_2025-09-08 13_00_28.777,PI533928,2,1378_LeafPhotoA_2025-09-08 13_00_28.777-05_00_0.png,2,2.0,2.096184430912978
1379_LeafPhotoA_2025-09-08 13_01_13.542,PI564163,1,1379_LeafPhotoA_2025-09-08 13_01_13.542-05_00_0.png,2,2.0,2.099303726613862
1381_LeafPhotoA_2025-09-08 13_01_59.229,PI656071,1,1381_LeafPhotoA_2025-09-08 13_01_59.229-05_00_0.png,2,2.25,2.38456421299787
1381_LeafPhotoA_2025-09-08 13_02_12.732,PI656071,1,1381_LeafPhotoA_2025-09-08 13_02_12.732-05_00_0.png,2,2.5,2.521416042703357
1383_LeafPhotoA_2025-09-08 13_02_56.131,PI655982,5,1383_LeafPhotoA_2025-09-08 13_02_56.131-05_00_0.png,2,1.5,2.1609338363412496
1383_LeafPhotoA_2025-09-08 13_03_11.486,PI655982,5,1383_LeafPhotoA_2025-09-08 13_03_11.486-05_00_0.png,2,2.0,1.964542234950388
1383_LeafPhotoA_2025-09-08 13_03_25.117,PI655982,5,1383_LeafPhotoA_2025-09-08 13_03_25.117-05_00_0.png,2,2.0,2.0154927105607574
1384_LeafPhotoA_2025-09-08 13_03_40.196,SC0287,4,1384_LeafPhotoA_2025-09-08 13_03_40.196-05_00_0.png,2,2.5,2.4826909913400996
1384_LeafPhotoA_2025-09-08 13_03_50.491,SC0287,4,1384_LeafPhotoA_2025-09-08 13_03_50.491-05_00_0.png,2,2.0,2.389668785618621
1385_LeafPhotoA_2025-09-08 13_04_24.143,PI595704,1,1385_LeafPhotoA_2025-09-08 13_04_24.143-05_00_0.png,1,2.0,2.046745067834917
1385_LeafPhotoA_2025-09-08 13_05_07.306,PI595704,1,1385_LeafPhotoA_2025-09-08 13_05_07.306-05_00_0.png,2,2.75,2.2250105203400627
1386_LeafPhotoA_2025-09-08 13_05_49.839,PI659691,4,1386_LeafPhotoA_2025-09-08 13_05_49.839-05_00_0.png,2,2.0,1.9018100278043681
1386_LeafPhotoA_2025-09-08 13_06_11.904,PI659691,4,1386_LeafPhotoA_2025-09-08 13_06_11.904-05_00_0.png,2,2.5,2.463927813611181
1387_LeafPhotoA_2025-09-08 13_06_51.782,PI564163,1,1387_LeafPhotoA_2025-09-08 13_06_51.782-05_00_0.png,2,2.0,1.9454534765998255
1387_LeafPhotoA_2025-09-08 13_07_10.555,PI564163,1,1387_LeafPhotoA_2025-09-08 13_07_10.555-05_00_0.png,2,3.5,1.9526718033699786
1388_LeafPhotoA_2025-09-08 13_07_50.613,PI576418,4,1388_LeafPhotoA_2025-09-08 13_07_50.613-05_00_0.png,1,3.0,2.8849467388090093
1388_LeafPhotoA_2025-09-08 13_08_20.646,PI576418,4,1388_LeafPhotoA_2025-09-08 13_08_20.646-05_00_0.png,2,3.0,2.5345498415574386
1389_LeafPhotoA_2025-09-08 13_09_09.219,PI533916,4,1389_LeafPhotoA_2025-09-08 13_09_09.219-05_00_0.png,1,3.0,2.868936439424867
1390_LeafPhotoA_2025-09-08 13_09_44.069,PI656066,1,1390_LeafPhotoA_2025-09-08 13_09_44.069-05_00_0.png,2,1.5,2.382405336799801
1390_LeafPhotoA_2025-09-08 13_10_18.653,PI656066,1,1390_LeafPhotoA_2025-09-08 13_10_18.653-05_00_0.png,2,1.5,1.854506187605044
1391_LeafPhotoA_2025-09-08 13_10_41.595,PI534087,5,1391_LeafPhotoA_2025-09-08 13_10_41.595-05_00_0.png,2,3.5,2.822170437472553
1391_LeafPhotoA_2025-09-08 13_11_17.073,PI534087,5,1391_LeafPhotoA_2025-09-08 13_11_17.073-05_00_0.png,2,3.0,2.9966127584456412
1391_LeafPhotoA_2025-09-08 13_11_35.950,PI534087,5,1391_LeafPhotoA_2025-09-08 13_11_35.950-05_00_0.png,2,4.5,3.7217916635021857
1392_LeafPhotoA_2025-09-08 13_12_01.932,PI597971,2,1392_LeafPhotoA_2025-09-08 13_12_01.932-05_00_0.png,2,2.25,2.320275207083779
1392_LeafPhotoA_2025-09-08 13_12_31.182,PI597971,2,1392_LeafPhotoA_2025-09-08 13_12_31.182-05_00_0.png,2,3.5,3.1535383005246693
1392_LeafPhotoA_2025-09-08 13_12_43.154,PI597971,2,1392_LeafPhotoA_2025-09-08 13_12_43.154-05_00_0.png,2,1.5,2.156853806384801
1393_LeafPhotoA_2025-09-08 13_13_03.754,PI656023,5,1393_LeafPhotoA_2025-09-08 13_13_03.754-05_00_0.png,2,2.5,2.32895182772618
1393_LeafPhotoA_2025-09-08 13_18_32.825,PI656023,5,1393_LeafPhotoA_2025-09-08 13_18_32.825-05_00_0.png,2,3.0,2.5209723379380216
1393_LeafPhotoA_2025-09-08 13_19_15.503,PI656023,5,1393_LeafPhotoA_2025-09-08 13_19_15.503-05_00_0.png,1,3.0,2.494859751691472
1394_LeafPhotoA_2025-09-08 13_19_49.921,PI533870,4,1394_LeafPhotoA_2025-09-08 13_19_49.921-05_00_0.png,2,3.0,2.604495572590465
1394_LeafPhotoA_2025-09-08 13_20_12.644,PI533870,4,1394_LeafPhotoA_2025-09-08 13_20_12.644-05_00_0.png,2,3.0,2.4169113734261973
1394_LeafPhotoA_2025-09-08 13_20_13.438,PI533870,4,1394_LeafPhotoA_2025-09-08 13_20_13.438-05_00_0.png,2,3.5,2.3985014092621797
1395_LeafPhotoA_2025-09-08 13_20_31.109,PI656104,5,1395_LeafPhotoA_2025-09-08 13_20_31.109-05_00_0.png,2,2.0,2.084358712627387
1395_LeafPhotoA_2025-09-08 13_22_02.106,PI656104,5,1395_LeafPhotoA_2025-09-08 13_22_02.106-05_00_0.png,2,2.5,2.2916881223268315
1395_LeafPhotoA_2025-09-08 13_22_26.470,PI656104,5,1395_LeafPhotoA_2025-09-08 13_22_26.470-05_00_0.png,2,1.0,1.8513628677608949
1396_LeafPhotoA_2025-09-08 13_22_43.424,Fill (Exclude),2,1396_LeafPhotoA_2025-09-08 13_22_43.424-05_00_0.png,2,1.5,2.332226582070805
1396_LeafPhotoA_2025-09-08 13_22_54.710,Fill (Exclude),2,1396_LeafPhotoA_2025-09-08 13_22_54.710-05_00_0.png,2,2.0,2.2246037218325942
1396_LeafPhotoA_2025-09-08 13_23_07.766,Fill (Exclude),2,1396_LeafPhotoA_2025-09-08 13_23_07.766-05_00_0.png,2,2.0,2.264697954142359
1397_LeafPhotoA_2025-09-08 13_28_44.630,PI533877,2,1397_LeafPhotoA_2025-09-08 13_28_44.630-05_00_0.png,2,2.5,2.5711568342151394
1398_LeafPhotoA_2025-09-08 13_29_01.012,SC0041,2,1398_LeafPhotoA_2025-09-08 13_29_01.012-05_00_0.png,2,2.0,2.4432411470256508
1398_LeafPhotoA_2025-09-08 13_29_17.211,SC0041,2,1398_LeafPhotoA_2025-09-08 13_29_17.211-05_00_0.png,2,2.0,2.3154560618287143
1398_LeafPhotoA_2025-09-08 13_29_28.589,SC0041,2,1398_LeafPhotoA_2025-09-08 13_29_28.589-05_00_0.png,2,2.5,2.3214617558143815
1399_LeafPhotoA_2025-09-08 12_25_23.016,PI533854,4,1399_LeafPhotoA_2025-09-08 12_25_23.016-05_00_0.png,2,3.0,2.539617088230825
1399_LeafPhotoA_2025-09-08 12_25_25.945,PI533854,4,1399_LeafPhotoA_2025-09-08 12_25_25.945-05_00_0.png,2,3.5,2.55431161044193
1399_LeafPhotoA_2025-09-08 12_25_39.723,PI533854,4,1399_LeafPhotoA_2025-09-08 12_25_39.723-05_00_0.png,2,3.5,3.45065837255709
1399_LeafPhotoA_2025-09-08 12_25_54.043,PI533854,4,1399_LeafPhotoA_2025-09-08 12_25_54.043-05_00_0.png,2,3.0,2.947966060682956
1400_LeafPhotoA_2025-09-08 12_26_27.652,PI576337,5,1400_LeafPhotoA_2025-09-08 12_26_27.652-05_00_0.png,2,3.5,3.2789185130028766
1400_LeafPhotoA_2025-09-08 12_26_49.996,PI576337,5,1400_LeafPhotoA_2025-09-08 12_26_49.996-05_00_0.png,1,3.0,2.475294434546984
1400_LeafPhotoA_2025-09-08 12_26_53.139,PI576337,5,1400_LeafPhotoA_2025-09-08 12_26_53.139-05_00_0.png,1,2.5,2.5207361264060846
1400_LeafPhotoA_2025-09-08 12_27_08.065,PI576337,5,1400_LeafPhotoA_2025-09-08 12_27_08.065-05_00_0.png,2,3.5,3.128652665035531
1402_LeafPhotoB_2025-09-08 10_39_37.458,SC0877,5,1402_LeafPhotoB_2025-09-08 10_39_37.458-05_00_0.png,2,1.75,2.6464627724201706
1402_LeafPhotoB_2025-09-08 10_39_51.383,SC0877,5,1402_LeafPhotoB_2025-09-08 10_39_51.383-05_00_0.png,1,2.5,2.2999400818288853
1402_LeafPhotoB_2025-09-08 10_40_07.212,SC0877,5,1402_LeafPhotoB_2025-09-08 10_40_07.212-05_00_0.png,2,2.25,2.3766692227788075
1403_LeafPhotoA_2025-09-08 09_22_57.928,PI533915,5,1403_LeafPhotoA_2025-09-08 09_22_57.928-05_00_0.png,2,2.5,2.335009199901453
1403_LeafPhotoA_2025-09-08 09_23_43.647,PI533915,5,1403_LeafPhotoA_2025-09-08 09_23_43.647-05_00_0.png,1,1.75,2.4752183395308403
1403_LeafPhotoB_2025-09-08 09_56_24.150,PI533915,5,1403_LeafPhotoB_2025-09-08 09_56_24.150-05_00_0.png,1,1.5,2.5652010129771994
1403_LeafPhotoB_2025-09-08 09_56_43.771,PI533915,5,1403_LeafPhotoB_2025-09-08 09_56_43.771-05_00_0.png,2,3.5,2.523780198634786
1403_LeafPhotoB_2025-09-08 09_57_03.631,PI533915,5,1403_LeafPhotoB_2025-09-08 09_57_03.631-05_00_0.png,2,2.0,2.5607094565603328
1404_LeafPhotoA_2025-09-08 09_24_09.579,PI533816,3,1404_LeafPhotoA_2025-09-08 09_24_09.579-05_00_0.png,2,3.0,2.3175089341633766
1404_LeafPhotoA_2025-09-08 09_24_59.245,PI533816,3,1404_LeafPhotoA_2025-09-08 09_24_59.245-05_00_0.png,2,2.0,2.0412875325721234
1404_LeafPhotoA_2025-09-08 09_25_24.932,PI533816,3,1404_LeafPhotoA_2025-09-08 09_25_24.932-05_00_0.png,2,3.0,2.490670464950032
1404_LeafPhotoB_2025-09-08 09_57_48.172,PI533816,3,1404_LeafPhotoB_2025-09-08 09_57_48.172-05_00_0.png,2,2.0,1.8401963531000072
1404_LeafPhotoB_2025-09-08 09_58_06.206,PI533816,3,1404_LeafPhotoB_2025-09-08 09_58_06.206-05_00_0.png,2,2.25,2.3405775143335603
1404_LeafPhotoB_2025-09-08 09_58_20.950,PI533816,3,1404_LeafPhotoB_2025-09-08 09_58_20.950-05_00_0.png,2,2.5,2.2648375887531094
1405_LeafPhotoA_2025-09-08 09_25_44.126,PI533774,4,1405_LeafPhotoA_2025-09-08 09_25_44.126-05_00_0.png,2,2.0,2.088485396793825
1405_LeafPhotoA_2025-09-08 09_26_00.409,PI533774,4,1405_LeafPhotoA_2025-09-08 09_26_00.409-05_00_0.png,2,1.25,1.839183845223619
1405_LeafPhotoA_2025-09-08 09_26_17.478,PI533774,4,1405_LeafPhotoA_2025-09-08 09_26_17.478-05_00_0.png,1,1.5,2.239572161583471
1405_LeafPhotoB_2025-09-08 09_59_35.657,PI533774,4,1405_LeafPhotoB_2025-09-08 09_59_35.657-05_00_0.png,2,2.0,2.101135962457303
1405_LeafPhotoB_2025-09-08 09_59_46.991,PI533774,4,1405_LeafPhotoB_2025-09-08 09_59_46.991-05_00_0.png,2,1.0,1.9578410707852922
1405_LeafPhotoB_2025-09-08 10_00_01.542,PI533774,4,1405_LeafPhotoB_2025-09-08 10_00_01.542-05_00_0.png,2,1.5,1.974872352369207
1406_LeafPhotoA_2025-09-08 09_26_34.458,PI533991,4,1406_LeafPhotoA_2025-09-08 09_26_34.458-05_00_0.png,2,2.5,2.4808166523180555
1406_LeafPhotoA_2025-09-08 09_26_44.592,PI533991,4,1406_LeafPhotoA_2025-09-08 09_26_44.592-05_00_0.png,1,3.0,2.3873384349890734
1406_LeafPhotoA_2025-09-08 09_27_03.265,PI533991,4,1406_LeafPhotoA_2025-09-08 09_27_03.265-05_00_0.png,1,2.5,2.371975169958184
1406_LeafPhotoB_2025-09-08 10_00_25.514,PI533991,4,1406_LeafPhotoB_2025-09-08 10_00_25.514-05_00_0.png,2,2.5,2.39999784905175
1406_LeafPhotoB_2025-09-08 10_00_43.533,PI533991,4,1406_LeafPhotoB_2025-09-08 10_00_43.533-05_00_0.png,2,2.5,2.1299542090617054
1406_LeafPhotoB_2025-09-08 10_00_56.678,PI533991,4,1406_LeafPhotoB_2025-09-08 10_00_56.678-05_00_0.png,2,2.5,2.1455091714453842
1407_LeafPhotoA_2025-09-08 09_28_44.756,PI533984,5,1407_LeafPhotoA_2025-09-08 09_28_44.756-05_00_0.png,2,1.0,1.6135051939219576
1407_LeafPhotoA_2025-09-08 09_28_58.311,PI533984,5,1407_LeafPhotoA_2025-09-08 09_28_58.311-05_00_0.png,2,1.0,1.827678355972087
1407_LeafPhotoA_2025-09-08 09_29_28.229,PI533984,5,1407_LeafPhotoA_2025-09-08 09_29_28.229-05_00_0.png,2,1.0,1.7442350834484464
1407_LeafPhotoB_2025-09-08 10_01_14.199,PI533984,5,1407_LeafPhotoB_2025-09-08 10_01_14.199-05_00_0.png,2,1.0,1.711632423653872
1407_LeafPhotoB_2025-09-08 10_01_37.190,PI533984,5,1407_LeafPhotoB_2025-09-08 10_01_37.190-05_00_0.png,2,1.0,1.6141477704036404
1407_LeafPhotoB_2025-09-08 10_01_50.917,PI533984,5,1407_LeafPhotoB_2025-09-08 10_01_50.917-05_00_0.png,2,1.25,1.7238447774765149
1408_LeafPhotoA_2025-09-08 09_29_57.775,PI564163,1,1408_LeafPhotoA_2025-09-08 09_29_57.775-05_00_0.png,2,1.5,1.8410837788998828
1408_LeafPhotoA_2025-09-08 09_30_10.265,PI564163,1,1408_LeafPhotoA_2025-09-08 09_30_10.265-05_00_0.png,2,2.5,1.809264126815031
1408_LeafPhotoA_2025-09-08 09_30_25.659,PI564163,1,1408_LeafPhotoA_2025-09-08 09_30_25.659-05_00_0.png,2,2.5,1.9100218596058183
1408_LeafPhotoB_2025-09-08 10_02_06.407,PI564163,1,1408_LeafPhotoB_2025-09-08 10_02_06.407-05_00_0.png,2,1.5,1.8251565572212978
1408_LeafPhotoB_2025-09-08 10_02_25.946,PI564163,1,1408_LeafPhotoB_2025-09-08 10_02_25.946-05_00_0.png,2,1.5,1.7713064972428136
1408_LeafPhotoB_2025-09-08 10_02_42.702,PI564163,1,1408_LeafPhotoB_2025-09-08 10_02_42.702-05_00_0.png,2,2.0,1.8174505488260233
1409_LeafPhotoA_2025-09-08 09_30_48.724,PI656106,3,1409_LeafPhotoA_2025-09-08 09_30_48.724-05_00_0.png,2,2.0,2.0151111945719706
1409_LeafPhotoA_2025-09-08 09_31_03.140,PI656106,3,1409_LeafPhotoA_2025-09-08 09_31_03.140-05_00_0.png,2,2.0,2.1734707133191837
1409_LeafPhotoA_2025-09-08 09_31_25.793,PI656106,3,1409_LeafPhotoA_2025-09-08 09_31_25.793-05_00_0.png,1,2.5,2.2526772442123617
1409_LeafPhotoB_2025-09-08 10_03_05.456,PI656106,3,1409_LeafPhotoB_2025-09-08 10_03_05.456-05_00_0.png,2,2.0,2.0954686157188043
1409_LeafPhotoB_2025-09-08 10_03_16.957,PI656106,3,1409_LeafPhotoB_2025-09-08 10_03_16.957-05_00_0.png,2,2.5,1.8987730749541827
1409_LeafPhotoB_2025-09-08 10_03_38.933,PI656106,3,1409_LeafPhotoB_2025-09-08 10_03_38.933-05_00_0.png,2,2.0,2.391220872319433
1410_LeafPhotoB_2025-09-08 10_04_25.839,PI533897,3,1410_LeafPhotoB_2025-09-08 10_04_25.839-05_00_0.png,2,2.5,2.189841181409033
1410_LeafPhotoB_2025-09-08 10_04_41.927,PI533897,3,1410_LeafPhotoB_2025-09-08 10_04_41.927-05_00_0.png,2,2.5,1.7445553337386732
1410_LeafPhotoB_2025-09-08 10_04_58.302,PI533897,3,1410_LeafPhotoB_2025-09-08 10_04_58.302-05_00_0.png,2,1.5,2.0810082695481324
1411_LeafPhotoA_2025-09-08 09_31_58.433,PI656001,2,1411_LeafPhotoA_2025-09-08 09_31_58.433-05_00_0.png,2,2.5,1.6903425900885767
1411_LeafPhotoA_2025-09-08 09_32_12.507,PI656001,2,1411_LeafPhotoA_2025-09-08 09_32_12.507-05_00_0.png,2,1.5,1.5296110802440381
1411_LeafPhotoA_2025-09-08 09_32_24.163,PI656001,2,1411_LeafPhotoA_2025-09-08 09_32_24.163-05_00_0.png,2,1.5,1.7944157509305174
1411_LeafPhotoB_2025-09-08 10_05_13.598,PI656001,2,1411_LeafPhotoB_2025-09-08 10_05_13.598-05_00_0.png,2,2.0,1.6874417561229191
1411_LeafPhotoB_2025-09-08 10_05_27.189,PI656001,2,1411_LeafPhotoB_2025-09-08 10_05_27.189-05_00_0.png,2,1.25,1.8594658040913128
1411_LeafPhotoB_2025-09-08 10_05_39.958,PI656001,2,1411_LeafPhotoB_2025-09-08 10_05_39.958-05_00_0.png,2,2.0,1.697192026793083
1412_LeafPhotoA_2025-09-08 09_32_54.115,PI655993,5,1412_LeafPhotoA_2025-09-08 09_32_54.115-05_00_0.png,2,1.0,1.8496472483962167
1412_LeafPhotoA_2025-09-08 09_33_07.020,PI655993,5,1412_LeafPhotoA_2025-09-08 09_33_07.020-05_00_0.png,2,1.0,1.6117174852449943
1412_LeafPhotoA_2025-09-08 09_33_17.239,PI655993,5,1412_LeafPhotoA_2025-09-08 09_33_17.239-05_00_0.png,2,1.5,1.739687682068389
1412_LeafPhotoB_2025-09-08 10_06_06.715,PI655993,5,1412_LeafPhotoB_2025-09-08 10_06_06.715-05_00_0.png,2,1.0,1.835559362499959
1412_LeafPhotoB_2025-09-08 10_06_24.412,PI655993,5,1412_LeafPhotoB_2025-09-08 10_06_24.412-05_00_0.png,2,1.25,1.6825018105783374
1412_LeafPhotoB_2025-09-08 10_06_46.177,PI655993,5,1412_LeafPhotoB_2025-09-08 10_06_46.177-05_00_0.png,2,1.25,1.7764605046811275
1413_LeafPhotoA_2025-09-08 09_34_55.801,PI533930,5,1413_LeafPhotoA_2025-09-08 09_34_55.801-05_00_0.png,2,2.5,2.652851948624945
1413_LeafPhotoA_2025-09-08 09_35_09.246,PI533930,5,1413_LeafPhotoA_2025-09-08 09_35_09.246-05_00_0.png,1,1.75,2.7328208945039165
1413_LeafPhotoA_2025-09-08 09_35_26.834,PI533930,5,1413_LeafPhotoA_2025-09-08 09_35_26.834-05_00_0.png,2,1.75,2.2469045991621153
1413_LeafPhotoB_2025-09-08 10_07_20.287,PI533930,5,1413_LeafPhotoB_2025-09-08 10_07_20.287-05_00_0.png,2,2.5,2.4089664030857927
1413_LeafPhotoB_2025-09-08 10_07_33.536,PI533930,5,1413_LeafPhotoB_2025-09-08 10_07_33.536-05_00_0.png,1,3.0,2.3624201667463067
1413_LeafPhotoB_2025-09-08 10_07_49.375,PI533930,5,1413_LeafPhotoB_2025-09-08 10_07_49.375-05_00_0.png,1,2.5,1.72901631451409
1414_LeafPhotoA_2025-09-08 09_35_54.943,PI540816,5,1414_LeafPhotoA_2025-09-08 09_35_54.943-05_00_0.png,1,3.5,2.578709171755031
1414_LeafPhotoA_2025-09-08 09_36_11.855,PI540816,5,1414_LeafPhotoA_2025-09-08 09_36_11.855-05_00_0.png,1,2.5,2.4132834504927176
1414_LeafPhotoA_2025-09-08 09_36_43.216,PI540816,5,1414_LeafPhotoA_2025-09-08 09_36_43.216-05_00_0.png,1,1.5,2.1222832041265027
1414_LeafPhotoB_2025-09-08 10_08_06.102,PI540816,5,1414_LeafPhotoB_2025-09-08 10_08_06.102-05_00_0.png,2,2.25,2.4843755931687723
1414_LeafPhotoB_2025-09-08 10_08_19.101,PI540816,5,1414_LeafPhotoB_2025-09-08 10_08_19.101-05_00_0.png,2,3.0,2.7867182237589523
1414_LeafPhotoB_2025-09-08 10_08_38.443,PI540816,5,1414_LeafPhotoB_2025-09-08 10_08_38.443-05_00_0.png,2,3.5,2.6184526389276472
1415_LeafPhotoA_2025-09-08 09_37_10.701,PI534001,5,1415_LeafPhotoA_2025-09-08 09_37_10.701-05_00_0.png,2,2.0,2.3285842459233512
1415_LeafPhotoA_2025-09-08 09_37_26.969,PI534001,5,1415_LeafPhotoA_2025-09-08 09_37_26.969-05_00_0.png,2,3.0,2.5975661585648053
1415_LeafPhotoB_2025-09-08 10_09_00.442,PI534001,5,1415_LeafPhotoB_2025-09-08 10_09_00.442-05_00_0.png,2,2.0,1.948218213328831
1415_LeafPhotoB_2025-09-08 10_09_27.941,PI534001,5,1415_LeafPhotoB_2025-09-08 10_09_27.941-05_00_0.png,2,1.25,2.2254660607984564
1415_LeafPhotoB_2025-09-08 10_09_42.773,PI534001,5,1415_LeafPhotoB_2025-09-08 10_09_42.773-05_00_0.png,2,2.0,2.105750452606105
1416_LeafPhotoA_2025-09-08 09_37_47.151,PI533803,4,1416_LeafPhotoA_2025-09-08 09_37_47.151-05_00_0.png,2,3.0,2.6091890929310564
1416_LeafPhotoA_2025-09-08 09_38_03.624,PI533803,4,1416_LeafPhotoA_2025-09-08 09_38_03.624-05_00_0.png,2,3.0,2.556842226783367
1416_LeafPhotoA_2025-09-08 09_38_16.317,PI533803,4,1416_LeafPhotoA_2025-09-08 09_38_16.317-05_00_0.png,2,3.5,3.2692930732010894
1416_LeafPhotoB_2025-09-08 10_10_04.086,PI533803,4,1416_LeafPhotoB_2025-09-08 10_10_04.086-05_00_0.png,2,3.5,2.5956637494256665
1416_LeafPhotoB_2025-09-08 10_10_32.046,PI533803,4,1416_LeafPhotoB_2025-09-08 10_10_32.046-05_00_0.png,2,2.5,2.6399227470392534
1417_LeafPhotoA_2025-09-08 09_38_35.702,PI533983,2,1417_LeafPhotoA_2025-09-08 09_38_35.702-05_00_0.png,2,3.0,2.529506189036121
1417_LeafPhotoA_2025-09-08 09_38_47.982,PI533983,2,1417_LeafPhotoA_2025-09-08 09_38_47.982-05_00_0.png,2,3.0,2.711190984173586
1417_LeafPhotoA_2025-09-08 09_39_01.207,PI533983,2,1417_LeafPhotoA_2025-09-08 09_39_01.207-05_00_0.png,1,1.5,2.1560080658250538
1417_LeafPhotoB_2025-09-08 10_10_54.682,PI533983,2,1417_LeafPhotoB_2025-09-08 10_10_54.682-05_00_0.png,2,2.25,2.464616334793408
1417_LeafPhotoB_2025-09-08 10_11_12.838,PI533983,2,1417_LeafPhotoB_2025-09-08 10_11_12.838-05_00_0.png,2,2.5,2.755960066779787
1417_LeafPhotoB_2025-09-08 10_11_25.439,PI533983,2,1417_LeafPhotoB_2025-09-08 10_11_25.439-05_00_0.png,2,3.0,2.2560728804796732
1418_LeafPhotoA_2025-09-08 09_39_17.003,PI597976,3,1418_LeafPhotoA_2025-09-08 09_39_17.003-05_00_0.png,2,2.5,2.3851840056524636
1418_LeafPhotoA_2025-09-08 09_39_31.263,PI597976,3,1418_LeafPhotoA_2025-09-08 09_39_31.263-05_00_0.png,2,1.5,2.062965064887367
1418_LeafPhotoA_2025-09-08 09_39_53.374,PI597976,3,1418_LeafPhotoA_2025-09-08 09_39_53.374-05_00_0.png,2,2.5,2.2708704968615843
1419_LeafPhotoA_2025-09-08 09_40_12.388,PI576392,5,1419_LeafPhotoA_2025-09-08 09_40_12.388-05_00_0.png,2,2.5,2.0117051773654917
1419_LeafPhotoA_2025-09-08 09_40_27.704,PI576392,5,1419_LeafPhotoA_2025-09-08 09_40_27.704-05_00_0.png,2,1.75,2.2105765100243935
1419_LeafPhotoA_2025-09-08 09_40_43.829,PI576392,5,1419_LeafPhotoA_2025-09-08 09_40_43.829-05_00_0.png,2,3.0,1.8818926355220837
1419_LeafPhotoB_2025-09-08 10_12_32.466,PI576392,5,1419_LeafPhotoB_2025-09-08 10_12_32.466-05_00_0.png,1,2.5,2.276537870947088
1419_LeafPhotoB_2025-09-08 10_12_52.618,PI576392,5,1419_LeafPhotoB_2025-09-08 10_12_52.618-05_00_0.png,2,2.5,2.3388528574574456
1420_LeafPhotoA_2025-09-08 09_41_06.140,PI656060,4,1420_LeafPhotoA_2025-09-08 09_41_06.140-05_00_0.png,2,1.0,1.741095822798207
1420_LeafPhotoA_2025-09-08 09_41_17.685,PI656060,4,1420_LeafPhotoA_2025-09-08 09_41_17.685-05_00_0.png,2,2.5,2.356746152882852
1420_LeafPhotoA_2025-09-08 09_41_34.659,PI656060,4,1420_LeafPhotoA_2025-09-08 09_41_34.659-05_00_0.png,2,2.5,2.0757458768506165
1420_LeafPhotoB_2025-09-08 10_13_16.780,PI656060,4,1420_LeafPhotoB_2025-09-08 10_13_16.780-05_00_0.png,2,1.75,2.3016620695695806
1420_LeafPhotoB_2025-09-08 10_13_31.143,PI656060,4,1420_LeafPhotoB_2025-09-08 10_13_31.143-05_00_0.png,2,2.5,2.5034300854342137
1420_LeafPhotoB_2025-09-08 10_13_43.282,PI656060,4,1420_LeafPhotoB_2025-09-08 10_13_43.282-05_00_0.png,1,3.0,2.2334223305622416
1421_LeafPhotoA_2025-09-08 09_41_53.928,PI533808,5,1421_LeafPhotoA_2025-09-08 09_41_53.928-05_00_0.png,2,3.0,2.6703560675411815
1421_LeafPhotoA_2025-09-08 09_42_19.629,PI533808,5,1421_LeafPhotoA_2025-09-08 09_42_19.629-05_00_0.png,2,3.0,2.6903469078388453
1421_LeafPhotoA_2025-09-08 09_42_46.156,PI533808,5,1421_LeafPhotoA_2025-09-08 09_42_46.156-05_00_0.png,2,3.0,2.608092645413824
1421_LeafPhotoB_2025-09-08 10_14_05.185,PI533808,5,1421_LeafPhotoB_2025-09-08 10_14_05.185-05_00_0.png,2,3.0,2.7406381285123547
1421_LeafPhotoB_2025-09-08 10_14_21.935,PI533808,5,1421_LeafPhotoB_2025-09-08 10_14_21.935-05_00_0.png,2,3.0,2.5533518971115083
1421_LeafPhotoB_2025-09-08 10_14_32.969,PI533808,5,1421_LeafPhotoB_2025-09-08 10_14_32.969-05_00_0.png,2,2.0,2.6518030566939554
1422_LeafPhotoA_2025-09-08 09_43_08.669,PI534123,4,1422_LeafPhotoA_2025-09-08 09_43_08.669-05_00_0.png,2,3.0,2.542588566736196
1422_LeafPhotoA_2025-09-08 09_43_34.234,PI534123,4,1422_LeafPhotoA_2025-09-08 09_43_34.234-05_00_0.png,2,3.0,2.5869147878952816
1422_LeafPhotoA_2025-09-08 09_43_48.954,PI534123,4,1422_LeafPhotoA_2025-09-08 09_43_48.954-05_00_0.png,1,3.0,2.7090858478090967
1422_LeafPhotoB_2025-09-08 10_14_53.433,PI534123,4,1422_LeafPhotoB_2025-09-08 10_14_53.433-05_00_0.png,2,3.5,2.807250658492911
1422_LeafPhotoB_2025-09-08 10_15_09.376,PI534123,4,1422_LeafPhotoB_2025-09-08 10_15_09.376-05_00_0.png,2,3.0,2.519590359892732
1422_LeafPhotoB_2025-09-08 10_15_27.896,PI534123,4,1422_LeafPhotoB_2025-09-08 10_15_27.896-05_00_0.png,2,3.0,2.7549254691365572
1423_LeafPhotoA_2025-09-08 09_45_35.093,PI534142,3,1423_LeafPhotoA_2025-09-08 09_45_35.093-05_00_0.png,2,3.5,3.065632496899862
1423_LeafPhotoA_2025-09-08 09_45_44.647,PI534142,3,1423_LeafPhotoA_2025-09-08 09_45_44.647-05_00_0.png,2,4.0,3.317443717480068
1423_LeafPhotoA_2025-09-08 09_45_59.918,PI534142,3,1423_LeafPhotoA_2025-09-08 09_45_59.918-05_00_0.png,1,3.0,2.7168066958487986
1423_LeafPhotoB_2025-09-08 10_15_40.160,PI534142,3,1423_LeafPhotoB_2025-09-08 10_15_40.160-05_00_0.png,2,3.0,2.837863993965932
1423_LeafPhotoB_2025-09-08 10_16_01.096,PI534142,3,1423_LeafPhotoB_2025-09-08 10_16_01.096-05_00_0.png,2,3.0,2.4546317745153603
1423_LeafPhotoB_2025-09-08 10_16_13.965,PI534142,3,1423_LeafPhotoB_2025-09-08 10_16_13.965-05_00_0.png,2,3.5,3.0377699812186556
1425_LeafPhotoA_2025-09-08 09_46_43.037,PI655980,5,1425_LeafPhotoA_2025-09-08 09_46_43.037-05_00_0.png,1,3.0,2.2928094359678477
1425_LeafPhotoA_2025-09-08 09_47_10.851,PI655980,5,1425_LeafPhotoA_2025-09-08 09_47_10.851-05_00_0.png,2,3.0,2.4225198154886654
1425_LeafPhotoA_2025-09-08 09_47_28.860,PI655980,5,1425_LeafPhotoA_2025-09-08 09_47_28.860-05_00_0.png,2,1.5,2.0811439596217713
1425_LeafPhotoB_2025-09-08 10_17_50.975,PI655980,5,1425_LeafPhotoB_2025-09-08 10_17_50.975-05_00_0.png,2,1.5,2.1243139536893074
1425_LeafPhotoB_2025-09-08 10_18_14.226,PI655980,5,1425_LeafPhotoB_2025-09-08 10_18_14.226-05_00_0.png,2,1.0,2.1218827067540307
1426_LeafPhotoA_2025-09-08 09_47_47.969,PI534010,4,1426_LeafPhotoA_2025-09-08 09_47_47.969-05_00_0.png,1,1.5,1.8597744835294576
1426_LeafPhotoA_2025-09-08 09_48_15.272,PI534010,4,1426_LeafPhotoA_2025-09-08 09_48_15.272-05_00_0.png,2,2.5,1.8237494575277644
1426_LeafPhotoA_2025-09-08 09_48_40.364,PI534010,4,1426_LeafPhotoA_2025-09-08 09_48_40.364-05_00_0.png,2,2.0,1.7648183549487155
1426_LeafPhotoB_2025-09-08 10_18_43.819,PI534010,4,1426_LeafPhotoB_2025-09-08 10_18_43.819-05_00_0.png,2,2.0,1.9160344978711954
1426_LeafPhotoB_2025-09-08 10_18_55.853,PI534010,4,1426_LeafPhotoB_2025-09-08 10_18_55.853-05_00_0.png,1,1.5,2.0584893001552538
1426_LeafPhotoB_2025-09-08 10_19_14.970,PI534010,4,1426_LeafPhotoB_2025-09-08 10_19_14.970-05_00_0.png,2,3.0,2.4546201424714735
1427_LeafPhotoA_2025-09-08 09_49_09.933,PI533905,4,1427_LeafPhotoA_2025-09-08 09_49_09.933-05_00_0.png,2,1.5,2.4851291694169673
1427_LeafPhotoA_2025-09-08 09_49_32.229,PI533905,4,1427_LeafPhotoA_2025-09-08 09_49_32.229-05_00_0.png,2,3.25,2.952140531608915
1427_LeafPhotoA_2025-09-08 09_50_09.893,PI533905,4,1427_LeafPhotoA_2025-09-08 09_50_09.893-05_00_0.png,2,2.5,2.5991962425624773
1427_LeafPhotoB_2025-09-08 10_19_32.588,PI533905,4,1427_LeafPhotoB_2025-09-08 10_19_32.588-05_00_0.png,1,2.75,3.087140143058055
1427_LeafPhotoB_2025-09-08 10_19_51.875,PI533905,4,1427_LeafPhotoB_2025-09-08 10_19_51.875-05_00_0.png,2,3.5,3.0851830494668717
1427_LeafPhotoB_2025-09-08 10_20_17.635,PI533905,4,1427_LeafPhotoB_2025-09-08 10_20_17.635-05_00_0.png,2,2.25,2.6985896152995603
1428_LeafPhotoA_2025-09-08 09_50_33.027,PI533886,4,1428_LeafPhotoA_2025-09-08 09_50_33.027-05_00_0.png,2,2.0,2.1225627423359246
1428_LeafPhotoA_2025-09-08 09_51_08.468,PI533886,4,1428_LeafPhotoA_2025-09-08 09_51_08.468-05_00_0.png,2,1.5,2.087341081645825
1428_LeafPhotoA_2025-09-08 09_51_33.104,PI533886,4,1428_LeafPhotoA_2025-09-08 09_51_33.104-05_00_0.png,2,2.0,1.9959194655071884
1428_LeafPhotoB_2025-09-08 10_20_34.301,PI533886,4,1428_LeafPhotoB_2025-09-08 10_20_34.301-05_00_0.png,2,3.0,2.279912897036955
1428_LeafPhotoB_2025-09-08 10_20_44.859,PI533886,4,1428_LeafPhotoB_2025-09-08 10_20_44.859-05_00_0.png,2,3.0,2.392137783383197
1428_LeafPhotoB_2025-09-08 10_20_54.940,PI533886,4,1428_LeafPhotoB_2025-09-08 10_20_54.940-05_00_0.png,2,1.5,2.9513758128030396
1429_LeafPhotoB_2025-09-08 10_21_27.167,PI534158,2,1429_LeafPhotoB_2025-09-08 10_21_27.167-05_00_0.png,2,2.0,1.6094459857871968
1429_LeafPhotoB_2025-09-08 10_21_45.012,PI534158,2,1429_LeafPhotoB_2025-09-08 10_21_45.012-05_00_0.png,2,1.5,1.690256094155513
1429_LeafPhotoB_2025-09-08 10_21_59.306,PI534158,2,1429_LeafPhotoB_2025-09-08 10_21_59.306-05_00_0.png,2,2.5,2.006488349806207
1430_LeafPhotoB_2025-09-08 10_22_13.491,PI656094,1,1430_LeafPhotoB_2025-09-08 10_22_13.491-05_00_0.png,2,2.5,1.8589444536631738
1430_LeafPhotoB_2025-09-08 10_22_26.749,PI656094,1,1430_LeafPhotoB_2025-09-08 10_22_26.749-05_00_0.png,2,2.5,2.162512187902351
1430_LeafPhotoB_2025-09-08 10_22_40.647,PI656094,1,1430_LeafPhotoB_2025-09-08 10_22_40.647-05_00_0.png,1,2.5,2.363081037139782
1431_LeafPhotoB_2025-09-08 10_22_58.506,PI595711,3,1431_LeafPhotoB_2025-09-08 10_22_58.506-05_00_0.png,2,2.5,1.9410309880861414
1431_LeafPhotoB_2025-09-08 10_23_11.656,PI595711,3,1431_LeafPhotoB_2025-09-08 10_23_11.656-05_00_0.png,2,2.0,2.3274379697757754
1431_LeafPhotoB_2025-09-08 10_23_26.888,PI595711,3,1431_LeafPhotoB_2025-09-08 10_23_26.888-05_00_0.png,2,2.5,2.0130810144727582
1432_LeafPhotoB_2025-09-08 10_23_48.158,PI655996,2,1432_LeafPhotoB_2025-09-08 10_23_48.158-05_00_0.png,2,1.5,1.835362381564889
1432_LeafPhotoB_2025-09-08 10_24_14.621,PI655996,2,1432_LeafPhotoB_2025-09-08 10_24_14.621-05_00_0.png,2,1.5,1.812913257776039
1432_LeafPhotoB_2025-09-08 10_24_34.385,PI655996,2,1432_LeafPhotoB_2025-09-08 10_24_34.385-05_00_0.png,2,2.5,1.9230353353968883
1432_LeafPhotoB_2025-09-08 10_24_35.058,PI655996,2,1432_LeafPhotoB_2025-09-08 10_24_35.058-05_00_0.png,2,3.0,1.9776132307194967
1433_LeafPhotoB_2025-09-08 10_24_54.548,PI564163,1,1433_LeafPhotoB_2025-09-08 10_24_54.548-05_00_0.png,2,2.0,1.6618710308711062
1433_LeafPhotoB_2025-09-08 10_25_14.329,PI564163,1,1433_LeafPhotoB_2025-09-08 10_25_14.329-05_00_0.png,2,2.0,1.9512889508838478
1433_LeafPhotoB_2025-09-08 10_25_25.543,PI564163,1,1433_LeafPhotoB_2025-09-08 10_25_25.543-05_00_0.png,2,1.0,1.5799794685454283
1434_LeafPhotoB_2025-09-08 10_25_43.558,PI533831,2,1434_LeafPhotoB_2025-09-08 10_25_43.558-05_00_0.png,1,2.5,2.7528890122189127
1434_LeafPhotoB_2025-09-08 10_25_56.347,PI533831,2,1434_LeafPhotoB_2025-09-08 10_25_56.347-05_00_0.png,2,1.75,1.9460258862654405
1434_LeafPhotoB_2025-09-08 10_26_11.159,PI533831,2,1434_LeafPhotoB_2025-09-08 10_26_11.159-05_00_0.png,1,2.0,2.189999175146803
1435_LeafPhotoB_2025-09-08 10_26_34.129,PI533942,4,1435_LeafPhotoB_2025-09-08 10_26_34.129-05_00_0.png,2,3.0,2.6435089322839613
1435_LeafPhotoB_2025-09-08 10_27_06.390,PI533942,4,1435_LeafPhotoB_2025-09-08 10_27_06.390-05_00_0.png,2,2.5,2.4557421003714666
1435_LeafPhotoB_2025-09-08 10_27_28.480,PI533942,4,1435_LeafPhotoB_2025-09-08 10_27_28.480-05_00_0.png,2,2.5,2.22074368293278
1437_LeafPhotoB_2025-09-08 10_27_55.443,PI576421,1,1437_LeafPhotoB_2025-09-08 10_27_55.443-05_00_0.png,1,3.0,2.4322886979997174
1437_LeafPhotoB_2025-09-08 10_28_09.727,PI576421,1,1437_LeafPhotoB_2025-09-08 10_28_09.727-05_00_0.png,2,2.0,2.538201925958049
1437_LeafPhotoB_2025-09-08 10_28_28.391,PI576421,1,1437_LeafPhotoB_2025-09-08 10_28_28.391-05_00_0.png,2,2.5,2.7123951293678243
1438_LeafPhotoB_2025-09-08 10_28_46.756,PI655989,3,1438_LeafPhotoB_2025-09-08 10_28_46.756-05_00_0.png,1,2.5,2.322802730655915
1438_LeafPhotoB_2025-09-08 10_28_59.226,PI655989,3,1438_LeafPhotoB_2025-09-08 10_28_59.226-05_00_0.png,2,2.5,2.442012768007706
1438_LeafPhotoB_2025-09-08 10_29_14.214,PI655989,3,1438_LeafPhotoB_2025-09-08 10_29_14.214-05_00_0.png,2,2.5,2.307976949144161
1439_LeafPhotoB_2025-09-08 10_29_31.631,PI576339,4,1439_LeafPhotoB_2025-09-08 10_29_31.631-05_00_0.png,1,1.0,1.8950653520767597
1439_LeafPhotoB_2025-09-08 10_29_47.790,PI576339,4,1439_LeafPhotoB_2025-09-08 10_29_47.790-05_00_0.png,2,1.5,1.9651597356773356
1439_LeafPhotoB_2025-09-08 10_30_09.882,PI576339,4,1439_LeafPhotoB_2025-09-08 10_30_09.882-05_00_0.png,2,2.5,1.9366595442945023
1440_LeafPhotoB_2025-09-08 10_30_29.467,PI656020,1,1440_LeafPhotoB_2025-09-08 10_30_29.467-05_00_0.png,2,3.0,1.7957633908850612
1440_LeafPhotoB_2025-09-08 10_30_46.051,PI656020,1,1440_LeafPhotoB_2025-09-08 10_30_46.051-05_00_0.png,2,2.5,2.481122330163925
1440_LeafPhotoB_2025-09-08 10_31_00.422,PI656020,1,1440_LeafPhotoB_2025-09-08 10_31_00.422-05_00_0.png,2,2.5,3.1690599300128053
1442_LeafPhotoB_2025-09-08 10_31_26.108,PI533994,2,1442_LeafPhotoB_2025-09-08 10_31_26.108-05_00_0.png,2,1.25,1.5963930887358446
1442_LeafPhotoB_2025-09-08 10_31_39.975,PI533994,2,1442_LeafPhotoB_2025-09-08 10_31_39.975-05_00_0.png,2,2.0,1.7234243177917694
1442_LeafPhotoB_2025-09-08 10_31_55.394,PI533994,2,1442_LeafPhotoB_2025-09-08 10_31_55.394-05_00_0.png,2,1.0,1.7474845060474686
1443_LeafPhotoB_2025-09-08 10_32_09.583,PI153846,5,1443_LeafPhotoB_2025-09-08 10_32_09.583-05_00_0.png,2,1.5,1.8604368259712065
1443_LeafPhotoB_2025-09-08 10_32_18.840,PI153846,5,1443_LeafPhotoB_2025-09-08 10_32_18.840-05_00_0.png,2,1.5,2.1124198749688974
1443_LeafPhotoB_2025-09-08 10_32_32.870,PI153846,5,1443_LeafPhotoB_2025-09-08 10_32_32.870-05_00_0.png,1,2.5,1.773086737055133
1444_LeafPhotoB_2025-09-08 10_32_52.147,PI576387,5,1444_LeafPhotoB_2025-09-08 10_32_52.147-05_00_0.png,2,2.0,2.078327621212781
1444_LeafPhotoB_2025-09-08 10_33_19.309,PI576387,5,1444_LeafPhotoB_2025-09-08 10_33_19.309-05_00_0.png,2,2.0,1.8600863033487829
1445_LeafPhotoB_2025-09-08 10_33_50.397,PI576366,4,1445_LeafPhotoB_2025-09-08 10_33_50.397-05_00_0.png,2,1.5,2.1404354526396787
1445_LeafPhotoB_2025-09-08 10_34_39.346,PI576366,4,1445_LeafPhotoB_2025-09-08 10_34_39.346-05_00_0.png,2,1.75,2.378913514433195
1445_LeafPhotoB_2025-09-08 10_34_53.870,PI576366,4,1445_LeafPhotoB_2025-09-08 10_34_53.870-05_00_0.png,2,1.5,2.153937048471394
1446_LeafPhotoB_2025-09-08 10_35_11.158,PI533979,1,1446_LeafPhotoB_2025-09-08 10_35_11.158-05_00_0.png,2,1.0,1.5879288999442756
1446_LeafPhotoB_2025-09-08 10_35_24.930,PI533979,1,1446_LeafPhotoB_2025-09-08 10_35_24.930-05_00_0.png,2,1.0,1.6659294027280653
1446_LeafPhotoB_2025-09-08 10_35_35.863,PI533979,1,1446_LeafPhotoB_2025-09-08 10_35_35.863-05_00_0.png,2,2.5,1.7410752027095442
1447_LeafPhotoB_2025-09-08 10_35_48.540,PI153844,2,1447_LeafPhotoB_2025-09-08 10_35_48.540-05_00_0.png,2,2.0,1.981474997784779
1447_LeafPhotoB_2025-09-08 10_35_59.468,PI153844,2,1447_LeafPhotoB_2025-09-08 10_35_59.468-05_00_0.png,2,2.0,2.157814649525045
1447_LeafPhotoB_2025-09-08 10_36_13.275,PI153844,2,1447_LeafPhotoB_2025-09-08 10_36_13.275-05_00_0.png,2,2.5,1.7987644020026352
1449_LeafPhotoB_2025-09-08 10_36_57.248,SC0463,3,1449_LeafPhotoB_2025-09-08 10_36_57.248-05_00_0.png,2,2.5,1.8027751838434132
1449_LeafPhotoB_2025-09-08 10_37_14.657,SC0463,3,1449_LeafPhotoB_2025-09-08 10_37_14.657-05_00_0.png,2,2.5,2.581007120721373
1449_LeafPhotoB_2025-09-08 10_37_44.031,SC0463,3,1449_LeafPhotoB_2025-09-08 10_37_44.031-05_00_0.png,1,2.0,2.304428172033952
1450_LeafPhotoB_2025-09-08 10_38_14.719,PI534128,1,1450_LeafPhotoB_2025-09-08 10_38_14.719-05_00_0.png,2,2.5,2.2144227640254477
1450_LeafPhotoB_2025-09-08 10_38_28.773,PI534128,1,1450_LeafPhotoB_2025-09-08 10_38_28.773-05_00_0.png,2,3.0,2.3653085309057906
1450_LeafPhotoB_2025-09-08 10_38_42.061,PI534128,1,1450_LeafPhotoB_2025-09-08 10_38_42.061-05_00_0.png,2,3.0,2.4832386946745006
1451_LeafPhotoB_2025-09-08 12_26_52.151,PI534017,3,1451_LeafPhotoB_2025-09-08 12_26_52.151-05_00_0.png,2,2.0,2.076826799162478
1451_LeafPhotoB_2025-09-08 12_27_08.432,PI534017,3,1451_LeafPhotoB_2025-09-08 12_27_08.432-05_00_0.png,2,2.0,1.823570306894757
1451_LeafPhotoB_2025-09-08 12_27_31.222,PI534017,3,1451_LeafPhotoB_2025-09-08 12_27_31.222-05_00_0.png,2,2.5,2.4094718007548437
1452_LeafPhotoB_2025-09-08 12_28_04.292,PI533794,3,1452_LeafPhotoB_2025-09-08 12_28_04.292-05_00_0.png,2,2.0,1.6203534543402462
1452_LeafPhotoB_2025-09-08 12_28_18.852,PI533794,3,1452_LeafPhotoB_2025-09-08 12_28_18.852-05_00_0.png,2,1.5,1.7054264730096202
1452_LeafPhotoB_2025-09-08 12_28_36.613,PI533794,3,1452_LeafPhotoB_2025-09-08 12_28_36.613-05_00_0.png,1,1.0,1.7535045485434242
1453_LeafPhotoB_2025-09-08 12_28_55.069,PI533964,4,1453_LeafPhotoB_2025-09-08 12_28_55.069-05_00_0.png,2,1.5,1.7131553645217457
1453_LeafPhotoB_2025-09-08 12_29_19.500,PI533964,4,1453_LeafPhotoB_2025-09-08 12_29_19.500-05_00_0.png,2,1.5,1.7659143866840068
1453_LeafPhotoB_2025-09-08 12_29_33.966,PI533964,4,1453_LeafPhotoB_2025-09-08 12_29_33.966-05_00_0.png,2,1.5,1.7914257581352704
1454_LeafPhotoB_2025-09-08 12_30_04.447,PI534039,4,1454_LeafPhotoB_2025-09-08 12_30_04.447-05_00_0.png,2,2.0,2.0591697712364616
1454_LeafPhotoB_2025-09-08 12_30_18.686,PI534039,4,1454_LeafPhotoB_2025-09-08 12_30_18.686-05_00_0.png,2,3.0,2.614231147339933
1454_LeafPhotoB_2025-09-08 12_30_37.592,PI534039,4,1454_LeafPhotoB_2025-09-08 12_30_37.592-05_00_0.png,1,3.0,2.7470443580306028
1455_LeafPhotoB_2025-09-08 12_30_57.508,PI656034,3,1455_LeafPhotoB_2025-09-08 12_30_57.508-05_00_0.png,2,1.0,1.7141056743375271
1455_LeafPhotoB_2025-09-08 12_31_16.896,PI656034,3,1455_LeafPhotoB_2025-09-08 12_31_16.896-05_00_0.png,2,1.5,1.789341485304078
1455_LeafPhotoB_2025-09-08 12_31_33.579,PI656034,3,1455_LeafPhotoB_2025-09-08 12_31_33.579-05_00_0.png,2,1.5,1.7099399181996904
1456_LeafPhotoB_2025-09-08 12_32_10.307,SC0191,3,1456_LeafPhotoB_2025-09-08 12_32_10.307-05_00_0.png,2,1.5,2.0493397247096774
1456_LeafPhotoB_2025-09-08 12_32_32.393,SC0191,3,1456_LeafPhotoB_2025-09-08 12_32_32.393-05_00_0.png,2,1.25,1.886499895810413
1456_LeafPhotoB_2025-09-08 12_32_43.034,SC0191,3,1456_LeafPhotoB_2025-09-08 12_32_43.034-05_00_0.png,2,3.5,2.63922223051754
1457_LeafPhotoB_2025-09-08 12_33_31.319,PI564163,1,1457_LeafPhotoB_2025-09-08 12_33_31.319-05_00_0.png,2,2.0,2.18738230398216
1457_LeafPhotoB_2025-09-08 12_33_49.003,PI564163,1,1457_LeafPhotoB_2025-09-08 12_33_49.003-05_00_0.png,2,3.0,2.412690777784096
1458_LeafPhotoB_2025-09-08 12_34_05.630,SC0297,5,1458_LeafPhotoB_2025-09-08 12_34_05.630-05_00_0.png,2,3.5,3.475273619498885
1458_LeafPhotoB_2025-09-08 12_34_26.038,SC0297,5,1458_LeafPhotoB_2025-09-08 12_34_26.038-05_00_0.png,1,4.5,3.226814521286913
1458_LeafPhotoB_2025-09-08 12_34_59.608,SC0297,5,1458_LeafPhotoB_2025-09-08 12_34_59.608-05_00_0.png,2,3.5,3.145513634604322
1459_LeafPhotoB_2025-09-08 12_35_29.491,PI533904,2,1459_LeafPhotoB_2025-09-08 12_35_29.491-05_00_0.png,1,2.5,3.5944353047650037
1459_LeafPhotoB_2025-09-08 12_35_52.246,PI533904,2,1459_LeafPhotoB_2025-09-08 12_35_52.246-05_00_0.png,2,2.5,2.8863362005265567
1460_LeafPhotoB_2025-09-08 12_36_50.012,PI595743,3,1460_LeafPhotoB_2025-09-08 12_36_50.012-05_00_0.png,2,3.0,2.726368833470839
1460_LeafPhotoB_2025-09-08 12_37_19.999,PI595743,3,1460_LeafPhotoB_2025-09-08 12_37_19.999-05_00_0.png,2,3.5,2.9089882603798776
1461_LeafPhotoB_2025-09-08 16_23_03.412,PI564163,1,1461_LeafPhotoB_2025-09-08 16_23_03.412-05_00_0.png,1,2.0,2.253634370710878
1461_LeafPhotoB_2025-09-08 16_23_38.151,PI564163,1,1461_LeafPhotoB_2025-09-08 16_23_38.151-05_00_0.png,1,2.5,1.9984657530472825
1462_LeafPhotoB_2025-09-08 16_26_18.579,PI534054,1,1462_LeafPhotoB_2025-09-08 16_26_18.579-05_00_0.png,2,1.25,1.7891376536083927
1462_LeafPhotoB_2025-09-08 16_26_32.765,PI534054,1,1462_LeafPhotoB_2025-09-08 16_26_32.765-05_00_0.png,2,1.5,1.9848192657688735
1462_LeafPhotoB_2025-09-08 16_26_49.146,PI534054,1,1462_LeafPhotoB_2025-09-08 16_26_49.146-05_00_0.png,2,3.0,2.56318505501169
1463_LeafPhotoB_2025-09-08 16_27_04.088,PI561073,4,1463_LeafPhotoB_2025-09-08 16_27_04.088-05_00_0.png,2,1.0,1.7065478579029794
1463_LeafPhotoB_2025-09-08 16_27_20.224,PI561073,4,1463_LeafPhotoB_2025-09-08 16_27_20.224-05_00_0.png,2,1.5,1.6986750333118448
1463_LeafPhotoB_2025-09-08 16_27_34.797,PI561073,4,1463_LeafPhotoB_2025-09-08 16_27_34.797-05_00_0.png,2,2.0,1.615976505050246
1464_LeafPhotoB_2025-09-08 16_27_57.851,PI534034,2,1464_LeafPhotoB_2025-09-08 16_27_57.851-05_00_0.png,2,1.75,2.65961092359438
1464_LeafPhotoB_2025-09-08 16_28_08.137,PI534034,2,1464_LeafPhotoB_2025-09-08 16_28_08.137-05_00_0.png,2,2.5,1.9786111649224345
1464_LeafPhotoB_2025-09-08 16_28_20.275,PI534034,2,1464_LeafPhotoB_2025-09-08 16_28_20.275-05_00_0.png,2,2.5,2.4530521249060193
1465_LeafPhotoB_2025-09-08 16_28_36.566,PI597958,5,1465_LeafPhotoB_2025-09-08 16_28_36.566-05_00_0.png,2,2.0,2.105197243982657
1465_LeafPhotoB_2025-09-08 16_28_56.144,PI597958,5,1465_LeafPhotoB_2025-09-08 16_28_56.144-05_00_0.png,1,1.5,2.006824925767008
1465_LeafPhotoB_2025-09-08 16_29_10.998,PI597958,5,1465_LeafPhotoB_2025-09-08 16_29_10.998-05_00_0.png,2,2.0,1.8599239373445713
1466_LeafPhotoB_2025-09-08 16_29_29.831,PI656100,1,1466_LeafPhotoB_2025-09-08 16_29_29.831-05_00_0.png,2,2.0,1.961770151183094
1466_LeafPhotoB_2025-09-08 16_29_39.552,PI656100,1,1466_LeafPhotoB_2025-09-08 16_29_39.552-05_00_0.png,2,1.25,1.6559108355085241
1466_LeafPhotoB_2025-09-08 16_29_40.288,PI656100,1,1466_LeafPhotoB_2025-09-08 16_29_40.288-05_00_0.png,2,1.5,1.6275353460932416
1466_LeafPhotoB_2025-09-08 16_29_52.930,PI656100,1,1466_LeafPhotoB_2025-09-08 16_29_52.930-05_00_0.png,2,2.0,1.6971648839907536
1467_LeafPhotoB_2025-09-08 16_30_05.950,PI564163,1,1467_LeafPhotoB_2025-09-08 16_30_05.950-05_00_0.png,2,1.5,2.016733692727124
1467_LeafPhotoB_2025-09-08 16_30_17.890,PI564163,1,1467_LeafPhotoB_2025-09-08 16_30_17.890-05_00_0.png,2,1.5,1.953664246537623
1467_LeafPhotoB_2025-09-08 16_30_30.667,PI564163,1,1467_LeafPhotoB_2025-09-08 16_30_30.667-05_00_0.png,2,2.0,2.3545414814111156
1468_LeafPhotoB_2025-09-08 16_30_51.912,SC0618,3,1468_LeafPhotoB_2025-09-08 16_30_51.912-05_00_0.png,2,2.0,1.765031357407239
1468_LeafPhotoB_2025-09-08 16_31_09.404,SC0618,3,1468_LeafPhotoB_2025-09-08 16_31_09.404-05_00_0.png,2,1.25,1.8503989010605457
1468_LeafPhotoB_2025-09-08 16_31_26.894,SC0618,3,1468_LeafPhotoB_2025-09-08 16_31_26.894-05_00_0.png,2,1.25,2.038633273268701
1469_LeafPhotoB_2025-09-08 16_35_32.382,PI656054,1,1469_LeafPhotoB_2025-09-08 16_35_32.382-05_00_0.png,2,1.0,1.730399765882554
1469_LeafPhotoB_2025-09-08 16_35_58.479,PI656054,1,1469_LeafPhotoB_2025-09-08 16_35_58.479-05_00_0.png,2,1.5,1.6590230501028982
1469_LeafPhotoB_2025-09-08 16_36_09.551,PI656054,1,1469_LeafPhotoB_2025-09-08 16_36_09.551-05_00_0.png,2,1.0,1.5974594513505014
1470_LeafPhotoB_2025-09-08 16_36_29.530,PI656036,4,1470_LeafPhotoB_2025-09-08 16_36_29.530-05_00_0.png,2,1.0,1.476593310853664
1470_LeafPhotoB_2025-09-08 16_36_49.715,PI656036,4,1470_LeafPhotoB_2025-09-08 16_36_49.715-05_00_0.png,2,1.0,1.6451714533961057
1470_LeafPhotoB_2025-09-08 16_37_07.996,PI656036,4,1470_LeafPhotoB_2025-09-08 16_37_07.996-05_00_0.png,2,1.0,1.6730841428254843
1471_LeafPhotoB_2025-09-08 16_37_30.951,PI533765,5,1471_LeafPhotoB_2025-09-08 16_37_30.951-05_00_0.png,2,3.0,2.4077505660571332
1471_LeafPhotoB_2025-09-08 16_37_42.651,PI533765,5,1471_LeafPhotoB_2025-09-08 16_37_42.651-05_00_0.png,2,3.0,3.110780761282827
1471_LeafPhotoB_2025-09-08 16_38_00.298,PI533765,5,1471_LeafPhotoB_2025-09-08 16_38_00.298-05_00_0.png,2,3.5,2.6373587479163114
1472_LeafPhotoB_2025-09-08 16_38_16.048,PI48770,4,1472_LeafPhotoB_2025-09-08 16_38_16.048-05_00_0.png,2,2.5,1.9771813570148058
1472_LeafPhotoB_2025-09-08 16_38_48.113,PI48770,4,1472_LeafPhotoB_2025-09-08 16_38_48.113-05_00_0.png,1,1.5,2.2630635631997875
1473_LeafPhotoB_2025-09-08 16_39_20.032,SC0263,4,1473_LeafPhotoB_2025-09-08 16_39_20.032-05_00_0.png,2,1.5,2.1402438359703178
1473_LeafPhotoB_2025-09-08 16_39_33.249,SC0263,4,1473_LeafPhotoB_2025-09-08 16_39_33.249-05_00_0.png,2,2.5,2.1024243941054204
1473_LeafPhotoB_2025-09-08 16_40_01.080,SC0263,4,1473_LeafPhotoB_2025-09-08 16_40_01.080-05_00_0.png,2,1.5,1.925158960293879
1474_LeafPhotoB_2025-09-08 16_40_18.602,PI597966,4,1474_LeafPhotoB_2025-09-08 16_40_18.602-05_00_0.png,2,2.5,2.508314258247771
1474_LeafPhotoB_2025-09-08 16_40_31.348,PI597966,4,1474_LeafPhotoB_2025-09-08 16_40_31.348-05_00_0.png,2,3.0,2.242581698953349
1474_LeafPhotoB_2025-09-08 16_40_44.789,PI597966,4,1474_LeafPhotoB_2025-09-08 16_40_44.789-05_00_0.png,2,2.0,2.2729672434527126
1476_LeafPhotoB_2025-09-08 16_41_16.108,PI533987,3,1476_LeafPhotoB_2025-09-08 16_41_16.108-05_00_0.png,2,1.5,2.357083967492069
1476_LeafPhotoB_2025-09-08 16_41_31.914,PI533987,3,1476_LeafPhotoB_2025-09-08 16_41_31.914-05_00_0.png,2,2.5,1.9636616801938196
1476_LeafPhotoB_2025-09-08 16_41_47.993,PI533987,3,1476_LeafPhotoB_2025-09-08 16_41_47.993-05_00_0.png,2,2.0,1.8706514696903211
1477_LeafPhotoB_2025-09-08 16_42_07.762,PI656118,2,1477_LeafPhotoB_2025-09-08 16_42_07.762-05_00_0.png,2,1.5,1.8334289929519227
1477_LeafPhotoB_2025-09-08 16_42_21.068,PI656118,2,1477_LeafPhotoB_2025-09-08 16_42_21.068-05_00_0.png,2,2.0,1.8483261853627297
1477_LeafPhotoB_2025-09-08 16_42_33.646,PI656118,2,1477_LeafPhotoB_2025-09-08 16_42_33.646-05_00_0.png,2,1.5,1.6983695810244648
1478_LeafPhotoB_2025-09-08 16_42_49.010,PI534136,5,1478_LeafPhotoB_2025-09-08 16_42_49.010-05_00_0.png,2,2.0,2.200718953786581
1478_LeafPhotoB_2025-09-08 16_42_58.947,PI534136,5,1478_LeafPhotoB_2025-09-08 16_42_58.947-05_00_0.png,2,1.5,2.0098323834855396
1478_LeafPhotoB_2025-09-08 16_43_12.786,PI534136,5,1478_LeafPhotoB_2025-09-08 16_43_12.786-05_00_0.png,2,1.5,1.7663745883340178
1479_LeafPhotoB_2025-09-08 16_43_30.857,PI576409,4,1479_LeafPhotoB_2025-09-08 16_43_30.857-05_00_0.png,2,1.75,2.6122325520744725
1479_LeafPhotoB_2025-09-08 16_43_43.184,PI576409,4,1479_LeafPhotoB_2025-09-08 16_43_43.184-05_00_0.png,2,2.5,2.4783279717509
1479_LeafPhotoB_2025-09-08 16_43_58.192,PI576409,4,1479_LeafPhotoB_2025-09-08 16_43_58.192-05_00_0.png,2,2.25,2.290463982080223
1480_LeafPhotoB_2025-09-08 16_44_17.993,PI595724,3,1480_LeafPhotoB_2025-09-08 16_44_17.993-05_00_0.png,2,3.0,2.3228943277388496
1480_LeafPhotoB_2025-09-08 16_45_21.155,PI595724,3,1480_LeafPhotoB_2025-09-08 16_45_21.155-05_00_0.png,2,1.5,2.266560422505138
1481_LeafPhotoB_2025-09-08 16_45_59.268,PI576402,3,1481_LeafPhotoB_2025-09-08 16_45_59.268-05_00_0.png,1,2.5,2.562770754156722
1481_LeafPhotoB_2025-09-08 16_46_18.777,PI576402,3,1481_LeafPhotoB_2025-09-08 16_46_18.777-05_00_0.png,2,2.5,2.1886417682608243
1481_LeafPhotoB_2025-09-08 16_46_46.962,PI576402,3,1481_LeafPhotoB_2025-09-08 16_46_46.962-05_00_0.png,1,1.5,2.068662799365863
1482_LeafPhotoB_2025-09-08 16_47_26.736,PI534159,2,1482_LeafPhotoB_2025-09-08 16_47_26.736-05_00_0.png,2,3.0,2.352252643104228
1482_LeafPhotoB_2025-09-08 16_47_43.625,PI534159,2,1482_LeafPhotoB_2025-09-08 16_47_43.625-05_00_0.png,2,1.5,1.8809021762672002
1482_LeafPhotoB_2025-09-08 16_48_03.824,PI534159,2,1482_LeafPhotoB_2025-09-08 16_48_03.824-05_00_0.png,2,2.0,1.9462013898862913
1483_LeafPhotoB_2025-09-08 16_48_19.448,PI534076,3,1483_LeafPhotoB_2025-09-08 16_48_19.448-05_00_0.png,2,1.5,1.890271180314307
1483_LeafPhotoB_2025-09-08 16_48_33.487,PI534076,3,1483_LeafPhotoB_2025-09-08 16_48_33.487-05_00_0.png,2,1.25,1.8585351429439252
1483_LeafPhotoB_2025-09-08 16_48_47.018,PI534076,3,1483_LeafPhotoB_2025-09-08 16_48_47.018-05_00_0.png,2,1.75,1.8181315123729838
1484_LeafPhotoB_2025-09-08 16_49_07.005,PI534094,1,1484_LeafPhotoB_2025-09-08 16_49_07.005-05_00_0.png,2,2.5,2.1695992602380025
1484_LeafPhotoB_2025-09-08 16_49_20.878,PI534094,1,1484_LeafPhotoB_2025-09-08 16_49_20.878-05_00_0.png,2,2.0,2.2197235633583206
1484_LeafPhotoB_2025-09-08 16_49_33.890,PI534094,1,1484_LeafPhotoB_2025-09-08 16_49_33.890-05_00_0.png,2,2.5,2.4749984771899562
1485_LeafPhotoB_2025-09-08 16_49_47.906,PI534056,3,1485_LeafPhotoB_2025-09-08 16_49_47.906-05_00_0.png,2,2.5,2.761389818887503
1485_LeafPhotoB_2025-09-08 16_50_02.303,PI534056,3,1485_LeafPhotoB_2025-09-08 16_50_02.303-05_00_0.png,2,2.5,2.046509706175397
1485_LeafPhotoB_2025-09-08 16_50_12.154,PI534056,3,1485_LeafPhotoB_2025-09-08 16_50_12.154-05_00_0.png,2,3.5,2.8094795853346497
1486_LeafPhotoB_2025-09-08 16_50_43.463,PI534106,2,1486_LeafPhotoB_2025-09-08 16_50_43.463-05_00_0.png,2,2.5,2.2985408345779494
1486_LeafPhotoB_2025-09-08 16_50_58.987,PI534106,2,1486_LeafPhotoB_2025-09-08 16_50_58.987-05_00_0.png,2,1.5,2.4987111290130475
1486_LeafPhotoB_2025-09-08 16_51_13.008,PI534106,2,1486_LeafPhotoB_2025-09-08 16_51_13.008-05_00_0.png,2,3.0,2.4913911333173595
1487_LeafPhotoB_2025-09-08 16_51_33.738,PI533834,3,1487_LeafPhotoB_2025-09-08 16_51_33.738-05_00_0.png,2,1.75,2.2275219317084405
1487_LeafPhotoB_2025-09-08 16_51_50.666,PI533834,3,1487_LeafPhotoB_2025-09-08 16_51_50.666-05_00_0.png,2,2.0,1.9860296753657778
1487_LeafPhotoB_2025-09-08 16_52_05.100,PI533834,3,1487_LeafPhotoB_2025-09-08 16_52_05.100-05_00_0.png,1,2.0,2.402429195991146
1488_LeafPhotoB_2025-09-08 16_52_22.057,PI533781,3,1488_LeafPhotoB_2025-09-08 16_52_22.057-05_00_0.png,2,3.0,2.3160162294505677
1488_LeafPhotoB_2025-09-08 16_52_36.463,PI533781,3,1488_LeafPhotoB_2025-09-08 16_52_36.463-05_00_0.png,2,2.75,2.8889638161904796
1488_LeafPhotoB_2025-09-08 16_52_49.070,PI533781,3,1488_LeafPhotoB_2025-09-08 16_52_49.070-05_00_0.png,2,3.0,2.4252650454552294
1489_LeafPhotoB_2025-09-08 16_53_08.357,PI533935,3,1489_LeafPhotoB_2025-09-08 16_53_08.357-05_00_0.png,2,3.0,2.605486909076034
1489_LeafPhotoB_2025-09-08 16_53_25.071,PI533935,3,1489_LeafPhotoB_2025-09-08 16_53_25.071-05_00_0.png,2,3.5,3.163105280317817
1489_LeafPhotoB_2025-09-08 16_53_25.747,PI533935,3,1489_LeafPhotoB_2025-09-08 16_53_25.747-05_00_0.png,2,3.5,3.175891002728436
1489_LeafPhotoB_2025-09-08 16_53_40.419,PI533935,3,1489_LeafPhotoB_2025-09-08 16_53_40.419-05_00_0.png,2,2.5,2.404447389420651
1490_LeafPhotoB_2025-09-08 16_54_04.216,PI613536,2,1490_LeafPhotoB_2025-09-08 16_54_04.216-05_00_0.png,1,2.5,2.577519498605594
1490_LeafPhotoB_2025-09-08 16_54_17.946,PI613536,2,1490_LeafPhotoB_2025-09-08 16_54_17.946-05_00_0.png,2,2.5,2.40389465101059
1490_LeafPhotoB_2025-09-08 16_54_44.052,PI613536,2,1490_LeafPhotoB_2025-09-08 16_54_44.052-05_00_0.png,1,1.5,2.495385510198167
1491_LeafPhotoB_2025-09-08 16_54_59.348,PI533953,4,1491_LeafPhotoB_2025-09-08 16_54_59.348-05_00_0.png,1,3.5,2.5964145560375713
1491_LeafPhotoB_2025-09-08 16_55_16.219,PI533953,4,1491_LeafPhotoB_2025-09-08 16_55_16.219-05_00_0.png,2,3.0,2.0821502556782754
1491_LeafPhotoB_2025-09-08 16_55_33.374,PI533953,4,1491_LeafPhotoB_2025-09-08 16_55_33.374-05_00_0.png,2,3.0,2.6876714884251474
1492_LeafPhotoB_2025-09-08 16_55_50.896,PI564163,1,1492_LeafPhotoB_2025-09-08 16_55_50.896-05_00_0.png,2,2.0,1.5992484054553882
1492_LeafPhotoB_2025-09-08 16_56_04.972,PI564163,1,1492_LeafPhotoB_2025-09-08 16_56_04.972-05_00_0.png,2,1.5,1.7603658014249939
1492_LeafPhotoB_2025-09-08 16_56_25.125,PI564163,1,1492_LeafPhotoB_2025-09-08 16_56_25.125-05_00_0.png,1,2.5,1.9648311453409213
1493_LeafPhotoB_2025-09-08 16_56_46.199,PI534125,3,1493_LeafPhotoB_2025-09-08 16_56_46.199-05_00_0.png,2,2.0,2.73837517038314
1493_LeafPhotoB_2025-09-08 16_57_00.908,PI534125,3,1493_LeafPhotoB_2025-09-08 16_57_00.908-05_00_0.png,2,2.5,2.9233756792882595
1493_LeafPhotoB_2025-09-08 16_57_17.227,PI534125,3,1493_LeafPhotoB_2025-09-08 16_57_17.227-05_00_0.png,2,2.0,2.1439202721572848
1494_LeafPhotoB_2025-09-08 16_57_43.923,SC1133,4,1494_LeafPhotoB_2025-09-08 16_57_43.923-05_00_0.png,2,2.0,2.1035626049894
1494_LeafPhotoB_2025-09-08 16_57_56.808,SC1133,4,1494_LeafPhotoB_2025-09-08 16_57_56.808-05_00_0.png,2,2.5,2.386805418914587
1494_LeafPhotoB_2025-09-08 16_58_14.924,SC1133,4,1494_LeafPhotoB_2025-09-08 16_58_14.924-05_00_0.png,2,2.0,2.719193732654087
1495_LeafPhotoB_2025-09-08 16_59_04.309,SC0550,4,1495_LeafPhotoB_2025-09-08 16_59_04.309-05_00_0.png,2,1.5,2.401951797011898
1495_LeafPhotoB_2025-09-08 16_59_36.020,SC0550,4,1495_LeafPhotoB_2025-09-08 16_59_36.020-05_00_0.png,2,2.5,2.5300625312005227
1495_LeafPhotoB_2025-09-08 16_59_59.798,SC0550,4,1495_LeafPhotoB_2025-09-08 16_59_59.798-05_00_0.png,2,2.0,2.34992782005791
1496_LeafPhotoB_2025-09-08 17_00_27.437,PI564163,1,1496_LeafPhotoB_2025-09-08 17_00_27.437-05_00_0.png,2,1.5,1.9110160489618364
1496_LeafPhotoB_2025-09-08 17_00_41.868,PI564163,1,1496_LeafPhotoB_2025-09-08 17_00_41.868-05_00_0.png,2,1.5,1.9874085504499601
1496_LeafPhotoB_2025-09-08 17_01_04.944,PI564163,1,1496_LeafPhotoB_2025-09-08 17_01_04.944-05_00_0.png,2,3.0,1.9745427540582186
1497_LeafPhotoB_2025-09-08 17_01_26.512,PI659695,1,1497_LeafPhotoB_2025-09-08 17_01_26.512-05_00_0.png,2,2.5,2.1583897989462626
1497_LeafPhotoB_2025-09-08 17_01_41.460,PI659695,1,1497_LeafPhotoB_2025-09-08 17_01_41.460-05_00_0.png,2,2.0,2.0179894631919555
1497_LeafPhotoB_2025-09-08 17_01_53.160,PI659695,1,1497_LeafPhotoB_2025-09-08 17_01_53.160-05_00_0.png,2,1.75,2.211736501055832
1498_LeafPhotoB_2025-09-08 17_02_14.153,PI533929,3,1498_LeafPhotoB_2025-09-08 17_02_14.153-05_00_0.png,2,1.0,1.5554456541354056
1498_LeafPhotoB_2025-09-08 17_02_43.690,PI533929,3,1498_LeafPhotoB_2025-09-08 17_02_43.690-05_00_0.png,2,2.0,1.788510002488073
1499_LeafPhotoB_2025-09-08 12_24_43.362,PI533756,3,1499_LeafPhotoB_2025-09-08 12_24_43.362-05_00_0.png,2,2.0,2.2478315671253903
1499_LeafPhotoB_2025-09-08 12_25_01.445,PI533756,3,1499_LeafPhotoB_2025-09-08 12_25_01.445-05_00_0.png,2,2.0,2.0989154154687797
1499_LeafPhotoB_2025-09-08 12_25_20.309,PI533756,3,1499_LeafPhotoB_2025-09-08 12_25_20.309-05_00_0.png,2,2.5,2.5211373127502803
1500_LeafPhotoB_2025-09-08 12_25_38.479,PI656014,5,1500_LeafPhotoB_2025-09-08 12_25_38.479-05_00_0.png,2,1.75,2.0708373762555863
1500_LeafPhotoB_2025-09-08 12_26_34.531,PI656014,5,1500_LeafPhotoB_2025-09-08 12_26_34.531-05_00_0.png,2,2.0,2.172165227135172
1502_LeafPhotoA_2025-09-09 09_54_03.269,SC1193,3,1502_LeafPhotoA_2025-09-09 09_54_03.269-05_00_0.png,2,2.5,2.0184992385460996
1502_LeafPhotoA_2025-09-09 09_54_26.325,SC1193,3,1502_LeafPhotoA_2025-09-09 09_54_26.325-05_00_0.png,2,4.0,2.835978046010036
1502_LeafPhotoA_2025-09-09 09_54_42.702,SC1193,3,1502_LeafPhotoA_2025-09-09 09_54_42.702-05_00_0.png,2,3.0,2.6245020244055395
1503_LeafPhotoA_2025-09-09 08_44_17.065,PI533769,3,1503_LeafPhotoA_2025-09-09 08_44_17.065-05_00_0.png,1,2.5,2.4639843323965236
1503_LeafPhotoA_2025-09-09 08_44_49.181,PI533769,3,1503_LeafPhotoA_2025-09-09 08_44_49.181-05_00_0.png,2,1.5,2.2006880698704894
1503_LeafPhotoA_2025-09-09 08_46_17.627,PI533769,3,1503_LeafPhotoA_2025-09-09 08_46_17.627-05_00_0.png,1,3.0,2.2725611291142767
1503_LeafPhotoA_2025-09-09 08_48_00.776,PI533769,3,1503_LeafPhotoA_2025-09-09 08_48_00.776-05_00_0.png,2,2.5,2.4530868666151595
1503_LeafPhotoA_2025-09-09 08_48_30.975,PI533769,3,1503_LeafPhotoA_2025-09-09 08_48_30.975-05_00_0.png,1,3.0,2.158236947538566
1504_LeafPhotoA_2025-09-09 08_50_28.700,PI656112,3,1504_LeafPhotoA_2025-09-09 08_50_28.700-05_00_0.png,2,3.0,2.8739036404533485
1504_LeafPhotoA_2025-09-09 08_50_51.868,PI656112,3,1504_LeafPhotoA_2025-09-09 08_50_51.868-05_00_0.png,1,3.0,2.468593583849314
1504_LeafPhotoA_2025-09-09 08_51_18.085,PI656112,3,1504_LeafPhotoA_2025-09-09 08_51_18.085-05_00_0.png,2,3.0,2.4743432645301455
1505_LeafPhotoA_2025-09-09 08_52_20.526,PI656033,5,1505_LeafPhotoA_2025-09-09 08_52_20.526-05_00_0.png,2,2.5,2.3320617764552516
1505_LeafPhotoA_2025-09-09 08_53_30.898,PI656033,5,1505_LeafPhotoA_2025-09-09 08_53_30.898-05_00_0.png,2,1.0,2.13466916559628
1505_LeafPhotoA_2025-09-09 08_53_52.709,PI656033,5,1505_LeafPhotoA_2025-09-09 08_53_52.709-05_00_0.png,2,3.5,2.706900284586461
1506_LeafPhotoA_2025-09-09 08_57_43.859,PI576373,5,1506_LeafPhotoA_2025-09-09 08_57_43.859-05_00_0.png,2,2.5,2.5013640494400313
1506_LeafPhotoA_2025-09-09 08_58_13.215,PI576373,5,1506_LeafPhotoA_2025-09-09 08_58_13.215-05_00_0.png,2,2.0,2.6070325945065016
1506_LeafPhotoA_2025-09-09 08_58_31.636,PI576373,5,1506_LeafPhotoA_2025-09-09 08_58_31.636-05_00_0.png,2,3.0,2.341001856130338
1507_LeafPhotoA_2025-09-09 08_55_37.448,PI656116,1,1507_LeafPhotoA_2025-09-09 08_55_37.448-05_00_0.png,2,3.5,3.1250768481941673
1507_LeafPhotoA_2025-09-09 08_59_58.702,PI656116,1,1507_LeafPhotoA_2025-09-09 08_59_58.702-05_00_0.png,2,4.5,3.4678606870334274
1507_LeafPhotoA_2025-09-09 09_01_13.684,PI656116,1,1507_LeafPhotoA_2025-09-09 09_01_13.684-05_00_0.png,2,2.5,2.4981680526280914
1508_LeafPhotoA_2025-09-09 09_01_58.791,SC0201,5,1508_LeafPhotoA_2025-09-09 09_01_58.791-05_00_0.png,1,2.5,2.5993421428180534
1508_LeafPhotoA_2025-09-09 09_02_17.390,SC0201,5,1508_LeafPhotoA_2025-09-09 09_02_17.390-05_00_0.png,1,1.25,2.1569953499993493
1508_LeafPhotoA_2025-09-09 09_02_33.328,SC0201,5,1508_LeafPhotoA_2025-09-09 09_02_33.328-05_00_0.png,2,2.0,2.1144319057955885
1509_LeafPhotoA_2025-09-09 09_03_34.340,PI576404,5,1509_LeafPhotoA_2025-09-09 09_03_34.340-05_00_0.png,2,2.0,2.2802528528212207
1509_LeafPhotoA_2025-09-09 09_04_45.922,PI576404,5,1509_LeafPhotoA_2025-09-09 09_04_45.922-05_00_0.png,2,3.5,3.428308610546518
1510_LeafPhotoA_2025-09-09 09_05_13.748,PI629040,5,1510_LeafPhotoA_2025-09-09 09_05_13.748-05_00_0.png,2,1.5,2.2265224767755067
1510_LeafPhotoA_2025-09-09 09_05_53.366,PI629040,5,1510_LeafPhotoA_2025-09-09 09_05_53.366-05_00_0.png,2,2.0,1.8284269031359466
1511_LeafPhotoA_2025-09-09 09_06_44.214,SC0517,5,1511_LeafPhotoA_2025-09-09 09_06_44.214-05_00_0.png,2,2.5,2.5343481029646227
1511_LeafPhotoA_2025-09-09 09_07_10.933,SC0517,5,1511_LeafPhotoA_2025-09-09 09_07_10.933-05_00_0.png,2,2.0,2.5976564947815874
1511_LeafPhotoA_2025-09-09 09_07_27.155,SC0517,5,1511_LeafPhotoA_2025-09-09 09_07_27.155-05_00_0.png,2,1.5,2.330175523001635
1512_LeafPhotoA_2025-09-09 09_07_49.638,PI534050,2,1512_LeafPhotoA_2025-09-09 09_07_49.638-05_00_0.png,2,2.5,2.141393418021769
1512_LeafPhotoA_2025-09-09 09_08_14.227,PI534050,2,1512_LeafPhotoA_2025-09-09 09_08_14.227-05_00_0.png,2,2.5,2.5928009954092817
1512_LeafPhotoA_2025-09-09 09_08_29.596,PI534050,2,1512_LeafPhotoA_2025-09-09 09_08_29.596-05_00_0.png,2,2.5,2.3926921777818526
1513_LeafPhotoA_2025-09-09 09_08_55.207,PI534099,1,1513_LeafPhotoA_2025-09-09 09_08_55.207-05_00_0.png,2,2.5,2.142897560059857
1513_LeafPhotoA_2025-09-09 09_09_11.836,PI534099,1,1513_LeafPhotoA_2025-09-09 09_09_11.836-05_00_0.png,2,2.0,2.113151420381845
1513_LeafPhotoA_2025-09-09 09_09_31.940,PI534099,1,1513_LeafPhotoA_2025-09-09 09_09_31.940-05_00_0.png,2,1.5,2.204564512477856
1514_LeafPhotoA_2025-09-09 09_09_59.554,PI597962,5,1514_LeafPhotoA_2025-09-09 09_09_59.554-05_00_0.png,2,2.5,2.23704328887391
1514_LeafPhotoA_2025-09-09 09_10_17.966,PI597962,5,1514_LeafPhotoA_2025-09-09 09_10_17.966-05_00_0.png,1,1.5,1.7924142299359664
1514_LeafPhotoA_2025-09-09 09_10_34.947,PI597962,5,1514_LeafPhotoA_2025-09-09 09_10_34.947-05_00_0.png,2,2.5,2.2227693090291742
1514_LeafPhotoA_2025-09-09 09_10_41.069,PI597962,5,1514_LeafPhotoA_2025-09-09 09_10_41.069-05_00_0.png,2,1.5,2.1983635729738644
1515_LeafPhotoA_2025-09-09 09_11_01.399,SC0003,5,1515_LeafPhotoA_2025-09-09 09_11_01.399-05_00_0.png,2,1.5,2.1539670500220365
1515_LeafPhotoA_2025-09-09 09_11_21.301,SC0003,5,1515_LeafPhotoA_2025-09-09 09_11_21.301-05_00_0.png,2,2.0,2.152113848371653
1516_LeafPhotoA_2025-09-09 09_12_02.493,PI656002,3,1516_LeafPhotoA_2025-09-09 09_12_02.493-05_00_0.png,2,2.5,2.137053849423393
1516_LeafPhotoA_2025-09-09 09_12_21.868,PI656002,3,1516_LeafPhotoA_2025-09-09 09_12_21.868-05_00_0.png,1,2.5,1.8431672086154998
1516_LeafPhotoA_2025-09-09 09_12_38.878,PI656002,3,1516_LeafPhotoA_2025-09-09 09_12_38.878-05_00_0.png,2,1.5,1.9247813205227378
1517_LeafPhotoA_2025-09-09 09_13_05.185,PI564163,1,1517_LeafPhotoA_2025-09-09 09_13_05.185-05_00_0.png,2,1.5,2.0079051945866135
1517_LeafPhotoA_2025-09-09 09_13_28.956,PI564163,1,1517_LeafPhotoA_2025-09-09 09_13_28.956-05_00_0.png,2,2.5,2.403882631688597
1517_LeafPhotoA_2025-09-09 09_13_56.370,PI564163,1,1517_LeafPhotoA_2025-09-09 09_13_56.370-05_00_0.png,2,2.0,1.997821378518726
1518_LeafPhotoA_2025-09-09 09_14_16.566,PI533914,3,1518_LeafPhotoA_2025-09-09 09_14_16.566-05_00_0.png,2,3.0,2.449515832065074
1518_LeafPhotoA_2025-09-09 09_14_37.331,PI533914,3,1518_LeafPhotoA_2025-09-09 09_14_37.331-05_00_0.png,2,3.0,2.4567056312600206
1518_LeafPhotoA_2025-09-09 09_14_51.805,PI533914,3,1518_LeafPhotoA_2025-09-09 09_14_51.805-05_00_0.png,2,2.5,2.9353430738136304
1519_LeafPhotoA_2025-09-09 09_15_22.615,PI656044,2,1519_LeafPhotoA_2025-09-09 09_15_22.615-05_00_0.png,2,2.0,2.27996593614826
1519_LeafPhotoA_2025-09-09 09_16_01.020,PI656044,2,1519_LeafPhotoA_2025-09-09 09_16_01.020-05_00_0.png,2,1.5,2.187128440030203
1519_LeafPhotoA_2025-09-09 09_16_22.062,PI656044,2,1519_LeafPhotoA_2025-09-09 09_16_22.062-05_00_0.png,2,1.0,1.9409811376113146
1520_LeafPhotoA_2025-09-09 09_16_44.839,PI576394,4,1520_LeafPhotoA_2025-09-09 09_16_44.839-05_00_0.png,2,2.0,2.3407011526946997
1520_LeafPhotoA_2025-09-09 09_17_00.155,PI576394,4,1520_LeafPhotoA_2025-09-09 09_17_00.155-05_00_0.png,2,1.5,2.215896496480598
1520_LeafPhotoA_2025-09-09 09_17_13.853,PI576394,4,1520_LeafPhotoA_2025-09-09 09_17_13.853-05_00_0.png,2,1.5,2.0712413636361466
1521_LeafPhotoA_2025-09-09 09_17_54.205,PI533880,3,1521_LeafPhotoA_2025-09-09 09_17_54.205-05_00_0.png,2,2.25,2.7836211421537302
1521_LeafPhotoA_2025-09-09 09_18_11.693,PI533880,3,1521_LeafPhotoA_2025-09-09 09_18_11.693-05_00_0.png,2,1.5,2.368718640512636
1521_LeafPhotoA_2025-09-09 09_18_30.185,PI533880,3,1521_LeafPhotoA_2025-09-09 09_18_30.185-05_00_0.png,2,2.5,2.46679820791638
1522_LeafPhotoA_2025-09-09 09_19_19.603,PI564163,1,1522_LeafPhotoA_2025-09-09 09_19_19.603-05_00_0.png,2,1.0,2.075195905071384
1522_LeafPhotoA_2025-09-09 09_19_43.723,PI564163,1,1522_LeafPhotoA_2025-09-09 09_19_43.723-05_00_0.png,1,2.0,2.3385671223653244
1522_LeafPhotoA_2025-09-09 09_19_59.545,PI564163,1,1522_LeafPhotoA_2025-09-09 09_19_59.545-05_00_0.png,2,1.5,2.0376614736516356
1523_LeafPhotoA_2025-09-09 09_20_25.982,PI533833,1,1523_LeafPhotoA_2025-09-09 09_20_25.982-05_00_0.png,2,1.5,2.0888499267275815
1523_LeafPhotoA_2025-09-09 09_20_38.952,PI533833,1,1523_LeafPhotoA_2025-09-09 09_20_38.952-05_00_0.png,2,1.5,2.246904894949698
1523_LeafPhotoA_2025-09-09 09_20_52.756,PI533833,1,1523_LeafPhotoA_2025-09-09 09_20_52.756-05_00_0.png,2,2.0,2.557560169764226
1524_LeafPhotoA_2025-09-09 09_21_22.778,SC1120,4,1524_LeafPhotoA_2025-09-09 09_21_22.778-05_00_0.png,1,2.5,2.3126143958466714
1524_LeafPhotoA_2025-09-09 09_21_57.092,SC1120,4,1524_LeafPhotoA_2025-09-09 09_21_57.092-05_00_0.png,2,3.0,2.8628015411199166
1524_LeafPhotoA_2025-09-09 09_22_11.221,SC1120,4,1524_LeafPhotoA_2025-09-09 09_22_11.221-05_00_0.png,2,3.0,3.0129145109802886
1525_LeafPhotoA_2025-09-09 09_22_38.343,PI576359,4,1525_LeafPhotoA_2025-09-09 09_22_38.343-05_00_0.png,2,2.5,2.61047954369332
1525_LeafPhotoA_2025-09-09 09_23_09.815,PI576359,4,1525_LeafPhotoA_2025-09-09 09_23_09.815-05_00_0.png,2,2.25,2.259253722657631
1526_LeafPhotoA_2025-09-09 09_23_30.420,PI656095,4,1526_LeafPhotoA_2025-09-09 09_23_30.420-05_00_0.png,2,1.5,1.923479502391529
1526_LeafPhotoA_2025-09-09 09_23_50.405,PI656095,4,1526_LeafPhotoA_2025-09-09 09_23_50.405-05_00_0.png,2,2.0,2.154763127200028
1526_LeafPhotoA_2025-09-09 09_24_05.644,PI656095,4,1526_LeafPhotoA_2025-09-09 09_24_05.644-05_00_0.png,2,2.0,2.233124259982795
1527_LeafPhotoA_2025-09-09 09_24_38.737,PI564163,1,1527_LeafPhotoA_2025-09-09 09_24_38.737-05_00_0.png,1,2.0,2.4392099751437573
1527_LeafPhotoA_2025-09-09 09_24_59.552,PI564163,1,1527_LeafPhotoA_2025-09-09 09_24_59.552-05_00_0.png,2,2.0,2.2419699186163986
1527_LeafPhotoA_2025-09-09 09_25_12.331,PI564163,1,1527_LeafPhotoA_2025-09-09 09_25_12.331-05_00_0.png,2,2.5,2.2009608848993754
1528_LeafPhotoA_2025-09-09 09_25_45.081,PI656013,5,1528_LeafPhotoA_2025-09-09 09_25_45.081-05_00_0.png,2,4.0,3.0167181097805136
1528_LeafPhotoA_2025-09-09 09_26_08.153,PI656013,5,1528_LeafPhotoA_2025-09-09 09_26_08.153-05_00_0.png,2,3.5,2.9679220630411596
1528_LeafPhotoA_2025-09-09 09_26_28.328,PI656013,5,1528_LeafPhotoA_2025-09-09 09_26_28.328-05_00_0.png,2,3.25,3.249576761325856
1529_LeafPhotoA_2025-09-09 09_26_46.566,PI533965,5,1529_LeafPhotoA_2025-09-09 09_26_46.566-05_00_0.png,2,2.0,1.9991216376204433
1529_LeafPhotoA_2025-09-09 09_26_59.336,PI533965,5,1529_LeafPhotoA_2025-09-09 09_26_59.336-05_00_0.png,2,2.0,1.780072974772763
1529_LeafPhotoA_2025-09-09 09_27_12.422,PI533965,5,1529_LeafPhotoA_2025-09-09 09_27_12.422-05_00_0.png,2,2.5,1.9679553148913684
1530_LeafPhotoA_2025-09-09 09_27_58.432,PI656107,1,1530_LeafPhotoA_2025-09-09 09_27_58.432-05_00_0.png,1,2.5,2.447642765314605
1530_LeafPhotoA_2025-09-09 09_28_13.536,PI656107,1,1530_LeafPhotoA_2025-09-09 09_28_13.536-05_00_0.png,2,2.25,2.2426383391016085
1531_LeafPhotoA_2025-09-09 09_28_36.108,PI534028,3,1531_LeafPhotoA_2025-09-09 09_28_36.108-05_00_0.png,2,2.5,2.3760900154633293
1531_LeafPhotoA_2025-09-09 09_28_50.207,PI534028,3,1531_LeafPhotoA_2025-09-09 09_28_50.207-05_00_0.png,2,2.0,2.265532981251864
1531_LeafPhotoA_2025-09-09 09_29_04.886,PI534028,3,1531_LeafPhotoA_2025-09-09 09_29_04.886-05_00_0.png,2,2.25,2.3143337577512795
1532_LeafPhotoA_2025-09-09 09_30_16.870,PI576390,4,1532_LeafPhotoA_2025-09-09 09_30_16.870-05_00_0.png,2,1.5,2.3503598175893186
1532_LeafPhotoA_2025-09-09 09_30_40.186,PI576390,4,1532_LeafPhotoA_2025-09-09 09_30_40.186-05_00_0.png,2,3.0,2.568088111068716
1533_LeafPhotoA_2025-09-09 09_31_04.036,PI534070,1,1533_LeafPhotoA_2025-09-09 09_31_04.036-05_00_0.png,2,4.0,2.8098938341956887
1533_LeafPhotoA_2025-09-09 09_31_25.593,PI534070,1,1533_LeafPhotoA_2025-09-09 09_31_25.593-05_00_0.png,2,4.0,3.1077029998092076
1533_LeafPhotoA_2025-09-09 09_31_45.074,PI534070,1,1533_LeafPhotoA_2025-09-09 09_31_45.074-05_00_0.png,2,3.5,3.3240664786172127
1534_LeafPhotoA_2025-09-09 09_32_20.747,PI533786,3,1534_LeafPhotoA_2025-09-09 09_32_20.747-05_00_0.png,2,3.0,2.555647045775621
1534_LeafPhotoA_2025-09-09 09_32_36.020,PI533786,3,1534_LeafPhotoA_2025-09-09 09_32_36.020-05_00_0.png,2,2.75,2.7934041890116093
1534_LeafPhotoA_2025-09-09 09_32_49.938,PI533786,3,1534_LeafPhotoA_2025-09-09 09_32_49.938-05_00_0.png,2,1.25,2.2594179271733035
1535_LeafPhotoA_2025-09-09 09_33_22.895,PI534031,4,1535_LeafPhotoA_2025-09-09 09_33_22.895-05_00_0.png,2,2.0,2.535033778413064
1535_LeafPhotoA_2025-09-09 09_33_46.658,PI534031,4,1535_LeafPhotoA_2025-09-09 09_33_46.658-05_00_0.png,2,3.0,2.5110678428780107
1535_LeafPhotoA_2025-09-09 09_34_04.560,PI534031,4,1535_LeafPhotoA_2025-09-09 09_34_04.560-05_00_0.png,2,2.0,2.17391297222192
1536_LeafPhotoA_2025-09-09 09_34_32.116,PI576412,3,1536_LeafPhotoA_2025-09-09 09_34_32.116-05_00_0.png,2,3.5,2.6533864502059856
1536_LeafPhotoA_2025-09-09 09_34_46.885,PI576412,3,1536_LeafPhotoA_2025-09-09 09_34_46.885-05_00_0.png,2,3.5,2.7455884378037876
1536_LeafPhotoA_2025-09-09 09_35_04.541,PI576412,3,1536_LeafPhotoA_2025-09-09 09_35_04.541-05_00_0.png,2,2.5,2.3233626856049847
1537_LeafPhotoA_2025-09-09 09_35_24.777,PI533762,1,1537_LeafPhotoA_2025-09-09 09_35_24.777-05_00_0.png,2,3.0,2.7161080114515515
1537_LeafPhotoA_2025-09-09 09_36_00.380,PI533762,1,1537_LeafPhotoA_2025-09-09 09_36_00.380-05_00_0.png,2,3.5,3.294960007474559
1538_LeafPhotoA_2025-09-09 09_36_27.479,PI533791,1,1538_LeafPhotoA_2025-09-09 09_36_27.479-05_00_0.png,2,4.0,3.1098690499715276
1538_LeafPhotoA_2025-09-09 09_36_42.535,PI533791,1,1538_LeafPhotoA_2025-09-09 09_36_42.535-05_00_0.png,2,3.0,2.6089540520334307
1538_LeafPhotoA_2025-09-09 09_36_57.672,PI533791,1,1538_LeafPhotoA_2025-09-09 09_36_57.672-05_00_0.png,2,3.5,2.8105219511500166
1539_LeafPhotoA_2025-09-09 09_37_27.008,PI533787,2,1539_LeafPhotoA_2025-09-09 09_37_27.008-05_00_0.png,2,3.5,2.947712229585163
1539_LeafPhotoA_2025-09-09 09_37_43.228,PI533787,2,1539_LeafPhotoA_2025-09-09 09_37_43.228-05_00_0.png,2,3.0,2.7253699748501403
1539_LeafPhotoA_2025-09-09 09_37_58.578,PI533787,2,1539_LeafPhotoA_2025-09-09 09_37_58.578-05_00_0.png,2,2.0,2.6351897225702254
1540_LeafPhotoA_2025-09-09 09_38_25.826,PI533773,1,1540_LeafPhotoA_2025-09-09 09_38_25.826-05_00_0.png,2,2.75,2.6887553243190667
1540_LeafPhotoA_2025-09-09 09_38_48.539,PI533773,1,1540_LeafPhotoA_2025-09-09 09_38_48.539-05_00_0.png,2,2.5,2.402493663814411
1540_LeafPhotoA_2025-09-09 09_39_03.044,PI533773,1,1540_LeafPhotoA_2025-09-09 09_39_03.044-05_00_0.png,2,3.0,2.4352026897595525
1541_LeafPhotoA_2025-09-09 09_40_02.101,PI595723,4,1541_LeafPhotoA_2025-09-09 09_40_02.101-05_00_0.png,2,4.0,2.6067019487252923
1541_LeafPhotoA_2025-09-09 09_40_32.695,PI595723,4,1541_LeafPhotoA_2025-09-09 09_40_32.695-05_00_0.png,2,3.5,3.357742631353854
1541_LeafPhotoA_2025-09-09 09_40_54.951,PI595723,4,1541_LeafPhotoA_2025-09-09 09_40_54.951-05_00_0.png,2,3.0,2.7320717493913915
1542_LeafPhotoA_2025-09-09 09_41_29.585,PI656025,2,1542_LeafPhotoA_2025-09-09 09_41_29.585-05_00_0.png,2,3.0,2.8976327863876965
1542_LeafPhotoA_2025-09-09 09_42_01.568,PI656025,2,1542_LeafPhotoA_2025-09-09 09_42_01.568-05_00_0.png,2,4.0,3.6135333831021628
1542_LeafPhotoA_2025-09-09 09_42_23.433,PI656025,2,1542_LeafPhotoA_2025-09-09 09_42_23.433-05_00_0.png,2,3.5,3.4594854563060395
1543_LeafPhotoA_2025-09-09 09_43_07.504,PI576355,3,1543_LeafPhotoA_2025-09-09 09_43_07.504-05_00_0.png,2,2.0,1.8920315694577299
1543_LeafPhotoA_2025-09-09 09_43_28.797,PI576355,3,1543_LeafPhotoA_2025-09-09 09_43_28.797-05_00_0.png,2,1.75,2.369927435271802
1543_LeafPhotoA_2025-09-09 09_43_51.333,PI576355,3,1543_LeafPhotoA_2025-09-09 09_43_51.333-05_00_0.png,1,1.5,2.080564678941944
1544_LeafPhotoA_2025-09-09 09_44_21.004,PI534111,3,1544_LeafPhotoA_2025-09-09 09_44_21.004-05_00_0.png,2,2.0,1.9529925030129647
1544_LeafPhotoA_2025-09-09 09_44_42.594,PI534111,3,1544_LeafPhotoA_2025-09-09 09_44_42.594-05_00_0.png,1,2.5,2.1349841108942202
1544_LeafPhotoA_2025-09-09 09_45_02.427,PI534111,3,1544_LeafPhotoA_2025-09-09 09_45_02.427-05_00_0.png,2,1.5,1.9321634252593998
1545_LeafPhotoA_2025-09-09 09_45_27.497,PI656120,5,1545_LeafPhotoA_2025-09-09 09_45_27.497-05_00_0.png,2,1.25,1.7404556415018875
1545_LeafPhotoA_2025-09-09 09_45_44.186,PI656120,5,1545_LeafPhotoA_2025-09-09 09_45_44.186-05_00_0.png,2,1.0,1.9179211272760026
1545_LeafPhotoA_2025-09-09 09_46_01.234,PI656120,5,1545_LeafPhotoA_2025-09-09 09_46_01.234-05_00_0.png,2,1.5,1.7948984113128215
1546_LeafPhotoA_2025-09-09 09_46_41.923,PI576331,1,1546_LeafPhotoA_2025-09-09 09_46_41.923-05_00_0.png,2,3.5,2.856618499232353
1546_LeafPhotoA_2025-09-09 09_47_10.554,PI576331,1,1546_LeafPhotoA_2025-09-09 09_47_10.554-05_00_0.png,2,4.0,3.3314511290437685
1546_LeafPhotoA_2025-09-09 09_48_01.521,PI576331,1,1546_LeafPhotoA_2025-09-09 09_48_01.521-05_00_0.png,2,3.0,3.136042917046259
1547_LeafPhotoA_2025-09-09 09_48_52.486,SC0814,1,1547_LeafPhotoA_2025-09-09 09_48_52.486-05_00_0.png,2,3.0,3.050906293995548
1547_LeafPhotoA_2025-09-09 09_49_06.170,SC0814,1,1547_LeafPhotoA_2025-09-09 09_49_06.170-05_00_0.png,2,3.5,3.0342394629718537
1548_LeafPhotoA_2025-09-09 09_49_29.604,SC0276,2,1548_LeafPhotoA_2025-09-09 09_49_29.604-05_00_0.png,2,3.0,2.935485304907831
1548_LeafPhotoA_2025-09-09 09_49_52.309,SC0276,2,1548_LeafPhotoA_2025-09-09 09_49_52.309-05_00_0.png,2,2.0,2.416877330826478
1548_LeafPhotoA_2025-09-09 09_50_14.551,SC0276,2,1548_LeafPhotoA_2025-09-09 09_50_14.551-05_00_0.png,2,3.0,2.481420819622363
1549_LeafPhotoA_2025-09-09 09_50_49.099,PI533864,4,1549_LeafPhotoA_2025-09-09 09_50_49.099-05_00_0.png,2,2.75,2.8040313808557693
1549_LeafPhotoA_2025-09-09 09_51_02.084,PI533864,4,1549_LeafPhotoA_2025-09-09 09_51_02.084-05_00_0.png,2,2.0,2.5980234967668228
1549_LeafPhotoA_2025-09-09 09_51_22.056,PI533864,4,1549_LeafPhotoA_2025-09-09 09_51_22.056-05_00_0.png,2,3.0,2.283205105754885
1550_LeafPhotoA_2025-09-09 09_51_45.299,PI533824,5,1550_LeafPhotoA_2025-09-09 09_51_45.299-05_00_0.png,2,2.5,2.481692189710538
1550_LeafPhotoA_2025-09-09 09_52_02.803,PI533824,5,1550_LeafPhotoA_2025-09-09 09_52_02.803-05_00_0.png,1,3.0,2.329749860391921
1550_LeafPhotoA_2025-09-09 09_52_22.748,PI533824,5,1550_LeafPhotoA_2025-09-09 09_52_22.748-05_00_0.png,2,2.25,2.3416573263015783
1551_LeafPhotoA_2025-09-09 10_21_01.078,PI564163,1,1551_LeafPhotoA_2025-09-09 10_21_01.078-05_00_0.png,2,2.5,1.9463277762564841
1551_LeafPhotoA_2025-09-09 10_21_19.530,PI564163,1,1551_LeafPhotoA_2025-09-09 10_21_19.530-05_00_0.png,2,1.0,1.6297397634701172
1551_LeafPhotoA_2025-09-09 10_21_35.149,PI564163,1,1551_LeafPhotoA_2025-09-09 10_21_35.149-05_00_0.png,2,1.0,1.70116744256423
1552_LeafPhotoA_2025-09-09 10_19_10.665,PI576430,2,1552_LeafPhotoA_2025-09-09 10_19_10.665-05_00_0.png,2,3.5,2.7808110237782633
1552_LeafPhotoA_2025-09-09 10_19_58.469,PI576430,2,1552_LeafPhotoA_2025-09-09 10_19_58.469-05_00_0.png,2,2.5,2.4451257562835687
1552_LeafPhotoA_2025-09-09 10_20_26.130,PI576430,2,1552_LeafPhotoA_2025-09-09 10_20_26.130-05_00_0.png,2,3.0,2.3839533105299853
1552_LeafPhotoA_2025-09-09 10_20_37.516,PI576430,2,1552_LeafPhotoA_2025-09-09 10_20_37.516-05_00_0.png,2,3.0,2.39952721374155
1553_LeafPhotoA_2025-09-09 10_18_19.302,PI597973,5,1553_LeafPhotoA_2025-09-09 10_18_19.302-05_00_0.png,2,2.5,2.2727090605317835
1553_LeafPhotoA_2025-09-09 10_18_36.828,PI597973,5,1553_LeafPhotoA_2025-09-09 10_18_36.828-05_00_0.png,2,2.5,2.126549271639569
1553_LeafPhotoA_2025-09-09 10_18_50.828,PI597973,5,1553_LeafPhotoA_2025-09-09 10_18_50.828-05_00_0.png,2,1.5,2.4062142410727296
1554_LeafPhotoA_2025-09-09 10_17_31.890,PI533885,4,1554_LeafPhotoA_2025-09-09 10_17_31.890-05_00_0.png,2,2.5,2.3453330322068697
1554_LeafPhotoA_2025-09-09 10_18_00.304,PI533885,4,1554_LeafPhotoA_2025-09-09 10_18_00.304-05_00_0.png,2,2.5,2.6173548187880225
1555_LeafPhotoA_2025-09-09 10_16_19.652,PI597954,5,1555_LeafPhotoA_2025-09-09 10_16_19.652-05_00_0.png,2,4.5,2.818336808563718
1555_LeafPhotoA_2025-09-09 10_16_41.334,PI597954,5,1555_LeafPhotoA_2025-09-09 10_16_41.334-05_00_0.png,1,2.5,2.3949949897203195
1555_LeafPhotoA_2025-09-09 10_17_03.026,PI597954,5,1555_LeafPhotoA_2025-09-09 10_17_03.026-05_00_0.png,2,2.5,1.8988447311393646
1557_LeafPhotoA_2025-09-09 10_14_44.359,PI576370,4,1557_LeafPhotoA_2025-09-09 10_14_44.359-05_00_0.png,2,3.5,2.6110314557099694
1557_LeafPhotoA_2025-09-09 10_15_07.131,PI576370,4,1557_LeafPhotoA_2025-09-09 10_15_07.131-05_00_0.png,2,2.0,1.9036343706968124
1557_LeafPhotoA_2025-09-09 10_15_30.318,PI576370,4,1557_LeafPhotoA_2025-09-09 10_15_30.318-05_00_0.png,2,2.5,2.526464723031735
1558_LeafPhotoA_2025-09-09 10_13_47.690,PI534037,5,1558_LeafPhotoA_2025-09-09 10_13_47.690-05_00_0.png,1,3.5,2.6664704984188026
1558_LeafPhotoA_2025-09-09 10_14_15.546,PI534037,5,1558_LeafPhotoA_2025-09-09 10_14_15.546-05_00_0.png,2,3.0,2.629425261502729
1560_LeafPhotoA_2025-09-09 10_12_37.535,PI576353,5,1560_LeafPhotoA_2025-09-09 10_12_37.535-05_00_0.png,2,2.5,1.7415569854886144
1560_LeafPhotoA_2025-09-09 10_12_50.607,PI576353,5,1560_LeafPhotoA_2025-09-09 10_12_50.607-05_00_0.png,2,2.0,2.066818663033447
1560_LeafPhotoA_2025-09-09 10_13_03.380,PI576353,5,1560_LeafPhotoA_2025-09-09 10_13_03.380-05_00_0.png,2,1.5,2.148883916352634
1561_LeafPhotoA_2025-09-09 10_11_41.214,PI534107,4,1561_LeafPhotoA_2025-09-09 10_11_41.214-05_00_0.png,2,2.0,1.795012596067287
1561_LeafPhotoA_2025-09-09 10_11_58.945,PI534107,4,1561_LeafPhotoA_2025-09-09 10_11_58.945-05_00_0.png,2,2.5,1.8622839559273285
1562_LeafPhotoA_2025-09-09 10_10_53.268,PI576426,4,1562_LeafPhotoA_2025-09-09 10_10_53.268-05_00_0.png,2,2.5,2.247091334005692
1562_LeafPhotoA_2025-09-09 10_11_10.077,PI576426,4,1562_LeafPhotoA_2025-09-09 10_11_10.077-05_00_0.png,2,1.0,1.7221892223907371
1562_LeafPhotoA_2025-09-09 10_11_20.903,PI576426,4,1562_LeafPhotoA_2025-09-09 10_11_20.903-05_00_0.png,2,1.5,1.766900332014476
1564_LeafPhotoA_2025-09-09 10_09_48.582,SC0713,4,1564_LeafPhotoA_2025-09-09 10_09_48.582-05_00_0.png,2,2.5,1.9340750874888344
1564_LeafPhotoA_2025-09-09 10_10_06.110,SC0713,4,1564_LeafPhotoA_2025-09-09 10_10_06.110-05_00_0.png,2,1.0,1.9497891832937004
1565_LeafPhotoA_2025-09-09 10_08_57.168,PI656097,3,1565_LeafPhotoA_2025-09-09 10_08_57.168-05_00_0.png,2,2.0,2.0480284103006716
1565_LeafPhotoA_2025-09-09 10_09_14.010,PI656097,3,1565_LeafPhotoA_2025-09-09 10_09_14.010-05_00_0.png,2,1.5,1.6801890347472022
1565_LeafPhotoA_2025-09-09 10_09_29.044,PI656097,3,1565_LeafPhotoA_2025-09-09 10_09_29.044-05_00_0.png,2,2.0,1.81202050449544
1566_LeafPhotoA_2025-09-09 10_03_07.791,PI534154,3,1566_LeafPhotoA_2025-09-09 10_03_07.791-05_00_0.png,2,1.5,1.9200357694741383
1566_LeafPhotoA_2025-09-09 10_04_32.953,PI534154,3,1566_LeafPhotoA_2025-09-09 10_04_32.953-05_00_0.png,2,2.0,2.089876771093832
1566_LeafPhotoA_2025-09-09 10_04_49.966,PI534154,3,1566_LeafPhotoA_2025-09-09 10_04_49.966-05_00_0.png,1,1.0,1.8520932215201462
1570_LeafPhotoA_2025-09-09 10_01_07.860,PI534148,5,1570_LeafPhotoA_2025-09-09 10_01_07.860-05_00_0.png,2,2.0,2.492713585769478
1570_LeafPhotoA_2025-09-09 10_01_29.800,PI534148,5,1570_LeafPhotoA_2025-09-09 10_01_29.800-05_00_0.png,2,2.0,2.3845487820549107
1570_LeafPhotoA_2025-09-09 10_02_00.700,PI534148,5,1570_LeafPhotoA_2025-09-09 10_02_00.700-05_00_0.png,2,1.5,1.7814077073382368
1571_LeafPhotoA_2025-09-09 10_00_23.487,PI655997,5,1571_LeafPhotoA_2025-09-09 10_00_23.487-05_00_0.png,2,2.0,2.0449164414792955
1571_LeafPhotoA_2025-09-09 10_00_41.501,PI655997,5,1571_LeafPhotoA_2025-09-09 10_00_41.501-05_00_0.png,2,2.0,2.058410454784292
1572_LeafPhotoA_2025-09-09 09_55_57.760,SC0436,4,1572_LeafPhotoA_2025-09-09 09_55_57.760-05_00_0.png,2,1.5,1.9759099739055224
1572_LeafPhotoA_2025-09-09 09_56_18.547,SC0436,4,1572_LeafPhotoA_2025-09-09 09_56_18.547-05_00_0.png,2,1.5,2.1944663002395797
1573_LeafPhotoA_2025-09-09 09_54_35.196,PI533829,5,1573_LeafPhotoA_2025-09-09 09_54_35.196-05_00_0.png,2,2.5,2.8335777157103563
1573_LeafPhotoA_2025-09-09 09_55_06.241,PI533829,5,1573_LeafPhotoA_2025-09-09 09_55_06.241-05_00_0.png,1,1.5,1.9852651791983584
1573_LeafPhotoA_2025-09-09 09_55_28.681,PI533829,5,1573_LeafPhotoA_2025-09-09 09_55_28.681-05_00_0.png,2,1.5,1.8858234864204608
1575_LeafPhotoA_2025-09-09 09_53_19.245,PI659694,1,1575_LeafPhotoA_2025-09-09 09_53_19.245-05_00_0.png,2,1.0,1.7515866697335676
1575_LeafPhotoA_2025-09-09 09_53_37.723,PI659694,1,1575_LeafPhotoA_2025-09-09 09_53_37.723-05_00_0.png,2,1.0,1.6632956015750535
1575_LeafPhotoA_2025-09-09 09_53_55.360,PI659694,1,1575_LeafPhotoA_2025-09-09 09_53_55.360-05_00_0.png,2,1.0,1.7926092918698942
1576_LeafPhotoA_2025-09-09 09_52_24.983,PI534110,1,1576_LeafPhotoA_2025-09-09 09_52_24.983-05_00_0.png,2,1.25,1.7845333038985942
1576_LeafPhotoA_2025-09-09 09_52_40.800,PI534110,1,1576_LeafPhotoA_2025-09-09 09_52_40.800-05_00_0.png,1,2.0,2.3008556337190864
1576_LeafPhotoA_2025-09-09 09_53_05.170,PI534110,1,1576_LeafPhotoA_2025-09-09 09_53_05.170-05_00_0.png,1,1.0,1.7954002945055978
1577_LeafPhotoA_2025-09-09 09_51_33.491,PI534113,4,1577_LeafPhotoA_2025-09-09 09_51_33.491-05_00_0.png,2,2.5,2.493191497985375
1577_LeafPhotoA_2025-09-09 09_52_09.527,PI534113,4,1577_LeafPhotoA_2025-09-09 09_52_09.527-05_00_0.png,2,3.0,2.7025800381968756
1578_LeafPhotoA_2025-09-09 09_50_43.842,PI534044,1,1578_LeafPhotoA_2025-09-09 09_50_43.842-05_00_0.png,2,1.5,1.9927598799269508
1578_LeafPhotoA_2025-09-09 09_51_04.362,PI534044,1,1578_LeafPhotoA_2025-09-09 09_51_04.362-05_00_0.png,2,2.0,1.845698243918243
1578_LeafPhotoA_2025-09-09 09_51_18.559,PI534044,1,1578_LeafPhotoA_2025-09-09 09_51_18.559-05_00_0.png,2,1.0,1.8151104612156026
1579_LeafPhotoA_2025-09-09 09_49_41.362,PI656092,2,1579_LeafPhotoA_2025-09-09 09_49_41.362-05_00_0.png,2,2.0,2.1426368397925786
1579_LeafPhotoA_2025-09-09 09_49_56.429,PI656092,2,1579_LeafPhotoA_2025-09-09 09_49_56.429-05_00_0.png,2,2.0,1.7660641809641084
1579_LeafPhotoA_2025-09-09 09_50_11.550,PI656092,2,1579_LeafPhotoA_2025-09-09 09_50_11.550-05_00_0.png,2,2.5,1.7896646790373691
1580_LeafPhotoA_2025-09-09 09_44_29.835,PI533995,2,1580_LeafPhotoA_2025-09-09 09_44_29.835-05_00_0.png,2,2.0,2.060560444528652
1580_LeafPhotoA_2025-09-09 09_45_01.608,PI533995,2,1580_LeafPhotoA_2025-09-09 09_45_01.608-05_00_0.png,2,2.5,2.586948209368245
1581_LeafPhotoA_2025-09-09 09_43_40.334,PI597974,2,1581_LeafPhotoA_2025-09-09 09_43_40.334-05_00_0.png,2,2.5,2.206885971139659
1582_LeafPhotoA_2025-09-09 09_42_32.403,PI533998,3,1582_LeafPhotoA_2025-09-09 09_42_32.403-05_00_0.png,2,2.25,2.4543779327109045
1582_LeafPhotoA_2025-09-09 09_42_48.417,PI533998,3,1582_LeafPhotoA_2025-09-09 09_42_48.417-05_00_0.png,2,2.5,2.2643141041898667
1582_LeafPhotoA_2025-09-09 09_43_05.587,PI533998,3,1582_LeafPhotoA_2025-09-09 09_43_05.587-05_00_0.png,2,1.0,1.8312607730929984
1584_LeafPhotoA_2025-09-09 09_39_38.950,PI533906,5,1584_LeafPhotoA_2025-09-09 09_39_38.950-05_00_0.png,2,2.25,2.5692053952502216
1584_LeafPhotoA_2025-09-09 09_39_59.694,PI533906,5,1584_LeafPhotoA_2025-09-09 09_39_59.694-05_00_0.png,2,2.0,2.1493740517571154
1584_LeafPhotoA_2025-09-09 09_40_43.802,PI533906,5,1584_LeafPhotoA_2025-09-09 09_40_43.802-05_00_0.png,2,2.5,2.0024401733517103
1585_LeafPhotoA_2025-09-09 09_38_59.411,PI534126,1,1585_LeafPhotoA_2025-09-09 09_38_59.411-05_00_0.png,2,3.5,2.892719751400594
1585_LeafPhotoA_2025-09-09 09_39_14.646,PI534126,1,1585_LeafPhotoA_2025-09-09 09_39_14.646-05_00_0.png,2,3.75,3.2420551090499727
1587_LeafPhotoA_2025-09-09 09_37_51.582,SC0542,2,1587_LeafPhotoA_2025-09-09 09_37_51.582-05_00_0.png,2,1.5,2.0250135409517074
1587_LeafPhotoA_2025-09-09 09_38_08.962,SC0542,2,1587_LeafPhotoA_2025-09-09 09_38_08.962-05_00_0.png,2,2.5,2.079994219825742
1588_LeafPhotoA_2025-09-09 09_36_16.639,PI564163,1,1588_LeafPhotoA_2025-09-09 09_36_16.639-05_00_0.png,2,2.5,1.7231700718842107
1588_LeafPhotoA_2025-09-09 09_36_36.189,PI564163,1,1588_LeafPhotoA_2025-09-09 09_36_36.189-05_00_0.png,2,2.5,1.7519367092556524
1590_LeafPhotoA_2025-09-09 09_34_40.340,PI533766,4,1590_LeafPhotoA_2025-09-09 09_34_40.340-05_00_0.png,2,2.5,2.2423391538823223
1590_LeafPhotoA_2025-09-09 09_34_55.449,PI533766,4,1590_LeafPhotoA_2025-09-09 09_34_55.449-05_00_0.png,2,1.5,1.9742903906475822
1590_LeafPhotoA_2025-09-09 09_35_12.937,PI533766,4,1590_LeafPhotoA_2025-09-09 09_35_12.937-05_00_0.png,1,2.5,2.3387776954952937
1591_LeafPhotoA_2025-09-09 09_33_52.679,SC0470,3,1591_LeafPhotoA_2025-09-09 09_33_52.679-05_00_0.png,1,2.0,1.8589211393310565
1591_LeafPhotoA_2025-09-09 09_34_04.687,SC0470,3,1591_LeafPhotoA_2025-09-09 09_34_04.687-05_00_0.png,2,1.0,1.7528429808199502
1591_LeafPhotoA_2025-09-09 09_34_16.514,SC0470,3,1591_LeafPhotoA_2025-09-09 09_34_16.514-05_00_0.png,2,1.5,1.8076857813567166
1593_LeafPhotoA_2025-09-09 09_32_41.914,PI576364,5,1593_LeafPhotoA_2025-09-09 09_32_41.914-05_00_0.png,2,2.5,2.0979367626959835
1593_LeafPhotoA_2025-09-09 09_33_01.652,PI576364,5,1593_LeafPhotoA_2025-09-09 09_33_01.652-05_00_0.png,2,2.0,2.259729364120714
1593_LeafPhotoA_2025-09-09 09_33_14.926,PI576364,5,1593_LeafPhotoA_2025-09-09 09_33_14.926-05_00_0.png,2,2.25,2.208581819629939
1594_LeafPhotoA_2025-09-09 09_31_48.458,PI533939,3,1594_LeafPhotoA_2025-09-09 09_31_48.458-05_00_0.png,2,3.5,2.837917048719838
1594_LeafPhotoA_2025-09-09 09_32_04.545,PI533939,3,1594_LeafPhotoA_2025-09-09 09_32_04.545-05_00_0.png,2,2.5,2.8143102798948347
1594_LeafPhotoA_2025-09-09 09_32_22.958,PI533939,3,1594_LeafPhotoA_2025-09-09 09_32_22.958-05_00_0.png,2,2.5,2.600645551011854
1596_LeafPhotoA_2025-09-09 09_30_52.542,PI576329,4,1596_LeafPhotoA_2025-09-09 09_30_52.542-05_00_0.png,2,2.5,2.050851830060632
1596_LeafPhotoA_2025-09-09 09_31_04.890,PI576329,4,1596_LeafPhotoA_2025-09-09 09_31_04.890-05_00_0.png,2,2.0,2.0241697772632836
1596_LeafPhotoA_2025-09-09 09_31_19.758,PI576329,4,1596_LeafPhotoA_2025-09-09 09_31_19.758-05_00_0.png,2,3.0,2.3670992193350155
1597_LeafPhotoA_2025-09-09 09_30_09.532,PI656048,3,1597_LeafPhotoA_2025-09-09 09_30_09.532-05_00_0.png,2,1.5,1.5392878664503828
1597_LeafPhotoA_2025-09-09 09_30_26.654,PI656048,3,1597_LeafPhotoA_2025-09-09 09_30_26.654-05_00_0.png,2,1.5,1.895781257885516
1597_LeafPhotoA_2025-09-09 09_30_39.354,PI656048,3,1597_LeafPhotoA_2025-09-09 09_30_39.354-05_00_0.png,2,2.0,1.803351735072216
1598_LeafPhotoA_2025-09-09 09_28_50.071,PI534004,2,1598_LeafPhotoA_2025-09-09 09_28_50.071-05_00_0.png,2,2.5,1.8385647884094194
1598_LeafPhotoA_2025-09-09 09_29_08.978,PI534004,2,1598_LeafPhotoA_2025-09-09 09_29_08.978-05_00_0.png,2,1.5,1.856132307291627
1598_LeafPhotoA_2025-09-09 09_29_41.679,PI534004,2,1598_LeafPhotoA_2025-09-09 09_29_41.679-05_00_0.png,2,2.0,1.9415748566086573
1599_LeafPhotoA_2025-09-09 10_23_29.230,PI534164,1,1599_LeafPhotoA_2025-09-09 10_23_29.230-05_00_0.png,2,3.5,2.7394862042198054
1600_LeafPhotoA_2025-09-09 10_22_02.956,PI656063,3,1600_LeafPhotoA_2025-09-09 10_22_02.956-05_00_0.png,2,1.0,1.8088907543734924
1600_LeafPhotoA_2025-09-09 10_22_19.836,PI656063,3,1600_LeafPhotoA_2025-09-09 10_22_19.836-05_00_0.png,2,1.0,1.8403117876542374
1601_LeafPhotoA_2025-09-09 10_49_03.891,PI564163,1,1601_LeafPhotoA_2025-09-09 10_49_03.891-05_00_0.png,2,1.5,1.5418064283813364
1601_LeafPhotoA_2025-09-09 10_49_28.982,PI564163,1,1601_LeafPhotoA_2025-09-09 10_49_28.982-05_00_0.png,2,1.0,1.748983405571231
1601_LeafPhotoA_2025-09-09 10_49_58.783,PI564163,1,1601_LeafPhotoA_2025-09-09 10_49_58.783-05_00_0.png,2,2.5,2.107230221091638
1602_LeafPhotoA_2025-09-09 10_50_29.978,PI656005,3,1602_LeafPhotoA_2025-09-09 10_50_29.978-05_00_0.png,2,2.5,1.9046917409643398
1602_LeafPhotoA_2025-09-09 10_51_03.780,PI656005,3,1602_LeafPhotoA_2025-09-09 10_51_03.780-05_00_0.png,2,2.0,2.143676631849781
1602_LeafPhotoA_2025-09-09 10_51_55.488,PI656005,3,1602_LeafPhotoA_2025-09-09 10_51_55.488-05_00_0.png,2,2.0,1.8316733114598878
1603_LeafPhotoA_2025-09-09 08_56_04.202,PI533893,2,1603_LeafPhotoA_2025-09-09 08_56_04.202-05_00_0.png,2,2.75,2.834768201459596
1603_LeafPhotoA_2025-09-09 08_56_39.137,PI533893,2,1603_LeafPhotoA_2025-09-09 08_56_39.137-05_00_0.png,2,3.0,2.8955146228725592
1603_LeafPhotoA_2025-09-09 08_58_23.722,PI533893,2,1603_LeafPhotoA_2025-09-09 08_58_23.722-05_00_0.png,2,3.0,2.5744606202271894
1604_LeafPhotoA_2025-09-09 08_59_55.363,PI576344,3,1604_LeafPhotoA_2025-09-09 08_59_55.363-05_00_0.png,2,3.5,2.837413893080887
1604_LeafPhotoA_2025-09-09 09_02_28.515,PI576344,3,1604_LeafPhotoA_2025-09-09 09_02_28.515-05_00_0.png,2,2.5,2.1801553102917133
1604_LeafPhotoA_2025-09-09 09_03_22.178,PI576344,3,1604_LeafPhotoA_2025-09-09 09_03_22.178-05_00_0.png,2,3.0,2.7491494638466527
1604_LeafPhotoA_2025-09-09 09_03_46.692,PI576344,3,1604_LeafPhotoA_2025-09-09 09_03_46.692-05_00_0.png,2,3.5,2.743966469419845
1605_LeafPhotoA_2025-09-09 09_07_08.633,PI576369,4,1605_LeafPhotoA_2025-09-09 09_07_08.633-05_00_0.png,2,1.5,1.9950074563175462
1605_LeafPhotoA_2025-09-09 09_08_54.638,PI576369,4,1605_LeafPhotoA_2025-09-09 09_08_54.638-05_00_0.png,2,2.0,2.227867184188573
1605_LeafPhotoA_2025-09-09 09_11_26.299,PI576369,4,1605_LeafPhotoA_2025-09-09 09_11_26.299-05_00_0.png,1,3.0,2.7625369804816744
1606_LeafPhotoA_2025-09-09 09_19_10.085,PI533908,4,1606_LeafPhotoA_2025-09-09 09_19_10.085-05_00_0.png,2,2.5,2.304919248063602
1607_LeafPhotoA_2025-09-09 09_21_05.102,SC0150,2,1607_LeafPhotoA_2025-09-09 09_21_05.102-05_00_0.png,2,2.5,2.5218610272596345
1607_LeafPhotoA_2025-09-09 09_21_41.813,SC0150,2,1607_LeafPhotoA_2025-09-09 09_21_41.813-05_00_0.png,1,2.5,2.664491525553372
1607_LeafPhotoA_2025-09-09 09_22_36.201,SC0150,2,1607_LeafPhotoA_2025-09-09 09_22_36.201-05_00_0.png,2,2.0,2.3830695625431493
1608_LeafPhotoA_2025-09-09 09_23_59.629,PI534079,3,1608_LeafPhotoA_2025-09-09 09_23_59.629-05_00_0.png,2,1.75,2.0776852166660777
1608_LeafPhotoA_2025-09-09 09_25_43.474,PI534079,3,1608_LeafPhotoA_2025-09-09 09_25_43.474-05_00_0.png,2,3.0,2.280795245157529
1608_LeafPhotoA_2025-09-09 09_26_21.821,PI534079,3,1608_LeafPhotoA_2025-09-09 09_26_21.821-05_00_0.png,1,3.0,2.150950487834251
1610_LeafPhotoA_2025-09-09 09_28_37.610,PI534137,4,1610_LeafPhotoA_2025-09-09 09_28_37.610-05_00_0.png,2,2.0,2.085389713165663
1610_LeafPhotoA_2025-09-09 09_29_22.300,PI534137,4,1610_LeafPhotoA_2025-09-09 09_29_22.300-05_00_0.png,2,2.0,2.2049704585286136
1610_LeafPhotoA_2025-09-09 09_29_35.116,PI534137,4,1610_LeafPhotoA_2025-09-09 09_29_35.116-05_00_0.png,2,1.0,2.297013999443322
1610_LeafPhotoA_2025-09-09 09_31_08.461,PI534137,4,1610_LeafPhotoA_2025-09-09 09_31_08.461-05_00_0.png,1,2.5,2.4067215807036497
1611_LeafPhotoA_2025-09-09 09_31_44.422,PI534114,2,1611_LeafPhotoA_2025-09-09 09_31_44.422-05_00_0.png,2,3.0,2.552574006436515
1611_LeafPhotoA_2025-09-09 09_32_43.080,PI534114,2,1611_LeafPhotoA_2025-09-09 09_32_43.080-05_00_0.png,2,2.5,1.8763159498713173
1611_LeafPhotoA_2025-09-09 09_33_17.486,PI534114,2,1611_LeafPhotoA_2025-09-09 09_33_17.486-05_00_0.png,2,2.0,2.27635635852151
1613_LeafPhotoA_2025-09-09 09_35_12.971,PI534074,2,1613_LeafPhotoA_2025-09-09 09_35_12.971-05_00_0.png,1,2.0,1.9674046650051873
1613_LeafPhotoA_2025-09-09 09_35_32.143,PI534074,2,1613_LeafPhotoA_2025-09-09 09_35_32.143-05_00_0.png,2,2.0,2.0058858986730512
1615_LeafPhotoA_2025-09-09 09_37_05.908,SC0556,2,1615_LeafPhotoA_2025-09-09 09_37_05.908-05_00_0.png,2,2.5,2.302363493940698
1615_LeafPhotoA_2025-09-09 09_38_18.951,SC0556,2,1615_LeafPhotoA_2025-09-09 09_38_18.951-05_00_0.png,2,2.5,2.3180236745149303
1615_LeafPhotoA_2025-09-09 09_38_30.259,SC0556,2,1615_LeafPhotoA_2025-09-09 09_38_30.259-05_00_0.png,2,1.75,2.311412539433979
1615_LeafPhotoA_2025-09-09 09_39_37.565,SC0556,2,1615_LeafPhotoA_2025-09-09 09_39_37.565-05_00_0.png,2,2.0,2.654307104264037
1616_LeafPhotoA_2025-09-09 09_40_32.568,PI552861,3,1616_LeafPhotoA_2025-09-09 09_40_32.568-05_00_0.png,1,1.5,2.0503968134803867
1616_LeafPhotoA_2025-09-09 09_41_23.675,PI552861,3,1616_LeafPhotoA_2025-09-09 09_41_23.675-05_00_0.png,2,2.0,2.2292151578347315
1617_LeafPhotoA_2025-09-09 09_43_21.124,PI534167,2,1617_LeafPhotoA_2025-09-09 09_43_21.124-05_00_0.png,2,1.5,2.393453891326037
1617_LeafPhotoA_2025-09-09 09_43_56.607,PI534167,2,1617_LeafPhotoA_2025-09-09 09_43_56.607-05_00_0.png,2,1.5,2.175941289978295
1618_LeafPhotoA_2025-09-09 09_45_16.572,PI564163,1,1618_LeafPhotoA_2025-09-09 09_45_16.572-05_00_0.png,2,3.0,2.3662375533000453
1618_LeafPhotoA_2025-09-09 09_45_45.857,PI564163,1,1618_LeafPhotoA_2025-09-09 09_45_45.857-05_00_0.png,2,1.5,1.8069084577412502
1618_LeafPhotoA_2025-09-09 09_46_05.379,PI564163,1,1618_LeafPhotoA_2025-09-09 09_46_05.379-05_00_0.png,2,2.0,1.7498344816539582
1619_LeafPhotoA_2025-09-09 09_48_07.339,PI534090,2,1619_LeafPhotoA_2025-09-09 09_48_07.339-05_00_0.png,2,3.0,2.5307384324897986
1619_LeafPhotoA_2025-09-09 09_48_45.939,PI534090,2,1619_LeafPhotoA_2025-09-09 09_48_45.939-05_00_0.png,2,3.0,2.3333598362046057
1619_LeafPhotoA_2025-09-09 09_49_42.512,PI534090,2,1619_LeafPhotoA_2025-09-09 09_49_42.512-05_00_0.png,2,1.75,2.6155576544212242
1620_LeafPhotoA_2025-09-09 09_50_13.474,PI656057,5,1620_LeafPhotoA_2025-09-09 09_50_13.474-05_00_0.png,1,1.5,2.065283873064928
1620_LeafPhotoA_2025-09-09 09_50_41.110,PI656057,5,1620_LeafPhotoA_2025-09-09 09_50_41.110-05_00_0.png,2,2.0,2.1995197322015887
1620_LeafPhotoA_2025-09-09 09_51_32.614,PI656057,5,1620_LeafPhotoA_2025-09-09 09_51_32.614-05_00_0.png,2,3.0,2.239412638630096
1621_LeafPhotoA_2025-09-09 09_52_05.240,PI534163,3,1621_LeafPhotoA_2025-09-09 09_52_05.240-05_00_0.png,2,1.25,1.8772512412013547
1621_LeafPhotoA_2025-09-09 09_52_43.936,PI534163,3,1621_LeafPhotoA_2025-09-09 09_52_43.936-05_00_0.png,2,2.5,2.091687883033643
1621_LeafPhotoA_2025-09-09 09_53_07.351,PI534163,3,1621_LeafPhotoA_2025-09-09 09_53_07.351-05_00_0.png,2,3.0,2.3722179346781895
1622_LeafPhotoA_2025-09-09 09_56_01.433,PI595720,4,1622_LeafPhotoA_2025-09-09 09_56_01.433-05_00_0.png,1,5.0,2.8859173690452127
1622_LeafPhotoA_2025-09-09 09_56_37.304,PI595720,4,1622_LeafPhotoA_2025-09-09 09_56_37.304-05_00_0.png,2,4.0,2.5569050032505394
1623_LeafPhotoA_2025-09-09 09_57_08.756,SC0999,2,1623_LeafPhotoA_2025-09-09 09_57_08.756-05_00_0.png,2,3.5,2.785689521616104
1623_LeafPhotoA_2025-09-09 09_57_37.816,SC0999,2,1623_LeafPhotoA_2025-09-09 09_57_37.816-05_00_0.png,2,1.75,2.6182120450874815
1623_LeafPhotoA_2025-09-09 09_58_46.896,SC0999,2,1623_LeafPhotoA_2025-09-09 09_58_46.896-05_00_0.png,2,2.0,2.3437210832588993
1625_LeafPhotoA_2025-09-09 10_00_36.678,PI534026,2,1625_LeafPhotoA_2025-09-09 10_00_36.678-05_00_0.png,2,3.0,2.2479880855607544
1625_LeafPhotoA_2025-09-09 10_01_11.467,PI534026,2,1625_LeafPhotoA_2025-09-09 10_01_11.467-05_00_0.png,2,1.5,2.021694923418352
1625_LeafPhotoA_2025-09-09 10_02_28.135,PI534026,2,1625_LeafPhotoA_2025-09-09 10_02_28.135-05_00_0.png,2,2.25,2.3565198291735037
1626_LeafPhotoA_2025-09-09 10_02_55.500,PI564163,1,1626_LeafPhotoA_2025-09-09 10_02_55.500-05_00_0.png,2,2.5,2.116566332084712
1626_LeafPhotoA_2025-09-09 10_03_50.260,PI564163,1,1626_LeafPhotoA_2025-09-09 10_03_50.260-05_00_0.png,2,1.5,2.254496678428387
1626_LeafPhotoA_2025-09-09 10_04_08.926,PI564163,1,1626_LeafPhotoA_2025-09-09 10_04_08.926-05_00_0.png,2,2.5,2.3276211451916566
1626_LeafPhotoA_2025-09-09 10_04_33.689,PI564163,1,1626_LeafPhotoA_2025-09-09 10_04_33.689-05_00_0.png,1,1.5,1.905452953912569
1627_LeafPhotoA_2025-09-09 10_06_34.203,PI533958,5,1627_LeafPhotoA_2025-09-09 10_06_34.203-05_00_0.png,2,1.5,2.0513297853629386
1628_LeafPhotoA_2025-09-09 10_07_53.973,PI533751,3,1628_LeafPhotoA_2025-09-09 10_07_53.973-05_00_0.png,2,3.0,2.4242950186701115
1628_LeafPhotoA_2025-09-09 10_08_59.380,PI533751,3,1628_LeafPhotoA_2025-09-09 10_08_59.380-05_00_0.png,1,2.5,1.9412802281861081
1628_LeafPhotoA_2025-09-09 10_09_26.590,PI533751,3,1628_LeafPhotoA_2025-09-09 10_09_26.590-05_00_0.png,2,2.5,2.1598190027633217
1629_LeafPhotoA_2025-09-09 10_10_01.561,PI533802,2,1629_LeafPhotoA_2025-09-09 10_10_01.561-05_00_0.png,2,1.0,2.0015922806553625
1629_LeafPhotoA_2025-09-09 10_11_31.349,PI533802,2,1629_LeafPhotoA_2025-09-09 10_11_31.349-05_00_0.png,2,1.25,1.8812421542904425
1629_LeafPhotoA_2025-09-09 10_11_44.104,PI533802,2,1629_LeafPhotoA_2025-09-09 10_11_44.104-05_00_0.png,2,1.0,1.481819780543029
1631_LeafPhotoA_2025-09-09 10_13_12.245,PI533837,1,1631_LeafPhotoA_2025-09-09 10_13_12.245-05_00_0.png,1,1.5,2.191659498904458
1631_LeafPhotoA_2025-09-09 10_14_01.203,PI533837,1,1631_LeafPhotoA_2025-09-09 10_14_01.203-05_00_0.png,1,2.5,2.2339104847237734
1631_LeafPhotoA_2025-09-09 10_15_18.728,PI533837,1,1631_LeafPhotoA_2025-09-09 10_15_18.728-05_00_0.png,2,1.5,1.7838375037800407
1633_LeafPhotoA_2025-09-09 10_16_57.625,PI533798,5,1633_LeafPhotoA_2025-09-09 10_16_57.625-05_00_0.png,2,2.0,1.7273069397230258
1633_LeafPhotoA_2025-09-09 10_17_21.309,PI533798,5,1633_LeafPhotoA_2025-09-09 10_17_21.309-05_00_0.png,2,2.5,1.842213722073468
1633_LeafPhotoA_2025-09-09 10_17_41.711,PI533798,5,1633_LeafPhotoA_2025-09-09 10_17_41.711-05_00_0.png,2,2.0,1.8916706183739576
1635_LeafPhotoA_2025-09-09 10_19_16.522,PI576330,3,1635_LeafPhotoA_2025-09-09 10_19_16.522-05_00_0.png,1,2.5,2.2987172770325217
1637_LeafPhotoA_2025-09-09 10_21_26.140,PI534052,2,1637_LeafPhotoA_2025-09-09 10_21_26.140-05_00_0.png,2,2.5,2.3298262837040444
1637_LeafPhotoA_2025-09-09 10_22_02.714,PI534052,2,1637_LeafPhotoA_2025-09-09 10_22_02.714-05_00_0.png,2,3.0,2.619274953690259
1637_LeafPhotoA_2025-09-09 10_22_19.551,PI534052,2,1637_LeafPhotoA_2025-09-09 10_22_19.551-05_00_0.png,2,3.0,2.487867495453893
1637_LeafPhotoA_2025-09-09 10_22_42.671,PI534052,2,1637_LeafPhotoA_2025-09-09 10_22_42.671-05_00_0.png,2,2.0,2.2772100370537496
1638_LeafPhotoA_2025-09-09 10_23_45.018,PI534035,1,1638_LeafPhotoA_2025-09-09 10_23_45.018-05_00_0.png,2,3.0,2.5367988753531483
1638_LeafPhotoA_2025-09-09 10_24_55.772,PI534035,1,1638_LeafPhotoA_2025-09-09 10_24_55.772-05_00_0.png,1,3.0,2.6565141345410765
1638_LeafPhotoA_2025-09-09 10_25_18.118,PI534035,1,1638_LeafPhotoA_2025-09-09 10_25_18.118-05_00_0.png,2,2.5,2.3576062600955647
1638_LeafPhotoA_2025-09-09 10_27_46.342,PI534035,1,1638_LeafPhotoA_2025-09-09 10_27_46.342-05_00_0.png,2,2.5,2.8555751028747456
1639_LeafPhotoA_2025-09-09 10_26_20.214,PI656089,2,1639_LeafPhotoA_2025-09-09 10_26_20.214-05_00_0.png,2,2.5,2.663549626073209
1640_LeafPhotoA_2025-09-09 10_29_02.998,PI533966,5,1640_LeafPhotoA_2025-09-09 10_29_02.998-05_00_0.png,2,2.5,2.511675884169628
1640_LeafPhotoA_2025-09-09 10_29_25.116,PI533966,5,1640_LeafPhotoA_2025-09-09 10_29_25.116-05_00_0.png,2,3.5,2.6067489949683593
1640_LeafPhotoA_2025-09-09 10_29_49.970,PI533966,5,1640_LeafPhotoA_2025-09-09 10_29_49.970-05_00_0.png,2,3.0,2.466418858664698
1641_LeafPhotoA_2025-09-09 10_30_20.507,PI534161,5,1641_LeafPhotoA_2025-09-09 10_30_20.507-05_00_0.png,1,1.0,1.8086330300043845
1641_LeafPhotoA_2025-09-09 10_30_56.504,PI534161,5,1641_LeafPhotoA_2025-09-09 10_30_56.504-05_00_0.png,2,1.0,1.895345589229262
1641_LeafPhotoA_2025-09-09 10_31_26.075,PI534161,5,1641_LeafPhotoA_2025-09-09 10_31_26.075-05_00_0.png,1,2.0,1.9753776346859113
1642_LeafPhotoA_2025-09-09 10_32_57.344,PI534063,3,1642_LeafPhotoA_2025-09-09 10_32_57.344-05_00_0.png,1,2.0,1.9662635079761965
1642_LeafPhotoA_2025-09-09 10_33_37.386,PI534063,3,1642_LeafPhotoA_2025-09-09 10_33_37.386-05_00_0.png,1,1.0,2.145562041890432
1644_LeafPhotoA_2025-09-09 10_35_13.308,BTx643,3,1644_LeafPhotoA_2025-09-09 10_35_13.308-05_00_0.png,2,1.25,1.6614975589408778
1644_LeafPhotoA_2025-09-09 10_35_46.183,BTx643,3,1644_LeafPhotoA_2025-09-09 10_35_46.183-05_00_0.png,2,1.5,1.8397047189306968
1645_LeafPhotoA_2025-09-09 10_37_11.413,PI534103,4,1645_LeafPhotoA_2025-09-09 10_37_11.413-05_00_0.png,2,2.0,2.018568234788088
1645_LeafPhotoA_2025-09-09 10_38_11.553,PI534103,4,1645_LeafPhotoA_2025-09-09 10_38_11.553-05_00_0.png,2,2.0,2.3807328341818543
1646_LeafPhotoA_2025-09-09 10_39_03.969,PI656051,3,1646_LeafPhotoA_2025-09-09 10_39_03.969-05_00_0.png,2,1.5,1.6897806486838947
1646_LeafPhotoA_2025-09-09 10_39_42.256,PI656051,3,1646_LeafPhotoA_2025-09-09 10_39_42.256-05_00_0.png,1,1.5,1.8610694914471755
1646_LeafPhotoA_2025-09-09 10_40_19.188,PI656051,3,1646_LeafPhotoA_2025-09-09 10_40_19.188-05_00_0.png,2,1.5,1.6641861217349294
1647_LeafPhotoA_2025-09-09 10_41_18.150,PI533883,1,1647_LeafPhotoA_2025-09-09 10_41_18.150-05_00_0.png,2,3.0,2.9119717017875
1647_LeafPhotoA_2025-09-09 10_41_55.931,PI533883,1,1647_LeafPhotoA_2025-09-09 10_41_55.931-05_00_0.png,2,3.5,3.0642357343253677
1647_LeafPhotoA_2025-09-09 10_42_44.964,PI533883,1,1647_LeafPhotoA_2025-09-09 10_42_44.964-05_00_0.png,2,3.5,2.9446890697499186
1648_LeafPhotoA_2025-09-09 10_43_26.038,PI534151,3,1648_LeafPhotoA_2025-09-09 10_43_26.038-05_00_0.png,2,2.0,2.392416105903078
1648_LeafPhotoA_2025-09-09 10_44_29.803,PI534151,3,1648_LeafPhotoA_2025-09-09 10_44_29.803-05_00_0.png,2,1.75,2.6150058785622257
1648_LeafPhotoA_2025-09-09 10_44_47.490,PI534151,3,1648_LeafPhotoA_2025-09-09 10_44_47.490-05_00_0.png,1,2.5,2.217096460957917
1649_LeafPhotoA_2025-09-09 10_45_43.169,PI533909,4,1649_LeafPhotoA_2025-09-09 10_45_43.169-05_00_0.png,2,2.5,2.906430143609401
1649_LeafPhotoA_2025-09-09 10_46_06.939,PI533909,4,1649_LeafPhotoA_2025-09-09 10_46_06.939-05_00_0.png,2,2.0,2.04809766071347
1649_LeafPhotoA_2025-09-09 10_46_22.339,PI533909,4,1649_LeafPhotoA_2025-09-09 10_46_22.339-05_00_0.png,2,2.0,2.025623010586122
1649_LeafPhotoA_2025-09-09 10_46_55.771,PI533909,4,1649_LeafPhotoA_2025-09-09 10_46_55.771-05_00_0.png,2,2.0,2.0418589159937066
1651_LeafPhotoA_2025-09-09 10_22_46.838,PI533795,4,1651_LeafPhotoA_2025-09-09 10_22_46.838-05_00_0.png,2,3.0,2.8608865935782073
1651_LeafPhotoA_2025-09-09 10_23_09.214,PI533795,4,1651_LeafPhotoA_2025-09-09 10_23_09.214-05_00_0.png,2,3.0,2.867256981482783
1652_LeafPhotoA_2025-09-09 10_20_27.938,PI564163,1,1652_LeafPhotoA_2025-09-09 10_20_27.938-05_00_0.png,1,1.25,1.7823107936633582
1652_LeafPhotoA_2025-09-09 10_20_45.076,PI564163,1,1652_LeafPhotoA_2025-09-09 10_20_45.076-05_00_0.png,2,1.0,1.5821311640672406
1653_LeafPhotoA_2025-09-09 10_19_17.972,PI533954,3,1653_LeafPhotoA_2025-09-09 10_19_17.972-05_00_0.png,1,2.0,2.3089573163620654
1653_LeafPhotoA_2025-09-09 10_19_52.202,PI533954,3,1653_LeafPhotoA_2025-09-09 10_19_52.202-05_00_0.png,2,2.0,1.9993614105642765
1654_LeafPhotoA_2025-09-09 10_17_19.345,SC0409,5,1654_LeafPhotoA_2025-09-09 10_17_19.345-05_00_0.png,2,3.5,2.8395276905351072
1654_LeafPhotoA_2025-09-09 10_17_35.332,SC0409,5,1654_LeafPhotoA_2025-09-09 10_17_35.332-05_00_0.png,2,2.5,2.1339048058733305
1654_LeafPhotoA_2025-09-09 10_18_00.201,SC0409,5,1654_LeafPhotoA_2025-09-09 10_18_00.201-05_00_0.png,1,1.25,2.2358922558624266
1655_LeafPhotoA_2025-09-09 10_16_19.071,PI576399,4,1655_LeafPhotoA_2025-09-09 10_16_19.071-05_00_0.png,1,2.0,2.228556098393996
1655_LeafPhotoA_2025-09-09 10_16_35.909,PI576399,4,1655_LeafPhotoA_2025-09-09 10_16_35.909-05_00_0.png,1,3.5,2.7643651377110126
1655_LeafPhotoA_2025-09-09 10_16_50.570,PI576399,4,1655_LeafPhotoA_2025-09-09 10_16_50.570-05_00_0.png,1,3.0,2.7387899959431663
1656_LeafPhotoA_2025-09-09 10_14_31.060,PI534084,5,1656_LeafPhotoA_2025-09-09 10_14_31.060-05_00_0.png,2,3.0,2.2912013635623376
1656_LeafPhotoA_2025-09-09 10_15_06.464,PI534084,5,1656_LeafPhotoA_2025-09-09 10_15_06.464-05_00_0.png,2,2.5,2.9114804856043888
1656_LeafPhotoA_2025-09-09 10_15_52.695,PI534084,5,1656_LeafPhotoA_2025-09-09 10_15_52.695-05_00_0.png,2,3.5,2.824592145235557
1657_LeafPhotoA_2025-09-09 10_13_10.082,PI656004,4,1657_LeafPhotoA_2025-09-09 10_13_10.082-05_00_0.png,1,1.0,1.5300717298042081
1657_LeafPhotoA_2025-09-09 10_13_27.838,PI656004,4,1657_LeafPhotoA_2025-09-09 10_13_27.838-05_00_0.png,1,1.0,1.97218129973419
1658_LeafPhotoA_2025-09-09 10_11_51.588,PI533780,2,1658_LeafPhotoA_2025-09-09 10_11_51.588-05_00_0.png,1,2.5,2.1880268707860013
1658_LeafPhotoA_2025-09-09 10_12_25.098,PI533780,2,1658_LeafPhotoA_2025-09-09 10_12_25.098-05_00_0.png,2,1.5,2.4505912897208244
1659_LeafPhotoA_2025-09-09 10_10_14.000,PI576372,5,1659_LeafPhotoA_2025-09-09 10_10_14.000-05_00_0.png,1,1.0,1.8501686451961552
1659_LeafPhotoA_2025-09-09 10_10_31.881,PI576372,5,1659_LeafPhotoA_2025-09-09 10_10_31.881-05_00_0.png,1,1.0,1.628843883233783
1659_LeafPhotoA_2025-09-09 10_11_01.636,PI576372,5,1659_LeafPhotoA_2025-09-09 10_11_01.636-05_00_0.png,1,1.5,2.033048062317797
1660_LeafPhotoA_2025-09-09 10_08_41.077,PI533832,2,1660_LeafPhotoA_2025-09-09 10_08_41.077-05_00_0.png,2,2.5,2.3131335124230348
1660_LeafPhotoA_2025-09-09 10_09_36.852,PI533832,2,1660_LeafPhotoA_2025-09-09 10_09_36.852-05_00_0.png,2,1.5,2.09335675731674
1661_LeafPhotoA_2025-09-09 10_06_41.954,PI656078,2,1661_LeafPhotoA_2025-09-09 10_06_41.954-05_00_0.png,2,2.0,2.1806036552711885
1661_LeafPhotoA_2025-09-09 10_07_18.041,PI656078,2,1661_LeafPhotoA_2025-09-09 10_07_18.041-05_00_0.png,1,2.0,2.4317923892184843
1661_LeafPhotoA_2025-09-09 10_07_49.113,PI656078,2,1661_LeafPhotoA_2025-09-09 10_07_49.113-05_00_0.png,1,2.0,2.3113676187194816
1662_LeafPhotoA_2025-09-09 10_04_42.347,PI533967,3,1662_LeafPhotoA_2025-09-09 10_04_42.347-05_00_0.png,1,1.0,1.9503014688599563
1662_LeafPhotoA_2025-09-09 10_05_08.044,PI533967,3,1662_LeafPhotoA_2025-09-09 10_05_08.044-05_00_0.png,2,1.0,1.7463831388581659
1662_LeafPhotoA_2025-09-09 10_05_45.641,PI533967,3,1662_LeafPhotoA_2025-09-09 10_05_45.641-05_00_0.png,2,2.0,1.942673938304748
1663_LeafPhotoA_2025-09-09 10_03_33.950,PI564163,1,1663_LeafPhotoA_2025-09-09 10_03_33.950-05_00_0.png,1,2.5,2.472405025548633
1663_LeafPhotoA_2025-09-09 10_03_58.157,PI564163,1,1663_LeafPhotoA_2025-09-09 10_03_58.157-05_00_0.png,2,1.5,1.9298241005118602
1664_LeafPhotoA_2025-09-09 10_01_18.649,PI534003,5,1664_LeafPhotoA_2025-09-09 10_01_18.649-05_00_0.png,2,3.0,2.336235707629576
1664_LeafPhotoA_2025-09-09 10_02_15.859,PI534003,5,1664_LeafPhotoA_2025-09-09 10_02_15.859-05_00_0.png,1,2.0,1.9114763729120978
1665_LeafPhotoA_2025-09-09 09_57_34.568,PI656087,4,1665_LeafPhotoA_2025-09-09 09_57_34.568-05_00_0.png,1,2.0,2.4760977279407044
1665_LeafPhotoA_2025-09-09 09_58_21.642,PI656087,4,1665_LeafPhotoA_2025-09-09 09_58_21.642-05_00_0.png,1,3.5,2.2346819247745713
1665_LeafPhotoA_2025-09-09 09_58_42.760,PI656087,4,1665_LeafPhotoA_2025-09-09 09_58_42.760-05_00_0.png,1,2.5,2.2327358387291207
1666_LeafPhotoA_2025-09-09 09_55_47.332,PI534130,4,1666_LeafPhotoA_2025-09-09 09_55_47.332-05_00_0.png,2,1.25,1.9544370368666404
1666_LeafPhotoA_2025-09-09 09_56_14.563,PI534130,4,1666_LeafPhotoA_2025-09-09 09_56_14.563-05_00_0.png,1,2.0,2.1691789123608585
1666_LeafPhotoA_2025-09-09 09_56_38.700,PI534130,4,1666_LeafPhotoA_2025-09-09 09_56_38.700-05_00_0.png,1,2.5,2.041274633860719
1667_LeafPhotoA_2025-09-09 09_53_57.699,SC1178,5,1667_LeafPhotoA_2025-09-09 09_53_57.699-05_00_0.png,1,3.0,2.3850977535285782
1667_LeafPhotoA_2025-09-09 09_54_21.626,SC1178,5,1667_LeafPhotoA_2025-09-09 09_54_21.626-05_00_0.png,2,1.5,2.264988919417261
1667_LeafPhotoA_2025-09-09 09_54_52.034,SC1178,5,1667_LeafPhotoA_2025-09-09 09_54_52.034-05_00_0.png,2,2.0,1.9958139604573737
1668_LeafPhotoA_2025-09-09 09_52_08.659,PI576396,1,1668_LeafPhotoA_2025-09-09 09_52_08.659-05_00_0.png,2,3.0,2.389884177038263
1668_LeafPhotoA_2025-09-09 09_53_01.765,PI576396,1,1668_LeafPhotoA_2025-09-09 09_53_01.765-05_00_0.png,2,1.0,2.070385835427018
1668_LeafPhotoA_2025-09-09 09_53_26.842,PI576396,1,1668_LeafPhotoA_2025-09-09 09_53_26.842-05_00_0.png,2,1.0,2.1139190266746954
1669_LeafPhotoA_2025-09-09 09_50_38.152,PI533922,1,1669_LeafPhotoA_2025-09-09 09_50_38.152-05_00_0.png,2,2.0,2.0179465083588317
1669_LeafPhotoA_2025-09-09 09_51_13.731,PI533922,1,1669_LeafPhotoA_2025-09-09 09_51_13.731-05_00_0.png,1,1.5,1.9414301355671284
1669_LeafPhotoA_2025-09-09 09_51_39.618,PI533922,1,1669_LeafPhotoA_2025-09-09 09_51_39.618-05_00_0.png,1,2.5,2.5855984351198624
1670_LeafPhotoA_2025-09-09 09_49_04.506,PI564163,1,1670_LeafPhotoA_2025-09-09 09_49_04.506-05_00_0.png,1,2.5,1.8797986282723256
1670_LeafPhotoA_2025-09-09 09_49_34.631,PI564163,1,1670_LeafPhotoA_2025-09-09 09_49_34.631-05_00_0.png,1,2.0,1.9675838759018753
1670_LeafPhotoA_2025-09-09 09_50_03.040,PI564163,1,1670_LeafPhotoA_2025-09-09 09_50_03.040-05_00_0.png,2,1.0,1.684822857022002
1671_LeafPhotoA_2025-09-09 09_47_13.666,PI533940,2,1671_LeafPhotoA_2025-09-09 09_47_13.666-05_00_0.png,1,2.5,2.4946282400050177
1671_LeafPhotoA_2025-09-09 09_47_56.412,PI533940,2,1671_LeafPhotoA_2025-09-09 09_47_56.412-05_00_0.png,1,2.0,2.523729645482173
1672_LeafPhotoA_2025-09-09 09_45_09.593,PI534065,1,1672_LeafPhotoA_2025-09-09 09_45_09.593-05_00_0.png,1,1.5,2.1623070976574197
1672_LeafPhotoA_2025-09-09 09_45_47.566,PI534065,1,1672_LeafPhotoA_2025-09-09 09_45_47.566-05_00_0.png,1,1.75,2.4442387158747856
1673_LeafPhotoA_2025-09-09 09_43_33.389,PI534115,3,1673_LeafPhotoA_2025-09-09 09_43_33.389-05_00_0.png,2,2.5,2.339231410925834
1673_LeafPhotoA_2025-09-09 09_44_07.120,PI534115,3,1673_LeafPhotoA_2025-09-09 09_44_07.120-05_00_0.png,1,2.0,2.455470312781777
1673_LeafPhotoA_2025-09-09 09_44_46.978,PI534115,3,1673_LeafPhotoA_2025-09-09 09_44_46.978-05_00_0.png,1,1.5,2.0942124971494573
1674_LeafPhotoA_2025-09-09 09_42_05.409,PI656047,5,1674_LeafPhotoA_2025-09-09 09_42_05.409-05_00_0.png,2,2.0,2.161081811509927
1674_LeafPhotoA_2025-09-09 09_42_21.468,PI656047,5,1674_LeafPhotoA_2025-09-09 09_42_21.468-05_00_0.png,1,2.0,2.3104021599972033
1675_LeafPhotoA_2025-09-09 09_40_03.291,SC0640,4,1675_LeafPhotoA_2025-09-09 09_40_03.291-05_00_0.png,2,2.5,2.371884578474071
1675_LeafPhotoA_2025-09-09 09_40_57.514,SC0640,4,1675_LeafPhotoA_2025-09-09 09_40_57.514-05_00_0.png,1,2.5,2.1079840417816595
1676_LeafPhotoA_2025-09-09 09_38_29.544,PI533805,5,1676_LeafPhotoA_2025-09-09 09_38_29.544-05_00_0.png,2,1.0,2.1398360255597417
1676_LeafPhotoA_2025-09-09 09_38_54.646,PI533805,5,1676_LeafPhotoA_2025-09-09 09_38_54.646-05_00_0.png,2,2.0,1.8955093847751547
1676_LeafPhotoA_2025-09-09 09_39_20.394,PI533805,5,1676_LeafPhotoA_2025-09-09 09_39_20.394-05_00_0.png,1,1.5,1.9258697594604786
1677_LeafPhotoA_2025-09-09 09_35_17.102,PI564163,1,1677_LeafPhotoA_2025-09-09 09_35_17.102-05_00_0.png,1,1.25,2.046356432492667
1677_LeafPhotoA_2025-09-09 09_35_54.862,PI564163,1,1677_LeafPhotoA_2025-09-09 09_35_54.862-05_00_0.png,1,1.5,1.8648992907094184
1678_LeafPhotoA_2025-09-09 09_33_46.129,PI534081,2,1678_LeafPhotoA_2025-09-09 09_33_46.129-05_00_0.png,1,2.0,3.280299455082723
1678_LeafPhotoA_2025-09-09 09_34_24.350,PI534081,2,1678_LeafPhotoA_2025-09-09 09_34_24.350-05_00_0.png,1,3.25,3.1062473369759487
1678_LeafPhotoA_2025-09-09 09_34_40.386,PI534081,2,1678_LeafPhotoA_2025-09-09 09_34_40.386-05_00_0.png,2,3.0,2.5586823961279626
1679_LeafPhotoA_2025-09-09 09_32_13.519,PI534066,5,1679_LeafPhotoA_2025-09-09 09_32_13.519-05_00_0.png,2,2.25,2.5089103198155405
1679_LeafPhotoA_2025-09-09 09_32_39.298,PI534066,5,1679_LeafPhotoA_2025-09-09 09_32_39.298-05_00_0.png,2,1.5,2.075721663124076
1679_LeafPhotoA_2025-09-09 09_33_07.078,PI534066,5,1679_LeafPhotoA_2025-09-09 09_33_07.078-05_00_0.png,2,2.0,2.120600248256789
1680_LeafPhotoA_2025-09-09 09_30_14.560,PI656043,5,1680_LeafPhotoA_2025-09-09 09_30_14.560-05_00_0.png,1,1.5,1.8385580458759312
1680_LeafPhotoA_2025-09-09 09_31_29.921,PI656043,5,1680_LeafPhotoA_2025-09-09 09_31_29.921-05_00_0.png,2,1.0,1.7794961691895674
1682_LeafPhotoA_2025-09-09 09_27_14.735,PI533788,2,1682_LeafPhotoA_2025-09-09 09_27_14.735-05_00_0.png,1,3.0,2.7325034871335685
1683_LeafPhotoA_2025-09-09 09_25_17.477,PI534098,1,1683_LeafPhotoA_2025-09-09 09_25_17.477-05_00_0.png,1,2.5,2.4947406846789937
1683_LeafPhotoA_2025-09-09 09_26_05.837,PI534098,1,1683_LeafPhotoA_2025-09-09 09_26_05.837-05_00_0.png,1,2.5,2.2778388006132313
1683_LeafPhotoA_2025-09-09 09_26_37.806,PI534098,1,1683_LeafPhotoA_2025-09-09 09_26_37.806-05_00_0.png,1,2.0,2.1447833937802203
1684_LeafPhotoA_2025-09-09 09_23_23.512,PI533845,4,1684_LeafPhotoA_2025-09-09 09_23_23.512-05_00_0.png,1,1.0,1.9253671650631792
1684_LeafPhotoA_2025-09-09 09_24_47.921,PI533845,4,1684_LeafPhotoA_2025-09-09 09_24_47.921-05_00_0.png,1,2.0,2.3258377067935485
1685_LeafPhotoA_2025-09-09 09_21_05.698,PI534112,4,1685_LeafPhotoA_2025-09-09 09_21_05.698-05_00_0.png,1,1.5,2.04311277801146
1685_LeafPhotoA_2025-09-09 09_21_31.855,PI534112,4,1685_LeafPhotoA_2025-09-09 09_21_31.855-05_00_0.png,1,2.5,2.090465081995103
1685_LeafPhotoA_2025-09-09 09_21_56.327,PI534112,4,1685_LeafPhotoA_2025-09-09 09_21_56.327-05_00_0.png,2,1.0,1.9505100437047918
1686_LeafPhotoA_2025-09-09 09_18_59.603,PI576375,4,1686_LeafPhotoA_2025-09-09 09_18_59.603-05_00_0.png,2,2.0,2.043242298666031
1686_LeafPhotoA_2025-09-09 09_19_27.336,PI576375,4,1686_LeafPhotoA_2025-09-09 09_19_27.336-05_00_0.png,1,2.5,2.166049913087858
1686_LeafPhotoA_2025-09-09 09_20_07.860,PI576375,4,1686_LeafPhotoA_2025-09-09 09_20_07.860-05_00_0.png,2,2.0,2.2115952677160284
1687_LeafPhotoA_2025-09-09 09_17_10.244,PI534162,2,1687_LeafPhotoA_2025-09-09 09_17_10.244-05_00_0.png,1,2.5,2.695682054411453
1687_LeafPhotoA_2025-09-09 09_18_28.478,PI534162,2,1687_LeafPhotoA_2025-09-09 09_18_28.478-05_00_0.png,1,2.0,2.9444071415434774
1688_LeafPhotoA_2025-09-09 09_15_12.542,PI533970,5,1688_LeafPhotoA_2025-09-09 09_15_12.542-05_00_0.png,1,3.5,2.961010720115176
1688_LeafPhotoA_2025-09-09 09_15_58.077,PI533970,5,1688_LeafPhotoA_2025-09-09 09_15_58.077-05_00_0.png,2,3.5,2.7049035340889356
1688_LeafPhotoA_2025-09-09 09_16_33.766,PI533970,5,1688_LeafPhotoA_2025-09-09 09_16_33.766-05_00_0.png,1,3.0,3.0881591690198857
1689_LeafPhotoA_2025-09-09 09_13_41.276,SC0190,1,1689_LeafPhotoA_2025-09-09 09_13_41.276-05_00_0.png,1,2.5,1.9799347073846503
1689_LeafPhotoA_2025-09-09 09_14_24.619,SC0190,1,1689_LeafPhotoA_2025-09-09 09_14_24.619-05_00_0.png,1,2.5,2.199965390066415
1690_LeafPhotoA_2025-09-09 09_12_07.001,PI533779,3,1690_LeafPhotoA_2025-09-09 09_12_07.001-05_00_0.png,2,2.5,2.2713164045217433
1690_LeafPhotoA_2025-09-09 09_12_32.150,PI533779,3,1690_LeafPhotoA_2025-09-09 09_12_32.150-05_00_0.png,1,1.5,2.1691646610600483
1690_LeafPhotoA_2025-09-09 09_12_50.691,PI533779,3,1690_LeafPhotoA_2025-09-09 09_12_50.691-05_00_0.png,1,2.5,2.2573612059935657
1691_LeafPhotoA_2025-09-09 09_10_07.451,PI656080,2,1691_LeafPhotoA_2025-09-09 09_10_07.451-05_00_0.png,2,1.5,2.1548593952352917
1691_LeafPhotoA_2025-09-09 09_11_08.996,PI656080,2,1691_LeafPhotoA_2025-09-09 09_11_08.996-05_00_0.png,2,3.0,2.526585350038946
1691_LeafPhotoA_2025-09-09 09_11_35.748,PI656080,2,1691_LeafPhotoA_2025-09-09 09_11_35.748-05_00_0.png,1,2.5,1.9612961573398762
1692_LeafPhotoA_2025-09-09 09_08_12.048,PI533924,1,1692_LeafPhotoA_2025-09-09 09_08_12.048-05_00_0.png,2,3.0,2.554294475516948
1692_LeafPhotoA_2025-09-09 09_08_46.571,PI533924,1,1692_LeafPhotoA_2025-09-09 09_08_46.571-05_00_0.png,1,2.5,2.3055503229459826
1692_LeafPhotoA_2025-09-09 09_09_22.638,PI533924,1,1692_LeafPhotoA_2025-09-09 09_09_22.638-05_00_0.png,2,3.0,2.2657893394572035
1693_LeafPhotoA_2025-09-09 09_06_11.383,PI534116,1,1693_LeafPhotoA_2025-09-09 09_06_11.383-05_00_0.png,2,1.25,2.1099882566781853
1693_LeafPhotoA_2025-09-09 09_06_51.061,PI534116,1,1693_LeafPhotoA_2025-09-09 09_06_51.061-05_00_0.png,2,1.5,2.2340184542267583
1693_LeafPhotoA_2025-09-09 09_07_35.518,PI534116,1,1693_LeafPhotoA_2025-09-09 09_07_35.518-05_00_0.png,2,1.75,2.244723058930319
1694_LeafPhotoA_2025-09-09 09_00_39.649,PI576433,4,1694_LeafPhotoA_2025-09-09 09_00_39.649-05_00_0.png,2,2.5,2.720758017488832
1694_LeafPhotoA_2025-09-09 09_01_04.007,PI576433,4,1694_LeafPhotoA_2025-09-09 09_01_04.007-05_00_0.png,1,1.5,1.8828400422343823
1694_LeafPhotoA_2025-09-09 09_01_25.174,PI576433,4,1694_LeafPhotoA_2025-09-09 09_01_25.174-05_00_0.png,2,3.0,2.1622943760509328
1695_LeafPhotoA_2025-09-09 08_58_54.768,PI533992,3,1695_LeafPhotoA_2025-09-09 08_58_54.768-05_00_0.png,1,2.5,2.664188091244304
1695_LeafPhotoA_2025-09-09 08_59_21.580,PI533992,3,1695_LeafPhotoA_2025-09-09 08_59_21.580-05_00_0.png,2,2.5,2.6858483110472293
1695_LeafPhotoA_2025-09-09 08_59_47.206,PI533992,3,1695_LeafPhotoA_2025-09-09 08_59_47.206-05_00_0.png,2,3.0,2.8221264429181177
1696_LeafPhotoA_2025-09-09 08_56_42.820,PI576395,2,1696_LeafPhotoA_2025-09-09 08_56_42.820-05_00_0.png,1,2.5,2.2437388285854722
1696_LeafPhotoA_2025-09-09 08_57_33.835,PI576395,2,1696_LeafPhotoA_2025-09-09 08_57_33.835-05_00_0.png,1,2.0,2.4165001935843655
1696_LeafPhotoA_2025-09-09 08_58_12.927,PI576395,2,1696_LeafPhotoA_2025-09-09 08_58_12.927-05_00_0.png,2,2.5,2.45221410033062
1697_LeafPhotoA_2025-09-09 08_53_00.472,PI533907,2,1697_LeafPhotoA_2025-09-09 08_53_00.472-05_00_0.png,2,1.0,1.8578602450396184
1697_LeafPhotoA_2025-09-09 08_53_49.546,PI533907,2,1697_LeafPhotoA_2025-09-09 08_53_49.546-05_00_0.png,2,1.25,2.1319745030309907
1698_LeafPhotoA_2025-09-09 08_50_01.438,SC0179,1,1698_LeafPhotoA_2025-09-09 08_50_01.438-05_00_0.png,2,2.5,2.0127996573351736
1698_LeafPhotoA_2025-09-09 08_50_47.882,SC0179,1,1698_LeafPhotoA_2025-09-09 08_50_47.882-05_00_0.png,2,2.0,2.136748306883905
1698_LeafPhotoA_2025-09-09 08_51_41.576,SC0179,1,1698_LeafPhotoA_2025-09-09 08_51_41.576-05_00_0.png,2,1.5,2.0633497613372627
1699_LeafPhotoA_2025-09-09 10_25_26.876,PI656084,2,1699_LeafPhotoA_2025-09-09 10_25_26.876-05_00_0.png,1,2.0,1.8309892332201232
1700_LeafPhotoA_2025-09-09 10_24_08.148,PI609456,4,1700_LeafPhotoA_2025-09-09 10_24_08.148-05_00_0.png,1,2.5,2.7979783588745257
1700_LeafPhotoA_2025-09-09 10_24_29.178,PI609456,4,1700_LeafPhotoA_2025-09-09 10_24_29.178-05_00_0.png,2,2.5,2.8418595011036873
1700_LeafPhotoA_2025-09-09 10_24_58.399,PI609456,4,1700_LeafPhotoA_2025-09-09 10_24_58.399-05_00_0.png,1,2.0,2.5915669425367334
1701_LeafPhotoA_2025-09-09 10_10_27.810,PI576398,4,1701_LeafPhotoA_2025-09-09 10_10_27.810-05_00_0.png,2,3.0,2.948025910336227
1701_LeafPhotoA_2025-09-09 10_11_01.325,PI576398,4,1701_LeafPhotoA_2025-09-09 10_11_01.325-05_00_0.png,2,2.5,2.702530146352185
1702_LeafPhotoA_2025-09-09 10_11_56.328,PI533869,2,1702_LeafPhotoA_2025-09-09 10_11_56.328-05_00_0.png,2,3.5,3.732527944420239
1702_LeafPhotoA_2025-09-09 10_12_12.772,PI533869,2,1702_LeafPhotoA_2025-09-09 10_12_12.772-05_00_0.png,2,3.0,3.200738576773295
1702_LeafPhotoA_2025-09-09 10_12_23.395,PI533869,2,1702_LeafPhotoA_2025-09-09 10_12_23.395-05_00_0.png,2,3.0,2.632482095756465
1703_LeafPhotoA_2025-09-09 08_54_57.168,SC0581,3,1703_LeafPhotoA_2025-09-09 08_54_57.168-05_00_0.png,1,2.0,2.4784551781189252
1704_LeafPhotoA_2025-09-09 08_55_40.866,PI656059,1,1704_LeafPhotoA_2025-09-09 08_55_40.866-05_00_0.png,2,4.5,2.73671518226225
1704_LeafPhotoA_2025-09-09 08_56_01.667,PI656059,1,1704_LeafPhotoA_2025-09-09 08_56_01.667-05_00_0.png,2,2.25,2.3687170337865777
1704_LeafPhotoA_2025-09-09 08_56_12.893,PI656059,1,1704_LeafPhotoA_2025-09-09 08_56_12.893-05_00_0.png,1,3.5,3.125652723741618
1705_LeafPhotoA_2025-09-09 08_56_59.048,PI656119,5,1705_LeafPhotoA_2025-09-09 08_56_59.048-05_00_0.png,2,2.25,2.871937450302675
1705_LeafPhotoA_2025-09-09 08_57_10.990,PI656119,5,1705_LeafPhotoA_2025-09-09 08_57_10.990-05_00_0.png,2,3.5,2.6692172575184014
1705_LeafPhotoA_2025-09-09 08_57_26.822,PI656119,5,1705_LeafPhotoA_2025-09-09 08_57_26.822-05_00_0.png,2,4.0,2.8718781374654356
1706_LeafPhotoA_2025-09-09 08_59_25.055,PI564163,1,1706_LeafPhotoA_2025-09-09 08_59_25.055-05_00_0.png,1,3.0,2.5349259816787777
1706_LeafPhotoA_2025-09-09 08_59_45.727,PI564163,1,1706_LeafPhotoA_2025-09-09 08_59_45.727-05_00_0.png,2,3.0,2.65499187818449
1707_LeafPhotoA_2025-09-09 09_01_20.381,PI533747,2,1707_LeafPhotoA_2025-09-09 09_01_20.381-05_00_0.png,2,3.0,3.0029714551511546
1708_LeafPhotoA_2025-09-09 09_02_19.198,PI533810,4,1708_LeafPhotoA_2025-09-09 09_02_19.198-05_00_0.png,2,3.5,3.393991764156896
1708_LeafPhotoA_2025-09-09 09_02_34.833,PI533810,4,1708_LeafPhotoA_2025-09-09 09_02_34.833-05_00_0.png,1,3.0,3.4011652148494362
1708_LeafPhotoA_2025-09-09 09_02_44.624,PI533810,4,1708_LeafPhotoA_2025-09-09 09_02_44.624-05_00_0.png,2,3.5,3.004696326468724
1709_LeafPhotoA_2025-09-09 09_03_16.182,PI656074,1,1709_LeafPhotoA_2025-09-09 09_03_16.182-05_00_0.png,2,2.5,2.861423100112771
1709_LeafPhotoA_2025-09-09 09_04_13.885,PI656074,1,1709_LeafPhotoA_2025-09-09 09_04_13.885-05_00_0.png,2,2.0,2.73831980958454
1710_LeafPhotoA_2025-09-09 09_05_21.607,PI656085,3,1710_LeafPhotoA_2025-09-09 09_05_21.607-05_00_0.png,2,2.5,2.516660638303017
1710_LeafPhotoA_2025-09-09 09_05_37.194,PI656085,3,1710_LeafPhotoA_2025-09-09 09_05_37.194-05_00_0.png,2,3.5,3.0798633985015855
1710_LeafPhotoA_2025-09-09 09_05_51.452,PI656085,3,1710_LeafPhotoA_2025-09-09 09_05_51.452-05_00_0.png,2,3.5,2.8022287627020748
1711_LeafPhotoA_2025-09-09 09_06_29.620,PI576361,3,1711_LeafPhotoA_2025-09-09 09_06_29.620-05_00_0.png,2,3.5,3.4376422249206593
1711_LeafPhotoA_2025-09-09 09_06_43.162,PI576361,3,1711_LeafPhotoA_2025-09-09 09_06_43.162-05_00_0.png,2,3.0,3.3113629772765827
1712_LeafPhotoA_2025-09-09 09_07_36.217,SC0521,4,1712_LeafPhotoA_2025-09-09 09_07_36.217-05_00_0.png,1,4.5,3.669642297166846
1713_LeafPhotoA_2025-09-09 09_08_31.161,PI533874,4,1713_LeafPhotoA_2025-09-09 09_08_31.161-05_00_0.png,2,1.75,2.539326169154637
1713_LeafPhotoA_2025-09-09 09_08_44.736,PI533874,4,1713_LeafPhotoA_2025-09-09 09_08_44.736-05_00_0.png,2,2.5,2.5466156287866277
1713_LeafPhotoA_2025-09-09 09_08_57.026,PI533874,4,1713_LeafPhotoA_2025-09-09 09_08_57.026-05_00_0.png,2,3.0,3.0260758624502393
1714_LeafPhotoA_2025-09-09 09_09_56.290,SC0138,1,1714_LeafPhotoA_2025-09-09 09_09_56.290-05_00_0.png,2,2.25,2.6714235127345733
1715_LeafPhotoA_2025-09-09 09_11_15.651,PI564163,1,1715_LeafPhotoA_2025-09-09 09_11_15.651-05_00_0.png,2,3.5,2.793268824959183
1715_LeafPhotoA_2025-09-09 09_11_29.899,PI564163,1,1715_LeafPhotoA_2025-09-09 09_11_29.899-05_00_0.png,2,3.5,2.7622836218477818
1715_LeafPhotoA_2025-09-09 09_11_42.677,PI564163,1,1715_LeafPhotoA_2025-09-09 09_11_42.677-05_00_0.png,2,2.25,2.5315284242638754
1716_LeafPhotoA_2025-09-09 09_12_35.952,PI534104,2,1716_LeafPhotoA_2025-09-09 09_12_35.952-05_00_0.png,1,3.5,3.038005530348837
1717_LeafPhotoA_2025-09-09 09_14_26.177,SC0685,2,1717_LeafPhotoA_2025-09-09 09_14_26.177-05_00_0.png,2,3.5,2.8654547036842053
1718_LeafPhotoA_2025-09-09 09_15_27.169,PI595700,2,1718_LeafPhotoA_2025-09-09 09_15_27.169-05_00_0.png,1,3.5,3.171316036547196
1719_LeafPhotoA_2025-09-09 09_16_41.295,PI534067,5,1719_LeafPhotoA_2025-09-09 09_16_41.295-05_00_0.png,2,2.5,2.468888931623645
1719_LeafPhotoA_2025-09-09 09_17_16.298,PI534067,5,1719_LeafPhotoA_2025-09-09 09_17_16.298-05_00_0.png,1,3.25,3.3591362480422737
1720_LeafPhotoA_2025-09-09 09_18_32.847,PI656117,1,1720_LeafPhotoA_2025-09-09 09_18_32.847-05_00_0.png,2,3.0,2.4425181356938985
1720_LeafPhotoA_2025-09-09 09_18_49.231,PI656117,1,1720_LeafPhotoA_2025-09-09 09_18_49.231-05_00_0.png,1,1.5,2.0590473468321893
1720_LeafPhotoA_2025-09-09 09_19_03.700,PI656117,1,1720_LeafPhotoA_2025-09-09 09_19_03.700-05_00_0.png,2,2.0,2.192523431445676
1721_LeafPhotoA_2025-09-09 09_20_07.683,PI533749,5,1721_LeafPhotoA_2025-09-09 09_20_07.683-05_00_0.png,2,2.0,3.0465080483242275
1721_LeafPhotoA_2025-09-09 09_20_24.206,PI533749,5,1721_LeafPhotoA_2025-09-09 09_20_24.206-05_00_0.png,1,2.5,2.866283379990033
1721_LeafPhotoA_2025-09-09 09_20_36.298,PI533749,5,1721_LeafPhotoA_2025-09-09 09_20_36.298-05_00_0.png,1,3.0,3.3942570357512913
1722_LeafPhotoA_2025-09-09 09_21_25.253,PI533947,4,1722_LeafPhotoA_2025-09-09 09_21_25.253-05_00_0.png,1,3.0,3.153487483914863
1722_LeafPhotoA_2025-09-09 09_22_14.978,PI533947,4,1722_LeafPhotoA_2025-09-09 09_22_14.978-05_00_0.png,1,3.5,2.9517917652082564
1723_LeafPhotoA_2025-09-09 09_22_47.180,PI533844,2,1723_LeafPhotoA_2025-09-09 09_22_47.180-05_00_0.png,2,3.0,2.573219422760979
1723_LeafPhotoA_2025-09-09 09_23_04.032,PI533844,2,1723_LeafPhotoA_2025-09-09 09_23_04.032-05_00_0.png,2,2.0,2.358931051721541
1723_LeafPhotoA_2025-09-09 09_23_13.290,PI533844,2,1723_LeafPhotoA_2025-09-09 09_23_13.290-05_00_0.png,1,2.5,2.5818811173991123
1724_LeafPhotoA_2025-09-09 09_24_27.083,SC0893,2,1724_LeafPhotoA_2025-09-09 09_24_27.083-05_00_0.png,2,2.0,2.4682571969278144
1724_LeafPhotoA_2025-09-09 09_24_40.338,SC0893,2,1724_LeafPhotoA_2025-09-09 09_24_40.338-05_00_0.png,2,2.0,2.621109596071284
1725_LeafPhotoA_2025-09-09 09_26_46.980,PI561071,2,1725_LeafPhotoA_2025-09-09 09_26_46.980-05_00_0.png,1,2.5,2.256287556924068
1725_LeafPhotoA_2025-09-09 09_26_59.067,PI561071,2,1725_LeafPhotoA_2025-09-09 09_26_59.067-05_00_0.png,1,1.5,2.2018867578567063
1726_LeafPhotoA_2025-09-09 09_27_35.389,PI576367,1,1726_LeafPhotoA_2025-09-09 09_27_35.389-05_00_0.png,2,3.5,3.244454864541121
1726_LeafPhotoA_2025-09-09 09_27_45.384,PI576367,1,1726_LeafPhotoA_2025-09-09 09_27_45.384-05_00_0.png,2,3.0,2.7804579800354414
1728_LeafPhotoA_2025-09-09 09_30_43.761,PI659696,5,1728_LeafPhotoA_2025-09-09 09_30_43.761-05_00_0.png,2,3.5,3.13838355895767
1728_LeafPhotoA_2025-09-09 09_30_58.151,PI659696,5,1728_LeafPhotoA_2025-09-09 09_30_58.151-05_00_0.png,2,3.5,3.4924741993496515
1728_LeafPhotoA_2025-09-09 09_32_17.423,PI659696,5,1728_LeafPhotoA_2025-09-09 09_32_17.423-05_00_0.png,1,3.0,3.2599677503630007
1730_LeafPhotoA_2025-09-09 09_35_06.789,PI533809,1,1730_LeafPhotoA_2025-09-09 09_35_06.789-05_00_0.png,2,3.5,2.821320948854697
1730_LeafPhotoA_2025-09-09 09_35_28.620,PI533809,1,1730_LeafPhotoA_2025-09-09 09_35_28.620-05_00_0.png,2,2.5,2.561282521078345
1730_LeafPhotoA_2025-09-09 09_36_42.379,PI533809,1,1730_LeafPhotoA_2025-09-09 09_36_42.379-05_00_0.png,2,3.5,3.3454241405878755
1731_LeafPhotoA_2025-09-09 09_38_03.446,PI533750,3,1731_LeafPhotoA_2025-09-09 09_38_03.446-05_00_0.png,2,2.0,2.097406394150938
1731_LeafPhotoA_2025-09-09 09_38_23.442,PI533750,3,1731_LeafPhotoA_2025-09-09 09_38_23.442-05_00_0.png,1,1.5,2.375971344732927
1732_LeafPhotoA_2025-09-09 09_40_31.196,PI656050,3,1732_LeafPhotoA_2025-09-09 09_40_31.196-05_00_0.png,2,2.5,2.7127286695520936
1732_LeafPhotoA_2025-09-09 09_40_48.387,PI656050,3,1732_LeafPhotoA_2025-09-09 09_40_48.387-05_00_0.png,2,2.5,2.5702909270967638
1732_LeafPhotoA_2025-09-09 09_41_32.775,PI656050,3,1732_LeafPhotoA_2025-09-09 09_41_32.775-05_00_0.png,2,3.0,2.946621831628096
1733_LeafPhotoA_2025-09-09 09_42_31.148,PI576338,3,1733_LeafPhotoA_2025-09-09 09_42_31.148-05_00_0.png,2,3.0,2.6678218347673774
1733_LeafPhotoA_2025-09-09 09_42_56.742,PI576338,3,1733_LeafPhotoA_2025-09-09 09_42_56.742-05_00_0.png,2,4.0,3.484359006803394
1733_LeafPhotoA_2025-09-09 09_43_21.749,PI576338,3,1733_LeafPhotoA_2025-09-09 09_43_21.749-05_00_0.png,2,5.0,3.424534056759084
1734_LeafPhotoA_2025-09-09 09_44_18.298,PI656121,5,1734_LeafPhotoA_2025-09-09 09_44_18.298-05_00_0.png,2,4.5,3.986982378304006
1734_LeafPhotoA_2025-09-09 09_44_46.087,PI656121,5,1734_LeafPhotoA_2025-09-09 09_44_46.087-05_00_0.png,2,4.5,3.5209656751487275
1734_LeafPhotoA_2025-09-09 09_44_56.945,PI656121,5,1734_LeafPhotoA_2025-09-09 09_44_56.945-05_00_0.png,1,3.0,3.47178515583311
1735_LeafPhotoA_2025-09-09 09_46_06.290,PI533815,2,1735_LeafPhotoA_2025-09-09 09_46_06.290-05_00_0.png,2,5.0,3.8636523544851458
1735_LeafPhotoA_2025-09-09 09_46_28.098,PI533815,2,1735_LeafPhotoA_2025-09-09 09_46_28.098-05_00_0.png,2,3.5,3.5721873118724763
1736_LeafPhotoA_2025-09-09 09_48_04.210,PI576333,5,1736_LeafPhotoA_2025-09-09 09_48_04.210-05_00_0.png,2,2.5,2.4325693397386834
1736_LeafPhotoA_2025-09-09 09_48_22.904,PI576333,5,1736_LeafPhotoA_2025-09-09 09_48_22.904-05_00_0.png,2,1.5,2.4021492750944797
1737_LeafPhotoA_2025-09-09 09_49_33.389,PI597946,1,1737_LeafPhotoA_2025-09-09 09_49_33.389-05_00_0.png,2,3.0,2.3597398295960175
1738_LeafPhotoA_2025-09-09 09_51_15.610,PI533911,5,1738_LeafPhotoA_2025-09-09 09_51_15.610-05_00_0.png,2,4.0,3.6629693420077536
1738_LeafPhotoA_2025-09-09 09_51_34.794,PI533911,5,1738_LeafPhotoA_2025-09-09 09_51_34.794-05_00_0.png,1,2.0,2.7170770997542473
1738_LeafPhotoA_2025-09-09 09_51_48.890,PI533911,5,1738_LeafPhotoA_2025-09-09 09_51_48.890-05_00_0.png,1,4.0,3.1892215745282733
1739_LeafPhotoA_2025-09-09 09_53_10.390,PI656019,1,1739_LeafPhotoA_2025-09-09 09_53_10.390-05_00_0.png,2,3.5,3.671859057366984
1739_LeafPhotoA_2025-09-09 09_53_28.728,PI656019,1,1739_LeafPhotoA_2025-09-09 09_53_28.728-05_00_0.png,2,3.5,3.4497163836015274
1739_LeafPhotoA_2025-09-09 09_53_43.322,PI656019,1,1739_LeafPhotoA_2025-09-09 09_53_43.322-05_00_0.png,2,3.0,3.2080924570681257
1740_LeafPhotoA_2025-09-09 09_54_56.172,SC0157,2,1740_LeafPhotoA_2025-09-09 09_54_56.172-05_00_0.png,2,2.5,2.3420744085783394
1740_LeafPhotoA_2025-09-09 09_55_10.339,SC0157,2,1740_LeafPhotoA_2025-09-09 09_55_10.339-05_00_0.png,2,4.5,3.756758940439555
1740_LeafPhotoA_2025-09-09 09_55_26.066,SC0157,2,1740_LeafPhotoA_2025-09-09 09_55_26.066-05_00_0.png,1,4.0,3.7294277231398145
1741_LeafPhotoA_2025-09-09 09_56_17.882,PI533758,1,1741_LeafPhotoA_2025-09-09 09_56_17.882-05_00_0.png,1,3.0,2.569752609547028
1741_LeafPhotoA_2025-09-09 09_56_32.397,PI533758,1,1741_LeafPhotoA_2025-09-09 09_56_32.397-05_00_0.png,1,3.5,3.541858935516166
1742_LeafPhotoA_2025-09-09 09_57_44.095,PI656111,2,1742_LeafPhotoA_2025-09-09 09_57_44.095-05_00_0.png,2,3.5,3.0821060179795925
1742_LeafPhotoA_2025-09-09 09_58_06.549,PI656111,2,1742_LeafPhotoA_2025-09-09 09_58_06.549-05_00_0.png,2,4.0,4.018499596623168
1742_LeafPhotoA_2025-09-09 09_58_17.497,PI656111,2,1742_LeafPhotoA_2025-09-09 09_58_17.497-05_00_0.png,1,3.0,2.8942105204132726
1743_LeafPhotoA_2025-09-09 09_59_01.185,PI564163,1,1743_LeafPhotoA_2025-09-09 09_59_01.185-05_00_0.png,2,4.0,3.1588914845426124
1743_LeafPhotoA_2025-09-09 09_59_38.653,PI564163,1,1743_LeafPhotoA_2025-09-09 09_59_38.653-05_00_0.png,2,1.0,2.8271351893753485
1744_LeafPhotoA_2025-09-09 10_00_25.624,PI576424,3,1744_LeafPhotoA_2025-09-09 10_00_25.624-05_00_0.png,2,2.5,2.861546608391003
1744_LeafPhotoA_2025-09-09 10_01_05.958,PI576424,3,1744_LeafPhotoA_2025-09-09 10_01_05.958-05_00_0.png,2,3.0,3.583995194067248
1745_LeafPhotoA_2025-09-09 10_01_39.508,PI533828,4,1745_LeafPhotoA_2025-09-09 10_01_39.508-05_00_0.png,2,3.5,3.786725364730304
1745_LeafPhotoA_2025-09-09 10_01_53.164,PI533828,4,1745_LeafPhotoA_2025-09-09 10_01_53.164-05_00_0.png,2,3.5,3.565131048259232
1745_LeafPhotoA_2025-09-09 10_02_04.517,PI533828,4,1745_LeafPhotoA_2025-09-09 10_02_04.517-05_00_0.png,2,3.5,3.557340742829155
1746_LeafPhotoA_2025-09-09 10_03_19.051,PI534132,5,1746_LeafPhotoA_2025-09-09 10_03_19.051-05_00_0.png,2,1.5,2.15565706128619
1746_LeafPhotoA_2025-09-09 10_03_34.287,PI534132,5,1746_LeafPhotoA_2025-09-09 10_03_34.287-05_00_0.png,2,1.5,2.3667015733747863
1746_LeafPhotoA_2025-09-09 10_03_46.262,PI534132,5,1746_LeafPhotoA_2025-09-09 10_03_46.262-05_00_0.png,2,1.5,2.2503904467446123
1747_LeafPhotoA_2025-09-09 10_04_42.065,PI533959,5,1747_LeafPhotoA_2025-09-09 10_04_42.065-05_00_0.png,1,3.5,2.8931894176896744
1747_LeafPhotoA_2025-09-09 10_04_59.320,PI533959,5,1747_LeafPhotoA_2025-09-09 10_04_59.320-05_00_0.png,2,3.5,3.627492388133737
1747_LeafPhotoA_2025-09-09 10_05_14.099,PI533959,5,1747_LeafPhotoA_2025-09-09 10_05_14.099-05_00_0.png,2,3.5,3.5574043018945956
1748_LeafPhotoA_2025-09-09 10_05_59.202,PI656061,3,1748_LeafPhotoA_2025-09-09 10_05_59.202-05_00_0.png,2,3.0,2.5342720933753355
1748_LeafPhotoA_2025-09-09 10_06_14.568,PI656061,3,1748_LeafPhotoA_2025-09-09 10_06_14.568-05_00_0.png,2,3.5,2.8272219467475868
1748_LeafPhotoA_2025-09-09 10_06_29.195,PI656061,3,1748_LeafPhotoA_2025-09-09 10_06_29.195-05_00_0.png,2,3.0,2.785948741157132
1749_LeafPhotoA_2025-09-09 10_07_40.842,PI533941,4,1749_LeafPhotoA_2025-09-09 10_07_40.842-05_00_0.png,2,3.0,3.2383143522209195
1749_LeafPhotoA_2025-09-09 10_07_54.381,PI533941,4,1749_LeafPhotoA_2025-09-09 10_07_54.381-05_00_0.png,2,2.0,2.6555398665801437
1749_LeafPhotoA_2025-09-09 10_08_07.956,PI533941,4,1749_LeafPhotoA_2025-09-09 10_08_07.956-05_00_0.png,2,3.0,3.0919848840562123
1750_LeafPhotoA_2025-09-09 10_09_04.573,PI576415,5,1750_LeafPhotoA_2025-09-09 10_09_04.573-05_00_0.png,2,3.0,2.832239156816261
1750_LeafPhotoA_2025-09-09 10_09_17.886,PI576415,5,1750_LeafPhotoA_2025-09-09 10_09_17.886-05_00_0.png,2,2.0,2.165456233918921
1750_LeafPhotoA_2025-09-09 10_09_28.880,PI576415,5,1750_LeafPhotoA_2025-09-09 10_09_28.880-05_00_0.png,2,2.5,2.813221814139546
1752_LeafPhotoA_2025-09-09 10_44_38.144,PI534024,4,1752_LeafPhotoA_2025-09-09 10_44_38.144-05_00_0.png,2,1.5,1.588436269269086
1752_LeafPhotoA_2025-09-09 10_45_23.344,PI534024,4,1752_LeafPhotoA_2025-09-09 10_45_23.344-05_00_0.png,2,2.0,2.050003137579869
1752_LeafPhotoA_2025-09-09 10_46_22.850,PI534024,4,1752_LeafPhotoA_2025-09-09 10_46_22.850-05_00_0.png,2,1.5,1.6830334744235373
1753_LeafPhotoA_2025-09-09 10_42_13.331,PI534092,4,1753_LeafPhotoA_2025-09-09 10_42_13.331-05_00_0.png,2,2.5,2.243433769662783
1753_LeafPhotoA_2025-09-09 10_43_44.994,PI534092,4,1753_LeafPhotoA_2025-09-09 10_43_44.994-05_00_0.png,2,1.5,1.9520023020892512
1754_LeafPhotoA_2025-09-09 10_40_15.655,PI533862,5,1754_LeafPhotoA_2025-09-09 10_40_15.655-05_00_0.png,2,2.0,1.9685754323493967
1754_LeafPhotoA_2025-09-09 10_41_21.345,PI533862,5,1754_LeafPhotoA_2025-09-09 10_41_21.345-05_00_0.png,2,2.5,2.1860834920034495
1757_LeafPhotoA_2025-09-09 10_34_52.788,PI656115,3,1757_LeafPhotoA_2025-09-09 10_34_52.788-05_00_0.png,2,3.5,2.7004266739820864
1758_LeafPhotoA_2025-09-09 10_31_19.555,SC0343,5,1758_LeafPhotoA_2025-09-09 10_31_19.555-05_00_0.png,2,2.0,2.366352606910107
1760_LeafPhotoA_2025-09-09 10_27_45.490,PI597980,1,1760_LeafPhotoA_2025-09-09 10_27_45.490-05_00_0.png,1,2.5,2.0440568491768367
1761_LeafPhotoA_2025-09-09 10_25_02.889,PI533865,2,1761_LeafPhotoA_2025-09-09 10_25_02.889-05_00_0.png,2,1.25,1.8292781962109295
1761_LeafPhotoA_2025-09-09 10_25_38.313,PI533865,2,1761_LeafPhotoA_2025-09-09 10_25_38.313-05_00_0.png,2,2.0,1.8293357925533582
1762_LeafPhotoA_2025-09-09 10_16_53.342,PI576397,4,1762_LeafPhotoA_2025-09-09 10_16_53.342-05_00_0.png,2,2.0,1.8857182624597224
1762_LeafPhotoA_2025-09-09 10_17_32.741,PI576397,4,1762_LeafPhotoA_2025-09-09 10_17_32.741-05_00_0.png,2,2.0,1.8759528265647751
1762_LeafPhotoA_2025-09-09 10_18_19.216,PI576397,4,1762_LeafPhotoA_2025-09-09 10_18_19.216-05_00_0.png,2,2.5,2.1893705663295298
1764_LeafPhotoA_2025-09-09 10_13_04.700,SC1058,2,1764_LeafPhotoA_2025-09-09 10_13_04.700-05_00_0.png,2,2.5,1.83339628872133
1764_LeafPhotoA_2025-09-09 10_14_17.460,SC1058,2,1764_LeafPhotoA_2025-09-09 10_14_17.460-05_00_0.png,1,3.0,2.292196611521324
1764_LeafPhotoA_2025-09-09 10_14_51.736,SC1058,2,1764_LeafPhotoA_2025-09-09 10_14_51.736-05_00_0.png,2,2.5,2.0330379917827925
1769_LeafPhotoA_2025-09-09 10_04_20.425,PI564163,1,1769_LeafPhotoA_2025-09-09 10_04_20.425-05_00_0.png,2,1.5,1.8074531340452744
1769_LeafPhotoA_2025-09-09 10_05_11.145,PI564163,1,1769_LeafPhotoA_2025-09-09 10_05_11.145-05_00_0.png,2,1.5,1.9160522233924655
1769_LeafPhotoA_2025-09-09 10_05_53.456,PI564163,1,1769_LeafPhotoA_2025-09-09 10_05_53.456-05_00_0.png,2,1.5,1.9384697402750464
1770_LeafPhotoA_2025-09-09 10_02_23.992,PI595709,3,1770_LeafPhotoA_2025-09-09 10_02_23.992-05_00_0.png,2,1.0,1.8559704962413768
1771_LeafPhotoA_2025-09-09 09_59_39.083,PI533811,2,1771_LeafPhotoA_2025-09-09 09_59_39.083-05_00_0.png,2,2.5,1.925505876757025
1771_LeafPhotoA_2025-09-09 10_00_12.248,PI533811,2,1771_LeafPhotoA_2025-09-09 10_00_12.248-05_00_0.png,2,2.0,2.150253812145296
1771_LeafPhotoA_2025-09-09 10_01_15.348,PI533811,2,1771_LeafPhotoA_2025-09-09 10_01_15.348-05_00_0.png,2,1.5,1.9150652511255604
1772_LeafPhotoA_2025-09-09 09_57_17.313,PI576345,4,1772_LeafPhotoA_2025-09-09 09_57_17.313-05_00_0.png,2,1.25,2.0862208774004634
1772_LeafPhotoA_2025-09-09 09_58_55.525,PI576345,4,1772_LeafPhotoA_2025-09-09 09_58_55.525-05_00_0.png,2,3.0,2.3054602377197955
1773_LeafPhotoA_2025-09-09 09_54_55.821,PI576130,2,1773_LeafPhotoA_2025-09-09 09_54_55.821-05_00_0.png,2,1.0,1.8501699715725448
1773_LeafPhotoA_2025-09-09 09_56_25.622,PI576130,2,1773_LeafPhotoA_2025-09-09 09_56_25.622-05_00_0.png,1,1.0,1.6327332968136952
1774_LeafPhotoA_2025-09-09 09_52_28.091,SC0868,2,1774_LeafPhotoA_2025-09-09 09_52_28.091-05_00_0.png,2,1.5,1.7686164506946114
1774_LeafPhotoA_2025-09-09 09_53_13.789,SC0868,2,1774_LeafPhotoA_2025-09-09 09_53_13.789-05_00_0.png,2,1.25,1.7660592821163428
1774_LeafPhotoA_2025-09-09 09_54_11.896,SC0868,2,1774_LeafPhotoA_2025-09-09 09_54_11.896-05_00_0.png,2,2.5,1.9749830508973327
1776_LeafPhotoA_2025-09-09 09_49_10.916,PI533977,4,1776_LeafPhotoA_2025-09-09 09_49_10.916-05_00_0.png,1,1.5,1.7800502337435091
1777_LeafPhotoA_2025-09-09 09_45_44.096,SC0551,2,1777_LeafPhotoA_2025-09-09 09_45_44.096-05_00_0.png,2,2.0,2.5616101324997795
1777_LeafPhotoA_2025-09-09 09_46_18.165,SC0551,2,1777_LeafPhotoA_2025-09-09 09_46_18.165-05_00_0.png,2,3.0,2.0766485146421796
1777_LeafPhotoA_2025-09-09 09_47_11.350,SC0551,2,1777_LeafPhotoA_2025-09-09 09_47_11.350-05_00_0.png,2,3.0,2.1862936748292667
1778_LeafPhotoA_2025-09-09 09_42_58.720,PI576436,5,1778_LeafPhotoA_2025-09-09 09_42_58.720-05_00_0.png,2,1.0,1.9718827922760478
1778_LeafPhotoA_2025-09-09 09_43_24.277,PI576436,5,1778_LeafPhotoA_2025-09-09 09_43_24.277-05_00_0.png,2,1.0,1.9398341860464858
1779_LeafPhotoA_2025-09-09 09_40_21.975,PI564163,1,1779_LeafPhotoA_2025-09-09 09_40_21.975-05_00_0.png,2,1.0,1.776669532994011
1779_LeafPhotoA_2025-09-09 09_41_03.611,PI564163,1,1779_LeafPhotoA_2025-09-09 09_41_03.611-05_00_0.png,1,2.0,1.8560359476558665
1779_LeafPhotoA_2025-09-09 09_42_00.197,PI564163,1,1779_LeafPhotoA_2025-09-09 09_42_00.197-05_00_0.png,2,2.0,1.7431579172267966
1780_LeafPhotoA_2025-09-09 09_38_23.059,PI533775,5,1780_LeafPhotoA_2025-09-09 09_38_23.059-05_00_0.png,2,3.0,2.4697120041730125
1780_LeafPhotoA_2025-09-09 09_38_45.607,PI533775,5,1780_LeafPhotoA_2025-09-09 09_38_45.607-05_00_0.png,2,2.5,2.6144575781342745
1781_LeafPhotoA_2025-09-09 09_35_35.490,PI595748,2,1781_LeafPhotoA_2025-09-09 09_35_35.490-05_00_0.png,2,2.5,2.214418110638666
1781_LeafPhotoA_2025-09-09 09_36_38.482,PI595748,2,1781_LeafPhotoA_2025-09-09 09_36_38.482-05_00_0.png,2,2.0,1.9455110449177908
1781_LeafPhotoA_2025-09-09 09_37_23.734,PI595748,2,1781_LeafPhotoA_2025-09-09 09_37_23.734-05_00_0.png,2,3.0,2.190301677899952
1783_LeafPhotoA_2025-09-09 09_32_23.737,PI656081,4,1783_LeafPhotoA_2025-09-09 09_32_23.737-05_00_0.png,2,1.75,2.1781531628534445
1783_LeafPhotoA_2025-09-09 09_32_42.480,PI656081,4,1783_LeafPhotoA_2025-09-09 09_32_42.480-05_00_0.png,2,2.0,2.1305169277607066
1784_LeafPhotoA_2025-09-09 09_28_34.876,PI22326,3,1784_LeafPhotoA_2025-09-09 09_28_34.876-05_00_0.png,2,2.5,1.914519744065628
1784_LeafPhotoA_2025-09-09 09_29_57.480,PI22326,3,1784_LeafPhotoA_2025-09-09 09_29_57.480-05_00_0.png,2,1.5,1.844298443459489
1785_LeafPhotoA_2025-09-09 09_26_37.713,SC0412,2,1785_LeafPhotoA_2025-09-09 09_26_37.713-05_00_0.png,2,2.0,2.1773183526489204
1785_LeafPhotoA_2025-09-09 09_27_17.457,SC0412,2,1785_LeafPhotoA_2025-09-09 09_27_17.457-05_00_0.png,2,2.5,2.19617574441463
1786_LeafPhotoA_2025-09-09 09_23_28.313,PI651492,1,1786_LeafPhotoA_2025-09-09 09_23_28.313-05_00_0.png,2,1.5,1.68674301267941
1786_LeafPhotoA_2025-09-09 09_23_54.596,PI651492,1,1786_LeafPhotoA_2025-09-09 09_23_54.596-05_00_0.png,2,1.0,1.7117228455825473
1787_LeafPhotoA_2025-09-09 09_21_24.292,PI533760,3,1787_LeafPhotoA_2025-09-09 09_21_24.292-05_00_0.png,1,1.5,2.049073633659856
1787_LeafPhotoA_2025-09-09 09_22_02.350,PI533760,3,1787_LeafPhotoA_2025-09-09 09_22_02.350-05_00_0.png,2,1.5,1.7981215160928432
1787_LeafPhotoA_2025-09-09 09_22_29.658,PI533760,3,1787_LeafPhotoA_2025-09-09 09_22_29.658-05_00_0.png,2,2.0,1.9866349492241875
1788_LeafPhotoA_2025-09-09 09_18_43.980,PI533757,3,1788_LeafPhotoA_2025-09-09 09_18_43.980-05_00_0.png,2,2.0,1.9167684224930177
1788_LeafPhotoA_2025-09-09 09_19_27.881,PI533757,3,1788_LeafPhotoA_2025-09-09 09_19_27.881-05_00_0.png,2,2.0,1.9525796319050404
1788_LeafPhotoA_2025-09-09 09_19_58.828,PI533757,3,1788_LeafPhotoA_2025-09-09 09_19_58.828-05_00_0.png,2,3.0,2.182687882785792
1789_LeafPhotoA_2025-09-09 09_15_57.914,PI656011,3,1789_LeafPhotoA_2025-09-09 09_15_57.914-05_00_0.png,2,1.0,1.7528811347142534
1789_LeafPhotoA_2025-09-09 09_16_33.878,PI656011,3,1789_LeafPhotoA_2025-09-09 09_16_33.878-05_00_0.png,2,2.0,1.7322912449201417
1789_LeafPhotoA_2025-09-09 09_17_24.094,PI656011,3,1789_LeafPhotoA_2025-09-09 09_17_24.094-05_00_0.png,2,2.0,1.861394514734209
1790_LeafPhotoA_2025-09-09 09_13_05.798,PI656022,5,1790_LeafPhotoA_2025-09-09 09_13_05.798-05_00_0.png,2,2.0,1.9917154774560257
1791_LeafPhotoA_2025-09-09 09_12_06.315,PI534064,1,1791_LeafPhotoA_2025-09-09 09_12_06.315-05_00_0.png,2,2.5,2.216236726301964
1792_LeafPhotoA_2025-09-09 09_08_36.909,PI561072,5,1792_LeafPhotoA_2025-09-09 09_08_36.909-05_00_0.png,2,1.75,2.179846317401401
1792_LeafPhotoA_2025-09-09 09_09_06.607,PI561072,5,1792_LeafPhotoA_2025-09-09 09_09_06.607-05_00_0.png,2,1.25,1.9639201892520386
1792_LeafPhotoA_2025-09-09 09_09_32.758,PI561072,5,1792_LeafPhotoA_2025-09-09 09_09_32.758-05_00_0.png,2,2.0,1.9153859997573224
1793_LeafPhotoA_2025-09-09 09_06_27.392,PI533853,3,1793_LeafPhotoA_2025-09-09 09_06_27.392-05_00_0.png,2,2.0,1.8643076832972851
1793_LeafPhotoA_2025-09-09 09_07_14.912,PI533853,3,1793_LeafPhotoA_2025-09-09 09_07_14.912-05_00_0.png,2,2.0,2.031821004491429
1793_LeafPhotoA_2025-09-09 09_08_05.381,PI533853,3,1793_LeafPhotoA_2025-09-09 09_08_05.381-05_00_0.png,2,2.5,1.9720377321618903
1794_LeafPhotoA_2025-09-09 09_03_39.792,PI564163,1,1794_LeafPhotoA_2025-09-09 09_03_39.792-05_00_0.png,2,2.5,2.0565372465146665
1794_LeafPhotoA_2025-09-09 09_04_33.415,PI564163,1,1794_LeafPhotoA_2025-09-09 09_04_33.415-05_00_0.png,2,1.5,1.630731562660449
1794_LeafPhotoA_2025-09-09 09_05_29.819,PI564163,1,1794_LeafPhotoA_2025-09-09 09_05_29.819-05_00_0.png,2,1.5,1.916568751936322
1795_LeafPhotoA_2025-09-09 09_01_35.038,PI34911,1,1795_LeafPhotoA_2025-09-09 09_01_35.038-05_00_0.png,2,2.5,2.457845024643553
1795_LeafPhotoA_2025-09-09 09_02_23.607,PI34911,1,1795_LeafPhotoA_2025-09-09 09_02_23.607-05_00_0.png,2,2.5,2.578831073267321
1795_LeafPhotoA_2025-09-09 09_03_05.375,PI34911,1,1795_LeafPhotoA_2025-09-09 09_03_05.375-05_00_0.png,2,3.0,2.4558228412398133
1796_LeafPhotoA_2025-09-09 08_59_14.635,SC0848,5,1796_LeafPhotoA_2025-09-09 08_59_14.635-05_00_0.png,2,2.5,2.42452236840411
1796_LeafPhotoA_2025-09-09 09_00_31.771,SC0848,5,1796_LeafPhotoA_2025-09-09 09_00_31.771-05_00_0.png,2,3.0,2.4511906883917978
1797_LeafPhotoA_2025-09-09 08_57_54.375,PI656096,5,1797_LeafPhotoA_2025-09-09 08_57_54.375-05_00_0.png,2,2.5,2.262156424488917
1797_LeafPhotoA_2025-09-09 08_58_28.460,PI656096,5,1797_LeafPhotoA_2025-09-09 08_58_28.460-05_00_0.png,2,2.5,2.2724490696125454
1798_LeafPhotoA_2025-09-09 08_54_11.996,PI656110,1,1798_LeafPhotoA_2025-09-09 08_54_11.996-05_00_0.png,2,2.0,2.5832583263448328
1798_LeafPhotoA_2025-09-09 08_54_43.161,PI656110,1,1798_LeafPhotoA_2025-09-09 08_54_43.161-05_00_0.png,2,2.25,2.3483400548593854
1798_LeafPhotoA_2025-09-09 08_56_01.715,PI656110,1,1798_LeafPhotoA_2025-09-09 08_56_01.715-05_00_0.png,2,2.5,2.447605130749262
1799_LeafPhotoA_2025-09-09 10_55_52.861,PI655998,4,1799_LeafPhotoA_2025-09-09 10_55_52.861-05_00_0.png,2,2.0,1.6433398635119605
1800_LeafPhotoA_2025-09-09 10_51_00.873,PI533785,4,1800_LeafPhotoA_2025-09-09 10_51_00.873-05_00_0.png,2,2.5,2.3941732260118163
1800_LeafPhotoA_2025-09-09 10_52_27.692,PI533785,4,1800_LeafPhotoA_2025-09-09 10_52_27.692-05_00_0.png,2,1.5,2.2383240653889467
1800_LeafPhotoA_2025-09-09 10_53_17.816,PI533785,4,1800_LeafPhotoA_2025-09-09 10_53_17.816-05_00_0.png,2,2.0,2.1830223195245164
1802_LeafPhotoA_2025-09-09 10_06_24.747,PI656024,3,1802_LeafPhotoA_2025-09-09 10_06_24.747-05_00_0.png,2,1.5,1.657400327169943
1802_LeafPhotoA_2025-09-09 10_06_55.886,PI656024,3,1802_LeafPhotoA_2025-09-09 10_06_55.886-05_00_0.png,2,1.0,1.6135080607553793
1803_LeafPhotoA_2025-09-09 08_52_14.872,PI533842,5,1803_LeafPhotoA_2025-09-09 08_52_14.872-05_00_0.png,2,1.5,1.9226354808141437
1803_LeafPhotoA_2025-09-09 08_52_53.796,PI533842,5,1803_LeafPhotoA_2025-09-09 08_52_53.796-05_00_0.png,2,2.0,2.111845987350759
1804_LeafPhotoA_2025-09-09 08_56_30.954,PI533814,3,1804_LeafPhotoA_2025-09-09 08_56_30.954-05_00_0.png,2,1.5,2.010904708191151
1805_LeafPhotoA_2025-09-09 08_56_51.680,PI534033,3,1805_LeafPhotoA_2025-09-09 08_56_51.680-05_00_0.png,2,3.5,3.4422618917288954
1805_LeafPhotoA_2025-09-09 08_57_18.762,PI534033,3,1805_LeafPhotoA_2025-09-09 08_57_18.762-05_00_0.png,2,1.0,1.812458093816453
1805_LeafPhotoA_2025-09-09 08_57_47.562,PI534033,3,1805_LeafPhotoA_2025-09-09 08_57_47.562-05_00_0.png,2,1.25,1.7923456310249315
1806_LeafPhotoA_2025-09-09 08_58_32.090,PI576385,5,1806_LeafPhotoA_2025-09-09 08_58_32.090-05_00_0.png,2,1.75,2.2854757553272167
1806_LeafPhotoA_2025-09-09 08_58_50.435,PI576385,5,1806_LeafPhotoA_2025-09-09 08_58_50.435-05_00_0.png,2,2.25,2.612151412508869
1807_LeafPhotoA_2025-09-09 09_00_00.050,PI534150,5,1807_LeafPhotoA_2025-09-09 09_00_00.050-05_00_0.png,1,2.5,2.3169451399539764
1807_LeafPhotoA_2025-09-09 09_00_41.013,PI534150,5,1807_LeafPhotoA_2025-09-09 09_00_41.013-05_00_0.png,1,2.5,2.1387256784359128
1808_LeafPhotoA_2025-09-09 09_01_19.684,PI656049,4,1808_LeafPhotoA_2025-09-09 09_01_19.684-05_00_0.png,2,2.5,1.9749200126982165
1809_LeafPhotoA_2025-09-09 09_03_42.438,SC0837,4,1809_LeafPhotoA_2025-09-09 09_03_42.438-05_00_0.png,1,2.5,2.2572729633273063
1809_LeafPhotoA_2025-09-09 09_04_05.610,SC0837,4,1809_LeafPhotoA_2025-09-09 09_04_05.610-05_00_0.png,2,2.25,2.0723080491479204
1810_LeafPhotoA_2025-09-09 09_04_45.716,SC1119,2,1810_LeafPhotoA_2025-09-09 09_04_45.716-05_00_0.png,1,2.5,2.2391059173186214
1810_LeafPhotoA_2025-09-09 09_05_10.870,SC1119,2,1810_LeafPhotoA_2025-09-09 09_05_10.870-05_00_0.png,2,2.0,2.4125260273701397
1810_LeafPhotoA_2025-09-09 09_05_30.894,SC1119,2,1810_LeafPhotoA_2025-09-09 09_05_30.894-05_00_0.png,2,4.25,3.5935278779715953
1811_LeafPhotoA_2025-09-09 09_06_09.841,PI534015,4,1811_LeafPhotoA_2025-09-09 09_06_09.841-05_00_0.png,1,1.25,1.7786275052046356
1811_LeafPhotoA_2025-09-09 09_06_27.369,PI534015,4,1811_LeafPhotoA_2025-09-09 09_06_27.369-05_00_0.png,1,2.0,1.9362470269260332
1812_LeafPhotoA_2025-09-09 09_07_10.454,PI564163,1,1812_LeafPhotoA_2025-09-09 09_07_10.454-05_00_0.png,2,3.0,2.1719714823388054
1813_LeafPhotoA_2025-09-09 09_08_08.790,PI533860,3,1813_LeafPhotoA_2025-09-09 09_08_08.790-05_00_0.png,2,1.75,2.3005839983849534
1813_LeafPhotoA_2025-09-09 09_08_31.616,PI533860,3,1813_LeafPhotoA_2025-09-09 09_08_31.616-05_00_0.png,2,3.0,2.1320874588569683
1815_LeafPhotoA_2025-09-09 09_11_08.154,PI534013,4,1815_LeafPhotoA_2025-09-09 09_11_08.154-05_00_0.png,2,1.5,2.0499598045508804
1815_LeafPhotoA_2025-09-09 09_11_50.753,PI534013,4,1815_LeafPhotoA_2025-09-09 09_11_50.753-05_00_0.png,1,1.5,1.9489462968532998
1816_LeafPhotoA_2025-09-09 09_12_12.100,PI656041,2,1816_LeafPhotoA_2025-09-09 09_12_12.100-05_00_0.png,2,2.0,2.024528865270918
1816_LeafPhotoA_2025-09-09 09_12_14.179,PI656041,2,1816_LeafPhotoA_2025-09-09 09_12_14.179-05_00_0.png,2,1.5,1.9988087178143163
1816_LeafPhotoA_2025-09-09 09_12_26.291,PI656041,2,1816_LeafPhotoA_2025-09-09 09_12_26.291-05_00_0.png,1,2.5,2.1584512751744533
1817_LeafPhotoA_2025-09-09 09_13_12.712,PI655990,3,1817_LeafPhotoA_2025-09-09 09_13_12.712-05_00_0.png,1,1.0,1.9360699962318164
1818_LeafPhotoA_2025-09-09 09_15_00.073,PI533933,4,1818_LeafPhotoA_2025-09-09 09_15_00.073-05_00_0.png,2,1.5,1.6767270310582525
1818_LeafPhotoA_2025-09-09 09_15_15.206,PI533933,4,1818_LeafPhotoA_2025-09-09 09_15_15.206-05_00_0.png,2,1.0,1.7296074485499007
1818_LeafPhotoA_2025-09-09 09_15_37.334,PI533933,4,1818_LeafPhotoA_2025-09-09 09_15_37.334-05_00_0.png,2,3.0,2.007991584840599
1819_LeafPhotoA_2025-09-09 09_16_17.541,PI533997,5,1819_LeafPhotoA_2025-09-09 09_16_17.541-05_00_0.png,2,1.0,2.0914097473841076
1819_LeafPhotoA_2025-09-09 09_16_48.083,PI533997,5,1819_LeafPhotoA_2025-09-09 09_16_48.083-05_00_0.png,2,2.5,1.9902235183034005
1820_LeafPhotoA_2025-09-09 09_19_07.343,PI534018,1,1820_LeafPhotoA_2025-09-09 09_19_07.343-05_00_0.png,2,1.5,2.050277371781568
1820_LeafPhotoA_2025-09-09 09_21_05.870,PI534018,1,1820_LeafPhotoA_2025-09-09 09_21_05.870-05_00_0.png,2,2.0,1.745429484997136
1820_LeafPhotoA_2025-09-09 09_21_55.600,PI534018,1,1820_LeafPhotoA_2025-09-09 09_21_55.600-05_00_0.png,2,2.0,1.773406682344682
1821_LeafPhotoA_2025-09-09 09_22_34.959,PI533770,5,1821_LeafPhotoA_2025-09-09 09_22_34.959-05_00_0.png,2,2.5,2.482741558044448
1822_LeafPhotoA_2025-09-09 09_23_30.807,PI533827,1,1822_LeafPhotoA_2025-09-09 09_23_30.807-05_00_0.png,1,2.0,2.103129837319628
1823_LeafPhotoA_2025-09-09 09_24_29.002,SC0314,5,1823_LeafPhotoA_2025-09-09 09_24_29.002-05_00_0.png,2,2.5,2.1253483601022305
1823_LeafPhotoA_2025-09-09 09_24_42.198,SC0314,5,1823_LeafPhotoA_2025-09-09 09_24_42.198-05_00_0.png,1,1.75,2.3864210780977415
1823_LeafPhotoA_2025-09-09 09_24_55.043,SC0314,5,1823_LeafPhotoA_2025-09-09 09_24_55.043-05_00_0.png,1,2.0,2.041318530897446
1824_LeafPhotoA_2025-09-09 09_25_19.533,PI533812,2,1824_LeafPhotoA_2025-09-09 09_25_19.533-05_00_0.png,1,3.0,2.609027108943314
1825_LeafPhotoA_2025-09-09 09_26_26.568,PI656068,5,1825_LeafPhotoA_2025-09-09 09_26_26.568-05_00_0.png,2,1.0,1.6965073281110115
1826_LeafPhotoA_2025-09-09 09_27_26.116,PI533858,4,1826_LeafPhotoA_2025-09-09 09_27_26.116-05_00_0.png,2,1.5,1.8097117014940256
1826_LeafPhotoA_2025-09-09 09_28_05.885,PI533858,4,1826_LeafPhotoA_2025-09-09 09_28_05.885-05_00_0.png,2,2.5,1.889896484414065
1827_LeafPhotoA_2025-09-09 09_28_41.756,PI564163,1,1827_LeafPhotoA_2025-09-09 09_28_41.756-05_00_0.png,2,1.5,1.9538632269609604
1827_LeafPhotoA_2025-09-09 09_29_43.270,PI564163,1,1827_LeafPhotoA_2025-09-09 09_29_43.270-05_00_0.png,2,2.5,2.100808643617176
1827_LeafPhotoA_2025-09-09 09_30_30.998,PI564163,1,1827_LeafPhotoA_2025-09-09 09_30_30.998-05_00_0.png,2,1.5,1.7800621552535685
1829_LeafPhotoA_2025-09-09 09_31_52.096,PI656055,4,1829_LeafPhotoA_2025-09-09 09_31_52.096-05_00_0.png,2,2.25,2.324240883199837
1829_LeafPhotoA_2025-09-09 09_32_20.945,PI656055,4,1829_LeafPhotoA_2025-09-09 09_32_20.945-05_00_0.png,2,1.5,1.8762023451028667
1829_LeafPhotoA_2025-09-09 09_32_41.208,PI656055,4,1829_LeafPhotoA_2025-09-09 09_32_41.208-05_00_0.png,2,1.0,1.853846231026455
1829_LeafPhotoA_2025-09-09 09_32_44.390,PI656055,4,1829_LeafPhotoA_2025-09-09 09_32_44.390-05_00_0.png,2,1.5,1.8866055816657115
1830_LeafPhotoA_2025-09-09 09_33_10.797,PI533925,1,1830_LeafPhotoA_2025-09-09 09_33_10.797-05_00_0.png,2,4.0,2.687863134319915
1830_LeafPhotoA_2025-09-09 09_33_52.287,PI533925,1,1830_LeafPhotoA_2025-09-09 09_33_52.287-05_00_0.png,2,2.0,2.0796348170148518
1831_LeafPhotoA_2025-09-09 09_34_14.026,PI655972,3,1831_LeafPhotoA_2025-09-09 09_34_14.026-05_00_0.png,2,2.5,2.117802154096716
1832_LeafPhotoA_2025-09-09 09_36_05.583,PI533840,4,1832_LeafPhotoA_2025-09-09 09_36_05.583-05_00_0.png,1,2.5,2.3407614012556897
1833_LeafPhotoA_2025-09-09 09_39_11.864,PI533836,4,1833_LeafPhotoA_2025-09-09 09_39_11.864-05_00_0.png,2,2.5,2.0002645538457062
1834_LeafPhotoA_2025-09-09 09_42_08.907,PI534124,2,1834_LeafPhotoA_2025-09-09 09_42_08.907-05_00_0.png,2,2.0,2.1652449879841527
1834_LeafPhotoA_2025-09-09 09_42_27.442,PI534124,2,1834_LeafPhotoA_2025-09-09 09_42_27.442-05_00_0.png,2,2.5,2.523840716156264
1835_LeafPhotoA_2025-09-09 09_42_55.521,PI534059,2,1835_LeafPhotoA_2025-09-09 09_42_55.521-05_00_0.png,1,2.5,2.6890289580265154
1835_LeafPhotoA_2025-09-09 09_43_15.396,PI534059,2,1835_LeafPhotoA_2025-09-09 09_43_15.396-05_00_0.png,2,2.0,2.159999478466739
1835_LeafPhotoA_2025-09-09 09_43_40.840,PI534059,2,1835_LeafPhotoA_2025-09-09 09_43_40.840-05_00_0.png,2,2.5,2.3452357484317248
1836_LeafPhotoA_2025-09-09 09_44_16.294,PI533918,5,1836_LeafPhotoA_2025-09-09 09_44_16.294-05_00_0.png,1,1.5,1.880061804826964
1836_LeafPhotoA_2025-09-09 09_44_56.451,PI533918,5,1836_LeafPhotoA_2025-09-09 09_44_56.451-05_00_0.png,2,2.5,1.8938144152101206
1837_LeafPhotoA_2025-09-09 09_45_47.607,PI533960,4,1837_LeafPhotoA_2025-09-09 09_45_47.607-05_00_0.png,1,2.0,2.251206426378059
1838_LeafPhotoA_2025-09-09 09_47_07.906,SC0602,1,1838_LeafPhotoA_2025-09-09 09_47_07.906-05_00_0.png,2,1.0,2.2295540972665884
1838_LeafPhotoA_2025-09-09 09_47_10.830,SC0602,1,1838_LeafPhotoA_2025-09-09 09_47_10.830-05_00_0.png,2,2.5,2.2165439430069487
1840_LeafPhotoA_2025-09-09 09_50_21.262,SC0615,5,1840_LeafPhotoA_2025-09-09 09_50_21.262-05_00_0.png,2,3.0,2.910980503038844
1841_LeafPhotoA_2025-09-09 09_50_58.248,SC0753,5,1841_LeafPhotoA_2025-09-09 09_50_58.248-05_00_0.png,2,3.5,2.4812934953858576
1841_LeafPhotoA_2025-09-09 09_51_20.335,SC0753,5,1841_LeafPhotoA_2025-09-09 09_51_20.335-05_00_0.png,1,3.0,2.288500509039274
1842_LeafPhotoA_2025-09-09 09_53_22.973,PI576328,3,1842_LeafPhotoA_2025-09-09 09_53_22.973-05_00_0.png,2,2.0,2.0214897385641772
1843_LeafPhotoA_2025-09-09 09_53_53.963,PI585291,3,1843_LeafPhotoA_2025-09-09 09_53_53.963-05_00_0.png,2,1.5,1.6698657836783357
1843_LeafPhotoA_2025-09-09 09_54_14.316,PI585291,3,1843_LeafPhotoA_2025-09-09 09_54_14.316-05_00_0.png,2,1.5,1.620065707785582
1843_LeafPhotoA_2025-09-09 09_54_29.186,PI585291,3,1843_LeafPhotoA_2025-09-09 09_54_29.186-05_00_0.png,2,1.5,1.8290404151163662
1844_LeafPhotoA_2025-09-09 09_54_54.323,PI564164,2,1844_LeafPhotoA_2025-09-09 09_54_54.323-05_00_0.png,1,3.0,2.2467403167880975
1844_LeafPhotoA_2025-09-09 09_55_08.082,PI564164,2,1844_LeafPhotoA_2025-09-09 09_55_08.082-05_00_0.png,2,2.0,2.3322724058599644
1845_LeafPhotoA_2025-09-09 09_56_53.032,PI597944,3,1845_LeafPhotoA_2025-09-09 09_56_53.032-05_00_0.png,2,2.0,1.9002169785240133
1845_LeafPhotoA_2025-09-09 09_57_25.069,PI597944,3,1845_LeafPhotoA_2025-09-09 09_57_25.069-05_00_0.png,1,3.0,2.1963812471427353
1846_LeafPhotoA_2025-09-09 09_58_43.617,PI576347,1,1846_LeafPhotoA_2025-09-09 09_58_43.617-05_00_0.png,2,3.0,2.4498726423436756
1849_LeafPhotoA_2025-09-09 10_02_04.668,PI534097,2,1849_LeafPhotoA_2025-09-09 10_02_04.668-05_00_0.png,2,1.5,1.7749180741885602
1849_LeafPhotoA_2025-09-09 10_02_20.103,PI534097,2,1849_LeafPhotoA_2025-09-09 10_02_20.103-05_00_0.png,2,1.5,1.950081188889262
1849_LeafPhotoA_2025-09-09 10_02_39.137,PI534097,2,1849_LeafPhotoA_2025-09-09 10_02_39.137-05_00_0.png,2,1.5,1.6436812355171475
1850_LeafPhotoA_2025-09-09 10_03_09.761,PI651496,1,1850_LeafPhotoA_2025-09-09 10_03_09.761-05_00_0.png,1,3.5,2.725065359442075
1851_LeafPhotoA_2025-09-09 13_44_39.585,PI576341,3,1851_LeafPhotoA_2025-09-09 13_44_39.585-05_00_0.png,2,2.0,2.192651060013447
1851_LeafPhotoA_2025-09-09 13_45_07.951,PI576341,3,1851_LeafPhotoA_2025-09-09 13_45_07.951-05_00_0.png,2,1.5,2.29829770585511
1853_LeafPhotoA_2025-09-09 13_43_19.198,PI552856,3,1853_LeafPhotoA_2025-09-09 13_43_19.198-05_00_0.png,2,2.0,1.6890898532560963
1853_LeafPhotoA_2025-09-09 13_43_32.816,PI552856,3,1853_LeafPhotoA_2025-09-09 13_43_32.816-05_00_0.png,2,1.0,1.5416407986597216
1853_LeafPhotoA_2025-09-09 13_43_57.677,PI552856,3,1853_LeafPhotoA_2025-09-09 13_43_57.677-05_00_0.png,2,1.0,1.6856543615839286
1854_LeafPhotoA_2025-09-09 13_42_14.798,PI656079,4,1854_LeafPhotoA_2025-09-09 13_42_14.798-05_00_0.png,2,2.5,1.9342743152412172
1854_LeafPhotoA_2025-09-09 13_42_43.347,PI656079,4,1854_LeafPhotoA_2025-09-09 13_42_43.347-05_00_0.png,2,2.5,1.9883593021991344
1854_LeafPhotoA_2025-09-09 13_42_58.635,PI656079,4,1854_LeafPhotoA_2025-09-09 13_42_58.635-05_00_0.png,2,2.0,1.7923135991577648
1855_LeafPhotoA_2025-09-09 13_41_18.742,PI564163,1,1855_LeafPhotoA_2025-09-09 13_41_18.742-05_00_0.png,2,1.0,1.5033462477377297
1855_LeafPhotoA_2025-09-09 13_41_33.020,PI564163,1,1855_LeafPhotoA_2025-09-09 13_41_33.020-05_00_0.png,2,2.0,1.6314797150521652
1855_LeafPhotoA_2025-09-09 13_41_50.521,PI564163,1,1855_LeafPhotoA_2025-09-09 13_41_50.521-05_00_0.png,1,2.0,1.6610333960707508
1856_LeafPhotoA_2025-09-09 13_40_00.876,PI564163,1,1856_LeafPhotoA_2025-09-09 13_40_00.876-05_00_0.png,2,1.5,2.041219085521585
1856_LeafPhotoA_2025-09-09 13_40_44.812,PI564163,1,1856_LeafPhotoA_2025-09-09 13_40_44.812-05_00_0.png,2,2.0,1.987857636977435
1858_LeafPhotoA_2025-09-09 13_38_22.566,PI595746,5,1858_LeafPhotoA_2025-09-09 13_38_22.566-05_00_0.png,2,1.0,1.46992121410581
1858_LeafPhotoA_2025-09-09 13_38_40.065,PI595746,5,1858_LeafPhotoA_2025-09-09 13_38_40.065-05_00_0.png,2,1.0,1.458190920597815
1858_LeafPhotoA_2025-09-09 13_39_18.807,PI595746,5,1858_LeafPhotoA_2025-09-09 13_39_18.807-05_00_0.png,2,1.5,1.5413622545599788
1859_LeafPhotoA_2025-09-09 13_37_12.958,PI656029,4,1859_LeafPhotoA_2025-09-09 13_37_12.958-05_00_0.png,2,1.5,1.912945146428864
1859_LeafPhotoA_2025-09-09 13_37_34.301,PI656029,4,1859_LeafPhotoA_2025-09-09 13_37_34.301-05_00_0.png,2,3.0,1.8523359482869652
1859_LeafPhotoA_2025-09-09 13_37_51.141,PI656029,4,1859_LeafPhotoA_2025-09-09 13_37_51.141-05_00_0.png,2,2.0,2.0270000430308013
1860_LeafPhotoA_2025-09-09 13_36_13.808,PI576422,1,1860_LeafPhotoA_2025-09-09 13_36_13.808-05_00_0.png,2,3.0,2.1575318733969056
1861_LeafPhotoA_2025-09-09 13_35_17.850,PI533838,2,1861_LeafPhotoA_2025-09-09 13_35_17.850-05_00_0.png,2,2.5,2.35653281745237
1861_LeafPhotoA_2025-09-09 13_35_33.781,PI533838,2,1861_LeafPhotoA_2025-09-09 13_35_33.781-05_00_0.png,2,2.5,2.224673518397127
1861_LeafPhotoA_2025-09-09 13_35_47.066,PI533838,2,1861_LeafPhotoA_2025-09-09 13_35_47.066-05_00_0.png,2,2.0,2.339329792051507
1862_LeafPhotoA_2025-09-09 16_52_15.108,PI564163,1,1862_LeafPhotoA_2025-09-09 16_52_15.108-05_00_0.png,2,3.5,2.3784621653721674
1862_LeafPhotoA_2025-09-09 16_52_33.745,PI564163,1,1862_LeafPhotoA_2025-09-09 16_52_33.745-05_00_0.png,2,2.0,1.8691237388779007
1862_LeafPhotoA_2025-09-09 16_53_12.465,PI564163,1,1862_LeafPhotoA_2025-09-09 16_53_12.465-05_00_0.png,2,2.0,1.7211105754612641
1863_LeafPhotoA_2025-09-09 13_33_41.872,PI533764,2,1863_LeafPhotoA_2025-09-09 13_33_41.872-05_00_0.png,2,2.25,2.532679123493306
1863_LeafPhotoA_2025-09-09 13_34_00.663,PI533764,2,1863_LeafPhotoA_2025-09-09 13_34_00.663-05_00_0.png,2,2.0,2.1989773411478986
1863_LeafPhotoA_2025-09-09 13_34_31.433,PI533764,2,1863_LeafPhotoA_2025-09-09 13_34_31.433-05_00_0.png,2,3.0,3.027357877089157
1864_LeafPhotoA_2025-09-09 13_32_45.370,SC1082,5,1864_LeafPhotoA_2025-09-09 13_32_45.370-05_00_0.png,2,1.25,2.2219190560734035
1864_LeafPhotoA_2025-09-09 13_33_01.123,SC1082,5,1864_LeafPhotoA_2025-09-09 13_33_01.123-05_00_0.png,2,3.0,2.612897184780924
1864_LeafPhotoA_2025-09-09 13_33_20.998,SC1082,5,1864_LeafPhotoA_2025-09-09 13_33_20.998-05_00_0.png,2,2.0,2.0202445044874118
1864_LeafPhotoA_2025-09-09 16_54_10.885,SC1082,5,1864_LeafPhotoA_2025-09-09 16_54_10.885-05_00_0.png,2,2.25,2.4805262505919425
1864_LeafPhotoA_2025-09-09 16_54_24.230,SC1082,5,1864_LeafPhotoA_2025-09-09 16_54_24.230-05_00_0.png,2,3.0,2.2320856515465004
1865_LeafPhotoA_2025-09-09 13_31_46.367,PI576405,3,1865_LeafPhotoA_2025-09-09 13_31_46.367-05_00_0.png,2,1.5,2.053815645817611
1865_LeafPhotoA_2025-09-09 13_32_27.920,PI576405,3,1865_LeafPhotoA_2025-09-09 13_32_27.920-05_00_0.png,2,2.0,1.9195434279298953
1866_LeafPhotoA_2025-09-09 13_30_08.982,PI576420,3,1866_LeafPhotoA_2025-09-09 13_30_08.982-05_00_0.png,2,3.0,2.431664580817377
1866_LeafPhotoA_2025-09-09 13_30_23.454,PI576420,3,1866_LeafPhotoA_2025-09-09 13_30_23.454-05_00_0.png,2,2.0,2.132103431170232
1866_LeafPhotoA_2025-09-09 13_31_18.564,PI576420,3,1866_LeafPhotoA_2025-09-09 13_31_18.564-05_00_0.png,2,2.5,1.8644176081639308
1868_LeafPhotoA_2025-09-09 13_29_01.704,PI595747,3,1868_LeafPhotoA_2025-09-09 13_29_01.704-05_00_0.png,2,1.25,1.822146568551969
1868_LeafPhotoA_2025-09-09 13_29_17.151,PI595747,3,1868_LeafPhotoA_2025-09-09 13_29_17.151-05_00_0.png,1,1.5,1.886207890732727
1868_LeafPhotoA_2025-09-09 13_29_37.011,PI595747,3,1868_LeafPhotoA_2025-09-09 13_29_37.011-05_00_0.png,2,1.5,1.858273421915397
1868_LeafPhotoA_2025-09-09 16_55_32.779,PI595747,3,1868_LeafPhotoA_2025-09-09 16_55_32.779-05_00_0.png,2,1.5,1.862582777886208
1868_LeafPhotoA_2025-09-09 16_55_48.014,PI595747,3,1868_LeafPhotoA_2025-09-09 16_55_48.014-05_00_0.png,2,1.0,1.783495587029154
1870_LeafPhotoA_2025-09-09 16_56_29.768,PI595726,3,1870_LeafPhotoA_2025-09-09 16_56_29.768-05_00_0.png,2,3.5,2.6288995411973555
1870_LeafPhotoA_2025-09-09 16_56_52.997,PI595726,3,1870_LeafPhotoA_2025-09-09 16_56_52.997-05_00_0.png,1,1.5,2.0939663556085693
1870_LeafPhotoA_2025-09-09 16_57_12.240,PI595726,3,1870_LeafPhotoA_2025-09-09 16_57_12.240-05_00_0.png,2,2.5,2.3183464448896594
1871_LeafPhotoA_2025-09-09 16_57_29.711,SC0236,2,1871_LeafPhotoA_2025-09-09 16_57_29.711-05_00_0.png,2,3.5,2.8676000852781804
1871_LeafPhotoA_2025-09-09 16_57_52.699,SC0236,2,1871_LeafPhotoA_2025-09-09 16_57_52.699-05_00_0.png,2,2.5,2.428456522747387
1871_LeafPhotoA_2025-09-09 16_58_17.969,SC0236,2,1871_LeafPhotoA_2025-09-09 16_58_17.969-05_00_0.png,2,3.5,3.1429965000653386
1871_LeafPhotoA_2025-09-09 16_58_18.974,SC0236,2,1871_LeafPhotoA_2025-09-09 16_58_18.974-05_00_0.png,1,3.5,3.110461949639039
1872_LeafPhotoA_2025-09-09 13_27_10.389,PI533957,5,1872_LeafPhotoA_2025-09-09 13_27_10.389-05_00_0.png,2,2.0,1.93443382992996
1872_LeafPhotoA_2025-09-09 13_27_26.362,PI533957,5,1872_LeafPhotoA_2025-09-09 13_27_26.362-05_00_0.png,2,1.5,1.8892655726888825
1872_LeafPhotoA_2025-09-09 13_27_40.543,PI533957,5,1872_LeafPhotoA_2025-09-09 13_27_40.543-05_00_0.png,2,1.5,1.8327070035573958
1872_LeafPhotoA_2025-09-09 17_01_06.251,PI533957,5,1872_LeafPhotoA_2025-09-09 17_01_06.251-05_00_0.png,2,1.5,2.3315982687643526
1873_LeafPhotoA_2025-09-09 13_24_25.512,PI534046,4,1873_LeafPhotoA_2025-09-09 13_24_25.512-05_00_0.png,2,2.25,2.4359460987563364
1873_LeafPhotoA_2025-09-09 13_25_03.055,PI534046,4,1873_LeafPhotoA_2025-09-09 13_25_03.055-05_00_0.png,2,2.75,2.3306547474573476
1873_LeafPhotoA_2025-09-09 17_01_51.065,PI534046,4,1873_LeafPhotoA_2025-09-09 17_01_51.065-05_00_0.png,2,3.0,2.735171763392052
1874_LeafPhotoA_2025-09-09 13_23_32.662,PI533889,5,1874_LeafPhotoA_2025-09-09 13_23_32.662-05_00_0.png,2,2.5,2.230056544190867
1874_LeafPhotoA_2025-09-09 13_23_50.650,PI533889,5,1874_LeafPhotoA_2025-09-09 13_23_50.650-05_00_0.png,2,2.0,2.236760348290339
1874_LeafPhotoA_2025-09-09 13_24_05.096,PI533889,5,1874_LeafPhotoA_2025-09-09 13_24_05.096-05_00_0.png,2,1.25,2.1337387602614966
1874_LeafPhotoA_2025-09-09 17_02_37.782,PI533889,5,1874_LeafPhotoA_2025-09-09 17_02_37.782-05_00_0.png,1,3.0,2.1344076140828276
1874_LeafPhotoA_2025-09-09 17_02_50.343,PI533889,5,1874_LeafPhotoA_2025-09-09 17_02_50.343-05_00_0.png,2,2.5,2.2200768040582273
1874_LeafPhotoA_2025-09-09 17_03_08.960,PI533889,5,1874_LeafPhotoA_2025-09-09 17_03_08.960-05_00_0.png,1,1.5,2.0447527620131476
1876_LeafPhotoA_2025-09-09 13_22_15.099,PI533900,3,1876_LeafPhotoA_2025-09-09 13_22_15.099-05_00_0.png,2,3.0,2.1847275909931723
1876_LeafPhotoA_2025-09-09 13_22_32.808,PI533900,3,1876_LeafPhotoA_2025-09-09 13_22_32.808-05_00_0.png,2,2.5,2.197008458896133
1876_LeafPhotoA_2025-09-09 13_22_49.642,PI533900,3,1876_LeafPhotoA_2025-09-09 13_22_49.642-05_00_0.png,2,2.0,2.1068972470381198
1876_LeafPhotoA_2025-09-09 17_03_41.325,PI533900,3,1876_LeafPhotoA_2025-09-09 17_03_41.325-05_00_0.png,2,2.5,2.1651017484447888
1876_LeafPhotoA_2025-09-09 17_03_52.842,PI533900,3,1876_LeafPhotoA_2025-09-09 17_03_52.842-05_00_0.png,2,2.5,2.2992452736191265
1876_LeafPhotoA_2025-09-09 17_04_03.852,PI533900,3,1876_LeafPhotoA_2025-09-09 17_04_03.852-05_00_0.png,2,2.25,2.255666390481754
1877_LeafPhotoA_2025-09-09 13_21_11.014,SC0823,2,1877_LeafPhotoA_2025-09-09 13_21_11.014-05_00_0.png,2,2.0,2.249961101892605
1877_LeafPhotoA_2025-09-09 13_21_29.026,SC0823,2,1877_LeafPhotoA_2025-09-09 13_21_29.026-05_00_0.png,2,2.5,2.8419005526543173
1877_LeafPhotoA_2025-09-09 13_21_50.382,SC0823,2,1877_LeafPhotoA_2025-09-09 13_21_50.382-05_00_0.png,2,1.25,1.8669708427161489
1877_LeafPhotoA_2025-09-09 17_04_18.057,SC0823,2,1877_LeafPhotoA_2025-09-09 17_04_18.057-05_00_0.png,1,3.0,2.7073780219984247
1877_LeafPhotoA_2025-09-09 17_04_30.257,SC0823,2,1877_LeafPhotoA_2025-09-09 17_04_30.257-05_00_0.png,2,1.5,2.03802134859223
1877_LeafPhotoA_2025-09-09 17_04_42.599,SC0823,2,1877_LeafPhotoA_2025-09-09 17_04_42.599-05_00_0.png,2,2.25,2.4923255461657075
1878_LeafPhotoA_2025-09-09 13_20_17.369,SC1216,4,1878_LeafPhotoA_2025-09-09 13_20_17.369-05_00_0.png,2,2.0,1.8972521465419667
1878_LeafPhotoA_2025-09-09 13_20_37.567,SC1216,4,1878_LeafPhotoA_2025-09-09 13_20_37.567-05_00_0.png,2,1.5,2.277265134471004
1878_LeafPhotoA_2025-09-09 13_20_53.161,SC1216,4,1878_LeafPhotoA_2025-09-09 13_20_53.161-05_00_0.png,1,2.0,2.0505621316506
1878_LeafPhotoA_2025-09-09 17_05_30.142,SC1216,4,1878_LeafPhotoA_2025-09-09 17_05_30.142-05_00_0.png,2,2.0,2.0440066388504836
1878_LeafPhotoA_2025-09-09 17_05_46.079,SC1216,4,1878_LeafPhotoA_2025-09-09 17_05_46.079-05_00_0.png,2,1.75,1.87625611676765
1878_LeafPhotoA_2025-09-09 17_06_16.006,SC1216,4,1878_LeafPhotoA_2025-09-09 17_06_16.006-05_00_0.png,2,2.0,2.005659090630947
1879_LeafPhotoA_2025-09-09 13_18_49.746,PI565121,3,1879_LeafPhotoA_2025-09-09 13_18_49.746-05_00_0.png,2,1.0,1.7488023783276356
1879_LeafPhotoA_2025-09-09 13_19_03.820,PI565121,3,1879_LeafPhotoA_2025-09-09 13_19_03.820-05_00_0.png,2,1.0,1.5325418470189573
1879_LeafPhotoA_2025-09-09 13_19_22.623,PI565121,3,1879_LeafPhotoA_2025-09-09 13_19_22.623-05_00_0.png,2,1.5,1.7644868753569807
1879_LeafPhotoA_2025-09-09 17_06_36.057,PI565121,3,1879_LeafPhotoA_2025-09-09 17_06_36.057-05_00_0.png,2,2.0,1.8335955275663816
1879_LeafPhotoA_2025-09-09 17_06_52.468,PI565121,3,1879_LeafPhotoA_2025-09-09 17_06_52.468-05_00_0.png,2,1.5,1.7721420729072643
1879_LeafPhotoA_2025-09-09 17_07_06.305,PI565121,3,1879_LeafPhotoA_2025-09-09 17_07_06.305-05_00_0.png,1,1.0,1.7722951100748014
1880_LeafPhotoA_2025-09-09 13_17_54.406,PI534072,2,1880_LeafPhotoA_2025-09-09 13_17_54.406-05_00_0.png,2,1.25,2.227195416770677
1880_LeafPhotoA_2025-09-09 17_07_23.015,PI534072,2,1880_LeafPhotoA_2025-09-09 17_07_23.015-05_00_0.png,2,2.0,2.249563504294069
1880_LeafPhotoA_2025-09-09 17_07_40.953,PI534072,2,1880_LeafPhotoA_2025-09-09 17_07_40.953-05_00_0.png,2,2.5,2.1454092438631327
1880_LeafPhotoA_2025-09-09 17_07_55.388,PI534072,2,1880_LeafPhotoA_2025-09-09 17_07_55.388-05_00_0.png,2,2.0,2.2330413230640835
1882_LeafPhotoA_2025-09-09 13_16_51.402,PI656069,5,1882_LeafPhotoA_2025-09-09 13_16_51.402-05_00_0.png,2,3.0,2.3081639639874583
1882_LeafPhotoA_2025-09-09 13_17_09.662,PI656069,5,1882_LeafPhotoA_2025-09-09 13_17_09.662-05_00_0.png,1,1.75,2.062323940294978
1882_LeafPhotoA_2025-09-09 13_17_22.842,PI656069,5,1882_LeafPhotoA_2025-09-09 13_17_22.842-05_00_0.png,2,1.75,2.2189142511076536
1882_LeafPhotoA_2025-09-09 17_08_37.253,PI656069,5,1882_LeafPhotoA_2025-09-09 17_08_37.253-05_00_0.png,1,2.0,2.1605757131979058
1882_LeafPhotoA_2025-09-09 17_08_57.451,PI656069,5,1882_LeafPhotoA_2025-09-09 17_08_57.451-05_00_0.png,2,2.0,2.051206351595218
1882_LeafPhotoA_2025-09-09 17_09_17.681,PI656069,5,1882_LeafPhotoA_2025-09-09 17_09_17.681-05_00_0.png,2,2.0,2.170467436035708
1883_LeafPhotoA_2025-09-09 13_15_58.541,PI576432,2,1883_LeafPhotoA_2025-09-09 13_15_58.541-05_00_0.png,2,2.5,2.3458445239521946
1883_LeafPhotoA_2025-09-09 13_16_30.658,PI576432,2,1883_LeafPhotoA_2025-09-09 13_16_30.658-05_00_0.png,2,3.0,2.4336562448398245
1883_LeafPhotoA_2025-09-09 17_09_46.898,PI576432,2,1883_LeafPhotoA_2025-09-09 17_09_46.898-05_00_0.png,2,2.0,2.2767392810926825
1883_LeafPhotoA_2025-09-09 17_10_02.859,PI576432,2,1883_LeafPhotoA_2025-09-09 17_10_02.859-05_00_0.png,2,2.0,1.7511631868330542
1883_LeafPhotoA_2025-09-09 17_10_24.902,PI576432,2,1883_LeafPhotoA_2025-09-09 17_10_24.902-05_00_0.png,2,1.5,2.185474719394491
1884_LeafPhotoA_2025-09-09 13_14_13.481,PI564163,1,1884_LeafPhotoA_2025-09-09 13_14_13.481-05_00_0.png,2,1.5,1.879280349396189
1884_LeafPhotoA_2025-09-09 13_14_34.240,PI564163,1,1884_LeafPhotoA_2025-09-09 13_14_34.240-05_00_0.png,2,2.0,1.570717421397784
1884_LeafPhotoA_2025-09-09 13_14_52.815,PI564163,1,1884_LeafPhotoA_2025-09-09 13_14_52.815-05_00_0.png,2,2.0,1.6633648644507126
1884_LeafPhotoA_2025-09-09 17_10_49.422,PI564163,1,1884_LeafPhotoA_2025-09-09 17_10_49.422-05_00_0.png,1,2.0,1.7609265282520163
1884_LeafPhotoA_2025-09-09 17_11_24.016,PI564163,1,1884_LeafPhotoA_2025-09-09 17_11_24.016-05_00_0.png,2,2.0,2.645905781378262
1885_LeafPhotoA_2025-09-09 13_13_11.754,PI533895,3,1885_LeafPhotoA_2025-09-09 13_13_11.754-05_00_0.png,2,2.5,2.184511506356714
1885_LeafPhotoA_2025-09-09 13_13_35.702,PI533895,3,1885_LeafPhotoA_2025-09-09 13_13_35.702-05_00_0.png,2,3.0,2.7814652633831947
1887_LeafPhotoA_2025-09-09 17_12_27.474,SC0505,2,1887_LeafPhotoA_2025-09-09 17_12_27.474-05_00_0.png,1,1.75,2.5017876877285596
1889_LeafPhotoA_2025-09-09 13_11_08.430,PI534075,5,1889_LeafPhotoA_2025-09-09 13_11_08.430-05_00_0.png,2,2.5,2.0766673422335526
1889_LeafPhotoA_2025-09-09 13_11_28.788,PI534075,5,1889_LeafPhotoA_2025-09-09 13_11_28.788-05_00_0.png,2,3.0,2.2160284969504804
1889_LeafPhotoA_2025-09-09 13_11_50.814,PI534075,5,1889_LeafPhotoA_2025-09-09 13_11_50.814-05_00_0.png,2,1.0,1.9224376473581835
1889_LeafPhotoA_2025-09-09 17_13_36.116,PI534075,5,1889_LeafPhotoA_2025-09-09 17_13_36.116-05_00_0.png,2,2.5,2.135201279897003
1889_LeafPhotoA_2025-09-09 17_13_53.804,PI534075,5,1889_LeafPhotoA_2025-09-09 17_13_53.804-05_00_0.png,2,2.5,2.4772800375209103
1890_LeafPhotoA_2025-09-09 13_09_56.225,PI533863,3,1890_LeafPhotoA_2025-09-09 13_09_56.225-05_00_0.png,2,2.5,2.3293629508406277
1890_LeafPhotoA_2025-09-09 13_10_15.049,PI533863,3,1890_LeafPhotoA_2025-09-09 13_10_15.049-05_00_0.png,2,2.5,2.2378912637232915
1890_LeafPhotoA_2025-09-09 13_10_47.470,PI533863,3,1890_LeafPhotoA_2025-09-09 13_10_47.470-05_00_0.png,2,3.0,2.096397838513188
1890_LeafPhotoA_2025-09-09 17_14_27.785,PI533863,3,1890_LeafPhotoA_2025-09-09 17_14_27.785-05_00_0.png,1,2.0,2.2396890165734433
1890_LeafPhotoA_2025-09-09 17_14_44.531,PI533863,3,1890_LeafPhotoA_2025-09-09 17_14_44.531-05_00_0.png,2,3.0,2.140650983214285
1890_LeafPhotoA_2025-09-09 17_14_57.064,PI533863,3,1890_LeafPhotoA_2025-09-09 17_14_57.064-05_00_0.png,2,2.0,2.067012506083515
1891_LeafPhotoA_2025-09-09 13_08_48.319,PI655973,5,1891_LeafPhotoA_2025-09-09 13_08_48.319-05_00_0.png,2,2.5,2.176463975756643
1891_LeafPhotoA_2025-09-09 13_09_03.281,PI655973,5,1891_LeafPhotoA_2025-09-09 13_09_03.281-05_00_0.png,2,1.5,1.9504700347608934
1891_LeafPhotoA_2025-09-09 13_09_26.481,PI655973,5,1891_LeafPhotoA_2025-09-09 13_09_26.481-05_00_0.png,2,1.5,1.6982521021254575
1891_LeafPhotoA_2025-09-09 17_15_39.200,PI655973,5,1891_LeafPhotoA_2025-09-09 17_15_39.200-05_00_0.png,1,2.5,2.2035888776674053
1891_LeafPhotoA_2025-09-09 17_16_06.533,PI655973,5,1891_LeafPhotoA_2025-09-09 17_16_06.533-05_00_0.png,2,1.5,1.8400576492746243
1891_LeafPhotoA_2025-09-09 17_16_20.000,PI655973,5,1891_LeafPhotoA_2025-09-09 17_16_20.000-05_00_0.png,2,1.5,1.9378685446593396
1892_LeafPhotoA_2025-09-09 13_07_41.262,PI576358,5,1892_LeafPhotoA_2025-09-09 13_07_41.262-05_00_0.png,2,2.0,2.064696752365902
1892_LeafPhotoA_2025-09-09 13_07_55.292,PI576358,5,1892_LeafPhotoA_2025-09-09 13_07_55.292-05_00_0.png,2,1.0,1.8774145715145139
1892_LeafPhotoA_2025-09-09 13_08_15.511,PI576358,5,1892_LeafPhotoA_2025-09-09 13_08_15.511-05_00_0.png,2,2.0,1.67043208280463
1893_LeafPhotoA_2025-09-09 12_59_38.775,PI595713,3,1893_LeafPhotoA_2025-09-09 12_59_38.775-05_00_0.png,2,2.0,1.8160109544745104
1893_LeafPhotoA_2025-09-09 13_00_43.028,PI595713,3,1893_LeafPhotoA_2025-09-09 13_00_43.028-05_00_0.png,1,2.5,1.908274848289557
1893_LeafPhotoA_2025-09-09 17_17_11.617,PI595713,3,1893_LeafPhotoA_2025-09-09 17_17_11.617-05_00_0.png,2,2.0,2.004836595709373
1893_LeafPhotoA_2025-09-09 17_17_29.747,PI595713,3,1893_LeafPhotoA_2025-09-09 17_17_29.747-05_00_0.png,2,2.5,2.460666686494511
1893_LeafPhotoA_2025-09-09 17_17_44.716,PI595713,3,1893_LeafPhotoA_2025-09-09 17_17_44.716-05_00_0.png,2,2.5,2.2443426633020715
1894_LeafPhotoA_2025-09-09 12_58_28.270,PI656000,3,1894_LeafPhotoA_2025-09-09 12_58_28.270-05_00_0.png,2,2.0,1.6556559120825605
1894_LeafPhotoA_2025-09-09 12_58_44.856,PI656000,3,1894_LeafPhotoA_2025-09-09 12_58_44.856-05_00_0.png,2,1.25,1.8605411937266143
1894_LeafPhotoA_2025-09-09 12_59_06.272,PI656000,3,1894_LeafPhotoA_2025-09-09 12_59_06.272-05_00_0.png,2,1.5,1.6282352014054096
1894_LeafPhotoA_2025-09-09 17_18_06.332,PI656000,3,1894_LeafPhotoA_2025-09-09 17_18_06.332-05_00_0.png,2,1.25,1.6732379883993196
1894_LeafPhotoA_2025-09-09 17_18_20.095,PI656000,3,1894_LeafPhotoA_2025-09-09 17_18_20.095-05_00_0.png,2,1.5,1.547329501912527
1894_LeafPhotoA_2025-09-09 17_18_35.498,PI656000,3,1894_LeafPhotoA_2025-09-09 17_18_35.498-05_00_0.png,2,1.5,1.746093757441188
1895_LeafPhotoA_2025-09-09 17_18_59.933,Fill (Exclude),2,1895_LeafPhotoA_2025-09-09 17_18_59.933-05_00_0.png,2,1.0,1.7807139237557683
1895_LeafPhotoA_2025-09-09 17_19_38.798,Fill (Exclude),2,1895_LeafPhotoA_2025-09-09 17_19_38.798-05_00_0.png,2,1.5,1.9150081488429027
1896_LeafPhotoA_2025-09-09 12_57_03.176,PI534091,5,1896_LeafPhotoA_2025-09-09 12_57_03.176-05_00_0.png,2,5.0,3.4088397801804997
1896_LeafPhotoA_2025-09-09 12_57_23.415,PI534091,5,1896_LeafPhotoA_2025-09-09 12_57_23.415-05_00_0.png,2,4.5,3.5259769557175735
1896_LeafPhotoA_2025-09-09 12_57_40.726,PI534091,5,1896_LeafPhotoA_2025-09-09 12_57_40.726-05_00_0.png,2,4.0,3.2664607334637363
1897_LeafPhotoA_2025-09-09 12_55_47.671,SC0858,4,1897_LeafPhotoA_2025-09-09 12_55_47.671-05_00_0.png,2,2.0,2.1414508528429765
1897_LeafPhotoA_2025-09-09 12_56_14.284,SC0858,4,1897_LeafPhotoA_2025-09-09 12_56_14.284-05_00_0.png,2,3.0,2.4770716679991818
1897_LeafPhotoA_2025-09-09 12_56_37.462,SC0858,4,1897_LeafPhotoA_2025-09-09 12_56_37.462-05_00_0.png,2,3.0,2.6345492210049564
1897_LeafPhotoA_2025-09-09 17_20_22.344,SC0858,4,1897_LeafPhotoA_2025-09-09 17_20_22.344-05_00_0.png,2,1.5,2.0631422189781334
1897_LeafPhotoA_2025-09-09 17_20_37.721,SC0858,4,1897_LeafPhotoA_2025-09-09 17_20_37.721-05_00_0.png,2,1.0,2.0576227429572946
1897_LeafPhotoA_2025-09-09 17_20_57.001,SC0858,4,1897_LeafPhotoA_2025-09-09 17_20_57.001-05_00_0.png,1,1.5,2.182901967920496
1898_LeafPhotoA_2025-09-09 12_54_33.673,PI533937,3,1898_LeafPhotoA_2025-09-09 12_54_33.673-05_00_0.png,2,2.0,1.8544994422549201
1898_LeafPhotoA_2025-09-09 12_54_50.965,PI533937,3,1898_LeafPhotoA_2025-09-09 12_54_50.965-05_00_0.png,2,3.0,2.3804867982217646
1898_LeafPhotoA_2025-09-09 12_55_25.546,PI533937,3,1898_LeafPhotoA_2025-09-09 12_55_25.546-05_00_0.png,1,1.5,1.9434843090548692
1898_LeafPhotoA_2025-09-09 17_21_11.510,PI533937,3,1898_LeafPhotoA_2025-09-09 17_21_11.510-05_00_0.png,2,2.5,2.1227276204629235
1898_LeafPhotoA_2025-09-09 17_21_26.370,PI533937,3,1898_LeafPhotoA_2025-09-09 17_21_26.370-05_00_0.png,2,2.5,2.1397870169168516
1898_LeafPhotoA_2025-09-09 17_21_38.361,PI533937,3,1898_LeafPhotoA_2025-09-09 17_21_38.361-05_00_0.png,2,3.0,2.6047563758573813
1899_LeafPhotoA_2025-09-09 13_46_46.296,PI564163,1,1899_LeafPhotoA_2025-09-09 13_46_46.296-05_00_0.png,2,1.5,1.7133531397262576
1899_LeafPhotoA_2025-09-09 13_47_11.649,PI564163,1,1899_LeafPhotoA_2025-09-09 13_47_11.649-05_00_0.png,2,1.25,1.650740837852358
1899_LeafPhotoA_2025-09-09 13_48_21.666,PI564163,1,1899_LeafPhotoA_2025-09-09 13_48_21.666-05_00_0.png,2,1.0,1.6222991257200368
1900_LeafPhotoA_2025-09-09 13_45_34.903,PI533944,3,1900_LeafPhotoA_2025-09-09 13_45_34.903-05_00_0.png,2,3.0,2.3448718331449556
1900_LeafPhotoA_2025-09-09 13_45_59.573,PI533944,3,1900_LeafPhotoA_2025-09-09 13_45_59.573-05_00_0.png,2,2.5,2.4270673373022027
1900_LeafPhotoA_2025-09-09 13_46_32.667,PI533944,3,1900_LeafPhotoA_2025-09-09 13_46_32.667-05_00_0.png,2,2.5,2.0146992241467627
1901_LeafPhotoA_2025-09-09 16_10_27.238,PI534109,2,1901_LeafPhotoA_2025-09-09 16_10_27.238-05_00_0.png,2,3.0,2.1554204713334686
1901_LeafPhotoA_2025-09-09 16_10_49.390,PI534109,2,1901_LeafPhotoA_2025-09-09 16_10_49.390-05_00_0.png,1,1.5,2.1337927065221693
1901_LeafPhotoA_2025-09-09 16_11_13.192,PI534109,2,1901_LeafPhotoA_2025-09-09 16_11_13.192-05_00_0.png,1,1.0,2.2234069521285886
1902_LeafPhotoA_2025-09-09 16_11_37.456,PI576408,2,1902_LeafPhotoA_2025-09-09 16_11_37.456-05_00_0.png,2,2.5,2.3408449531017
1902_LeafPhotoA_2025-09-09 16_12_26.161,PI576408,2,1902_LeafPhotoA_2025-09-09 16_12_26.161-05_00_0.png,2,3.5,2.9896518967479566
1902_LeafPhotoA_2025-09-09 16_12_29.314,PI576408,2,1902_LeafPhotoA_2025-09-09 16_12_29.314-05_00_0.png,2,3.0,2.979667964537563
1903_LeafPhotoA_2025-09-09 14_22_36.498,PI576403,4,1903_LeafPhotoA_2025-09-09 14_22_36.498-05_00_0.png,2,2.5,2.305913734181412
1903_LeafPhotoA_2025-09-09 14_22_56.999,PI576403,4,1903_LeafPhotoA_2025-09-09 14_22_56.999-05_00_0.png,1,3.0,2.7031787103773817
1903_LeafPhotoA_2025-09-09 14_23_28.474,PI576403,4,1903_LeafPhotoA_2025-09-09 14_23_28.474-05_00_0.png,2,2.5,1.9821978338107118
1904_LeafPhotoA_2025-09-09 14_24_12.701,PI152651,5,1904_LeafPhotoA_2025-09-09 14_24_12.701-05_00_0.png,2,2.5,2.290412601423634
1904_LeafPhotoA_2025-09-09 14_38_44.936,PI152651,5,1904_LeafPhotoA_2025-09-09 14_38_44.936-05_00_0.png,2,1.75,2.1165967315183014
1904_LeafPhotoA_2025-09-09 14_39_09.961,PI152651,5,1904_LeafPhotoA_2025-09-09 14_39_09.961-05_00_0.png,1,4.75,3.3823160745498555
1905_LeafPhotoA_2025-09-09 14_40_25.244,PI564163,1,1905_LeafPhotoA_2025-09-09 14_40_25.244-05_00_0.png,2,2.0,2.439974951953915
1905_LeafPhotoA_2025-09-09 14_40_50.447,PI564163,1,1905_LeafPhotoA_2025-09-09 14_40_50.447-05_00_0.png,2,2.0,1.6434945340215918
1906_LeafPhotoA_2025-09-09 14_41_25.913,PI533881,1,1906_LeafPhotoA_2025-09-09 14_41_25.913-05_00_0.png,2,3.0,2.9048090963881164
1906_LeafPhotoA_2025-09-09 14_41_58.555,PI533881,1,1906_LeafPhotoA_2025-09-09 14_41_58.555-05_00_0.png,2,2.0,1.9199532387268645
1907_LeafPhotoA_2025-09-09 14_42_36.286,PI533921,5,1907_LeafPhotoA_2025-09-09 14_42_36.286-05_00_0.png,2,1.5,2.1765728104323605
1908_LeafPhotoA_2025-09-09 14_44_09.948,PI655994,2,1908_LeafPhotoA_2025-09-09 14_44_09.948-05_00_0.png,2,1.5,2.094246034401291
1908_LeafPhotoA_2025-09-09 14_44_38.996,PI655994,2,1908_LeafPhotoA_2025-09-09 14_44_38.996-05_00_0.png,2,2.5,2.7809688883420547
1909_LeafPhotoA_2025-09-09 14_45_40.811,PI533923,3,1909_LeafPhotoA_2025-09-09 14_45_40.811-05_00_0.png,2,2.0,2.4913102853076574
1909_LeafPhotoA_2025-09-09 14_45_58.330,PI533923,3,1909_LeafPhotoA_2025-09-09 14_45_58.330-05_00_0.png,2,3.0,2.454527392960919
1910_LeafPhotoA_2025-09-09 14_46_57.588,PI576382,1,1910_LeafPhotoA_2025-09-09 14_46_57.588-05_00_0.png,2,3.0,2.33272864348469
1910_LeafPhotoA_2025-09-09 14_47_37.655,PI576382,1,1910_LeafPhotoA_2025-09-09 14_47_37.655-05_00_0.png,2,3.0,2.7154753009517503
1910_LeafPhotoA_2025-09-09 14_47_40.472,PI576382,1,1910_LeafPhotoA_2025-09-09 14_47_40.472-05_00_0.png,2,3.0,2.7388728333277914
1911_LeafPhotoA_2025-09-09 14_48_07.325,PI656007,1,1911_LeafPhotoA_2025-09-09 14_48_07.325-05_00_0.png,2,2.0,2.248249775387797
1911_LeafPhotoA_2025-09-09 14_48_38.419,PI656007,1,1911_LeafPhotoA_2025-09-09 14_48_38.419-05_00_0.png,2,2.5,2.5008339001023594
1911_LeafPhotoA_2025-09-09 14_48_54.342,PI656007,1,1911_LeafPhotoA_2025-09-09 14_48_54.342-05_00_0.png,2,2.0,1.7796601587469472
1912_LeafPhotoA_2025-09-09 14_50_46.611,PI641836,2,1912_LeafPhotoA_2025-09-09 14_50_46.611-05_00_0.png,2,3.0,3.1698776938186417
1913_LeafPhotoA_2025-09-09 14_51_37.293,PI595722,2,1913_LeafPhotoA_2025-09-09 14_51_37.293-05_00_0.png,2,3.0,2.397238026315416
1913_LeafPhotoA_2025-09-09 14_51_54.605,PI595722,2,1913_LeafPhotoA_2025-09-09 14_51_54.605-05_00_0.png,2,2.0,2.4612222550612732
1913_LeafPhotoA_2025-09-09 14_52_15.644,PI595722,2,1913_LeafPhotoA_2025-09-09 14_52_15.644-05_00_0.png,2,1.5,2.128322449900514
1914_LeafPhotoA_2025-09-09 14_52_44.868,PI576342,2,1914_LeafPhotoA_2025-09-09 14_52_44.868-05_00_0.png,1,2.0,2.2860306071610488
1914_LeafPhotoA_2025-09-09 14_53_03.088,PI576342,2,1914_LeafPhotoA_2025-09-09 14_53_03.088-05_00_0.png,2,3.5,2.4051008510847067
1914_LeafPhotoA_2025-09-09 14_53_39.833,PI576342,2,1914_LeafPhotoA_2025-09-09 14_53_39.833-05_00_0.png,2,3.5,2.7218682274628945
1915_LeafPhotoA_2025-09-09 14_54_12.298,SC0448,4,1915_LeafPhotoA_2025-09-09 14_54_12.298-05_00_0.png,2,2.0,2.0002740991572074
1915_LeafPhotoA_2025-09-09 14_54_52.435,SC0448,4,1915_LeafPhotoA_2025-09-09 14_54_52.435-05_00_0.png,2,1.75,2.4950734255242097
1916_LeafPhotoA_2025-09-09 14_55_12.000,PI533989,2,1916_LeafPhotoA_2025-09-09 14_55_12.000-05_00_0.png,2,2.5,2.403122250479944
1916_LeafPhotoA_2025-09-09 14_55_34.742,PI533989,2,1916_LeafPhotoA_2025-09-09 14_55_34.742-05_00_0.png,2,2.25,2.002098788457041
1916_LeafPhotoA_2025-09-09 14_56_01.187,PI533989,2,1916_LeafPhotoA_2025-09-09 14_56_01.187-05_00_0.png,2,1.75,2.119142922953861
1917_LeafPhotoA_2025-09-09 14_56_36.953,PI533898,5,1917_LeafPhotoA_2025-09-09 14_56_36.953-05_00_0.png,2,3.0,2.2822257181028474
1917_LeafPhotoA_2025-09-09 14_56_50.086,PI533898,5,1917_LeafPhotoA_2025-09-09 14_56_50.086-05_00_0.png,2,1.5,2.144906058874905
1918_LeafPhotoA_2025-09-09 15_02_47.803,PI595730,5,1918_LeafPhotoA_2025-09-09 15_02_47.803-05_00_0.png,1,3.5,3.1933998903990823
1918_LeafPhotoA_2025-09-09 15_02_50.307,PI595730,5,1918_LeafPhotoA_2025-09-09 15_02_50.307-05_00_0.png,1,3.5,3.2614220164486563
1918_LeafPhotoA_2025-09-09 15_03_24.456,PI595730,5,1918_LeafPhotoA_2025-09-09 15_03_24.456-05_00_0.png,2,3.0,2.1252499491440404
1919_LeafPhotoA_2025-09-09 15_04_25.452,PI595737,2,1919_LeafPhotoA_2025-09-09 15_04_25.452-05_00_0.png,2,1.5,2.2144750719669672
1919_LeafPhotoA_2025-09-09 15_04_40.684,PI595737,2,1919_LeafPhotoA_2025-09-09 15_04_40.684-05_00_0.png,2,1.5,1.8905183775417909
1919_LeafPhotoA_2025-09-09 15_04_56.294,PI595737,2,1919_LeafPhotoA_2025-09-09 15_04_56.294-05_00_0.png,1,2.5,2.0621728737217806
1920_LeafPhotoA_2025-09-09 15_05_19.608,PI534047,4,1920_LeafPhotoA_2025-09-09 15_05_19.608-05_00_0.png,2,2.5,2.455263017529424
1920_LeafPhotoA_2025-09-09 15_08_42.209,PI534047,4,1920_LeafPhotoA_2025-09-09 15_08_42.209-05_00_0.png,2,3.5,3.0208262017222522
1921_LeafPhotoA_2025-09-09 15_12_20.904,PI533884,2,1921_LeafPhotoA_2025-09-09 15_12_20.904-05_00_0.png,2,3.0,2.928929134445919
1921_LeafPhotoA_2025-09-09 15_12_57.015,PI533884,2,1921_LeafPhotoA_2025-09-09 15_12_57.015-05_00_0.png,2,2.5,2.9303539356656723
1922_LeafPhotoA_2025-09-09 15_13_34.215,PI564163,1,1922_LeafPhotoA_2025-09-09 15_13_34.215-05_00_0.png,2,1.0,1.7115558745858035
1922_LeafPhotoA_2025-09-09 15_13_52.698,PI564163,1,1922_LeafPhotoA_2025-09-09 15_13_52.698-05_00_0.png,2,2.0,2.195869016847684
1922_LeafPhotoA_2025-09-09 15_14_07.247,PI564163,1,1922_LeafPhotoA_2025-09-09 15_14_07.247-05_00_0.png,1,2.5,2.0782156766801103
1923_LeafPhotoA_2025-09-09 15_14_33.032,PI533919,1,1923_LeafPhotoA_2025-09-09 15_14_33.032-05_00_0.png,2,2.5,2.0017295489538087
1923_LeafPhotoA_2025-09-09 15_14_50.867,PI533919,1,1923_LeafPhotoA_2025-09-09 15_14_50.867-05_00_0.png,2,2.5,2.1640144229756473
1923_LeafPhotoA_2025-09-09 15_15_28.540,PI533919,1,1923_LeafPhotoA_2025-09-09 15_15_28.540-05_00_0.png,2,2.5,2.0851600010445392
1924_LeafPhotoA_2025-09-09 15_15_59.399,PI656032,4,1924_LeafPhotoA_2025-09-09 15_15_59.399-05_00_0.png,2,1.0,1.6871035258278897
1924_LeafPhotoA_2025-09-09 15_16_22.656,PI656032,4,1924_LeafPhotoA_2025-09-09 15_16_22.656-05_00_0.png,2,1.0,1.6800376248407616
1925_LeafPhotoA_2025-09-09 15_17_26.468,PI534105,3,1925_LeafPhotoA_2025-09-09 15_17_26.468-05_00_0.png,2,2.0,2.203012827989777
1925_LeafPhotoA_2025-09-09 15_17_55.387,PI534105,3,1925_LeafPhotoA_2025-09-09 15_17_55.387-05_00_0.png,1,2.0,1.909400457925099
1925_LeafPhotoA_2025-09-09 15_18_12.546,PI534105,3,1925_LeafPhotoA_2025-09-09 15_18_12.546-05_00_0.png,2,2.5,2.13332648369848
1926_LeafPhotoA_2025-09-09 15_18_37.580,PI533761,4,1926_LeafPhotoA_2025-09-09 15_18_37.580-05_00_0.png,2,3.0,2.9132029096022243
1926_LeafPhotoA_2025-09-09 15_19_00.799,PI533761,4,1926_LeafPhotoA_2025-09-09 15_19_00.799-05_00_0.png,2,1.5,2.2021362539249534
1926_LeafPhotoA_2025-09-09 15_19_28.315,PI533761,4,1926_LeafPhotoA_2025-09-09 15_19_28.315-05_00_0.png,2,1.5,1.9127551412070467
1927_LeafPhotoA_2025-09-09 15_20_02.342,PI576340,2,1927_LeafPhotoA_2025-09-09 15_20_02.342-05_00_0.png,2,2.0,1.7686867996702185
1927_LeafPhotoA_2025-09-09 15_20_31.560,PI576340,2,1927_LeafPhotoA_2025-09-09 15_20_31.560-05_00_0.png,2,3.0,2.283410773567303
1927_LeafPhotoA_2025-09-09 15_21_25.320,PI576340,2,1927_LeafPhotoA_2025-09-09 15_21_25.320-05_00_0.png,2,1.5,2.005298289919844
1928_LeafPhotoA_2025-09-09 15_22_03.004,SC1021,2,1928_LeafPhotoA_2025-09-09 15_22_03.004-05_00_0.png,2,2.0,1.8100262716809967
1928_LeafPhotoA_2025-09-09 15_22_22.102,SC1021,2,1928_LeafPhotoA_2025-09-09 15_22_22.102-05_00_0.png,1,2.0,1.8623187665300083
1928_LeafPhotoA_2025-09-09 15_22_56.693,SC1021,2,1928_LeafPhotoA_2025-09-09 15_22_56.693-05_00_0.png,1,2.5,2.0579100739879213
1929_LeafPhotoA_2025-09-09 15_23_35.192,PI534058,4,1929_LeafPhotoA_2025-09-09 15_23_35.192-05_00_0.png,2,2.5,2.643314990139715
1929_LeafPhotoA_2025-09-09 15_23_57.788,PI534058,4,1929_LeafPhotoA_2025-09-09 15_23_57.788-05_00_0.png,2,2.0,2.412602258929579
1929_LeafPhotoA_2025-09-09 15_25_04.796,PI534058,4,1929_LeafPhotoA_2025-09-09 15_25_04.796-05_00_0.png,1,3.0,2.789191132667638
1930_LeafPhotoA_2025-09-09 15_25_32.792,PI595699,4,1930_LeafPhotoA_2025-09-09 15_25_32.792-05_00_0.png,2,2.5,2.3114570747245957
1930_LeafPhotoA_2025-09-09 15_26_30.073,PI595699,4,1930_LeafPhotoA_2025-09-09 15_26_30.073-05_00_0.png,2,2.0,2.1652078356466817
1931_LeafPhotoA_2025-09-09 15_27_04.726,PI533973,4,1931_LeafPhotoA_2025-09-09 15_27_04.726-05_00_0.png,2,1.25,1.9954434155745786
1931_LeafPhotoA_2025-09-09 15_27_25.958,PI533973,4,1931_LeafPhotoA_2025-09-09 15_27_25.958-05_00_0.png,2,2.5,2.120885950038523
1931_LeafPhotoA_2025-09-09 15_27_42.200,PI533973,4,1931_LeafPhotoA_2025-09-09 15_27_42.200-05_00_0.png,1,1.5,1.975419450490602
1931_LeafPhotoA_2025-09-09 15_27_44.124,PI533973,4,1931_LeafPhotoA_2025-09-09 15_27_44.124-05_00_0.png,1,2.5,1.9434350439088361
1933_LeafPhotoA_2025-09-09 15_28_34.369,PI534051,1,1933_LeafPhotoA_2025-09-09 15_28_34.369-05_00_0.png,2,4.0,2.9809660304040246
1933_LeafPhotoA_2025-09-09 15_28_49.123,PI534051,1,1933_LeafPhotoA_2025-09-09 15_28_49.123-05_00_0.png,2,2.25,2.2426391003426973
1933_LeafPhotoA_2025-09-09 15_29_34.937,PI534051,1,1933_LeafPhotoA_2025-09-09 15_29_34.937-05_00_0.png,2,3.5,2.99617028020353
1934_LeafPhotoA_2025-09-09 15_31_03.956,PI595706,4,1934_LeafPhotoA_2025-09-09 15_31_03.956-05_00_0.png,2,3.0,2.1815571617784966
1934_LeafPhotoA_2025-09-09 15_31_35.690,PI595706,4,1934_LeafPhotoA_2025-09-09 15_31_35.690-05_00_0.png,1,3.0,2.6338157184802204
1935_LeafPhotoA_2025-09-09 15_31_58.041,PI533955,5,1935_LeafPhotoA_2025-09-09 15_31_58.041-05_00_0.png,2,2.5,2.742997956074909
1935_LeafPhotoA_2025-09-09 15_32_17.546,PI533955,5,1935_LeafPhotoA_2025-09-09 15_32_17.546-05_00_0.png,2,2.0,2.115107299193277
1935_LeafPhotoA_2025-09-09 15_32_38.713,PI533955,5,1935_LeafPhotoA_2025-09-09 15_32_38.713-05_00_0.png,2,2.5,2.088288566361159
1936_LeafPhotoA_2025-09-09 15_33_42.951,PI576348,2,1936_LeafPhotoA_2025-09-09 15_33_42.951-05_00_0.png,2,2.5,2.242078039455761
1936_LeafPhotoA_2025-09-09 15_33_57.754,PI576348,2,1936_LeafPhotoA_2025-09-09 15_33_57.754-05_00_0.png,2,2.5,2.3142882474999946
1937_LeafPhotoA_2025-09-09 15_34_34.063,PI597970,3,1937_LeafPhotoA_2025-09-09 15_34_34.063-05_00_0.png,2,1.75,2.0644087598154415
1938_LeafPhotoA_2025-09-09 15_36_15.137,SC0400,5,1938_LeafPhotoA_2025-09-09 15_36_15.137-05_00_0.png,2,2.0,2.2698832912873166
1938_LeafPhotoA_2025-09-09 15_37_07.757,SC0400,5,1938_LeafPhotoA_2025-09-09 15_37_07.757-05_00_0.png,2,3.0,2.754045824699751
1939_LeafPhotoA_2025-09-09 15_37_40.149,PI534025,4,1939_LeafPhotoA_2025-09-09 15_37_40.149-05_00_0.png,2,2.5,2.1603835693352873
1939_LeafPhotoA_2025-09-09 15_37_59.567,PI534025,4,1939_LeafPhotoA_2025-09-09 15_37_59.567-05_00_0.png,1,2.0,2.036764234560376
1939_LeafPhotoA_2025-09-09 15_38_14.899,PI534025,4,1939_LeafPhotoA_2025-09-09 15_38_14.899-05_00_0.png,1,2.0,1.7432516360606616
1940_LeafPhotoA_2025-09-09 15_38_35.318,PI576357,2,1940_LeafPhotoA_2025-09-09 15_38_35.318-05_00_0.png,2,3.0,2.6221917228046276
1940_LeafPhotoA_2025-09-09 15_39_17.973,PI576357,2,1940_LeafPhotoA_2025-09-09 15_39_17.973-05_00_0.png,1,4.0,3.276137088820621
1941_LeafPhotoA_2025-09-09 15_39_42.497,PI533797,2,1941_LeafPhotoA_2025-09-09 15_39_42.497-05_00_0.png,2,2.5,2.61982145066862
1941_LeafPhotoA_2025-09-09 15_40_00.245,PI533797,2,1941_LeafPhotoA_2025-09-09 15_40_00.245-05_00_0.png,1,2.0,2.576269365238466
1941_LeafPhotoA_2025-09-09 15_40_15.436,PI533797,2,1941_LeafPhotoA_2025-09-09 15_40_15.436-05_00_0.png,2,2.0,2.731023412305899
1942_LeafPhotoA_2025-09-09 15_57_21.713,PI533783,5,1942_LeafPhotoA_2025-09-09 15_57_21.713-05_00_0.png,2,2.25,2.562048088824467
1942_LeafPhotoA_2025-09-09 15_58_03.414,PI533783,5,1942_LeafPhotoA_2025-09-09 15_58_03.414-05_00_0.png,2,3.0,2.7409795039030045
1943_LeafPhotoA_2025-09-09 15_59_12.998,PI655984,5,1943_LeafPhotoA_2025-09-09 15_59_12.998-05_00_0.png,1,2.0,2.2400151880152204
1943_LeafPhotoA_2025-09-09 15_59_57.463,PI655984,5,1943_LeafPhotoA_2025-09-09 15_59_57.463-05_00_0.png,2,2.5,2.320510643495937
1943_LeafPhotoA_2025-09-09 16_00_56.560,PI655984,5,1943_LeafPhotoA_2025-09-09 16_00_56.560-05_00_0.png,2,1.5,1.8688988427925781
1944_LeafPhotoA_2025-09-09 16_01_21.249,PI576334,2,1944_LeafPhotoA_2025-09-09 16_01_21.249-05_00_0.png,2,2.5,3.091754442381825
1944_LeafPhotoA_2025-09-09 16_02_01.063,PI576334,2,1944_LeafPhotoA_2025-09-09 16_02_01.063-05_00_0.png,2,2.5,2.539960460302079
1944_LeafPhotoA_2025-09-09 16_02_39.375,PI576334,2,1944_LeafPhotoA_2025-09-09 16_02_39.375-05_00_0.png,1,2.0,2.6787752245429926
1945_LeafPhotoA_2025-09-09 16_03_06.261,PI597963,5,1945_LeafPhotoA_2025-09-09 16_03_06.261-05_00_0.png,2,2.5,2.530566677128533
1946_LeafPhotoA_2025-09-09 16_04_35.592,PI585295,5,1946_LeafPhotoA_2025-09-09 16_04_35.592-05_00_0.png,2,2.0,1.6237482524248208
1946_LeafPhotoA_2025-09-09 16_04_53.847,PI585295,5,1946_LeafPhotoA_2025-09-09 16_04_53.847-05_00_0.png,2,3.0,2.485378030505642
1946_LeafPhotoA_2025-09-09 16_05_11.903,PI585295,5,1946_LeafPhotoA_2025-09-09 16_05_11.903-05_00_0.png,2,1.5,2.151766821959189
1947_LeafPhotoA_2025-09-09 16_05_40.373,PI533990,5,1947_LeafPhotoA_2025-09-09 16_05_40.373-05_00_0.png,2,2.0,2.004697707190709
1947_LeafPhotoA_2025-09-09 16_05_57.440,PI533990,5,1947_LeafPhotoA_2025-09-09 16_05_57.440-05_00_0.png,1,2.5,2.035138432215025
1947_LeafPhotoA_2025-09-09 16_06_21.951,PI533990,5,1947_LeafPhotoA_2025-09-09 16_06_21.951-05_00_0.png,2,1.0,1.91955246781369
1948_LeafPhotoA_2025-09-09 16_07_15.000,PI533952,5,1948_LeafPhotoA_2025-09-09 16_07_15.000-05_00_0.png,2,2.5,1.871388038788939
1948_LeafPhotoA_2025-09-09 16_07_35.786,PI533952,5,1948_LeafPhotoA_2025-09-09 16_07_35.786-05_00_0.png,2,2.5,2.2397454256031373
1949_LeafPhotoA_2025-09-09 16_08_44.077,PI534045,5,1949_LeafPhotoA_2025-09-09 16_08_44.077-05_00_0.png,2,1.5,1.8028315211978123
1950_LeafPhotoA_2025-09-09 16_09_30.048,PI533752,2,1950_LeafPhotoA_2025-09-09 16_09_30.048-05_00_0.png,1,1.5,1.942917370784692
1950_LeafPhotoA_2025-09-09 16_09_54.773,PI533752,2,1950_LeafPhotoA_2025-09-09 16_09_54.773-05_00_0.png,2,1.5,2.0019726631324697
1951_LeafPhotoA_2025-09-09 17_08_50.768,PI533821,4,1951_LeafPhotoA_2025-09-09 17_08_50.768-05_00_0.png,2,2.5,2.4057765842130014
1951_LeafPhotoA_2025-09-09 17_09_03.119,PI533821,4,1951_LeafPhotoA_2025-09-09 17_09_03.119-05_00_0.png,1,2.5,2.543195503237949
1951_LeafPhotoA_2025-09-09 17_09_34.140,PI533821,4,1951_LeafPhotoA_2025-09-09 17_09_34.140-05_00_0.png,1,3.0,2.709038287258837
1951_LeafPhotoA_2025-09-09 17_10_14.303,PI533821,4,1951_LeafPhotoA_2025-09-09 17_10_14.303-05_00_0.png,2,3.0,2.4816918865072384
1952_LeafPhotoA_2025-09-09 17_10_49.885,PI564163,1,1952_LeafPhotoA_2025-09-09 17_10_49.885-05_00_0.png,1,2.5,2.1898242414791103
1952_LeafPhotoA_2025-09-09 17_11_21.522,PI564163,1,1952_LeafPhotoA_2025-09-09 17_11_21.522-05_00_0.png,2,2.0,1.9860090453663926
1952_LeafPhotoA_2025-09-09 17_11_41.843,PI564163,1,1952_LeafPhotoA_2025-09-09 17_11_41.843-05_00_0.png,2,1.0,1.7712747554398587
1953_LeafPhotoA_2025-09-09 17_13_00.118,PI576377,3,1953_LeafPhotoA_2025-09-09 17_13_00.118-05_00_0.png,2,2.5,2.290650115720517
1953_LeafPhotoA_2025-09-09 17_13_18.695,PI576377,3,1953_LeafPhotoA_2025-09-09 17_13_18.695-05_00_0.png,2,1.5,1.8879119000278957
1953_LeafPhotoA_2025-09-09 17_13_39.408,PI576377,3,1953_LeafPhotoA_2025-09-09 17_13_39.408-05_00_0.png,2,2.5,2.2912362738199943
1954_LeafPhotoA_2025-09-09 17_14_08.636,PI576343,4,1954_LeafPhotoA_2025-09-09 17_14_08.636-05_00_0.png,1,3.0,2.3343063744992527
1954_LeafPhotoA_2025-09-09 17_14_25.366,PI576343,4,1954_LeafPhotoA_2025-09-09 17_14_25.366-05_00_0.png,2,2.0,1.974684690127125
1954_LeafPhotoA_2025-09-09 17_14_43.070,PI576343,4,1954_LeafPhotoA_2025-09-09 17_14_43.070-05_00_0.png,2,3.0,2.285522018528
1955_LeafPhotoA_2025-09-09 17_15_44.998,PI656064,4,1955_LeafPhotoA_2025-09-09 17_15_44.998-05_00_0.png,2,1.5,1.8018008377834314
1955_LeafPhotoA_2025-09-09 17_16_01.607,PI656064,4,1955_LeafPhotoA_2025-09-09 17_16_01.607-05_00_0.png,2,2.0,2.1451689425061504
1955_LeafPhotoA_2025-09-09 17_16_32.268,PI656064,4,1955_LeafPhotoA_2025-09-09 17_16_32.268-05_00_0.png,2,2.5,2.1473223055367403
1956_LeafPhotoA_2025-09-09 17_17_05.235,PI534043,4,1956_LeafPhotoA_2025-09-09 17_17_05.235-05_00_0.png,2,3.0,2.3926917600190905
1956_LeafPhotoA_2025-09-09 17_17_22.869,PI534043,4,1956_LeafPhotoA_2025-09-09 17_17_22.869-05_00_0.png,2,1.0,1.8206559919666239
1956_LeafPhotoA_2025-09-09 17_17_49.256,PI534043,4,1956_LeafPhotoA_2025-09-09 17_17_49.256-05_00_0.png,2,1.75,2.02931861669892
1957_LeafPhotoA_2025-09-09 17_15_45.226,PI564163,1,1957_LeafPhotoA_2025-09-09 17_15_45.226-05_00_0.png,2,1.5,1.690545449384191
1957_LeafPhotoA_2025-09-09 17_16_19.606,PI564163,1,1957_LeafPhotoA_2025-09-09 17_16_19.606-05_00_0.png,2,1.5,1.7128585545443589
1957_LeafPhotoA_2025-09-09 17_16_42.339,PI564163,1,1957_LeafPhotoA_2025-09-09 17_16_42.339-05_00_0.png,2,1.5,1.684018323723578
1958_LeafPhotoA_2025-09-09 17_13_52.082,PI595738,4,1958_LeafPhotoA_2025-09-09 17_13_52.082-05_00_0.png,2,2.5,2.8194120639970195
1958_LeafPhotoA_2025-09-09 17_14_17.079,PI595738,4,1958_LeafPhotoA_2025-09-09 17_14_17.079-05_00_0.png,2,2.0,2.161967259504551
1958_LeafPhotoA_2025-09-09 17_15_04.442,PI595738,4,1958_LeafPhotoA_2025-09-09 17_15_04.442-05_00_0.png,2,2.5,2.0973358555885553
1959_LeafPhotoA_2025-09-09 17_13_56.991,PI533754,1,1959_LeafPhotoA_2025-09-09 17_13_56.991-05_00_0.png,2,2.5,2.175284347164642
1959_LeafPhotoA_2025-09-09 17_14_09.215,PI533754,1,1959_LeafPhotoA_2025-09-09 17_14_09.215-05_00_0.png,2,1.5,2.2970365758873164
1960_LeafPhotoA_2025-09-09 17_15_21.670,PI534000,3,1960_LeafPhotoA_2025-09-09 17_15_21.670-05_00_0.png,2,2.0,1.890866594059411
1960_LeafPhotoA_2025-09-09 17_15_53.202,PI534000,3,1960_LeafPhotoA_2025-09-09 17_15_53.202-05_00_0.png,2,2.0,1.7555201023481988
1960_LeafPhotoA_2025-09-09 17_16_18.726,PI534000,3,1960_LeafPhotoA_2025-09-09 17_16_18.726-05_00_0.png,2,2.0,1.9898089271327999
1961_LeafPhotoA_2025-09-09 17_16_42.761,PI597960,1,1961_LeafPhotoA_2025-09-09 17_16_42.761-05_00_0.png,1,2.5,2.4005272413075995
1961_LeafPhotoA_2025-09-09 17_16_59.878,PI597960,1,1961_LeafPhotoA_2025-09-09 17_16_59.878-05_00_0.png,2,2.5,2.077353472412908
1961_LeafPhotoA_2025-09-09 17_17_16.589,PI597960,1,1961_LeafPhotoA_2025-09-09 17_17_16.589-05_00_0.png,2,3.0,2.6357455376066543
1962_LeafPhotoA_2025-09-09 17_17_41.862,PI533820,1,1962_LeafPhotoA_2025-09-09 17_17_41.862-05_00_0.png,2,3.0,2.3754084864401714
1962_LeafPhotoA_2025-09-09 17_17_56.270,PI533820,1,1962_LeafPhotoA_2025-09-09 17_17_56.270-05_00_0.png,2,3.0,2.303597050640605
1962_LeafPhotoA_2025-09-09 17_18_15.383,PI533820,1,1962_LeafPhotoA_2025-09-09 17_18_15.383-05_00_0.png,1,2.5,2.02478252814477
1963_LeafPhotoA_2025-09-09 17_18_37.907,SC0266,3,1963_LeafPhotoA_2025-09-09 17_18_37.907-05_00_0.png,2,2.5,2.6376851072107304
1963_LeafPhotoA_2025-09-09 17_18_57.565,SC0266,3,1963_LeafPhotoA_2025-09-09 17_18_57.565-05_00_0.png,2,2.0,2.2773347164663145
1963_LeafPhotoA_2025-09-09 17_19_17.230,SC0266,3,1963_LeafPhotoA_2025-09-09 17_19_17.230-05_00_0.png,1,1.5,2.3413853187119416
1964_LeafPhotoA_2025-09-09 17_18_38.588,PI564163,1,1964_LeafPhotoA_2025-09-09 17_18_38.588-05_00_0.png,2,2.5,1.7990340011697856
1965_LeafPhotoA_2025-09-09 17_15_40.034,PI595716,1,1965_LeafPhotoA_2025-09-09 17_15_40.034-05_00_0.png,2,2.0,2.0172651113266826
1965_LeafPhotoA_2025-09-09 17_16_11.932,PI595716,1,1965_LeafPhotoA_2025-09-09 17_16_11.932-05_00_0.png,2,1.5,2.2929305406179727
1965_LeafPhotoA_2025-09-09 17_16_46.200,PI595716,1,1965_LeafPhotoA_2025-09-09 17_16_46.200-05_00_0.png,2,2.0,2.2810956433714464
1966_LeafPhotoA_2025-09-09 17_13_06.759,PI656039,4,1966_LeafPhotoA_2025-09-09 17_13_06.759-05_00_0.png,2,2.5,1.842377776141129
1966_LeafPhotoA_2025-09-09 17_14_11.633,PI656039,4,1966_LeafPhotoA_2025-09-09 17_14_11.633-05_00_0.png,2,1.25,1.6996384491680065
1967_LeafPhotoA_2025-09-09 17_10_16.875,PI542406,4,1967_LeafPhotoA_2025-09-09 17_10_16.875-05_00_0.png,1,1.5,2.105812789952351
1967_LeafPhotoA_2025-09-09 17_10_44.774,PI542406,4,1967_LeafPhotoA_2025-09-09 17_10_44.774-05_00_0.png,2,1.5,2.154695510929344
1968_LeafPhotoA_2025-09-09 17_07_57.941,PI533784,1,1968_LeafPhotoA_2025-09-09 17_07_57.941-05_00_0.png,2,2.0,2.5877833609410628
1969_LeafPhotoA_2025-09-09 17_06_13.365,PI564163,1,1969_LeafPhotoA_2025-09-09 17_06_13.365-05_00_0.png,2,1.25,2.0229808145277106
1969_LeafPhotoA_2025-09-09 17_07_06.080,PI564163,1,1969_LeafPhotoA_2025-09-09 17_07_06.080-05_00_0.png,2,1.5,1.8187003952104241
1969_LeafPhotoA_2025-09-09 17_07_30.768,PI564163,1,1969_LeafPhotoA_2025-09-09 17_07_30.768-05_00_0.png,2,1.5,1.9598858991697796
1970_LeafPhotoA_2025-09-09 17_03_49.937,PI534023,2,1970_LeafPhotoA_2025-09-09 17_03_49.937-05_00_0.png,2,1.5,1.7578365175147792
1970_LeafPhotoA_2025-09-09 17_05_13.365,PI534023,2,1970_LeafPhotoA_2025-09-09 17_05_13.365-05_00_0.png,1,2.5,1.7481360114813722
1971_LeafPhotoA_2025-09-09 17_00_57.416,PI564163,1,1971_LeafPhotoA_2025-09-09 17_00_57.416-05_00_0.png,2,2.25,2.2603374492256036
1972_LeafPhotoA_2025-09-09 16_58_45.502,PI576386,3,1972_LeafPhotoA_2025-09-09 16_58_45.502-05_00_0.png,2,2.0,2.5439799395787075
1972_LeafPhotoA_2025-09-09 16_59_11.949,PI576386,3,1972_LeafPhotoA_2025-09-09 16_59_11.949-05_00_0.png,2,2.5,2.154009329897409
1972_LeafPhotoA_2025-09-09 16_59_52.671,PI576386,3,1972_LeafPhotoA_2025-09-09 16_59_52.671-05_00_0.png,2,1.5,2.030257802267367
1973_LeafPhotoA_2025-09-09 16_57_35.226,PI656099,5,1973_LeafPhotoA_2025-09-09 16_57_35.226-05_00_0.png,2,1.5,1.9970892324038307
1974_LeafPhotoA_2025-09-09 16_54_37.970,PI576346,3,1974_LeafPhotoA_2025-09-09 16_54_37.970-05_00_0.png,2,4.0,3.1113065471960826
1974_LeafPhotoA_2025-09-09 16_55_20.811,PI576346,3,1974_LeafPhotoA_2025-09-09 16_55_20.811-05_00_0.png,1,4.0,2.9400076925153087
1975_LeafPhotoA_2025-09-09 16_50_58.525,PI561472,4,1975_LeafPhotoA_2025-09-09 16_50_58.525-05_00_0.png,2,1.0,1.854339989752038
1975_LeafPhotoA_2025-09-09 16_51_47.447,PI561472,4,1975_LeafPhotoA_2025-09-09 16_51_47.447-05_00_0.png,2,1.0,1.6510677039120152
1975_LeafPhotoA_2025-09-09 16_53_06.153,PI561472,4,1975_LeafPhotoA_2025-09-09 16_53_06.153-05_00_0.png,2,1.0,1.8597069732297302
1976_LeafPhotoA_2025-09-09 16_49_21.774,PI534078,4,1976_LeafPhotoA_2025-09-09 16_49_21.774-05_00_0.png,2,3.5,2.659967050565319
1976_LeafPhotoA_2025-09-09 16_49_56.599,PI534078,4,1976_LeafPhotoA_2025-09-09 16_49_56.599-05_00_0.png,2,2.0,2.63297033464149
1977_LeafPhotoA_2025-09-09 16_47_53.833,PI597951,4,1977_LeafPhotoA_2025-09-09 16_47_53.833-05_00_0.png,2,3.5,2.682155892154586
1977_LeafPhotoA_2025-09-09 16_48_12.095,PI597951,4,1977_LeafPhotoA_2025-09-09 16_48_12.095-05_00_0.png,2,2.0,2.563632263766292
1977_LeafPhotoA_2025-09-09 16_48_43.256,PI597951,4,1977_LeafPhotoA_2025-09-09 16_48_43.256-05_00_0.png,2,3.5,2.6005666892694053
1978_LeafPhotoA_2025-09-09 16_45_40.590,PI656026,5,1978_LeafPhotoA_2025-09-09 16_45_40.590-05_00_0.png,1,1.5,1.897692247310701
1978_LeafPhotoA_2025-09-09 16_46_02.859,PI656026,5,1978_LeafPhotoA_2025-09-09 16_46_02.859-05_00_0.png,1,1.25,2.0771336968999803
1978_LeafPhotoA_2025-09-09 16_46_20.867,PI656026,5,1978_LeafPhotoA_2025-09-09 16_46_20.867-05_00_0.png,2,1.0,1.8300936638515313
1979_LeafPhotoA_2025-09-09 16_43_47.139,PI656062,5,1979_LeafPhotoA_2025-09-09 16_43_47.139-05_00_0.png,2,1.0,1.643105931721643
1979_LeafPhotoA_2025-09-09 16_44_30.938,PI656062,5,1979_LeafPhotoA_2025-09-09 16_44_30.938-05_00_0.png,2,1.0,1.7951521435197264
1980_LeafPhotoA_2025-09-09 16_41_59.678,PI655976,2,1980_LeafPhotoA_2025-09-09 16_41_59.678-05_00_0.png,2,3.0,2.337133638726469
1980_LeafPhotoA_2025-09-09 16_42_42.136,PI655976,2,1980_LeafPhotoA_2025-09-09 16_42_42.136-05_00_0.png,1,2.0,2.0537188650340146
1981_LeafPhotoA_2025-09-09 16_40_09.824,PI629034,3,1981_LeafPhotoA_2025-09-09 16_40_09.824-05_00_0.png,2,1.0,1.6863188221370085
1981_LeafPhotoA_2025-09-09 16_40_33.538,PI629034,3,1981_LeafPhotoA_2025-09-09 16_40_33.538-05_00_0.png,1,1.5,1.8054764863829293
1981_LeafPhotoA_2025-09-09 16_41_00.551,PI629034,3,1981_LeafPhotoA_2025-09-09 16_41_00.551-05_00_0.png,2,1.0,1.764736365670991
1982_LeafPhotoA_2025-09-09 16_37_30.543,PI564163,1,1982_LeafPhotoA_2025-09-09 16_37_30.543-05_00_0.png,2,2.5,2.223467649640648
1982_LeafPhotoA_2025-09-09 16_38_09.128,PI564163,1,1982_LeafPhotoA_2025-09-09 16_38_09.128-05_00_0.png,2,2.5,2.0018684922153627
1982_LeafPhotoA_2025-09-09 16_38_38.228,PI564163,1,1982_LeafPhotoA_2025-09-09 16_38_38.228-05_00_0.png,2,2.5,2.4491372633519664
1983_LeafPhotoA_2025-09-09 16_36_01.643,SC1107,5,1983_LeafPhotoA_2025-09-09 16_36_01.643-05_00_0.png,2,2.0,2.0750061079820523
1983_LeafPhotoA_2025-09-09 16_36_50.818,SC1107,5,1983_LeafPhotoA_2025-09-09 16_36_50.818-05_00_0.png,2,1.5,2.1341597968129498
1984_LeafPhotoA_2025-09-09 16_31_27.437,PI655979,1,1984_LeafPhotoA_2025-09-09 16_31_27.437-05_00_0.png,1,1.25,2.1766964278031047
1984_LeafPhotoA_2025-09-09 16_31_54.710,PI655979,1,1984_LeafPhotoA_2025-09-09 16_31_54.710-05_00_0.png,1,2.0,1.9762146263635467
1984_LeafPhotoA_2025-09-09 16_32_45.924,PI655979,1,1984_LeafPhotoA_2025-09-09 16_32_45.924-05_00_0.png,1,2.5,2.6503825231040867
1985_LeafPhotoA_2025-09-09 16_28_39.988,PI534007,2,1985_LeafPhotoA_2025-09-09 16_28_39.988-05_00_0.png,2,2.0,2.098790933574347
1985_LeafPhotoA_2025-09-09 16_29_32.710,PI534007,2,1985_LeafPhotoA_2025-09-09 16_29_32.710-05_00_0.png,2,2.0,2.009607466986917
1986_LeafPhotoA_2025-09-09 16_27_33.169,SC1023,1,1986_LeafPhotoA_2025-09-09 16_27_33.169-05_00_0.png,2,2.5,2.5246482109008817
1986_LeafPhotoA_2025-09-09 16_28_01.285,SC1023,1,1986_LeafPhotoA_2025-09-09 16_28_01.285-05_00_0.png,2,3.0,2.5984844948500068
1987_LeafPhotoA_2025-09-09 16_24_10.036,PI595701,2,1987_LeafPhotoA_2025-09-09 16_24_10.036-05_00_0.png,2,2.5,2.177047820901151
1987_LeafPhotoA_2025-09-09 16_25_49.901,PI595701,2,1987_LeafPhotoA_2025-09-09 16_25_49.901-05_00_0.png,2,3.0,2.705544424532405
1988_LeafPhotoA_2025-09-09 16_21_38.404,PI564163,1,1988_LeafPhotoA_2025-09-09 16_21_38.404-05_00_0.png,2,1.5,1.9572537777476737
1988_LeafPhotoA_2025-09-09 16_22_13.320,PI564163,1,1988_LeafPhotoA_2025-09-09 16_22_13.320-05_00_0.png,2,2.0,1.7414239613618507
1988_LeafPhotoA_2025-09-09 16_22_55.706,PI564163,1,1988_LeafPhotoA_2025-09-09 16_22_55.706-05_00_0.png,2,2.5,2.313968671725786
1989_LeafPhotoA_2025-09-09 16_17_42.693,PI534019,5,1989_LeafPhotoA_2025-09-09 16_17_42.693-05_00_0.png,2,1.0,1.843492093219292
1989_LeafPhotoA_2025-09-09 16_19_15.931,PI534019,5,1989_LeafPhotoA_2025-09-09 16_19_15.931-05_00_0.png,2,2.5,2.100315401355133
1990_LeafPhotoA_2025-09-09 16_15_32.835,PI576429,5,1990_LeafPhotoA_2025-09-09 16_15_32.835-05_00_0.png,2,3.5,3.2203538961373055
1990_LeafPhotoA_2025-09-09 16_16_23.794,PI576429,5,1990_LeafPhotoA_2025-09-09 16_16_23.794-05_00_0.png,2,4.0,3.5165812467844515
1990_LeafPhotoA_2025-09-09 16_16_52.207,PI576429,5,1990_LeafPhotoA_2025-09-09 16_16_52.207-05_00_0.png,2,2.5,2.581182245933887
1991_LeafPhotoA_2025-09-09 16_11_50.518,PI564163,1,1991_LeafPhotoA_2025-09-09 16_11_50.518-05_00_0.png,2,1.5,1.9043463466272779
1991_LeafPhotoA_2025-09-09 16_12_26.389,PI564163,1,1991_LeafPhotoA_2025-09-09 16_12_26.389-05_00_0.png,2,2.5,2.2950045697931256
1991_LeafPhotoA_2025-09-09 16_13_21.006,PI564163,1,1991_LeafPhotoA_2025-09-09 16_13_21.006-05_00_0.png,2,2.0,1.8517044958183049
1992_LeafPhotoA_2025-09-09 16_10_24.121,PI656016,3,1992_LeafPhotoA_2025-09-09 16_10_24.121-05_00_0.png,2,1.5,1.728953621045245
1992_LeafPhotoA_2025-09-09 16_10_46.603,PI656016,3,1992_LeafPhotoA_2025-09-09 16_10_46.603-05_00_0.png,2,3.0,2.029663893165275
1992_LeafPhotoA_2025-09-09 16_11_11.075,PI656016,3,1992_LeafPhotoA_2025-09-09 16_11_11.075-05_00_0.png,2,2.0,1.5501661661312096
1993_LeafPhotoA_2025-09-09 16_08_35.570,PI533771,2,1993_LeafPhotoA_2025-09-09 16_08_35.570-05_00_0.png,1,3.5,2.625127906769765
1993_LeafPhotoA_2025-09-09 16_09_43.430,PI533771,2,1993_LeafPhotoA_2025-09-09 16_09_43.430-05_00_0.png,2,2.5,2.2897388025174665
1994_LeafPhotoA_2025-09-09 16_05_55.793,PI534156,4,1994_LeafPhotoA_2025-09-09 16_05_55.793-05_00_0.png,2,2.0,2.0062825087590856
1994_LeafPhotoA_2025-09-09 16_06_30.805,PI534156,4,1994_LeafPhotoA_2025-09-09 16_06_30.805-05_00_0.png,1,2.5,1.9969927530834757
1994_LeafPhotoA_2025-09-09 16_07_18.609,PI534156,4,1994_LeafPhotoA_2025-09-09 16_07_18.609-05_00_0.png,1,1.75,1.9112958527798347
1995_LeafPhotoA_2025-09-09 16_03_55.682,PI533946,1,1995_LeafPhotoA_2025-09-09 16_03_55.682-05_00_0.png,1,2.0,1.9320415399105577
1995_LeafPhotoA_2025-09-09 16_04_38.776,PI533946,1,1995_LeafPhotoA_2025-09-09 16_04_38.776-05_00_0.png,2,2.0,2.011794954926521
1996_LeafPhotoA_2025-09-09 15_59_40.117,PI533799,2,1996_LeafPhotoA_2025-09-09 15_59_40.117-05_00_0.png,2,2.5,1.818094162978993
1996_LeafPhotoA_2025-09-09 15_59_59.812,PI533799,2,1996_LeafPhotoA_2025-09-09 15_59_59.812-05_00_0.png,1,2.5,1.8202553055577695
1996_LeafPhotoA_2025-09-09 16_01_11.417,PI533799,2,1996_LeafPhotoA_2025-09-09 16_01_11.417-05_00_0.png,2,2.5,2.2587231449885015
1997_LeafPhotoA_2025-09-09 15_56_12.339,PI597957,2,1997_LeafPhotoA_2025-09-09 15_56_12.339-05_00_0.png,2,2.5,2.2371956527385373
1997_LeafPhotoA_2025-09-09 15_58_08.714,PI597957,2,1997_LeafPhotoA_2025-09-09 15_58_08.714-05_00_0.png,2,2.5,2.4942364769921137
1997_LeafPhotoA_2025-09-09 15_58_29.800,PI597957,2,1997_LeafPhotoA_2025-09-09 15_58_29.800-05_00_0.png,2,2.0,2.6130033761160054
1998_LeafPhotoA_2025-09-09 15_54_42.932,SC1114,2,1998_LeafPhotoA_2025-09-09 15_54_42.932-05_00_0.png,2,2.5,2.099514388570611
1998_LeafPhotoA_2025-09-09 15_54_59.250,SC1114,2,1998_LeafPhotoA_2025-09-09 15_54_59.250-05_00_0.png,2,3.0,2.670287964103912
1999_LeafPhotoA_2025-09-09 17_06_20.755,PI576391,4,1999_LeafPhotoA_2025-09-09 17_06_20.755-05_00_0.png,2,3.5,2.499523170075754
1999_LeafPhotoA_2025-09-09 17_06_37.796,PI576391,4,1999_LeafPhotoA_2025-09-09 17_06_37.796-05_00_0.png,2,3.0,2.542383003308826
1999_LeafPhotoA_2025-09-09 17_06_52.482,PI576391,4,1999_LeafPhotoA_2025-09-09 17_06_52.482-05_00_0.png,2,2.0,2.351420945366553
2001_LeafPhotoA_2025-09-08 10_33_00.415,PI576411,3,2001_LeafPhotoA_2025-09-08 10_33_00.415-05_00_0.png,2,1.5,2.3136396429700756
2001_LeafPhotoA_2025-09-08 10_33_25.145,PI576411,3,2001_LeafPhotoA_2025-09-08 10_33_25.145-05_00_0.png,2,1.5,1.8397074641079656
2001_LeafPhotoA_2025-09-08 10_33_39.142,PI576411,3,2001_LeafPhotoA_2025-09-08 10_33_39.142-05_00_0.png,2,1.5,2.1318208576093927
2002_LeafPhotoA_2025-09-08 10_34_19.260,PI655987,4,2002_LeafPhotoA_2025-09-08 10_34_19.260-05_00_0.png,2,2.5,1.7443381963914573
2002_LeafPhotoA_2025-09-08 10_34_30.740,PI655987,4,2002_LeafPhotoA_2025-09-08 10_34_30.740-05_00_0.png,2,1.25,1.6904747503034454
2002_LeafPhotoA_2025-09-08 10_34_47.962,PI655987,4,2002_LeafPhotoA_2025-09-08 10_34_47.962-05_00_0.png,2,3.25,2.5280120249139375
2003_LeafPhotoA_2025-09-08 10_35_47.277,PI533938,5,2003_LeafPhotoA_2025-09-08 10_35_47.277-05_00_0.png,2,2.5,2.2807805404591406
2003_LeafPhotoA_2025-09-08 10_36_06.330,PI533938,5,2003_LeafPhotoA_2025-09-08 10_36_06.330-05_00_0.png,1,3.0,2.601225916842015
2003_LeafPhotoA_2025-09-08 10_36_50.744,PI533938,5,2003_LeafPhotoA_2025-09-08 10_36_50.744-05_00_0.png,1,2.5,2.5324092826403537
2004_LeafPhotoA_2025-09-08 10_37_13.959,PI564163,1,2004_LeafPhotoA_2025-09-08 10_37_13.959-05_00_0.png,1,2.0,1.7412722962481493
2004_LeafPhotoA_2025-09-08 10_37_27.418,PI564163,1,2004_LeafPhotoA_2025-09-08 10_37_27.418-05_00_0.png,2,1.5,1.6266487785000014
2004_LeafPhotoA_2025-09-08 10_37_41.786,PI564163,1,2004_LeafPhotoA_2025-09-08 10_37_41.786-05_00_0.png,2,1.5,2.1742153445476498
2005_LeafPhotoA_2025-09-08 10_38_51.151,PI533825,3,2005_LeafPhotoA_2025-09-08 10_38_51.151-05_00_0.png,2,2.0,1.9060354127509904
2005_LeafPhotoA_2025-09-08 10_39_03.351,PI533825,3,2005_LeafPhotoA_2025-09-08 10_39_03.351-05_00_0.png,2,2.0,2.020591353903615
2005_LeafPhotoA_2025-09-08 10_39_22.370,PI533825,3,2005_LeafPhotoA_2025-09-08 10_39_22.370-05_00_0.png,2,2.5,2.2805174429388333
2006_LeafPhotoA_2025-09-08 10_39_46.824,SC1107,5,2006_LeafPhotoA_2025-09-08 10_39_46.824-05_00_0.png,2,2.5,2.0899471282823647
2006_LeafPhotoA_2025-09-08 10_40_11.377,SC1107,5,2006_LeafPhotoA_2025-09-08 10_40_11.377-05_00_0.png,2,2.0,2.5371409121172057
2006_LeafPhotoA_2025-09-08 10_40_23.832,SC1107,5,2006_LeafPhotoA_2025-09-08 10_40_23.832-05_00_0.png,2,1.0,1.8904378327235014
2007_LeafPhotoA_2025-09-08 10_41_04.967,PI533895,3,2007_LeafPhotoA_2025-09-08 10_41_04.967-05_00_0.png,2,1.5,2.363407567979126
2007_LeafPhotoA_2025-09-08 10_41_44.887,PI533895,3,2007_LeafPhotoA_2025-09-08 10_41_44.887-05_00_0.png,2,3.0,2.7293870616754976
2008_LeafPhotoA_2025-09-08 10_42_14.018,PI576340,2,2008_LeafPhotoA_2025-09-08 10_42_14.018-05_00_0.png,2,1.5,2.094901547948956
2008_LeafPhotoA_2025-09-08 10_42_25.153,PI576340,2,2008_LeafPhotoA_2025-09-08 10_42_25.153-05_00_0.png,2,2.0,2.1404769176243756
2008_LeafPhotoA_2025-09-08 10_42_41.786,PI576340,2,2008_LeafPhotoA_2025-09-08 10_42_41.786-05_00_0.png,2,2.0,1.9972433989500686
2009_LeafPhotoA_2025-09-08 10_43_20.723,PI533757,3,2009_LeafPhotoA_2025-09-08 10_43_20.723-05_00_0.png,2,1.5,2.0334343772096557
2009_LeafPhotoA_2025-09-08 10_43_35.775,PI533757,3,2009_LeafPhotoA_2025-09-08 10_43_35.775-05_00_0.png,2,1.5,1.9786863886618646
2010_LeafPhotoA_2025-09-08 10_43_56.742,PI533810,4,2010_LeafPhotoA_2025-09-08 10_43_56.742-05_00_0.png,2,2.0,1.8451423208918294
2010_LeafPhotoA_2025-09-08 10_44_09.779,PI533810,4,2010_LeafPhotoA_2025-09-08 10_44_09.779-05_00_0.png,1,2.0,1.8375189718348395
2010_LeafPhotoA_2025-09-08 10_44_22.059,PI533810,4,2010_LeafPhotoA_2025-09-08 10_44_22.059-05_00_0.png,2,1.25,2.327247602093683
2011_LeafPhotoA_2025-09-08 10_44_49.899,PI656083,3,2011_LeafPhotoA_2025-09-08 10_44_49.899-05_00_0.png,1,2.0,2.318806642834663
2011_LeafPhotoA_2025-09-08 10_45_04.494,PI656083,3,2011_LeafPhotoA_2025-09-08 10_45_04.494-05_00_0.png,2,2.5,2.283415819657789
2011_LeafPhotoA_2025-09-08 10_45_16.513,PI656083,3,2011_LeafPhotoA_2025-09-08 10_45_16.513-05_00_0.png,2,2.0,2.1171130639697653
2012_LeafPhotoA_2025-09-08 10_45_43.023,PI533861,1,2012_LeafPhotoA_2025-09-08 10_45_43.023-05_00_0.png,2,2.5,2.0710741342275174
2012_LeafPhotoA_2025-09-08 10_46_45.417,PI533861,1,2012_LeafPhotoA_2025-09-08 10_46_45.417-05_00_0.png,2,2.5,2.1709240784639054
2012_LeafPhotoA_2025-09-08 10_47_00.708,PI533861,1,2012_LeafPhotoA_2025-09-08 10_47_00.708-05_00_0.png,1,2.0,2.0620009090307665
2013_LeafPhotoA_2025-09-08 10_47_41.391,SC0470,3,2013_LeafPhotoA_2025-09-08 10_47_41.391-05_00_0.png,2,2.5,2.17453125799819
2013_LeafPhotoA_2025-09-08 10_47_58.599,SC0470,3,2013_LeafPhotoA_2025-09-08 10_47_58.599-05_00_0.png,2,3.0,2.5484057658723427
2013_LeafPhotoA_2025-09-08 10_48_14.101,SC0470,3,2013_LeafPhotoA_2025-09-08 10_48_14.101-05_00_0.png,2,2.5,2.2025443730073193
2014_LeafPhotoA_2025-09-08 10_48_40.371,PI576392,5,2014_LeafPhotoA_2025-09-08 10_48_40.371-05_00_0.png,2,3.5,2.511908588538846
2014_LeafPhotoA_2025-09-08 10_48_54.835,PI576392,5,2014_LeafPhotoA_2025-09-08 10_48_54.835-05_00_0.png,2,3.0,2.912505918014403
2014_LeafPhotoA_2025-09-08 10_49_16.735,PI576392,5,2014_LeafPhotoA_2025-09-08 10_49_16.735-05_00_0.png,2,2.5,2.189612808475875
2015_LeafPhotoA_2025-09-08 10_49_58.274,PI564163,1,2015_LeafPhotoA_2025-09-08 10_49_58.274-05_00_0.png,2,3.0,2.0254885354992984
2015_LeafPhotoA_2025-09-08 10_50_10.021,PI564163,1,2015_LeafPhotoA_2025-09-08 10_50_10.021-05_00_0.png,2,1.75,1.9488520982949267
2015_LeafPhotoA_2025-09-08 10_50_22.360,PI564163,1,2015_LeafPhotoA_2025-09-08 10_50_22.360-05_00_0.png,2,1.0,1.8395941037296117
2016_LeafPhotoA_2025-09-08 10_50_51.583,PI595711,3,2016_LeafPhotoA_2025-09-08 10_50_51.583-05_00_0.png,2,1.5,1.9269664343525
2016_LeafPhotoA_2025-09-08 10_51_09.549,PI595711,3,2016_LeafPhotoA_2025-09-08 10_51_09.549-05_00_0.png,2,2.5,2.1349452662254467
2016_LeafPhotoA_2025-09-08 10_51_23.187,PI595711,3,2016_LeafPhotoA_2025-09-08 10_51_23.187-05_00_0.png,2,2.0,2.036560323392067
2017_LeafPhotoA_2025-09-08 10_51_43.947,PI533889,5,2017_LeafPhotoA_2025-09-08 10_51_43.947-05_00_0.png,2,2.0,2.226918756249959
2017_LeafPhotoA_2025-09-08 10_52_02.425,PI533889,5,2017_LeafPhotoA_2025-09-08 10_52_02.425-05_00_0.png,2,2.5,2.6364132343536033
2017_LeafPhotoA_2025-09-08 10_52_13.069,PI533889,5,2017_LeafPhotoA_2025-09-08 10_52_13.069-05_00_0.png,2,3.0,2.446101832200355
2018_LeafPhotoA_2025-09-08 10_52_35.412,PI534062,5,2018_LeafPhotoA_2025-09-08 10_52_35.412-05_00_0.png,2,2.5,2.3426316025866813
2018_LeafPhotoA_2025-09-08 10_52_50.641,PI534062,5,2018_LeafPhotoA_2025-09-08 10_52_50.641-05_00_0.png,2,2.5,2.1783357352810375
2018_LeafPhotoA_2025-09-08 10_53_10.410,PI534062,5,2018_LeafPhotoA_2025-09-08 10_53_10.410-05_00_0.png,2,2.0,2.4901305649938594
2019_LeafPhotoA_2025-09-08 10_53_38.798,PI641874,1,2019_LeafPhotoA_2025-09-08 10_53_38.798-05_00_0.png,2,2.0,2.4886492816744394
2019_LeafPhotoA_2025-09-08 10_54_15.123,PI641874,1,2019_LeafPhotoA_2025-09-08 10_54_15.123-05_00_0.png,2,2.5,2.5017130918170554
2019_LeafPhotoA_2025-09-08 10_54_32.129,PI641874,1,2019_LeafPhotoA_2025-09-08 10_54_32.129-05_00_0.png,2,2.5,2.0217274246135433
2020_LeafPhotoA_2025-09-08 10_55_08.462,PI576424,3,2020_LeafPhotoA_2025-09-08 10_55_08.462-05_00_0.png,1,3.0,2.5197273420474287
2020_LeafPhotoA_2025-09-08 10_56_02.471,PI576424,3,2020_LeafPhotoA_2025-09-08 10_56_02.471-05_00_0.png,2,2.0,1.8106015528419188
2020_LeafPhotoA_2025-09-08 10_56_20.686,PI576424,3,2020_LeafPhotoA_2025-09-08 10_56_20.686-05_00_0.png,2,2.0,2.0459435392657044
2021_LeafPhotoA_2025-09-08 10_57_17.324,PI656095,4,2021_LeafPhotoA_2025-09-08 10_57_17.324-05_00_0.png,2,3.0,2.629751072425812
2021_LeafPhotoA_2025-09-08 10_57_41.091,PI656095,4,2021_LeafPhotoA_2025-09-08 10_57_41.091-05_00_0.png,2,1.0,1.8945465701051603
2021_LeafPhotoA_2025-09-08 10_58_05.347,PI656095,4,2021_LeafPhotoA_2025-09-08 10_58_05.347-05_00_0.png,2,2.5,2.454287381684362
2022_LeafPhotoA_2025-09-08 10_58_46.955,SC0159,5,2022_LeafPhotoA_2025-09-08 10_58_46.955-05_00_0.png,2,3.0,2.656835029825839
2022_LeafPhotoA_2025-09-08 10_59_14.434,SC0159,5,2022_LeafPhotoA_2025-09-08 10_59_14.434-05_00_0.png,2,2.0,2.5596799290046555
2022_LeafPhotoA_2025-09-08 11_00_05.092,SC0159,5,2022_LeafPhotoA_2025-09-08 11_00_05.092-05_00_0.png,2,2.5,2.6657112146718376
2023_LeafPhotoA_2025-09-08 11_00_30.566,SC0640,4,2023_LeafPhotoA_2025-09-08 11_00_30.566-05_00_0.png,2,3.0,2.6152036282345077
2023_LeafPhotoA_2025-09-08 11_00_43.852,SC0640,4,2023_LeafPhotoA_2025-09-08 11_00_43.852-05_00_0.png,2,2.5,2.2009811300584525
2023_LeafPhotoA_2025-09-08 11_00_57.230,SC0640,4,2023_LeafPhotoA_2025-09-08 11_00_57.230-05_00_0.png,2,3.0,2.459361851018781
2024_LeafPhotoA_2025-09-08 11_01_36.170,SC0652,2,2024_LeafPhotoA_2025-09-08 11_01_36.170-05_00_0.png,2,2.5,2.223438371211531
2024_LeafPhotoA_2025-09-08 11_01_54.771,SC0652,2,2024_LeafPhotoA_2025-09-08 11_01_54.771-05_00_0.png,2,3.0,2.6003886309070605
2024_LeafPhotoA_2025-09-08 11_02_10.041,SC0652,2,2024_LeafPhotoA_2025-09-08 11_02_10.041-05_00_0.png,1,3.0,2.4236605030743337
2025_LeafPhotoA_2025-09-08 11_02_42.776,PI655976,2,2025_LeafPhotoA_2025-09-08 11_02_42.776-05_00_0.png,2,3.0,2.5949928313014503
2025_LeafPhotoA_2025-09-08 11_03_05.262,PI655976,2,2025_LeafPhotoA_2025-09-08 11_03_05.262-05_00_0.png,2,3.5,3.2557941613071772
2025_LeafPhotoA_2025-09-08 11_03_24.696,PI655976,2,2025_LeafPhotoA_2025-09-08 11_03_24.696-05_00_0.png,2,3.0,2.6586425466504915
2026_LeafPhotoA_2025-09-08 11_03_53.558,PI534105,3,2026_LeafPhotoA_2025-09-08 11_03_53.558-05_00_0.png,2,2.5,2.1838331214606175
2026_LeafPhotoA_2025-09-08 11_04_07.433,PI534105,3,2026_LeafPhotoA_2025-09-08 11_04_07.433-05_00_0.png,2,2.0,1.9301257360243107
2026_LeafPhotoA_2025-09-08 11_04_24.520,PI534105,3,2026_LeafPhotoA_2025-09-08 11_04_24.520-05_00_0.png,2,2.0,2.2011517567539194
2027_LeafPhotoA_2025-09-08 11_04_52.960,PI534097,2,2027_LeafPhotoA_2025-09-08 11_04_52.960-05_00_0.png,2,2.5,1.806624590907246
2027_LeafPhotoA_2025-09-08 11_05_15.365,PI534097,2,2027_LeafPhotoA_2025-09-08 11_05_15.365-05_00_0.png,2,2.5,2.0316521076035987
2027_LeafPhotoA_2025-09-08 11_05_31.496,PI534097,2,2027_LeafPhotoA_2025-09-08 11_05_31.496-05_00_0.png,2,2.5,1.9055319527044816
2028_LeafPhotoA_2025-09-08 11_06_07.435,SC1446,4,2028_LeafPhotoA_2025-09-08 11_06_07.435-05_00_0.png,2,2.5,2.4867691465440283
2028_LeafPhotoA_2025-09-08 11_06_20.578,SC1446,4,2028_LeafPhotoA_2025-09-08 11_06_20.578-05_00_0.png,2,2.0,2.469010976977741
2028_LeafPhotoA_2025-09-08 11_06_34.290,SC1446,4,2028_LeafPhotoA_2025-09-08 11_06_34.290-05_00_0.png,2,2.0,2.261708264663828
2029_LeafPhotoA_2025-09-08 11_07_01.047,PI533777,4,2029_LeafPhotoA_2025-09-08 11_07_01.047-05_00_0.png,2,2.5,2.373488729122185
2029_LeafPhotoA_2025-09-08 11_07_23.840,PI533777,4,2029_LeafPhotoA_2025-09-08 11_07_23.840-05_00_0.png,2,3.5,3.3872377781768455
2029_LeafPhotoA_2025-09-08 11_07_39.556,PI533777,4,2029_LeafPhotoA_2025-09-08 11_07_39.556-05_00_0.png,2,3.5,3.110760762558307
2030_LeafPhotoA_2025-09-08 11_08_05.704,Fill (Exclude),2,2030_LeafPhotoA_2025-09-08 11_08_05.704-05_00_0.png,2,1.75,1.9263651340610395
2030_LeafPhotoA_2025-09-08 11_08_19.875,Fill (Exclude),2,2030_LeafPhotoA_2025-09-08 11_08_19.875-05_00_0.png,2,2.5,1.825584201578167
2030_LeafPhotoA_2025-09-08 11_08_32.970,Fill (Exclude),2,2030_LeafPhotoA_2025-09-08 11_08_32.970-05_00_0.png,2,2.5,2.034990220867131
2031_LeafPhotoA_2025-09-08 11_09_01.241,PI533877,2,2031_LeafPhotoA_2025-09-08 11_09_01.241-05_00_0.png,2,2.5,2.6764011815497857
2031_LeafPhotoA_2025-09-08 11_09_17.583,PI533877,2,2031_LeafPhotoA_2025-09-08 11_09_17.583-05_00_0.png,2,3.0,2.8057563743258176
2031_LeafPhotoA_2025-09-08 11_09_35.917,PI533877,2,2031_LeafPhotoA_2025-09-08 11_09_35.917-05_00_0.png,2,2.0,2.061468943064855
2032_LeafPhotoA_2025-09-08 11_10_13.542,PI564163,1,2032_LeafPhotoA_2025-09-08 11_10_13.542-05_00_0.png,2,2.5,1.7165099133892732
2032_LeafPhotoA_2025-09-08 11_10_28.852,PI564163,1,2032_LeafPhotoA_2025-09-08 11_10_28.852-05_00_0.png,2,2.0,1.9883920401846156
2032_LeafPhotoA_2025-09-08 11_10_42.319,PI564163,1,2032_LeafPhotoA_2025-09-08 11_10_42.319-05_00_0.png,2,1.0,1.697355319303531
2033_LeafPhotoA_2025-09-08 11_11_13.000,SC1170,4,2033_LeafPhotoA_2025-09-08 11_11_13.000-05_00_0.png,2,2.5,2.353994682754249
2033_LeafPhotoA_2025-09-08 11_11_29.285,SC1170,4,2033_LeafPhotoA_2025-09-08 11_11_29.285-05_00_0.png,2,3.0,2.6225012261957583
2033_LeafPhotoA_2025-09-08 11_11_44.554,SC1170,4,2033_LeafPhotoA_2025-09-08 11_11_44.554-05_00_0.png,2,2.0,2.1118632081787734
2034_LeafPhotoA_2025-09-08 11_12_08.463,PI534124,2,2034_LeafPhotoA_2025-09-08 11_12_08.463-05_00_0.png,2,2.0,2.6749385568985726
2034_LeafPhotoA_2025-09-08 11_12_26.101,PI534124,2,2034_LeafPhotoA_2025-09-08 11_12_26.101-05_00_0.png,2,2.5,2.8436924060349607
2034_LeafPhotoA_2025-09-08 11_12_42.774,PI534124,2,2034_LeafPhotoA_2025-09-08 11_12_42.774-05_00_0.png,2,2.0,2.691478813029669
2035_LeafPhotoA_2025-09-08 11_13_14.336,PI597961,3,2035_LeafPhotoA_2025-09-08 11_13_14.336-05_00_0.png,2,1.25,1.7088303933931122
2035_LeafPhotoA_2025-09-08 11_13_27.574,PI597961,3,2035_LeafPhotoA_2025-09-08 11_13_27.574-05_00_0.png,2,3.0,2.818322968760591
2035_LeafPhotoA_2025-09-08 11_13_47.216,PI597961,3,2035_LeafPhotoA_2025-09-08 11_13_47.216-05_00_0.png,2,3.5,2.6279914556091573
2036_LeafPhotoA_2025-09-08 11_14_51.000,PI655980,5,2036_LeafPhotoA_2025-09-08 11_14_51.000-05_00_0.png,2,1.0,2.044020944877562
2036_LeafPhotoA_2025-09-08 11_15_14.195,PI655980,5,2036_LeafPhotoA_2025-09-08 11_15_14.195-05_00_0.png,2,3.0,2.024009162996877
2036_LeafPhotoA_2025-09-08 11_15_44.674,PI655980,5,2036_LeafPhotoA_2025-09-08 11_15_44.674-05_00_0.png,2,2.5,2.215251713145387
2037_LeafPhotoA_2025-09-08 11_16_12.785,PI533920,5,2037_LeafPhotoA_2025-09-08 11_16_12.785-05_00_0.png,2,2.0,2.271355517121479
2037_LeafPhotoA_2025-09-08 11_16_27.368,PI533920,5,2037_LeafPhotoA_2025-09-08 11_16_27.368-05_00_0.png,2,1.75,2.2745951908345163
2038_LeafPhotoA_2025-09-08 11_17_28.924,PI533848,2,2038_LeafPhotoA_2025-09-08 11_17_28.924-05_00_0.png,2,4.0,3.458144901030667
2038_LeafPhotoA_2025-09-08 11_17_41.875,PI533848,2,2038_LeafPhotoA_2025-09-08 11_17_41.875-05_00_0.png,2,2.5,2.214560220149702
2038_LeafPhotoA_2025-09-08 11_17_54.751,PI533848,2,2038_LeafPhotoA_2025-09-08 11_17_54.751-05_00_0.png,2,3.5,2.865705848312439
2039_LeafPhotoA_2025-09-08 11_18_25.248,PI534107,4,2039_LeafPhotoA_2025-09-08 11_18_25.248-05_00_0.png,2,2.5,2.3901327659515808
2039_LeafPhotoA_2025-09-08 11_18_42.001,PI534107,4,2039_LeafPhotoA_2025-09-08 11_18_42.001-05_00_0.png,2,3.0,2.142119735728451
2039_LeafPhotoA_2025-09-08 11_18_59.080,PI534107,4,2039_LeafPhotoA_2025-09-08 11_18_59.080-05_00_0.png,2,2.0,2.1736614389942246
2040_LeafPhotoA_2025-09-08 11_19_26.696,PI533958,5,2040_LeafPhotoA_2025-09-08 11_19_26.696-05_00_0.png,2,1.75,2.4392269148896144
2040_LeafPhotoA_2025-09-08 11_19_38.777,PI533958,5,2040_LeafPhotoA_2025-09-08 11_19_38.777-05_00_0.png,2,2.5,2.8083729914771896
2040_LeafPhotoA_2025-09-08 11_19_56.770,PI533958,5,2040_LeafPhotoA_2025-09-08 11_19_56.770-05_00_0.png,2,2.5,2.6096561079290677
2041_LeafPhotoA_2025-09-08 11_20_20.644,PI533751,3,2041_LeafPhotoA_2025-09-08 11_20_20.644-05_00_0.png,1,2.0,2.1358604645271853
2041_LeafPhotoA_2025-09-08 11_20_39.452,PI533751,3,2041_LeafPhotoA_2025-09-08 11_20_39.452-05_00_0.png,1,1.0,1.9547497390153497
2041_LeafPhotoA_2025-09-08 11_21_09.187,PI533751,3,2041_LeafPhotoA_2025-09-08 11_21_09.187-05_00_0.png,2,1.0,1.9514338948040768
2042_LeafPhotoA_2025-09-08 11_21_33.880,PI534110,1,2042_LeafPhotoA_2025-09-08 11_21_33.880-05_00_0.png,2,2.5,2.0439756835990583
2042_LeafPhotoA_2025-09-08 11_21_46.728,PI534110,1,2042_LeafPhotoA_2025-09-08 11_21_46.728-05_00_0.png,1,2.5,2.2672251530901915
2042_LeafPhotoA_2025-09-08 11_21_59.003,PI534110,1,2042_LeafPhotoA_2025-09-08 11_21_59.003-05_00_0.png,2,2.0,1.8705634124601473
2043_LeafPhotoA_2025-09-08 11_22_41.762,SC0860,1,2043_LeafPhotoA_2025-09-08 11_22_41.762-05_00_0.png,1,2.5,2.065362994938176
2043_LeafPhotoA_2025-09-08 11_22_55.838,SC0860,1,2043_LeafPhotoA_2025-09-08 11_22_55.838-05_00_0.png,2,3.0,2.0113552871393887
2043_LeafPhotoA_2025-09-08 11_23_13.129,SC0860,1,2043_LeafPhotoA_2025-09-08 11_23_13.129-05_00_0.png,2,3.0,2.6163834887285944
2044_LeafPhotoA_2025-09-08 11_23_43.148,SC0456,1,2044_LeafPhotoA_2025-09-08 11_23_43.148-05_00_0.png,2,1.5,2.108921322736236
2044_LeafPhotoA_2025-09-08 11_24_28.147,SC0456,1,2044_LeafPhotoA_2025-09-08 11_24_28.147-05_00_0.png,2,2.5,2.1245952549332423
2044_LeafPhotoA_2025-09-08 11_24_45.702,SC0456,1,2044_LeafPhotoA_2025-09-08 11_24_45.702-05_00_0.png,2,2.5,1.9479610033859656
2045_LeafPhotoA_2025-09-08 11_25_27.690,PI576428,3,2045_LeafPhotoA_2025-09-08 11_25_27.690-05_00_0.png,2,1.0,2.0019743061972655
2045_LeafPhotoA_2025-09-08 11_25_42.703,PI576428,3,2045_LeafPhotoA_2025-09-08 11_25_42.703-05_00_0.png,1,2.5,2.22189174029966
2045_LeafPhotoA_2025-09-08 11_26_04.594,PI576428,3,2045_LeafPhotoA_2025-09-08 11_26_04.594-05_00_0.png,1,1.75,2.3450742333402745
2046_LeafPhotoA_2025-09-08 11_26_31.500,PI576383,3,2046_LeafPhotoA_2025-09-08 11_26_31.500-05_00_0.png,2,2.5,2.340617803074414
2046_LeafPhotoA_2025-09-08 11_26_43.488,PI576383,3,2046_LeafPhotoA_2025-09-08 11_26_43.488-05_00_0.png,2,3.0,2.629712206998291
2046_LeafPhotoA_2025-09-08 11_26_58.418,PI576383,3,2046_LeafPhotoA_2025-09-08 11_26_58.418-05_00_0.png,2,2.5,2.537645562916873
2047_LeafPhotoA_2025-09-08 11_27_32.816,PI576417,2,2047_LeafPhotoA_2025-09-08 11_27_32.816-05_00_0.png,2,2.5,2.82383312528733
2047_LeafPhotoA_2025-09-08 11_27_45.065,PI576417,2,2047_LeafPhotoA_2025-09-08 11_27_45.065-05_00_0.png,2,3.0,2.742213833078204
2047_LeafPhotoA_2025-09-08 11_28_01.448,PI576417,2,2047_LeafPhotoA_2025-09-08 11_28_01.448-05_00_0.png,2,2.5,2.451840045355188
2048_LeafPhotoA_2025-09-08 11_28_25.459,PI576364,5,2048_LeafPhotoA_2025-09-08 11_28_25.459-05_00_0.png,2,2.0,2.362638800120063
2048_LeafPhotoA_2025-09-08 11_28_37.140,PI576364,5,2048_LeafPhotoA_2025-09-08 11_28_37.140-05_00_0.png,2,2.5,2.6506344401749797
2048_LeafPhotoA_2025-09-08 11_28_55.893,PI576364,5,2048_LeafPhotoA_2025-09-08 11_28_55.893-05_00_0.png,2,2.5,2.286007698264117
2049_LeafPhotoA_2025-09-08 11_29_12.336,PI656060,4,2049_LeafPhotoA_2025-09-08 11_29_12.336-05_00_0.png,2,2.25,2.1308675377533524
2049_LeafPhotoA_2025-09-08 11_29_22.980,PI656060,4,2049_LeafPhotoA_2025-09-08 11_29_22.980-05_00_0.png,2,1.25,1.8900170860400338
2049_LeafPhotoA_2025-09-08 11_29_38.790,PI656060,4,2049_LeafPhotoA_2025-09-08 11_29_38.790-05_00_0.png,2,2.5,2.302447091533983
2050_LeafPhotoA_2025-09-08 11_30_03.692,PI564163,1,2050_LeafPhotoA_2025-09-08 11_30_03.692-05_00_0.png,2,3.0,1.9178595562288536
2050_LeafPhotoA_2025-09-08 11_30_29.447,PI564163,1,2050_LeafPhotoA_2025-09-08 11_30_29.447-05_00_0.png,2,2.0,1.8375085694085163
2050_LeafPhotoA_2025-09-08 11_31_03.093,PI564163,1,2050_LeafPhotoA_2025-09-08 11_31_03.093-05_00_0.png,2,1.0,1.643362973427754
2051_LeafPhotoA_2025-09-08 11_43_37.507,PI533763,4,2051_LeafPhotoA_2025-09-08 11_43_37.507-05_00_0.png,2,4.0,2.9102474395047273
2051_LeafPhotoA_2025-09-08 11_43_52.523,PI533763,4,2051_LeafPhotoA_2025-09-08 11_43_52.523-05_00_0.png,2,4.0,3.608067257017363
2052_LeafPhotoA_2025-09-08 11_45_37.237,PI534164,1,2052_LeafPhotoA_2025-09-08 11_45_37.237-05_00_0.png,2,2.5,2.656965659493247
2052_LeafPhotoA_2025-09-08 11_45_38.516,PI534164,1,2052_LeafPhotoA_2025-09-08 11_45_38.516-05_00_0.png,2,2.5,2.652083292404945
2052_LeafPhotoA_2025-09-08 11_46_03.735,PI534164,1,2052_LeafPhotoA_2025-09-08 11_46_03.735-05_00_0.png,2,3.0,2.8214567832652357
2052_LeafPhotoA_2025-09-08 11_46_20.148,PI534164,1,2052_LeafPhotoA_2025-09-08 11_46_20.148-05_00_0.png,2,2.5,2.476099513783825
2053_LeafPhotoA_2025-09-08 11_46_54.815,PI576419,3,2053_LeafPhotoA_2025-09-08 11_46_54.815-05_00_0.png,1,3.5,3.0459526740951164
2053_LeafPhotoA_2025-09-08 11_47_19.777,PI576419,3,2053_LeafPhotoA_2025-09-08 11_47_19.777-05_00_0.png,2,2.5,2.5804865644578983
2053_LeafPhotoA_2025-09-08 11_47_32.581,PI576419,3,2053_LeafPhotoA_2025-09-08 11_47_32.581-05_00_0.png,2,3.5,3.0206919357311843
2054_LeafPhotoA_2025-09-08 11_48_05.690,PI534046,4,2054_LeafPhotoA_2025-09-08 11_48_05.690-05_00_0.png,2,2.0,2.534001338861515
2054_LeafPhotoA_2025-09-08 11_48_20.743,PI534046,4,2054_LeafPhotoA_2025-09-08 11_48_20.743-05_00_0.png,2,3.0,2.676702377821913
2054_LeafPhotoA_2025-09-08 11_48_38.141,PI534046,4,2054_LeafPhotoA_2025-09-08 11_48_38.141-05_00_0.png,2,3.0,2.652349302190973
2055_LeafPhotoA_2025-09-08 11_49_04.884,PI534038,5,2055_LeafPhotoA_2025-09-08 11_49_04.884-05_00_0.png,2,3.0,2.3701000019788716
2055_LeafPhotoA_2025-09-08 11_49_17.884,PI534038,5,2055_LeafPhotoA_2025-09-08 11_49_17.884-05_00_0.png,2,3.5,2.835964562967563
2056_LeafPhotoA_2025-09-08 11_50_05.707,PI533903,4,2056_LeafPhotoA_2025-09-08 11_50_05.707-05_00_0.png,2,2.0,1.9287707365765896
2056_LeafPhotoA_2025-09-08 11_50_24.829,PI533903,4,2056_LeafPhotoA_2025-09-08 11_50_24.829-05_00_0.png,1,2.0,1.9299187622222556
2056_LeafPhotoA_2025-09-08 11_50_35.688,PI533903,4,2056_LeafPhotoA_2025-09-08 11_50_35.688-05_00_0.png,2,2.5,2.058835900322583
2057_LeafPhotoA_2025-09-08 11_50_58.255,PI533814,3,2057_LeafPhotoA_2025-09-08 11_50_58.255-05_00_0.png,2,2.0,2.033357274291449
2057_LeafPhotoA_2025-09-08 11_51_09.975,PI533814,3,2057_LeafPhotoA_2025-09-08 11_51_09.975-05_00_0.png,2,1.0,1.757240449120565
2057_LeafPhotoA_2025-09-08 11_51_27.707,PI533814,3,2057_LeafPhotoA_2025-09-08 11_51_27.707-05_00_0.png,2,1.0,1.7936333504186441
2058_LeafPhotoA_2025-09-08 11_51_50.795,PI533904,2,2058_LeafPhotoA_2025-09-08 11_51_50.795-05_00_0.png,2,3.0,2.746719776266423
2058_LeafPhotoA_2025-09-08 11_52_16.226,PI533904,2,2058_LeafPhotoA_2025-09-08 11_52_16.226-05_00_0.png,2,3.5,2.7100924933903605
2058_LeafPhotoA_2025-09-08 11_52_37.403,PI533904,2,2058_LeafPhotoA_2025-09-08 11_52_37.403-05_00_0.png,2,2.5,2.535575250633011
2059_LeafPhotoA_2025-09-08 11_52_57.079,PI595732,4,2059_LeafPhotoA_2025-09-08 11_52_57.079-05_00_0.png,2,2.0,2.0125417141187842
2059_LeafPhotoA_2025-09-08 11_53_10.159,PI595732,4,2059_LeafPhotoA_2025-09-08 11_53_10.159-05_00_0.png,2,1.0,1.8783659224257416
2059_LeafPhotoA_2025-09-08 11_53_37.810,PI595732,4,2059_LeafPhotoA_2025-09-08 11_53_37.810-05_00_0.png,2,1.5,1.8305380857725861
2060_LeafPhotoA_2025-09-08 11_54_01.131,PI534167,2,2060_LeafPhotoA_2025-09-08 11_54_01.131-05_00_0.png,2,3.0,2.909395679453039
2060_LeafPhotoA_2025-09-08 11_54_13.998,PI534167,2,2060_LeafPhotoA_2025-09-08 11_54_13.998-05_00_0.png,2,3.0,2.522313338350997
2060_LeafPhotoA_2025-09-08 11_54_39.708,PI534167,2,2060_LeafPhotoA_2025-09-08 11_54_39.708-05_00_0.png,2,2.0,2.0585631288444626
2061_LeafPhotoA_2025-09-08 11_55_09.806,PI534037,5,2061_LeafPhotoA_2025-09-08 11_55_09.806-05_00_0.png,2,2.5,2.5552326878010585
2061_LeafPhotoA_2025-09-08 11_55_23.114,PI534037,5,2061_LeafPhotoA_2025-09-08 11_55_23.114-05_00_0.png,2,3.0,2.7328294632569015
2061_LeafPhotoA_2025-09-08 11_55_36.655,PI534037,5,2061_LeafPhotoA_2025-09-08 11_55_36.655-05_00_0.png,2,2.5,2.6205106110063525
2062_LeafPhotoA_2025-09-08 11_56_00.618,PI564163,1,2062_LeafPhotoA_2025-09-08 11_56_00.618-05_00_0.png,2,1.0,1.6135650484015869
2062_LeafPhotoA_2025-09-08 11_56_16.610,PI564163,1,2062_LeafPhotoA_2025-09-08 11_56_16.610-05_00_0.png,1,1.25,1.9931695020097886
2062_LeafPhotoA_2025-09-08 11_56_29.638,PI564163,1,2062_LeafPhotoA_2025-09-08 11_56_29.638-05_00_0.png,2,1.5,1.762088716131069
2063_LeafPhotoA_2025-09-08 11_56_52.721,PI534150,5,2063_LeafPhotoA_2025-09-08 11_56_52.721-05_00_0.png,2,2.5,2.1441670804399156
2063_LeafPhotoA_2025-09-08 11_57_10.603,PI534150,5,2063_LeafPhotoA_2025-09-08 11_57_10.603-05_00_0.png,2,3.5,3.325277088399121
2063_LeafPhotoA_2025-09-08 11_57_23.639,PI534150,5,2063_LeafPhotoA_2025-09-08 11_57_23.639-05_00_0.png,2,1.5,1.9606324522880907
2064_LeafPhotoA_2025-09-08 11_57_49.749,PI533841,5,2064_LeafPhotoA_2025-09-08 11_57_49.749-05_00_0.png,2,2.0,1.851811818980001
2064_LeafPhotoA_2025-09-08 11_58_02.700,PI533841,5,2064_LeafPhotoA_2025-09-08 11_58_02.700-05_00_0.png,2,2.0,1.8448715613687225
2064_LeafPhotoA_2025-09-08 11_58_16.799,PI533841,5,2064_LeafPhotoA_2025-09-08 11_58_16.799-05_00_0.png,2,3.0,2.0912770640271625
2065_LeafPhotoA_2025-09-08 11_58_33.163,PI534055,5,2065_LeafPhotoA_2025-09-08 11_58_33.163-05_00_0.png,2,2.5,2.556021792481257
2065_LeafPhotoA_2025-09-08 11_58_51.273,PI534055,5,2065_LeafPhotoA_2025-09-08 11_58_51.273-05_00_0.png,2,2.5,2.356039109079674
2065_LeafPhotoA_2025-09-08 11_59_20.400,PI534055,5,2065_LeafPhotoA_2025-09-08 11_59_20.400-05_00_0.png,2,3.0,2.622693337262965
2066_LeafPhotoA_2025-09-08 11_59_48.439,PI595737,2,2066_LeafPhotoA_2025-09-08 11_59_48.439-05_00_0.png,2,1.5,1.7604547474087575
2066_LeafPhotoA_2025-09-08 12_00_00.120,PI595737,2,2066_LeafPhotoA_2025-09-08 12_00_00.120-05_00_0.png,2,1.5,1.784972588120675
2066_LeafPhotoA_2025-09-08 12_00_44.750,PI595737,2,2066_LeafPhotoA_2025-09-08 12_00_44.750-05_00_0.png,2,2.5,1.7619820065018394
2067_LeafPhotoA_2025-09-08 12_01_11.396,PI595704,1,2067_LeafPhotoA_2025-09-08 12_01_11.396-05_00_0.png,2,2.5,1.9928188256356016
2067_LeafPhotoA_2025-09-08 12_01_32.584,PI595704,1,2067_LeafPhotoA_2025-09-08 12_01_32.584-05_00_0.png,2,2.5,2.351255037425402
2067_LeafPhotoA_2025-09-08 12_01_55.257,PI595704,1,2067_LeafPhotoA_2025-09-08 12_01_55.257-05_00_0.png,2,2.0,2.256223890521442
2068_LeafPhotoA_2025-09-08 12_02_28.342,PI659695,1,2068_LeafPhotoA_2025-09-08 12_02_28.342-05_00_0.png,2,1.5,2.065799118408854
2068_LeafPhotoA_2025-09-08 12_02_41.449,PI659695,1,2068_LeafPhotoA_2025-09-08 12_02_41.449-05_00_0.png,2,2.0,1.9980901106284448
2068_LeafPhotoA_2025-09-08 12_02_55.291,PI659695,1,2068_LeafPhotoA_2025-09-08 12_02_55.291-05_00_0.png,2,1.25,1.7675335933810936
2069_LeafPhotoA_2025-09-08 12_03_26.688,SC0893,2,2069_LeafPhotoA_2025-09-08 12_03_26.688-05_00_0.png,2,1.75,2.0564199486564885
2069_LeafPhotoA_2025-09-08 12_03_40.102,SC0893,2,2069_LeafPhotoA_2025-09-08 12_03_40.102-05_00_0.png,2,1.5,2.0573101557831155
2069_LeafPhotoA_2025-09-08 12_03_55.448,SC0893,2,2069_LeafPhotoA_2025-09-08 12_03_55.448-05_00_0.png,2,2.5,2.0348715486842677
2070_LeafPhotoA_2025-09-08 12_04_24.225,PI656051,3,2070_LeafPhotoA_2025-09-08 12_04_24.225-05_00_0.png,1,2.0,1.9307582007043114
2070_LeafPhotoA_2025-09-08 12_04_38.455,PI656051,3,2070_LeafPhotoA_2025-09-08 12_04_38.455-05_00_0.png,1,1.5,1.891204218327055
2070_LeafPhotoA_2025-09-08 12_04_58.888,PI656051,3,2070_LeafPhotoA_2025-09-08 12_04_58.888-05_00_0.png,2,2.0,2.0074207201262677
2071_LeafPhotoA_2025-09-08 12_05_40.977,PI533876,5,2071_LeafPhotoA_2025-09-08 12_05_40.977-05_00_0.png,2,1.75,2.157366616161285
2071_LeafPhotoA_2025-09-08 12_06_01.483,PI533876,5,2071_LeafPhotoA_2025-09-08 12_06_01.483-05_00_0.png,2,2.5,2.5968831436188933
2071_LeafPhotoA_2025-09-08 12_06_16.416,PI533876,5,2071_LeafPhotoA_2025-09-08 12_06_16.416-05_00_0.png,2,3.5,2.935327426036631
2072_LeafPhotoA_2025-09-08 12_06_56.217,PI533884,2,2072_LeafPhotoA_2025-09-08 12_06_56.217-05_00_0.png,2,3.5,3.1534470512086465
2072_LeafPhotoA_2025-09-08 12_07_15.598,PI533884,2,2072_LeafPhotoA_2025-09-08 12_07_15.598-05_00_0.png,2,3.0,2.638136073924302
2072_LeafPhotoA_2025-09-08 12_07_29.298,PI533884,2,2072_LeafPhotoA_2025-09-08 12_07_29.298-05_00_0.png,2,3.5,3.0576160982214695
2073_LeafPhotoA_2025-09-08 12_07_54.433,PI576391,4,2073_LeafPhotoA_2025-09-08 12_07_54.433-05_00_0.png,2,1.5,2.3486198124695203
2073_LeafPhotoA_2025-09-08 12_08_09.567,PI576391,4,2073_LeafPhotoA_2025-09-08 12_08_09.567-05_00_0.png,2,2.5,2.568156499706221
2073_LeafPhotoA_2025-09-08 12_08_20.725,PI576391,4,2073_LeafPhotoA_2025-09-08 12_08_20.725-05_00_0.png,2,2.5,1.9071542220453697
2074_LeafPhotoA_2025-09-08 12_09_18.987,PI533817,4,2074_LeafPhotoA_2025-09-08 12_09_18.987-05_00_0.png,2,3.5,3.4419169417001556
2074_LeafPhotoA_2025-09-08 12_09_58.431,PI533817,4,2074_LeafPhotoA_2025-09-08 12_09_58.431-05_00_0.png,1,2.5,2.2372351056182835
2074_LeafPhotoA_2025-09-08 12_10_39.627,PI533817,4,2074_LeafPhotoA_2025-09-08 12_10_39.627-05_00_0.png,2,2.5,2.581506243917332
2075_LeafPhotoA_2025-09-08 12_10_54.878,PI655984,5,2075_LeafPhotoA_2025-09-08 12_10_54.878-05_00_0.png,2,2.5,2.533994241252336
2075_LeafPhotoA_2025-09-08 12_11_12.357,PI655984,5,2075_LeafPhotoA_2025-09-08 12_11_12.357-05_00_0.png,2,2.5,2.0199005676758826
2075_LeafPhotoA_2025-09-08 12_11_28.690,PI655984,5,2075_LeafPhotoA_2025-09-08 12_11_28.690-05_00_0.png,2,3.0,2.206010426176805
2076_LeafPhotoA_2025-09-08 12_11_50.135,PI564163,1,2076_LeafPhotoA_2025-09-08 12_11_50.135-05_00_0.png,2,1.25,1.8832449559901523
2076_LeafPhotoA_2025-09-08 12_12_04.243,PI564163,1,2076_LeafPhotoA_2025-09-08 12_12_04.243-05_00_0.png,1,1.5,2.089532418757457
2076_LeafPhotoA_2025-09-08 12_12_20.490,PI564163,1,2076_LeafPhotoA_2025-09-08 12_12_20.490-05_00_0.png,1,2.5,1.7375964741493168
2077_LeafPhotoA_2025-09-08 12_12_49.370,PI534153,1,2077_LeafPhotoA_2025-09-08 12_12_49.370-05_00_0.png,2,2.5,2.5519089362286116
2077_LeafPhotoA_2025-09-08 12_13_08.868,PI534153,1,2077_LeafPhotoA_2025-09-08 12_13_08.868-05_00_0.png,2,3.0,2.4477133236090185
2077_LeafPhotoA_2025-09-08 12_13_22.676,PI534153,1,2077_LeafPhotoA_2025-09-08 12_13_22.676-05_00_0.png,2,2.5,2.1858802856308355
2078_LeafPhotoA_2025-09-08 12_13_44.564,PI533900,3,2078_LeafPhotoA_2025-09-08 12_13_44.564-05_00_0.png,2,2.5,2.0130490283337705
2078_LeafPhotoA_2025-09-08 12_13_55.107,PI533900,3,2078_LeafPhotoA_2025-09-08 12_13_55.107-05_00_0.png,2,1.5,2.140327369294226
2078_LeafPhotoA_2025-09-08 12_14_10.635,PI533900,3,2078_LeafPhotoA_2025-09-08 12_14_10.635-05_00_0.png,2,2.75,2.386906199056562
2078_LeafPhotoA_2025-09-08 12_14_13.645,PI533900,3,2078_LeafPhotoA_2025-09-08 12_14_13.645-05_00_0.png,2,2.5,2.3891978262184974
2079_LeafPhotoA_2025-09-08 12_15_23.334,PI533915,5,2079_LeafPhotoA_2025-09-08 12_15_23.334-05_00_0.png,2,3.0,2.4803851983285057
2079_LeafPhotoA_2025-09-08 12_15_51.555,PI533915,5,2079_LeafPhotoA_2025-09-08 12_15_51.555-05_00_0.png,2,3.0,3.114005490779004
2080_LeafPhotoA_2025-09-08 12_16_15.024,PI597953,1,2080_LeafPhotoA_2025-09-08 12_16_15.024-05_00_0.png,2,4.0,3.043231339878604
2080_LeafPhotoA_2025-09-08 12_16_27.461,PI597953,1,2080_LeafPhotoA_2025-09-08 12_16_27.461-05_00_0.png,2,2.5,2.916073194640193
2080_LeafPhotoA_2025-09-08 12_16_41.953,PI597953,1,2080_LeafPhotoA_2025-09-08 12_16_41.953-05_00_0.png,2,2.5,2.337965349222385
2081_LeafPhotoA_2025-09-08 12_17_17.950,PI533783,5,2081_LeafPhotoA_2025-09-08 12_17_17.950-05_00_0.png,2,3.0,2.6140909686467926
2081_LeafPhotoA_2025-09-08 12_17_33.538,PI533783,5,2081_LeafPhotoA_2025-09-08 12_17_33.538-05_00_0.png,2,2.5,2.786723312561096
2081_LeafPhotoA_2025-09-08 12_17_53.083,PI533783,5,2081_LeafPhotoA_2025-09-08 12_17_53.083-05_00_0.png,2,2.0,2.1548758728407535
2082_LeafPhotoA_2025-09-08 12_18_18.860,PI534158,2,2082_LeafPhotoA_2025-09-08 12_18_18.860-05_00_0.png,2,1.0,1.64789283683105
2082_LeafPhotoA_2025-09-08 12_18_21.345,PI534158,2,2082_LeafPhotoA_2025-09-08 12_18_21.345-05_00_0.png,2,1.0,1.5877587881835655
2082_LeafPhotoA_2025-09-08 12_18_36.645,PI534158,2,2082_LeafPhotoA_2025-09-08 12_18_36.645-05_00_0.png,2,1.5,1.9701167698615456
2082_LeafPhotoA_2025-09-08 12_18_52.908,PI534158,2,2082_LeafPhotoA_2025-09-08 12_18_52.908-05_00_0.png,2,1.0,1.8829356307768148
2083_LeafPhotoA_2025-09-08 12_19_19.214,SC0157,2,2083_LeafPhotoA_2025-09-08 12_19_19.214-05_00_0.png,2,3.5,2.851413716503925
2083_LeafPhotoA_2025-09-08 12_19_35.806,SC0157,2,2083_LeafPhotoA_2025-09-08 12_19_35.806-05_00_0.png,2,2.0,2.0930575208473714
2083_LeafPhotoA_2025-09-08 12_19_52.118,SC0157,2,2083_LeafPhotoA_2025-09-08 12_19_52.118-05_00_0.png,2,1.5,1.9203785418335526
2084_LeafPhotoA_2025-09-08 12_20_23.095,PI534022,1,2084_LeafPhotoA_2025-09-08 12_20_23.095-05_00_0.png,2,2.5,2.222915809823536
2084_LeafPhotoA_2025-09-08 12_20_34.982,PI534022,1,2084_LeafPhotoA_2025-09-08 12_20_34.982-05_00_0.png,2,2.5,1.9263367770659716
2084_LeafPhotoA_2025-09-08 12_20_48.194,PI534022,1,2084_LeafPhotoA_2025-09-08 12_20_48.194-05_00_0.png,2,2.25,1.785741945216753
2085_LeafPhotoA_2025-09-08 12_21_13.087,PI534048,4,2085_LeafPhotoA_2025-09-08 12_21_13.087-05_00_0.png,2,1.5,2.327230190885399
2085_LeafPhotoA_2025-09-08 12_21_28.882,PI534048,4,2085_LeafPhotoA_2025-09-08 12_21_28.882-05_00_0.png,2,3.0,2.709881804491516
2085_LeafPhotoA_2025-09-08 12_21_46.275,PI534048,4,2085_LeafPhotoA_2025-09-08 12_21_46.275-05_00_0.png,2,2.5,2.1515344965298686
2086_LeafPhotoA_2025-09-08 12_22_14.963,SC0297,5,2086_LeafPhotoA_2025-09-08 12_22_14.963-05_00_0.png,2,3.5,2.891372431195342
2086_LeafPhotoA_2025-09-08 12_22_42.088,SC0297,5,2086_LeafPhotoA_2025-09-08 12_22_42.088-05_00_0.png,2,3.5,2.989086652391053
2086_LeafPhotoA_2025-09-08 12_23_08.629,SC0297,5,2086_LeafPhotoA_2025-09-08 12_23_08.629-05_00_0.png,2,2.5,2.495891192185342
2087_LeafPhotoA_2025-09-08 12_23_37.453,PI534143,1,2087_LeafPhotoA_2025-09-08 12_23_37.453-05_00_0.png,2,4.5,3.2275734731830172
2087_LeafPhotoA_2025-09-08 12_23_52.510,PI534143,1,2087_LeafPhotoA_2025-09-08 12_23_52.510-05_00_0.png,1,3.5,3.346856975911483
2087_LeafPhotoA_2025-09-08 12_24_17.487,PI534143,1,2087_LeafPhotoA_2025-09-08 12_24_17.487-05_00_0.png,2,4.5,3.3389444771858385
2088_LeafPhotoA_2025-09-08 12_24_45.089,PI534071,2,2088_LeafPhotoA_2025-09-08 12_24_45.089-05_00_0.png,2,2.5,2.3235432897023203
2088_LeafPhotoA_2025-09-08 12_25_04.293,PI534071,2,2088_LeafPhotoA_2025-09-08 12_25_04.293-05_00_0.png,2,2.5,2.3434223723486345
2089_LeafPhotoA_2025-09-08 12_26_16.331,PI533789,3,2089_LeafPhotoA_2025-09-08 12_26_16.331-05_00_0.png,1,2.0,2.4856829423503597
2089_LeafPhotoA_2025-09-08 12_26_30.490,PI533789,3,2089_LeafPhotoA_2025-09-08 12_26_30.490-05_00_0.png,2,2.5,2.4258054461448135
2090_LeafPhotoA_2025-09-08 12_27_18.336,PI534009,2,2090_LeafPhotoA_2025-09-08 12_27_18.336-05_00_0.png,2,1.0,1.8751269403527673
2090_LeafPhotoA_2025-09-08 12_27_30.205,PI534009,2,2090_LeafPhotoA_2025-09-08 12_27_30.205-05_00_0.png,2,2.0,2.0017824612634754
2090_LeafPhotoA_2025-09-08 12_27_42.323,PI534009,2,2090_LeafPhotoA_2025-09-08 12_27_42.323-05_00_0.png,2,1.25,1.8312500000845722
2091_LeafPhotoA_2025-09-08 12_28_02.636,PI534003,5,2091_LeafPhotoA_2025-09-08 12_28_02.636-05_00_0.png,2,2.0,1.8238509206222038
2091_LeafPhotoA_2025-09-08 12_28_15.428,PI534003,5,2091_LeafPhotoA_2025-09-08 12_28_15.428-05_00_0.png,2,2.75,2.4046008925619358
2091_LeafPhotoA_2025-09-08 12_28_34.136,PI534003,5,2091_LeafPhotoA_2025-09-08 12_28_34.136-05_00_0.png,2,3.0,3.120202409499496
2092_LeafPhotoA_2025-09-08 12_28_55.575,SC0753,5,2092_LeafPhotoA_2025-09-08 12_28_55.575-05_00_0.png,2,1.5,1.9063949484122038
2092_LeafPhotoA_2025-09-08 12_29_08.542,SC0753,5,2092_LeafPhotoA_2025-09-08 12_29_08.542-05_00_0.png,1,1.5,2.0427690199938304
2092_LeafPhotoA_2025-09-08 12_29_21.462,SC0753,5,2092_LeafPhotoA_2025-09-08 12_29_21.462-05_00_0.png,2,3.5,2.9424546114479684
2093_LeafPhotoA_2025-09-08 12_29_42.069,PI533888,3,2093_LeafPhotoA_2025-09-08 12_29_42.069-05_00_0.png,2,2.0,2.2097415536256286
2093_LeafPhotoA_2025-09-08 12_29_56.851,PI533888,3,2093_LeafPhotoA_2025-09-08 12_29_56.851-05_00_0.png,1,3.0,2.312997237748988
2093_LeafPhotoA_2025-09-08 12_30_10.775,PI533888,3,2093_LeafPhotoA_2025-09-08 12_30_10.775-05_00_0.png,2,2.5,2.0561550162534106
2094_LeafPhotoA_2025-09-08 12_30_31.222,PI656099,5,2094_LeafPhotoA_2025-09-08 12_30_31.222-05_00_0.png,2,2.5,1.7144694738573738
2094_LeafPhotoA_2025-09-08 12_30_48.048,PI656099,5,2094_LeafPhotoA_2025-09-08 12_30_48.048-05_00_0.png,2,2.5,2.051175514312445
2094_LeafPhotoA_2025-09-08 12_31_02.273,PI656099,5,2094_LeafPhotoA_2025-09-08 12_31_02.273-05_00_0.png,2,2.0,2.084201532810537
2095_LeafPhotoA_2025-09-08 12_31_24.850,PI597945,4,2095_LeafPhotoA_2025-09-08 12_31_24.850-05_00_0.png,2,2.5,2.2424779173258362
2095_LeafPhotoA_2025-09-08 12_31_36.632,PI597945,4,2095_LeafPhotoA_2025-09-08 12_31_36.632-05_00_0.png,2,2.75,2.178886433998362
2095_LeafPhotoA_2025-09-08 12_32_23.137,PI597945,4,2095_LeafPhotoA_2025-09-08 12_32_23.137-05_00_0.png,2,3.0,2.4557858961547114
2096_LeafPhotoA_2025-09-08 12_32_51.160,PI533767,3,2096_LeafPhotoA_2025-09-08 12_32_51.160-05_00_0.png,2,2.5,2.0584719639784055
2096_LeafPhotoA_2025-09-08 12_33_02.680,PI533767,3,2096_LeafPhotoA_2025-09-08 12_33_02.680-05_00_0.png,2,3.0,2.463374126576871
2096_LeafPhotoA_2025-09-08 12_33_16.675,PI533767,3,2096_LeafPhotoA_2025-09-08 12_33_16.675-05_00_0.png,2,2.5,2.339098489873112
2097_LeafPhotoA_2025-09-08 12_33_49.300,PI533893,2,2097_LeafPhotoA_2025-09-08 12_33_49.300-05_00_0.png,2,1.5,2.463531056035737
2097_LeafPhotoA_2025-09-08 12_34_03.075,PI533893,2,2097_LeafPhotoA_2025-09-08 12_34_03.075-05_00_0.png,2,2.0,2.2565774853787763
2097_LeafPhotoA_2025-09-08 12_34_15.530,PI533893,2,2097_LeafPhotoA_2025-09-08 12_34_15.530-05_00_0.png,2,3.0,2.707084150996652
2098_LeafPhotoA_2025-09-08 12_34_41.821,PI656075,5,2098_LeafPhotoA_2025-09-08 12_34_41.821-05_00_0.png,2,1.0,1.9721517707152372
2098_LeafPhotoA_2025-09-08 12_34_56.955,PI656075,5,2098_LeafPhotoA_2025-09-08 12_34_56.955-05_00_0.png,2,2.0,2.0793460176853484
2099_LeafPhotoA_2025-09-08 12_35_37.198,PI656039,4,2099_LeafPhotoA_2025-09-08 12_35_37.198-05_00_0.png,2,1.0,1.8648068999541907
2099_LeafPhotoA_2025-09-08 12_36_01.865,PI656039,4,2099_LeafPhotoA_2025-09-08 12_36_01.865-05_00_0.png,2,2.5,2.200374715325956
2099_LeafPhotoA_2025-09-08 12_36_15.841,PI656039,4,2099_LeafPhotoA_2025-09-08 12_36_15.841-05_00_0.png,1,1.5,2.2036514341770617
2100_LeafPhotoA_2025-09-08 12_36_34.340,PI534033,3,2100_LeafPhotoA_2025-09-08 12_36_34.340-05_00_0.png,2,2.5,1.9752843026156566
2100_LeafPhotoA_2025-09-08 12_36_47.537,PI534033,3,2100_LeafPhotoA_2025-09-08 12_36_47.537-05_00_0.png,2,3.0,2.746963026159521
2100_LeafPhotoA_2025-09-08 12_36_59.677,PI534033,3,2100_LeafPhotoA_2025-09-08 12_36_59.677-05_00_0.png,2,1.5,1.738306932805261
2101_LeafPhotoA_2025-09-08 10_53_21.932,SC0814,1,2101_LeafPhotoA_2025-09-08 10_53_21.932-05_00_0.png,2,3.5,2.5129435960532582
2101_LeafPhotoA_2025-09-08 10_53_40.932,SC0814,1,2101_LeafPhotoA_2025-09-08 10_53_40.932-05_00_0.png,2,1.75,1.959342999568329
2101_LeafPhotoA_2025-09-08 10_54_10.965,SC0814,1,2101_LeafPhotoA_2025-09-08 10_54_10.965-05_00_0.png,2,3.0,2.409843430689269
2102_LeafPhotoA_2025-09-08 10_54_52.185,PI533899,1,2102_LeafPhotoA_2025-09-08 10_54_52.185-05_00_0.png,2,3.0,2.7185601252966975
2102_LeafPhotoA_2025-09-08 10_55_20.287,PI533899,1,2102_LeafPhotoA_2025-09-08 10_55_20.287-05_00_0.png,2,3.0,2.59761116994927
2102_LeafPhotoA_2025-09-08 10_55_37.852,PI533899,1,2102_LeafPhotoA_2025-09-08 10_55_37.852-05_00_0.png,2,3.5,2.85279091688879
2104_LeafPhotoA_2025-09-08 10_57_47.242,PI613610,2,2104_LeafPhotoA_2025-09-08 10_57_47.242-05_00_0.png,2,2.0,1.7431140779034675
2104_LeafPhotoA_2025-09-08 10_58_03.934,PI613610,2,2104_LeafPhotoA_2025-09-08 10_58_03.934-05_00_0.png,2,2.0,2.2509607421933406
2105_LeafPhotoA_2025-09-08 10_58_38.812,Fill (Exclude),2,2105_LeafPhotoA_2025-09-08 10_58_38.812-05_00_0.png,2,1.5,2.3519337652452266
2105_LeafPhotoA_2025-09-08 10_59_12.941,Fill (Exclude),2,2105_LeafPhotoA_2025-09-08 10_59_12.941-05_00_0.png,2,3.0,1.763314602435104
2105_LeafPhotoA_2025-09-08 10_59_34.360,Fill (Exclude),2,2105_LeafPhotoA_2025-09-08 10_59_34.360-05_00_0.png,2,2.5,2.167097584610306
2106_LeafPhotoA_2025-09-08 11_00_29.676,PI601554,4,2106_LeafPhotoA_2025-09-08 11_00_29.676-05_00_0.png,2,1.0,1.769175636996302
2106_LeafPhotoA_2025-09-08 11_01_04.699,PI601554,4,2106_LeafPhotoA_2025-09-08 11_01_04.699-05_00_0.png,2,1.0,1.6344695396246773
2106_LeafPhotoA_2025-09-08 11_01_23.828,PI601554,4,2106_LeafPhotoA_2025-09-08 11_01_23.828-05_00_0.png,1,2.0,2.0163370921304336
2107_LeafPhotoA_2025-09-08 11_02_19.026,PI533910,1,2107_LeafPhotoA_2025-09-08 11_02_19.026-05_00_0.png,2,2.5,2.163847376626523
2107_LeafPhotoA_2025-09-08 11_02_37.715,PI533910,1,2107_LeafPhotoA_2025-09-08 11_02_37.715-05_00_0.png,2,1.25,2.0678584155344475
2107_LeafPhotoA_2025-09-08 11_02_57.699,PI533910,1,2107_LeafPhotoA_2025-09-08 11_02_57.699-05_00_0.png,1,2.5,1.894093076606213
2108_LeafPhotoA_2025-09-08 11_03_55.008,PI564163,1,2108_LeafPhotoA_2025-09-08 11_03_55.008-05_00_0.png,2,2.5,2.015827630089636
2108_LeafPhotoA_2025-09-08 11_04_15.373,PI564163,1,2108_LeafPhotoA_2025-09-08 11_04_15.373-05_00_0.png,2,1.0,1.6512905530889932
2108_LeafPhotoA_2025-09-08 11_04_46.395,PI564163,1,2108_LeafPhotoA_2025-09-08 11_04_46.395-05_00_0.png,2,1.5,2.092925561333783
2109_LeafPhotoA_2025-09-08 11_05_30.028,PI534108,3,2109_LeafPhotoA_2025-09-08 11_05_30.028-05_00_0.png,2,3.0,2.23231827537687
2109_LeafPhotoA_2025-09-08 11_06_01.858,PI534108,3,2109_LeafPhotoA_2025-09-08 11_06_01.858-05_00_0.png,2,2.0,2.1059403503373195
2109_LeafPhotoA_2025-09-08 11_06_38.271,PI534108,3,2109_LeafPhotoA_2025-09-08 11_06_38.271-05_00_0.png,2,2.5,1.85119480709017
2110_LeafPhotoA_2025-09-08 11_07_19.238,PI548797,2,2110_LeafPhotoA_2025-09-08 11_07_19.238-05_00_0.png,2,1.0,1.7681129296145146
2110_LeafPhotoA_2025-09-08 11_08_01.451,PI548797,2,2110_LeafPhotoA_2025-09-08 11_08_01.451-05_00_0.png,1,1.5,1.7483403798670585
2111_LeafPhotoA_2025-09-08 11_08_49.106,PI542406,4,2111_LeafPhotoA_2025-09-08 11_08_49.106-05_00_0.png,2,2.0,2.0065566888520863
2111_LeafPhotoA_2025-09-08 11_09_07.834,PI542406,4,2111_LeafPhotoA_2025-09-08 11_09_07.834-05_00_0.png,2,1.5,2.2363913681874124
2111_LeafPhotoA_2025-09-08 11_09_27.004,PI542406,4,2111_LeafPhotoA_2025-09-08 11_09_27.004-05_00_0.png,2,2.5,2.388699909342034
2112_LeafPhotoA_2025-09-08 11_10_23.055,PI533831,2,2112_LeafPhotoA_2025-09-08 11_10_23.055-05_00_0.png,2,2.0,2.033524747087334
2112_LeafPhotoA_2025-09-08 11_11_01.123,PI533831,2,2112_LeafPhotoA_2025-09-08 11_11_01.123-05_00_0.png,2,1.5,2.2351468554960476
2112_LeafPhotoA_2025-09-08 11_11_21.201,PI533831,2,2112_LeafPhotoA_2025-09-08 11_11_21.201-05_00_0.png,2,2.0,1.909472535696047
2113_LeafPhotoA_2025-09-08 11_12_12.957,PI576395,2,2113_LeafPhotoA_2025-09-08 11_12_12.957-05_00_0.png,2,2.5,2.0157064915997536
2113_LeafPhotoA_2025-09-08 11_12_39.081,PI576395,2,2113_LeafPhotoA_2025-09-08 11_12_39.081-05_00_0.png,2,1.5,2.2895444969439716
2113_LeafPhotoA_2025-09-08 11_13_21.841,PI576395,2,2113_LeafPhotoA_2025-09-08 11_13_21.841-05_00_0.png,1,2.5,2.1530223740934833
2114_LeafPhotoA_2025-09-08 11_14_11.562,PI533804,4,2114_LeafPhotoA_2025-09-08 11_14_11.562-05_00_0.png,2,3.5,2.7003539841318354
2114_LeafPhotoA_2025-09-08 11_14_43.534,PI533804,4,2114_LeafPhotoA_2025-09-08 11_14_43.534-05_00_0.png,2,1.75,2.600736700257946
2114_LeafPhotoA_2025-09-08 11_15_30.762,PI533804,4,2114_LeafPhotoA_2025-09-08 11_15_30.762-05_00_0.png,2,3.0,3.0222118068839894
2115_LeafPhotoA_2025-09-08 11_16_33.968,PI656035,3,2115_LeafPhotoA_2025-09-08 11_16_33.968-05_00_0.png,1,1.75,2.311380328137934
2115_LeafPhotoA_2025-09-08 11_16_57.411,PI656035,3,2115_LeafPhotoA_2025-09-08 11_16_57.411-05_00_0.png,2,2.5,2.619564894948411
2115_LeafPhotoA_2025-09-08 11_18_02.749,PI656035,3,2115_LeafPhotoA_2025-09-08 11_18_02.749-05_00_0.png,2,2.5,2.48498507639719
2116_LeafPhotoA_2025-09-08 11_18_49.586,PI564163,1,2116_LeafPhotoA_2025-09-08 11_18_49.586-05_00_0.png,2,1.5,1.8480224412349033
2116_LeafPhotoA_2025-09-08 11_19_01.321,PI564163,1,2116_LeafPhotoA_2025-09-08 11_19_01.321-05_00_0.png,2,2.5,1.8567050099371036
2116_LeafPhotoA_2025-09-08 11_19_32.377,PI564163,1,2116_LeafPhotoA_2025-09-08 11_19_32.377-05_00_0.png,2,1.5,1.879489292375121
2117_LeafPhotoA_2025-09-08 11_20_56.207,PI533846,4,2117_LeafPhotoA_2025-09-08 11_20_56.207-05_00_0.png,2,2.5,2.3259734069142937
2117_LeafPhotoA_2025-09-08 11_21_31.258,PI533846,4,2117_LeafPhotoA_2025-09-08 11_21_31.258-05_00_0.png,2,2.5,2.5960603455239304
2117_LeafPhotoA_2025-09-08 11_22_01.521,PI533846,4,2117_LeafPhotoA_2025-09-08 11_22_01.521-05_00_0.png,2,2.25,2.3676196082845156
2118_LeafPhotoA_2025-09-08 11_23_14.627,SC0858,4,2118_LeafPhotoA_2025-09-08 11_23_14.627-05_00_0.png,2,1.5,2.126403033872731
2118_LeafPhotoA_2025-09-08 11_24_23.851,SC0858,4,2118_LeafPhotoA_2025-09-08 11_24_23.851-05_00_0.png,2,3.0,2.883923338317812
2119_LeafPhotoA_2025-09-08 11_27_35.133,PI534004,2,2119_LeafPhotoA_2025-09-08 11_27_35.133-05_00_0.png,2,2.0,1.7845321626298412
2119_LeafPhotoA_2025-09-08 11_28_09.281,PI534004,2,2119_LeafPhotoA_2025-09-08 11_28_09.281-05_00_0.png,2,2.0,2.5537234452383797
2120_LeafPhotoA_2025-09-08 11_30_05.277,PI533944,3,2120_LeafPhotoA_2025-09-08 11_30_05.277-05_00_0.png,2,3.0,2.7623311607704357
2120_LeafPhotoA_2025-09-08 11_30_27.361,PI533944,3,2120_LeafPhotoA_2025-09-08 11_30_27.361-05_00_0.png,2,3.5,3.22228656472149
2120_LeafPhotoA_2025-09-08 11_31_02.513,PI533944,3,2120_LeafPhotoA_2025-09-08 11_31_02.513-05_00_0.png,2,1.25,2.1283246239487386
2121_LeafPhotoA_2025-09-08 11_35_13.707,PI533832,2,2121_LeafPhotoA_2025-09-08 11_35_13.707-05_00_0.png,2,2.0,2.219556706813892
2121_LeafPhotoA_2025-09-08 11_35_28.120,PI533832,2,2121_LeafPhotoA_2025-09-08 11_35_28.120-05_00_0.png,2,2.5,2.208474925116807
2121_LeafPhotoA_2025-09-08 11_35_44.356,PI533832,2,2121_LeafPhotoA_2025-09-08 11_35_44.356-05_00_0.png,2,3.0,2.392207670708795
2122_LeafPhotoA_2025-09-08 11_36_16.313,PI534064,1,2122_LeafPhotoA_2025-09-08 11_36_16.313-05_00_0.png,2,1.5,2.0924562996180014
2122_LeafPhotoA_2025-09-08 11_36_36.570,PI534064,1,2122_LeafPhotoA_2025-09-08 11_36_36.570-05_00_0.png,2,2.5,2.2651502275884776
2122_LeafPhotoA_2025-09-08 11_37_02.707,PI534064,1,2122_LeafPhotoA_2025-09-08 11_37_02.707-05_00_0.png,2,3.0,2.607121391840008
2123_LeafPhotoA_2025-09-08 11_37_55.884,PI597963,5,2123_LeafPhotoA_2025-09-08 11_37_55.884-05_00_0.png,2,2.5,2.2948443064455715
2123_LeafPhotoA_2025-09-08 11_39_04.236,PI597963,5,2123_LeafPhotoA_2025-09-08 11_39_04.236-05_00_0.png,2,2.5,2.285278610722495
2123_LeafPhotoA_2025-09-08 11_39_34.348,PI597963,5,2123_LeafPhotoA_2025-09-08 11_39_34.348-05_00_0.png,2,2.0,1.8860338389453777
2124_LeafPhotoA_2025-09-08 11_40_14.032,PI533833,1,2124_LeafPhotoA_2025-09-08 11_40_14.032-05_00_0.png,2,2.0,2.278618186348383
2124_LeafPhotoA_2025-09-08 11_40_31.153,PI533833,1,2124_LeafPhotoA_2025-09-08 11_40_31.153-05_00_0.png,2,3.5,2.9338560936359337
2124_LeafPhotoA_2025-09-08 11_40_47.692,PI533833,1,2124_LeafPhotoA_2025-09-08 11_40_47.692-05_00_0.png,2,3.0,2.327049046805551
2125_LeafPhotoA_2025-09-08 11_41_15.143,PI656003,2,2125_LeafPhotoA_2025-09-08 11_41_15.143-05_00_0.png,2,1.5,1.8865266885395207
2125_LeafPhotoA_2025-09-08 11_41_48.033,PI656003,2,2125_LeafPhotoA_2025-09-08 11_41_48.033-05_00_0.png,2,1.5,1.9173692946026177
2126_LeafPhotoA_2025-09-08 11_43_18.978,PI24969,1,2126_LeafPhotoA_2025-09-08 11_43_18.978-05_00_0.png,2,2.0,2.246989423113631
2126_LeafPhotoA_2025-09-08 11_43_37.367,PI24969,1,2126_LeafPhotoA_2025-09-08 11_43_37.367-05_00_0.png,2,3.0,2.1938918829008864
2127_LeafPhotoA_2025-09-08 11_44_05.581,PI534144,4,2127_LeafPhotoA_2025-09-08 11_44_05.581-05_00_0.png,2,2.0,2.615433879664153
2127_LeafPhotoA_2025-09-08 11_44_25.013,PI534144,4,2127_LeafPhotoA_2025-09-08 11_44_25.013-05_00_0.png,2,3.0,2.2887272113904773
2128_LeafPhotoA_2025-09-08 11_45_15.030,PI595709,3,2128_LeafPhotoA_2025-09-08 11_45_15.030-05_00_0.png,2,1.5,1.81298427975001
2128_LeafPhotoA_2025-09-08 11_45_30.525,PI595709,3,2128_LeafPhotoA_2025-09-08 11_45_30.525-05_00_0.png,2,1.0,1.6578682239165459
2129_LeafPhotoA_2025-09-08 11_46_31.339,PI564163,1,2129_LeafPhotoA_2025-09-08 11_46_31.339-05_00_0.png,2,2.0,1.88099062760879
2129_LeafPhotoA_2025-09-08 11_47_13.878,PI564163,1,2129_LeafPhotoA_2025-09-08 11_47_13.878-05_00_0.png,2,2.0,1.876556867407418
2130_LeafPhotoA_2025-09-08 11_48_17.799,PI656015,5,2130_LeafPhotoA_2025-09-08 11_48_17.799-05_00_0.png,2,2.0,2.525546629325269
2130_LeafPhotoA_2025-09-08 11_48_43.180,PI656015,5,2130_LeafPhotoA_2025-09-08 11_48_43.180-05_00_0.png,2,2.5,2.7860525941457626
2130_LeafPhotoA_2025-09-08 11_49_10.108,PI656015,5,2130_LeafPhotoA_2025-09-08 11_49_10.108-05_00_0.png,2,1.75,2.230485847396357
2131_LeafPhotoA_2025-09-08 11_49_49.248,PI533979,1,2131_LeafPhotoA_2025-09-08 11_49_49.248-05_00_0.png,2,2.5,2.200794791228279
2131_LeafPhotoA_2025-09-08 11_50_25.777,PI533979,1,2131_LeafPhotoA_2025-09-08 11_50_25.777-05_00_0.png,2,2.5,2.141041277413729
2132_LeafPhotoA_2025-09-08 11_51_19.739,PI534018,1,2132_LeafPhotoA_2025-09-08 11_51_19.739-05_00_0.png,2,2.0,1.912535195845407
2132_LeafPhotoA_2025-09-08 11_51_38.059,PI534018,1,2132_LeafPhotoA_2025-09-08 11_51_38.059-05_00_0.png,2,2.5,2.3315977112211375
2132_LeafPhotoA_2025-09-08 11_52_06.627,PI534018,1,2132_LeafPhotoA_2025-09-08 11_52_06.627-05_00_0.png,2,3.5,2.611033717544026
2133_LeafPhotoA_2025-09-08 11_52_44.034,PI576333,5,2133_LeafPhotoA_2025-09-08 11_52_44.034-05_00_0.png,2,1.5,1.573417269912366
2134_LeafPhotoA_2025-09-08 11_54_08.535,PI534041,5,2134_LeafPhotoA_2025-09-08 11_54_08.535-05_00_0.png,2,1.0,1.6380925896023266
2134_LeafPhotoA_2025-09-08 11_54_27.192,PI534041,5,2134_LeafPhotoA_2025-09-08 11_54_27.192-05_00_0.png,2,1.5,2.259572043061047
2134_LeafPhotoA_2025-09-08 11_54_43.870,PI534041,5,2134_LeafPhotoA_2025-09-08 11_54_43.870-05_00_0.png,2,3.0,2.6840677206529526
2135_LeafPhotoA_2025-09-08 11_55_20.941,PI655992,4,2135_LeafPhotoA_2025-09-08 11_55_20.941-05_00_0.png,2,2.0,1.9340194229231384
2135_LeafPhotoA_2025-09-08 11_55_34.208,PI655992,4,2135_LeafPhotoA_2025-09-08 11_55_34.208-05_00_0.png,2,2.5,3.2419166204978773
2135_LeafPhotoA_2025-09-08 11_55_49.375,PI655992,4,2135_LeafPhotoA_2025-09-08 11_55_49.375-05_00_0.png,2,2.5,2.044632263512846
2136_LeafPhotoA_2025-09-08 11_56_30.205,PI533891,4,2136_LeafPhotoA_2025-09-08 11_56_30.205-05_00_0.png,2,3.0,2.7061916297776003
2136_LeafPhotoA_2025-09-08 11_56_48.263,PI533891,4,2136_LeafPhotoA_2025-09-08 11_56_48.263-05_00_0.png,2,2.5,2.7088444110542054
2136_LeafPhotoA_2025-09-08 11_57_17.186,PI533891,4,2136_LeafPhotoA_2025-09-08 11_57_17.186-05_00_0.png,1,3.5,2.841283513009394
2137_LeafPhotoA_2025-09-08 11_58_14.843,PI656022,5,2137_LeafPhotoA_2025-09-08 11_58_14.843-05_00_0.png,2,2.5,2.351331035326521
2137_LeafPhotoA_2025-09-08 11_58_36.176,PI656022,5,2137_LeafPhotoA_2025-09-08 11_58_36.176-05_00_0.png,2,3.0,2.849975235669283
2138_LeafPhotoA_2025-09-08 11_59_41.707,PI534163,3,2138_LeafPhotoA_2025-09-08 11_59_41.707-05_00_0.png,2,2.5,2.186486887595768
2139_LeafPhotoA_2025-09-08 12_00_29.693,PI656087,4,2139_LeafPhotoA_2025-09-08 12_00_29.693-05_00_0.png,2,3.5,2.8143230107869495
2139_LeafPhotoA_2025-09-08 12_00_51.134,PI656087,4,2139_LeafPhotoA_2025-09-08 12_00_51.134-05_00_0.png,2,3.5,2.469724796913613
2140_LeafPhotoA_2025-09-08 12_01_54.848,PI534088,5,2140_LeafPhotoA_2025-09-08 12_01_54.848-05_00_0.png,1,2.25,2.349990332669996
2140_LeafPhotoA_2025-09-08 12_02_14.190,PI534088,5,2140_LeafPhotoA_2025-09-08 12_02_14.190-05_00_0.png,2,2.5,2.3295677232279752
2140_LeafPhotoA_2025-09-08 12_02_50.308,PI534088,5,2140_LeafPhotoA_2025-09-08 12_02_50.308-05_00_0.png,2,2.5,2.2120657156335044
2141_LeafPhotoA_2025-09-08 12_03_30.635,PI576332,4,2141_LeafPhotoA_2025-09-08 12_03_30.635-05_00_0.png,1,2.0,1.9727926809011855
2141_LeafPhotoA_2025-09-08 12_03_51.292,PI576332,4,2141_LeafPhotoA_2025-09-08 12_03_51.292-05_00_0.png,2,1.5,1.8215692814957236
2141_LeafPhotoA_2025-09-08 12_04_08.417,PI576332,4,2141_LeafPhotoA_2025-09-08 12_04_08.417-05_00_0.png,2,3.0,2.6367732730644415
2142_LeafPhotoA_2025-09-08 12_04_48.465,PI564163,1,2142_LeafPhotoA_2025-09-08 12_04_48.465-05_00_0.png,1,2.5,1.8066395048414767
2142_LeafPhotoA_2025-09-08 12_05_08.833,PI564163,1,2142_LeafPhotoA_2025-09-08 12_05_08.833-05_00_0.png,2,1.0,1.949985193803817
2143_LeafPhotoA_2025-09-08 12_06_30.982,PI576376,2,2143_LeafPhotoA_2025-09-08 12_06_30.982-05_00_0.png,2,2.0,1.9314693513025072
2143_LeafPhotoA_2025-09-08 12_06_55.272,PI576376,2,2143_LeafPhotoA_2025-09-08 12_06_55.272-05_00_0.png,2,1.5,2.160644442610193
2143_LeafPhotoA_2025-09-08 12_07_12.647,PI576376,2,2143_LeafPhotoA_2025-09-08 12_07_12.647-05_00_0.png,2,2.5,2.2056847244334166
2144_LeafPhotoA_2025-09-08 12_08_04.287,PI533902,5,2144_LeafPhotoA_2025-09-08 12_08_04.287-05_00_0.png,2,3.0,2.386713948248843
2144_LeafPhotoA_2025-09-08 12_08_32.877,PI533902,5,2144_LeafPhotoA_2025-09-08 12_08_32.877-05_00_0.png,2,1.5,2.3991244939736602
2144_LeafPhotoA_2025-09-08 12_08_59.362,PI533902,5,2144_LeafPhotoA_2025-09-08 12_08_59.362-05_00_0.png,2,4.0,2.6178556767760175
2145_LeafPhotoA_2025-09-08 12_11_53.988,PI656014,5,2145_LeafPhotoA_2025-09-08 12_11_53.988-05_00_0.png,1,3.5,2.7765479868739016
2145_LeafPhotoA_2025-09-08 12_12_18.335,PI656014,5,2145_LeafPhotoA_2025-09-08 12_12_18.335-05_00_0.png,2,3.0,2.6947600884822585
2145_LeafPhotoA_2025-09-08 12_12_59.236,PI656014,5,2145_LeafPhotoA_2025-09-08 12_12_59.236-05_00_0.png,2,2.0,2.6183114573693143
2146_LeafPhotoA_2025-09-08 12_13_58.787,SC0201,5,2146_LeafPhotoA_2025-09-08 12_13_58.787-05_00_0.png,2,2.0,2.187056412036966
2146_LeafPhotoA_2025-09-08 12_14_28.664,SC0201,5,2146_LeafPhotoA_2025-09-08 12_14_28.664-05_00_0.png,1,2.5,2.4457795048220414
2147_LeafPhotoA_2025-09-08 12_17_39.207,PI533941,4,2147_LeafPhotoA_2025-09-08 12_17_39.207-05_00_0.png,1,3.0,2.453736184398465
2147_LeafPhotoA_2025-09-08 12_17_59.772,PI533941,4,2147_LeafPhotoA_2025-09-08 12_17_59.772-05_00_0.png,2,1.5,1.9102667177883608
2147_LeafPhotoA_2025-09-08 12_18_14.764,PI533941,4,2147_LeafPhotoA_2025-09-08 12_18_14.764-05_00_0.png,2,2.0,2.062034744672466
2148_LeafPhotoA_2025-09-08 12_18_57.574,PI576348,2,2148_LeafPhotoA_2025-09-08 12_18_57.574-05_00_0.png,2,2.5,2.4382855867217694
2148_LeafPhotoA_2025-09-08 12_19_21.001,PI576348,2,2148_LeafPhotoA_2025-09-08 12_19_21.001-05_00_0.png,2,3.0,2.5520427253278104
2149_LeafPhotoA_2025-09-08 12_20_25.908,PI533835,4,2149_LeafPhotoA_2025-09-08 12_20_25.908-05_00_0.png,2,1.5,2.3556850645849665
2149_LeafPhotoA_2025-09-08 12_20_42.863,PI533835,4,2149_LeafPhotoA_2025-09-08 12_20_42.863-05_00_0.png,2,2.5,2.4941857062882504
2150_LeafPhotoA_2025-09-08 12_22_07.286,PI533801,1,2150_LeafPhotoA_2025-09-08 12_22_07.286-05_00_0.png,2,1.5,2.10700642535187
2150_LeafPhotoA_2025-09-08 12_22_44.950,PI533801,1,2150_LeafPhotoA_2025-09-08 12_22_44.950-05_00_0.png,2,1.75,2.709731658675824
2151_LeafPhotoA_2025-09-08 12_25_03.831,PI533935,3,2151_LeafPhotoA_2025-09-08 12_25_03.831-05_00_0.png,2,4.0,3.235599060540893
2151_LeafPhotoA_2025-09-08 12_25_22.655,PI533935,3,2151_LeafPhotoA_2025-09-08 12_25_22.655-05_00_0.png,2,3.0,2.7534658615950023
2151_LeafPhotoA_2025-09-08 12_25_52.464,PI533935,3,2151_LeafPhotoA_2025-09-08 12_25_52.464-05_00_0.png,2,3.0,2.3667689326246037
2152_LeafPhotoA_2025-09-08 12_27_14.646,PI564163,1,2152_LeafPhotoA_2025-09-08 12_27_14.646-05_00_0.png,2,2.0,1.9859541951663642
2152_LeafPhotoA_2025-09-08 12_27_54.253,PI564163,1,2152_LeafPhotoA_2025-09-08 12_27_54.253-05_00_0.png,2,2.5,1.987142044021164
2153_LeafPhotoA_2025-09-08 12_28_41.123,PI534013,4,2153_LeafPhotoA_2025-09-08 12_28_41.123-05_00_0.png,2,2.5,2.258314995166726
2153_LeafPhotoA_2025-09-08 12_29_10.390,PI534013,4,2153_LeafPhotoA_2025-09-08 12_29_10.390-05_00_0.png,2,1.25,1.8966325315186179
2154_LeafPhotoA_2025-09-08 12_30_04.473,PI534086,3,2154_LeafPhotoA_2025-09-08 12_30_04.473-05_00_0.png,2,3.5,2.4174437902090755
2154_LeafPhotoA_2025-09-08 12_30_32.350,PI534086,3,2154_LeafPhotoA_2025-09-08 12_30_32.350-05_00_0.png,2,4.0,3.0130971221815357
2154_LeafPhotoA_2025-09-08 12_30_58.351,PI534086,3,2154_LeafPhotoA_2025-09-08 12_30_58.351-05_00_0.png,2,3.5,3.1164764976685113
2156_LeafPhotoA_2025-09-08 12_32_46.869,PI533778,5,2156_LeafPhotoA_2025-09-08 12_32_46.869-05_00_0.png,1,3.25,3.076770977907686
2156_LeafPhotoA_2025-09-08 12_33_17.231,PI533778,5,2156_LeafPhotoA_2025-09-08 12_33_17.231-05_00_0.png,2,3.0,3.0525269828938866
2156_LeafPhotoA_2025-09-08 12_33_27.869,PI533778,5,2156_LeafPhotoA_2025-09-08 12_33_27.869-05_00_0.png,2,3.5,2.8899693789266445
2157_LeafPhotoA_2025-09-08 12_34_09.263,PI659692,3,2157_LeafPhotoA_2025-09-08 12_34_09.263-05_00_0.png,2,3.0,2.372723812277928
2157_LeafPhotoA_2025-09-08 12_34_40.264,PI659692,3,2157_LeafPhotoA_2025-09-08 12_34_40.264-05_00_0.png,2,1.5,1.9840362344442954
2157_LeafPhotoA_2025-09-08 12_34_57.239,PI659692,3,2157_LeafPhotoA_2025-09-08 12_34_57.239-05_00_0.png,2,2.0,2.1867970176742886
2158_LeafPhotoA_2025-09-08 12_36_18.286,PI534103,4,2158_LeafPhotoA_2025-09-08 12_36_18.286-05_00_0.png,2,2.5,2.1730793310909498
2158_LeafPhotoA_2025-09-08 12_36_35.506,PI534103,4,2158_LeafPhotoA_2025-09-08 12_36_35.506-05_00_0.png,2,1.0,1.9426869619050544
2159_LeafPhotoA_2025-09-08 12_37_20.810,PI533770,5,2159_LeafPhotoA_2025-09-08 12_37_20.810-05_00_0.png,2,2.5,3.0065016294382905
2159_LeafPhotoA_2025-09-08 12_37_41.670,PI533770,5,2159_LeafPhotoA_2025-09-08 12_37_41.670-05_00_0.png,2,3.0,2.919435812319584
2160_LeafPhotoA_2025-09-08 12_38_59.488,PI597976,3,2160_LeafPhotoA_2025-09-08 12_38_59.488-05_00_0.png,2,1.75,2.556098464100031
2160_LeafPhotoA_2025-09-08 12_39_41.341,PI597976,3,2160_LeafPhotoA_2025-09-08 12_39_41.341-05_00_0.png,2,2.5,2.1828942648824796
2160_LeafPhotoA_2025-09-08 12_40_02.144,PI597976,3,2160_LeafPhotoA_2025-09-08 12_40_02.144-05_00_0.png,2,2.5,2.051380435661202
2161_LeafPhotoA_2025-09-09 11_50_30.746,SC0371,4,2161_LeafPhotoA_2025-09-09 11_50_30.746-05_00_0.png,2,3.5,3.515759939457476
2161_LeafPhotoA_2025-09-09 11_50_42.659,SC0371,4,2161_LeafPhotoA_2025-09-09 11_50_42.659-05_00_0.png,2,3.5,3.030551496550185
2161_LeafPhotoA_2025-09-09 11_51_07.707,SC0371,4,2161_LeafPhotoA_2025-09-09 11_51_07.707-05_00_0.png,2,3.0,2.9100073232634616
2162_LeafPhotoA_2025-09-09 11_52_14.872,PI552861,3,2162_LeafPhotoA_2025-09-09 11_52_14.872-05_00_0.png,2,3.0,2.732435324112333
2162_LeafPhotoA_2025-09-09 11_52_42.308,PI552861,3,2162_LeafPhotoA_2025-09-09 11_52_42.308-05_00_0.png,2,3.0,2.4325742325852393
2162_LeafPhotoA_2025-09-09 11_52_54.057,PI552861,3,2162_LeafPhotoA_2025-09-09 11_52_54.057-05_00_0.png,2,2.5,1.7920511109448216
2163_LeafPhotoA_2025-09-09 11_54_41.163,PI576431,5,2163_LeafPhotoA_2025-09-09 11_54_41.163-05_00_0.png,2,3.5,2.640110749048181
2163_LeafPhotoA_2025-09-09 11_54_54.715,PI576431,5,2163_LeafPhotoA_2025-09-09 11_54_54.715-05_00_0.png,2,3.25,2.799381871167478
2163_LeafPhotoA_2025-09-09 11_55_16.653,PI576431,5,2163_LeafPhotoA_2025-09-09 11_55_16.653-05_00_0.png,2,1.5,2.1580184326958056
2164_LeafPhotoA_2025-09-09 11_57_07.291,PI576130,2,2164_LeafPhotoA_2025-09-09 11_57_07.291-05_00_0.png,2,1.0,2.099370710315817
2164_LeafPhotoA_2025-09-09 11_57_19.201,PI576130,2,2164_LeafPhotoA_2025-09-09 11_57_19.201-05_00_0.png,2,1.5,2.2034678205163636
2164_LeafPhotoA_2025-09-09 11_57_28.700,PI576130,2,2164_LeafPhotoA_2025-09-09 11_57_28.700-05_00_0.png,1,1.5,2.022359646157453
2165_LeafPhotoA_2025-09-09 11_58_06.977,PI564163,1,2165_LeafPhotoA_2025-09-09 11_58_06.977-05_00_0.png,2,2.5,2.4470213573334445
2165_LeafPhotoA_2025-09-09 11_58_19.089,PI564163,1,2165_LeafPhotoA_2025-09-09 11_58_19.089-05_00_0.png,2,2.5,2.5451691057593124
2165_LeafPhotoA_2025-09-09 11_58_33.229,PI564163,1,2165_LeafPhotoA_2025-09-09 11_58_33.229-05_00_0.png,1,3.5,2.935024514569963
2166_LeafPhotoA_2025-09-09 11_59_53.673,PI597966,4,2166_LeafPhotoA_2025-09-09 11_59_53.673-05_00_0.png,2,2.0,2.6306663699293016
2167_LeafPhotoA_2025-09-09 12_01_16.586,PI564163,1,2167_LeafPhotoA_2025-09-09 12_01_16.586-05_00_0.png,2,2.75,3.0028895286020676
2167_LeafPhotoA_2025-09-09 12_01_30.774,PI564163,1,2167_LeafPhotoA_2025-09-09 12_01_30.774-05_00_0.png,2,3.5,2.7608872879832376
2167_LeafPhotoA_2025-09-09 12_01_42.551,PI564163,1,2167_LeafPhotoA_2025-09-09 12_01_42.551-05_00_0.png,2,1.5,2.364028691253637
2168_LeafPhotoA_2025-09-09 12_03_54.274,PI595741,2,2168_LeafPhotoA_2025-09-09 12_03_54.274-05_00_0.png,2,4.0,3.5280312235212214
2169_LeafPhotoA_2025-09-09 12_05_00.575,PI534111,3,2169_LeafPhotoA_2025-09-09 12_05_00.575-05_00_0.png,2,3.0,2.8228493905646155
2169_LeafPhotoA_2025-09-09 12_05_18.887,PI534111,3,2169_LeafPhotoA_2025-09-09 12_05_18.887-05_00_0.png,2,2.0,2.3834441636842305
2169_LeafPhotoA_2025-09-09 12_05_45.764,PI534111,3,2169_LeafPhotoA_2025-09-09 12_05_45.764-05_00_0.png,1,3.0,2.9741312634666928
2169_LeafPhotoA_2025-09-09 12_06_08.101,PI534111,3,2169_LeafPhotoA_2025-09-09 12_06_08.101-05_00_0.png,2,3.0,3.1766150057846843
2170_LeafPhotoA_2025-09-09 12_08_50.054,PI656094,1,2170_LeafPhotoA_2025-09-09 12_08_50.054-05_00_0.png,2,3.5,2.811166220634227
2171_LeafPhotoA_2025-09-09 12_07_17.437,PI153846,5,2171_LeafPhotoA_2025-09-09 12_07_17.437-05_00_0.png,2,3.5,3.326814518974412
2171_LeafPhotoA_2025-09-09 12_07_31.059,PI153846,5,2171_LeafPhotoA_2025-09-09 12_07_31.059-05_00_0.png,2,3.5,3.4400214619831497
2171_LeafPhotoA_2025-09-09 12_11_29.526,PI153846,5,2171_LeafPhotoA_2025-09-09 12_11_29.526-05_00_0.png,2,3.5,3.060037104527976
2173_LeafPhotoA_2025-09-09 12_13_18.928,PI534053,5,2173_LeafPhotoA_2025-09-09 12_13_18.928-05_00_0.png,2,3.0,2.492834228045012
2173_LeafPhotoA_2025-09-09 12_14_11.365,PI534053,5,2173_LeafPhotoA_2025-09-09 12_14_11.365-05_00_0.png,2,3.5,3.155879958893922
2173_LeafPhotoA_2025-09-09 12_14_23.103,PI534053,5,2173_LeafPhotoA_2025-09-09 12_14_23.103-05_00_0.png,2,2.0,2.6006147853873265
2174_LeafPhotoA_2025-09-09 12_15_14.269,PI595745,1,2174_LeafPhotoA_2025-09-09 12_15_14.269-05_00_0.png,2,2.25,2.682393663144477
2174_LeafPhotoA_2025-09-09 12_15_26.621,PI595745,1,2174_LeafPhotoA_2025-09-09 12_15_26.621-05_00_0.png,2,3.5,2.921740967757255
2175_LeafPhotoA_2025-09-09 12_16_04.953,PI534060,3,2175_LeafPhotoA_2025-09-09 12_16_04.953-05_00_0.png,2,2.5,2.2352543864024885
2175_LeafPhotoA_2025-09-09 12_16_18.005,PI534060,3,2175_LeafPhotoA_2025-09-09 12_16_18.005-05_00_0.png,2,3.5,3.3671687467636118
2176_LeafPhotoA_2025-09-09 12_19_48.658,PI595743,3,2176_LeafPhotoA_2025-09-09 12_19_48.658-05_00_0.png,2,4.0,3.0127103359780514
2176_LeafPhotoA_2025-09-09 12_20_00.501,PI595743,3,2176_LeafPhotoA_2025-09-09 12_20_00.501-05_00_0.png,2,3.5,3.019421665556247
2176_LeafPhotoA_2025-09-09 12_20_11.972,PI595743,3,2176_LeafPhotoA_2025-09-09 12_20_11.972-05_00_0.png,2,3.5,2.9372993080822476
2177_LeafPhotoA_2025-09-09 12_21_22.406,PI659691,4,2177_LeafPhotoA_2025-09-09 12_21_22.406-05_00_0.png,2,1.5,2.5967598536138787
2177_LeafPhotoA_2025-09-09 12_21_32.834,PI659691,4,2177_LeafPhotoA_2025-09-09 12_21_32.834-05_00_0.png,2,3.0,3.0264752510217665
2178_LeafPhotoA_2025-09-09 12_22_12.377,PI656118,2,2178_LeafPhotoA_2025-09-09 12_22_12.377-05_00_0.png,2,2.0,2.950361464003083
2178_LeafPhotoA_2025-09-09 12_22_40.647,PI656118,2,2178_LeafPhotoA_2025-09-09 12_22_40.647-05_00_0.png,2,3.0,2.8306450793452638
2178_LeafPhotoA_2025-09-09 12_23_02.870,PI656118,2,2178_LeafPhotoA_2025-09-09 12_23_02.870-05_00_0.png,2,2.0,2.620618217151949
2179_LeafPhotoA_2025-09-09 12_23_30.000,PI533919,1,2179_LeafPhotoA_2025-09-09 12_23_30.000-05_00_0.png,2,3.5,3.202610131509511
2179_LeafPhotoA_2025-09-09 12_23_39.813,PI533919,1,2179_LeafPhotoA_2025-09-09 12_23_39.813-05_00_0.png,2,3.0,3.2392643693926573
2180_LeafPhotoA_2025-09-09 12_24_28.651,PI576371,2,2180_LeafPhotoA_2025-09-09 12_24_28.651-05_00_0.png,2,3.0,2.997536277460128
2180_LeafPhotoA_2025-09-09 12_24_37.417,PI576371,2,2180_LeafPhotoA_2025-09-09 12_24_37.417-05_00_0.png,2,2.5,3.4033025972592235
2181_LeafPhotoA_2025-09-09 12_25_24.274,PI533840,4,2181_LeafPhotoA_2025-09-09 12_25_24.274-05_00_0.png,2,2.5,2.657059174188169
2181_LeafPhotoA_2025-09-09 12_25_47.850,PI533840,4,2181_LeafPhotoA_2025-09-09 12_25_47.850-05_00_0.png,2,4.25,3.5857075685258124
2182_LeafPhotoA_2025-09-09 12_26_51.449,SC0505,2,2182_LeafPhotoA_2025-09-09 12_26_51.449-05_00_0.png,2,2.5,2.649616617031001
2183_LeafPhotoA_2025-09-09 12_27_52.179,PI656038,1,2183_LeafPhotoA_2025-09-09 12_27_52.179-05_00_0.png,2,2.5,2.694277105848031
2183_LeafPhotoA_2025-09-09 12_28_05.907,PI656038,1,2183_LeafPhotoA_2025-09-09 12_28_05.907-05_00_0.png,2,3.0,3.0381181144453446
2183_LeafPhotoA_2025-09-09 12_28_17.472,PI656038,1,2183_LeafPhotoA_2025-09-09 12_28_17.472-05_00_0.png,2,3.5,3.103119246905324
2184_LeafPhotoA_2025-09-09 12_28_52.400,PI595726,3,2184_LeafPhotoA_2025-09-09 12_28_52.400-05_00_0.png,2,2.0,2.6430218536936203
2184_LeafPhotoA_2025-09-09 12_29_02.951,PI595726,3,2184_LeafPhotoA_2025-09-09 12_29_02.951-05_00_0.png,2,1.25,2.535983500950161
2184_LeafPhotoA_2025-09-09 12_29_11.777,PI595726,3,2184_LeafPhotoA_2025-09-09 12_29_11.777-05_00_0.png,2,3.0,3.0204726820223002
2184_LeafPhotoA_2025-09-09 12_29_38.544,PI595726,3,2184_LeafPhotoA_2025-09-09 12_29_38.544-05_00_0.png,2,1.0,1.9837059623649227
2184_LeafPhotoA_2025-09-09 12_29_50.831,PI595726,3,2184_LeafPhotoA_2025-09-09 12_29_50.831-05_00_0.png,2,1.0,2.1927769871995606
2184_LeafPhotoA_2025-09-09 12_30_05.392,PI595726,3,2184_LeafPhotoA_2025-09-09 12_30_05.392-05_00_0.png,2,1.0,1.870041192815046
2185_LeafPhotoA_2025-09-09 12_31_57.613,PI533760,3,2185_LeafPhotoA_2025-09-09 12_31_57.613-05_00_0.png,2,1.0,2.2046200949487065
2185_LeafPhotoA_2025-09-09 12_32_08.628,PI533760,3,2185_LeafPhotoA_2025-09-09 12_32_08.628-05_00_0.png,2,1.5,2.1048944547602626
2186_LeafPhotoA_2025-09-09 12_31_03.766,PI533794,3,2186_LeafPhotoA_2025-09-09 12_31_03.766-05_00_0.png,2,3.0,3.379419019034363
2186_LeafPhotoA_2025-09-09 12_31_18.903,PI533794,3,2186_LeafPhotoA_2025-09-09 12_31_18.903-05_00_0.png,2,2.75,3.8118851942412446
2186_LeafPhotoA_2025-09-09 12_31_28.944,PI533794,3,2186_LeafPhotoA_2025-09-09 12_31_28.944-05_00_0.png,2,2.5,3.714711189072408
2187_LeafPhotoA_2025-09-09 12_32_57.938,PI564163,1,2187_LeafPhotoA_2025-09-09 12_32_57.938-05_00_0.png,2,3.0,2.9659978843597763
2187_LeafPhotoA_2025-09-09 12_33_30.247,PI564163,1,2187_LeafPhotoA_2025-09-09 12_33_30.247-05_00_0.png,2,3.5,3.2404759614705236
2188_LeafPhotoA_2025-09-09 12_34_26.464,SC0777,5,2188_LeafPhotoA_2025-09-09 12_34_26.464-05_00_0.png,2,3.0,2.5979623892822055
2188_LeafPhotoA_2025-09-09 12_34_35.986,SC0777,5,2188_LeafPhotoA_2025-09-09 12_34_35.986-05_00_0.png,2,3.0,2.7196499024377
2188_LeafPhotoA_2025-09-09 12_34_49.357,SC0777,5,2188_LeafPhotoA_2025-09-09 12_34_49.357-05_00_0.png,2,3.0,2.6076917180340473
2189_LeafPhotoA_2025-09-08 17_18_00.620,PI276837,4,2189_LeafPhotoA_2025-09-08 17_18_00.620-05_00_0.png,1,1.5,2.062705077426012
2189_LeafPhotoA_2025-09-08 17_18_33.881,PI276837,4,2189_LeafPhotoA_2025-09-08 17_18_33.881-05_00_0.png,2,1.0,1.6837716573953225
2189_LeafPhotoA_2025-09-08 17_18_50.308,PI276837,4,2189_LeafPhotoA_2025-09-08 17_18_50.308-05_00_0.png,2,1.5,1.9819553529782061
2190_LeafPhotoA_2025-09-08 17_16_58.120,PI534127,3,2190_LeafPhotoA_2025-09-08 17_16_58.120-05_00_0.png,2,2.5,2.39705086050204
2191_LeafPhotoA_2025-09-08 17_16_00.546,PI533974,3,2191_LeafPhotoA_2025-09-08 17_16_00.546-05_00_0.png,1,1.5,2.2091142385385325
2191_LeafPhotoA_2025-09-08 17_16_22.623,PI533974,3,2191_LeafPhotoA_2025-09-08 17_16_22.623-05_00_0.png,2,3.0,2.2667235797622727
2191_LeafPhotoA_2025-09-08 17_16_36.659,PI533974,3,2191_LeafPhotoA_2025-09-08 17_16_36.659-05_00_0.png,1,2.5,2.4116036470335773
2192_LeafPhotoA_2025-09-08 17_13_32.965,PI656084,2,2192_LeafPhotoA_2025-09-08 17_13_32.965-05_00_0.png,1,2.0,2.1893573480693513
2192_LeafPhotoA_2025-09-08 17_13_50.279,PI656084,2,2192_LeafPhotoA_2025-09-08 17_13_50.279-05_00_0.png,2,1.5,1.9196797210464935
2192_LeafPhotoA_2025-09-08 17_14_08.265,PI656084,2,2192_LeafPhotoA_2025-09-08 17_14_08.265-05_00_0.png,2,2.5,2.3760777341893475
2193_LeafPhotoA_2025-09-08 17_12_26.199,PI597962,5,2193_LeafPhotoA_2025-09-08 17_12_26.199-05_00_0.png,2,2.5,2.0638128178998594
2193_LeafPhotoA_2025-09-08 17_12_46.303,PI597962,5,2193_LeafPhotoA_2025-09-08 17_12_46.303-05_00_0.png,2,2.5,2.0054622862648857
2194_LeafPhotoA_2025-09-08 17_11_09.444,PI533953,4,2194_LeafPhotoA_2025-09-08 17_11_09.444-05_00_0.png,2,3.5,2.7023652360925965
2194_LeafPhotoA_2025-09-08 17_11_29.841,PI533953,4,2194_LeafPhotoA_2025-09-08 17_11_29.841-05_00_0.png,2,2.5,2.4063486020246945
2194_LeafPhotoA_2025-09-08 17_11_43.452,PI533953,4,2194_LeafPhotoA_2025-09-08 17_11_43.452-05_00_0.png,2,3.5,2.6946530371363653
2195_LeafPhotoA_2025-09-08 17_10_30.408,PI595712,3,2195_LeafPhotoA_2025-09-08 17_10_30.408-05_00_0.png,2,3.0,2.5089027156985138
2196_LeafPhotoA_2025-09-08 17_09_05.011,PI534077,5,2196_LeafPhotoA_2025-09-08 17_09_05.011-05_00_0.png,2,2.25,2.795690788231518
2196_LeafPhotoA_2025-09-08 17_09_39.608,PI534077,5,2196_LeafPhotoA_2025-09-08 17_09_39.608-05_00_0.png,2,3.0,2.5434746963586603
2197_LeafPhotoA_2025-09-08 17_07_18.265,PI595713,3,2197_LeafPhotoA_2025-09-08 17_07_18.265-05_00_0.png,2,1.0,2.079947963933977
2197_LeafPhotoA_2025-09-08 17_07_37.038,PI595713,3,2197_LeafPhotoA_2025-09-08 17_07_37.038-05_00_0.png,2,2.0,1.9256845836312313
2198_LeafPhotoA_2025-09-08 17_06_49.676,PI534074,2,2198_LeafPhotoA_2025-09-08 17_06_49.676-05_00_0.png,2,2.5,2.6014887734183274
2199_LeafPhotoA_2025-09-08 17_05_27.908,PI542718,1,2199_LeafPhotoA_2025-09-08 17_05_27.908-05_00_0.png,1,4.5,3.233228033703952
2199_LeafPhotoA_2025-09-08 17_05_50.087,PI542718,1,2199_LeafPhotoA_2025-09-08 17_05_50.087-05_00_0.png,1,2.5,2.800308175600197
2199_LeafPhotoA_2025-09-08 17_06_13.649,PI542718,1,2199_LeafPhotoA_2025-09-08 17_06_13.649-05_00_0.png,2,4.0,3.0067449142593206
2200_LeafPhotoA_2025-09-08 17_03_29.885,PI534135,1,2200_LeafPhotoA_2025-09-08 17_03_29.885-05_00_0.png,1,1.5,1.9134932768418098
2200_LeafPhotoA_2025-09-08 17_03_53.641,PI534135,1,2200_LeafPhotoA_2025-09-08 17_03_53.641-05_00_0.png,1,1.0,1.7642972733098607
2201_LeafPhotoA_2025-09-08 10_47_11.543,PI595733,1,2201_LeafPhotoA_2025-09-08 10_47_11.543-05_00_0.png,2,1.0,1.5774274600567753
2201_LeafPhotoA_2025-09-08 10_47_34.501,PI595733,1,2201_LeafPhotoA_2025-09-08 10_47_34.501-05_00_0.png,2,1.25,1.8895569835956356
2202_LeafPhotoA_2025-09-08 10_48_23.952,PI576380,1,2202_LeafPhotoA_2025-09-08 10_48_23.952-05_00_0.png,2,1.5,1.820736294655906
2202_LeafPhotoA_2025-09-08 10_48_38.768,PI576380,1,2202_LeafPhotoA_2025-09-08 10_48_38.768-05_00_0.png,2,2.0,1.6305440903826665
2202_LeafPhotoA_2025-09-08 10_48_52.303,PI576380,1,2202_LeafPhotoA_2025-09-08 10_48_52.303-05_00_0.png,2,1.5,1.9840964476329892
2203_LeafPhotoA_2025-09-08 10_49_25.748,SC0604,4,2203_LeafPhotoA_2025-09-08 10_49_25.748-05_00_0.png,2,2.0,1.9183211186850202
2203_LeafPhotoA_2025-09-08 10_49_46.312,SC0604,4,2203_LeafPhotoA_2025-09-08 10_49_46.312-05_00_0.png,2,3.0,2.145229399452241
2203_LeafPhotoA_2025-09-08 10_50_00.534,SC0604,4,2203_LeafPhotoA_2025-09-08 10_50_00.534-05_00_0.png,2,2.5,2.2398901840365975
2204_LeafPhotoA_2025-09-08 10_50_57.372,PI656031,1,2204_LeafPhotoA_2025-09-08 10_50_57.372-05_00_0.png,2,1.5,1.774446123964699
2204_LeafPhotoA_2025-09-08 10_51_18.731,PI656031,1,2204_LeafPhotoA_2025-09-08 10_51_18.731-05_00_0.png,2,1.0,1.6764632006259468
2204_LeafPhotoA_2025-09-08 10_51_32.424,PI656031,1,2204_LeafPhotoA_2025-09-08 10_51_32.424-05_00_0.png,2,1.0,1.6539291585385538
2205_LeafPhotoA_2025-09-08 10_52_09.894,PI576385,5,2205_LeafPhotoA_2025-09-08 10_52_09.894-05_00_0.png,2,1.5,2.2887767891866164
2205_LeafPhotoA_2025-09-08 10_52_29.620,PI576385,5,2205_LeafPhotoA_2025-09-08 10_52_29.620-05_00_0.png,2,1.25,1.9961064700227835
2205_LeafPhotoA_2025-09-08 10_52_49.920,PI576385,5,2205_LeafPhotoA_2025-09-08 10_52_49.920-05_00_0.png,2,2.0,2.205905841312348
2206_LeafPhotoA_2025-09-08 10_53_32.789,PI656048,3,2206_LeafPhotoA_2025-09-08 10_53_32.789-05_00_0.png,2,1.5,1.96933357328368
2206_LeafPhotoA_2025-09-08 10_53_50.729,PI656048,3,2206_LeafPhotoA_2025-09-08 10_53_50.729-05_00_0.png,2,2.5,1.9528485178412884
2206_LeafPhotoA_2025-09-08 10_54_07.474,PI656048,3,2206_LeafPhotoA_2025-09-08 10_54_07.474-05_00_0.png,2,1.5,1.6281293119002878
2207_LeafPhotoA_2025-09-08 10_54_55.448,PI533766,4,2207_LeafPhotoA_2025-09-08 10_54_55.448-05_00_0.png,2,1.25,2.1694368467123697
2207_LeafPhotoA_2025-09-08 10_55_18.048,PI533766,4,2207_LeafPhotoA_2025-09-08 10_55_18.048-05_00_0.png,2,2.5,2.117028555215637
2207_LeafPhotoA_2025-09-08 10_55_39.931,PI533766,4,2207_LeafPhotoA_2025-09-08 10_55_39.931-05_00_0.png,2,2.0,1.7305570564164507
2208_LeafPhotoA_2025-09-08 10_56_14.172,PI656109,2,2208_LeafPhotoA_2025-09-08 10_56_14.172-05_00_0.png,1,3.5,3.150028233228868
2208_LeafPhotoA_2025-09-08 10_56_29.142,PI656109,2,2208_LeafPhotoA_2025-09-08 10_56_29.142-05_00_0.png,2,3.5,2.3910864141797536
2208_LeafPhotoA_2025-09-08 10_56_49.037,PI656109,2,2208_LeafPhotoA_2025-09-08 10_56_49.037-05_00_0.png,2,3.5,2.369152040797878
2209_LeafPhotoA_2025-09-08 10_57_42.055,PI642992,1,2209_LeafPhotoA_2025-09-08 10_57_42.055-05_00_0.png,2,2.0,1.9524439117240073
2209_LeafPhotoA_2025-09-08 10_59_39.014,PI642992,1,2209_LeafPhotoA_2025-09-08 10_59_39.014-05_00_0.png,2,3.0,2.625592566638993
2210_LeafPhotoA_2025-09-08 11_00_04.684,SC0837,4,2210_LeafPhotoA_2025-09-08 11_00_04.684-05_00_0.png,2,1.25,1.6818867569586402
2210_LeafPhotoA_2025-09-08 11_00_21.852,SC0837,4,2210_LeafPhotoA_2025-09-08 11_00_21.852-05_00_0.png,2,1.5,1.790339194085498
2211_LeafPhotoA_2025-09-08 11_00_59.925,PI595736,2,2211_LeafPhotoA_2025-09-08 11_00_59.925-05_00_0.png,2,2.5,1.8174959637965904
2211_LeafPhotoA_2025-09-08 11_01_14.288,PI595736,2,2211_LeafPhotoA_2025-09-08 11_01_14.288-05_00_0.png,2,2.5,1.73911164904309
2211_LeafPhotoA_2025-09-08 11_01_34.648,PI595736,2,2211_LeafPhotoA_2025-09-08 11_01_34.648-05_00_0.png,1,2.5,1.723645569363074
2212_LeafPhotoA_2025-09-08 11_02_23.259,SC0235,1,2212_LeafPhotoA_2025-09-08 11_02_23.259-05_00_0.png,2,3.0,2.4239229830867517
2212_LeafPhotoA_2025-09-08 11_02_41.799,SC0235,1,2212_LeafPhotoA_2025-09-08 11_02_41.799-05_00_0.png,1,2.5,2.5534769882791015
2212_LeafPhotoA_2025-09-08 11_02_55.317,SC0235,1,2212_LeafPhotoA_2025-09-08 11_02_55.317-05_00_0.png,2,3.0,2.1881712170216
2213_LeafPhotoA_2025-09-08 11_03_25.212,PI534019,5,2213_LeafPhotoA_2025-09-08 11_03_25.212-05_00_0.png,2,2.5,2.028733694036679
2213_LeafPhotoA_2025-09-08 11_03_41.024,PI534019,5,2213_LeafPhotoA_2025-09-08 11_03_41.024-05_00_0.png,2,2.0,2.0392041360700435
2213_LeafPhotoA_2025-09-08 11_04_01.148,PI534019,5,2213_LeafPhotoA_2025-09-08 11_04_01.148-05_00_0.png,2,2.0,1.8497467447186564
2214_LeafPhotoA_2025-09-08 11_06_44.010,SC0615,5,2214_LeafPhotoA_2025-09-08 11_06_44.010-05_00_0.png,2,3.5,2.902390644451629
2214_LeafPhotoA_2025-09-08 11_07_42.373,SC0615,5,2214_LeafPhotoA_2025-09-08 11_07_42.373-05_00_0.png,2,3.0,3.217796335932203
2214_LeafPhotoA_2025-09-08 11_07_55.630,SC0615,5,2214_LeafPhotoA_2025-09-08 11_07_55.630-05_00_0.png,2,3.0,3.253161891446046
2215_LeafPhotoA_2025-09-08 11_08_15.046,PI534069,5,2215_LeafPhotoA_2025-09-08 11_08_15.046-05_00_0.png,2,3.0,2.8962663470490146
2215_LeafPhotoA_2025-09-08 11_08_31.563,PI534069,5,2215_LeafPhotoA_2025-09-08 11_08_31.563-05_00_0.png,2,2.25,2.8362225208989593
2215_LeafPhotoA_2025-09-08 11_08_51.218,PI534069,5,2215_LeafPhotoA_2025-09-08 11_08_51.218-05_00_0.png,2,3.0,2.3716702127791818
2216_LeafPhotoA_2025-09-08 11_10_06.371,PI564163,1,2216_LeafPhotoA_2025-09-08 11_10_06.371-05_00_0.png,2,2.0,2.0330827162267724
2216_LeafPhotoA_2025-09-08 11_10_30.787,PI564163,1,2216_LeafPhotoA_2025-09-08 11_10_30.787-05_00_0.png,2,1.5,1.7105067468505637
2216_LeafPhotoA_2025-09-08 11_10_48.494,PI564163,1,2216_LeafPhotoA_2025-09-08 11_10_48.494-05_00_0.png,2,2.0,1.6293420461394523
2217_LeafPhotoA_2025-09-08 11_13_58.086,PI533843,5,2217_LeafPhotoA_2025-09-08 11_13_58.086-05_00_0.png,2,2.0,1.7610707153183915
2217_LeafPhotoA_2025-09-08 11_14_17.597,PI533843,5,2217_LeafPhotoA_2025-09-08 11_14_17.597-05_00_0.png,2,2.5,1.994973779303533
2218_LeafPhotoA_2025-09-08 11_14_46.146,SC0581,3,2218_LeafPhotoA_2025-09-08 11_14_46.146-05_00_0.png,2,1.25,2.059354819507789
2218_LeafPhotoA_2025-09-08 11_15_11.248,SC0581,3,2218_LeafPhotoA_2025-09-08 11_15_11.248-05_00_0.png,2,1.5,1.882340402810535
2218_LeafPhotoA_2025-09-08 11_15_34.494,SC0581,3,2218_LeafPhotoA_2025-09-08 11_15_34.494-05_00_0.png,2,1.0,1.5964425344964477
2219_LeafPhotoA_2025-09-08 11_16_35.629,PI561072,5,2219_LeafPhotoA_2025-09-08 11_16_35.629-05_00_0.png,2,1.5,1.8245551912600746
2219_LeafPhotoA_2025-09-08 11_17_01.709,PI561072,5,2219_LeafPhotoA_2025-09-08 11_17_01.709-05_00_0.png,2,1.5,1.8082834285024696
2219_LeafPhotoA_2025-09-08 11_17_19.783,PI561072,5,2219_LeafPhotoA_2025-09-08 11_17_19.783-05_00_0.png,2,1.5,1.7122993187582962
2220_LeafPhotoA_2025-09-08 11_18_15.498,PI597951,4,2220_LeafPhotoA_2025-09-08 11_18_15.498-05_00_0.png,2,3.5,2.8177068873302966
2220_LeafPhotoA_2025-09-08 11_18_41.599,PI597951,4,2220_LeafPhotoA_2025-09-08 11_18_41.599-05_00_0.png,2,2.75,2.6225017131969364
2220_LeafPhotoA_2025-09-08 11_19_01.382,PI597951,4,2220_LeafPhotoA_2025-09-08 11_19_01.382-05_00_0.png,2,3.0,2.930267532134618
2221_LeafPhotoA_2025-09-08 11_19_48.606,PI651492,1,2221_LeafPhotoA_2025-09-08 11_19_48.606-05_00_0.png,2,1.5,1.6757516905844887
2221_LeafPhotoA_2025-09-08 11_20_41.684,PI651492,1,2221_LeafPhotoA_2025-09-08 11_20_41.684-05_00_0.png,2,1.0,1.6223640522803915
2221_LeafPhotoA_2025-09-08 11_21_31.466,PI651492,1,2221_LeafPhotoA_2025-09-08 11_21_31.466-05_00_0.png,2,1.5,1.5946213741882829
2222_LeafPhotoA_2025-09-08 11_22_09.556,PI534123,4,2222_LeafPhotoA_2025-09-08 11_22_09.556-05_00_0.png,2,3.0,2.360765391762306
2222_LeafPhotoA_2025-09-08 11_22_29.920,PI534123,4,2222_LeafPhotoA_2025-09-08 11_22_29.920-05_00_0.png,2,3.0,2.430195514947944
2222_LeafPhotoA_2025-09-08 11_22_53.252,PI534123,4,2222_LeafPhotoA_2025-09-08 11_22_53.252-05_00_0.png,2,2.25,2.7544330687286602
2223_LeafPhotoA_2025-09-08 11_23_28.027,PI576360,5,2223_LeafPhotoA_2025-09-08 11_23_28.027-05_00_0.png,2,1.5,1.8079581238800453
2223_LeafPhotoA_2025-09-08 11_23_49.064,PI576360,5,2223_LeafPhotoA_2025-09-08 11_23_49.064-05_00_0.png,2,2.5,2.2082074255890665
2223_LeafPhotoA_2025-09-08 11_24_19.965,PI576360,5,2223_LeafPhotoA_2025-09-08 11_24_19.965-05_00_0.png,2,2.5,2.1979998654739363
2224_LeafPhotoA_2025-09-08 11_25_14.126,SC0190,1,2224_LeafPhotoA_2025-09-08 11_25_14.126-05_00_0.png,2,2.5,2.283415325165975
2224_LeafPhotoA_2025-09-08 11_25_59.755,SC0190,1,2224_LeafPhotoA_2025-09-08 11_25_59.755-05_00_0.png,2,3.0,2.439811988388288
2224_LeafPhotoA_2025-09-08 11_26_31.982,SC0190,1,2224_LeafPhotoA_2025-09-08 11_26_31.982-05_00_0.png,2,3.0,2.432841028449784
2225_LeafPhotoA_2025-09-08 11_27_06.412,PI564163,1,2225_LeafPhotoA_2025-09-08 11_27_06.412-05_00_0.png,2,1.25,1.5294364485148226
2225_LeafPhotoA_2025-09-08 11_27_25.820,PI564163,1,2225_LeafPhotoA_2025-09-08 11_27_25.820-05_00_0.png,2,2.0,2.033446287143787
2225_LeafPhotoA_2025-09-08 11_27_46.440,PI564163,1,2225_LeafPhotoA_2025-09-08 11_27_46.440-05_00_0.png,2,2.0,1.9126012070573408
2226_LeafPhotoA_2025-09-08 11_29_20.764,PI533954,3,2226_LeafPhotoA_2025-09-08 11_29_20.764-05_00_0.png,2,1.5,1.8084764580471604
2227_LeafPhotoA_2025-09-08 11_30_02.848,SC0178,3,2227_LeafPhotoA_2025-09-08 11_30_02.848-05_00_0.png,2,3.5,2.641575830133549
2227_LeafPhotoA_2025-09-08 11_30_41.145,SC0178,3,2227_LeafPhotoA_2025-09-08 11_30_41.145-05_00_0.png,2,3.0,2.695230807005731
2227_LeafPhotoA_2025-09-08 11_30_56.055,SC0178,3,2227_LeafPhotoA_2025-09-08 11_30_56.055-05_00_0.png,2,2.5,2.9121457597756137
2228_LeafPhotoA_2025-09-08 11_31_49.819,PI655978,4,2228_LeafPhotoA_2025-09-08 11_31_49.819-05_00_0.png,2,1.0,1.9354013622535868
2228_LeafPhotoA_2025-09-08 11_32_11.788,PI655978,4,2228_LeafPhotoA_2025-09-08 11_32_11.788-05_00_0.png,2,2.0,2.1060312990801795
2228_LeafPhotoA_2025-09-08 11_32_25.436,PI655978,4,2228_LeafPhotoA_2025-09-08 11_32_25.436-05_00_0.png,2,1.0,1.8088476638063513
2229_LeafPhotoA_2025-09-08 11_33_03.520,PI534016,3,2229_LeafPhotoA_2025-09-08 11_33_03.520-05_00_0.png,2,2.5,1.9750852012712556
2229_LeafPhotoA_2025-09-08 11_33_21.108,PI534016,3,2229_LeafPhotoA_2025-09-08 11_33_21.108-05_00_0.png,2,2.0,2.116977887097454
2229_LeafPhotoA_2025-09-08 11_33_39.436,PI534016,3,2229_LeafPhotoA_2025-09-08 11_33_39.436-05_00_0.png,2,2.5,1.9413826291081575
2230_LeafPhotoA_2025-09-08 11_34_08.280,PI564163,1,2230_LeafPhotoA_2025-09-08 11_34_08.280-05_00_0.png,2,2.0,1.7834212773459672
2230_LeafPhotoA_2025-09-08 11_34_29.686,PI564163,1,2230_LeafPhotoA_2025-09-08 11_34_29.686-05_00_0.png,2,2.5,2.185037647238298
2230_LeafPhotoA_2025-09-08 11_34_55.804,PI564163,1,2230_LeafPhotoA_2025-09-08 11_34_55.804-05_00_0.png,2,2.5,1.9452331934835734
2231_LeafPhotoA_2025-09-08 11_35_24.854,PI533775,5,2231_LeafPhotoA_2025-09-08 11_35_24.854-05_00_0.png,2,3.0,2.419251924543657
2231_LeafPhotoA_2025-09-08 11_36_06.987,PI533775,5,2231_LeafPhotoA_2025-09-08 11_36_06.987-05_00_0.png,2,3.0,2.398256279925786
2232_LeafPhotoA_2025-09-08 11_36_28.775,PI597973,5,2232_LeafPhotoA_2025-09-08 11_36_28.775-05_00_0.png,2,2.5,2.2554663367952523
2232_LeafPhotoA_2025-09-08 11_36_45.907,PI597973,5,2232_LeafPhotoA_2025-09-08 11_36_45.907-05_00_0.png,2,2.0,2.3824595388534338
2232_LeafPhotoA_2025-09-08 11_37_08.412,PI597973,5,2232_LeafPhotoA_2025-09-08 11_37_08.412-05_00_0.png,2,2.0,1.9641824103327579
2233_LeafPhotoA_2025-09-08 11_37_43.992,PI533939,3,2233_LeafPhotoA_2025-09-08 11_37_43.992-05_00_0.png,2,3.0,3.123755097966544
2233_LeafPhotoA_2025-09-08 11_37_57.315,PI533939,3,2233_LeafPhotoA_2025-09-08 11_37_57.315-05_00_0.png,2,3.0,2.579060849455954
2233_LeafPhotoA_2025-09-08 11_38_19.741,PI533939,3,2233_LeafPhotoA_2025-09-08 11_38_19.741-05_00_0.png,2,3.0,2.8299321538749256
2234_LeafPhotoA_2025-09-08 11_39_01.597,SC0616,2,2234_LeafPhotoA_2025-09-08 11_39_01.597-05_00_0.png,2,1.5,2.0291516646112937
2234_LeafPhotoA_2025-09-08 11_39_18.537,SC0616,2,2234_LeafPhotoA_2025-09-08 11_39_18.537-05_00_0.png,2,1.75,1.8903369364513316
2234_LeafPhotoA_2025-09-08 11_39_37.209,SC0616,2,2234_LeafPhotoA_2025-09-08 11_39_37.209-05_00_0.png,1,3.5,1.9672830435804627
2235_LeafPhotoA_2025-09-08 11_40_03.588,PI576433,4,2235_LeafPhotoA_2025-09-08 11_40_03.588-05_00_0.png,2,2.5,2.589929476424197
2235_LeafPhotoA_2025-09-08 11_40_27.107,PI576433,4,2235_LeafPhotoA_2025-09-08 11_40_27.107-05_00_0.png,1,2.5,2.295700290384067
2235_LeafPhotoA_2025-09-08 11_40_41.471,PI576433,4,2235_LeafPhotoA_2025-09-08 11_40_41.471-05_00_0.png,2,1.0,1.6174079592395494
2236_LeafPhotoA_2025-09-08 11_41_19.526,SC1178,5,2236_LeafPhotoA_2025-09-08 11_41_19.526-05_00_0.png,2,2.5,2.1665518948429185
2236_LeafPhotoA_2025-09-08 11_41_44.799,SC1178,5,2236_LeafPhotoA_2025-09-08 11_41_44.799-05_00_0.png,2,2.0,2.423597304349463
2236_LeafPhotoA_2025-09-08 11_42_02.303,SC1178,5,2236_LeafPhotoA_2025-09-08 11_42_02.303-05_00_0.png,2,3.0,2.641622298015261
2237_LeafPhotoA_2025-09-08 11_42_52.155,PI534008,3,2237_LeafPhotoA_2025-09-08 11_42_52.155-05_00_0.png,2,1.5,1.7532496598277392
2237_LeafPhotoA_2025-09-08 11_43_07.075,PI534008,3,2237_LeafPhotoA_2025-09-08 11_43_07.075-05_00_0.png,2,2.0,1.6568216830401012
2237_LeafPhotoA_2025-09-08 11_43_37.148,PI534008,3,2237_LeafPhotoA_2025-09-08 11_43_37.148-05_00_0.png,2,1.5,1.9949967156436033
2238_LeafPhotoA_2025-09-08 11_44_44.603,PI533951,1,2238_LeafPhotoA_2025-09-08 11_44_44.603-05_00_0.png,2,2.5,2.5020305595326096
2238_LeafPhotoA_2025-09-08 11_44_58.574,PI533951,1,2238_LeafPhotoA_2025-09-08 11_44_58.574-05_00_0.png,2,2.5,2.26761457926152
2239_LeafPhotoA_2025-09-08 11_46_35.628,PI533934,3,2239_LeafPhotoA_2025-09-08 11_46_35.628-05_00_0.png,2,2.5,1.90645855098841
2239_LeafPhotoA_2025-09-08 11_46_58.979,PI533934,3,2239_LeafPhotoA_2025-09-08 11_46_58.979-05_00_0.png,2,2.0,2.418517961426043
2240_LeafPhotoA_2025-09-08 11_48_12.770,PI576398,4,2240_LeafPhotoA_2025-09-08 11_48_12.770-05_00_0.png,1,3.0,2.1330351453167142
2240_LeafPhotoA_2025-09-08 11_48_35.062,PI576398,4,2240_LeafPhotoA_2025-09-08 11_48_35.062-05_00_0.png,2,2.5,1.9022320914250859
2240_LeafPhotoA_2025-09-08 11_49_15.391,PI576398,4,2240_LeafPhotoA_2025-09-08 11_49_15.391-05_00_0.png,2,1.75,2.311628592280828
2241_LeafPhotoA_2025-09-08 11_50_20.657,SC0179,1,2241_LeafPhotoA_2025-09-08 11_50_20.657-05_00_0.png,2,2.5,1.9519775578142426
2241_LeafPhotoA_2025-09-08 11_50_42.865,SC0179,1,2241_LeafPhotoA_2025-09-08 11_50_42.865-05_00_0.png,2,2.5,2.028584591293129
2241_LeafPhotoA_2025-09-08 11_51_00.472,SC0179,1,2241_LeafPhotoA_2025-09-08 11_51_00.472-05_00_0.png,2,1.5,1.7296770930601626
2242_LeafPhotoA_2025-09-08 11_51_47.885,PI656081,4,2242_LeafPhotoA_2025-09-08 11_51_47.885-05_00_0.png,2,2.5,2.2556474167817036
2242_LeafPhotoA_2025-09-08 11_52_14.332,PI656081,4,2242_LeafPhotoA_2025-09-08 11_52_14.332-05_00_0.png,2,2.5,2.4174573968579587
2243_LeafPhotoA_2025-09-08 11_53_27.332,PI534129,3,2243_LeafPhotoA_2025-09-08 11_53_27.332-05_00_0.png,2,2.5,2.137002477485551
2243_LeafPhotoA_2025-09-08 11_53_28.057,PI534129,3,2243_LeafPhotoA_2025-09-08 11_53_28.057-05_00_0.png,2,2.5,2.144051217974225
2243_LeafPhotoA_2025-09-08 11_53_58.121,PI534129,3,2243_LeafPhotoA_2025-09-08 11_53_58.121-05_00_0.png,2,1.5,1.9121856017418837
2243_LeafPhotoA_2025-09-08 11_54_15.051,PI534129,3,2243_LeafPhotoA_2025-09-08 11_54_15.051-05_00_0.png,2,2.0,1.9686927305324924
2244_LeafPhotoA_2025-09-08 11_55_01.692,PI533994,2,2244_LeafPhotoA_2025-09-08 11_55_01.692-05_00_0.png,2,1.0,1.6090739529003857
2244_LeafPhotoA_2025-09-08 11_55_31.971,PI533994,2,2244_LeafPhotoA_2025-09-08 11_55_31.971-05_00_0.png,2,2.0,1.72022915760146
2244_LeafPhotoA_2025-09-08 11_56_08.443,PI533994,2,2244_LeafPhotoA_2025-09-08 11_56_08.443-05_00_0.png,2,1.25,1.7274979080221686
2245_LeafPhotoA_2025-09-08 11_57_25.663,PI533897,3,2245_LeafPhotoA_2025-09-08 11_57_25.663-05_00_0.png,2,2.0,1.9586167518908626
2245_LeafPhotoA_2025-09-08 11_57_52.459,PI533897,3,2245_LeafPhotoA_2025-09-08 11_57_52.459-05_00_0.png,2,3.0,2.7448743709869072
2246_LeafPhotoA_2025-09-08 11_58_26.493,PI533916,4,2246_LeafPhotoA_2025-09-08 11_58_26.493-05_00_0.png,2,2.25,2.5403557111425727
2246_LeafPhotoA_2025-09-08 11_58_42.644,PI533916,4,2246_LeafPhotoA_2025-09-08 11_58_42.644-05_00_0.png,2,3.0,2.5632477707169814
2246_LeafPhotoA_2025-09-08 11_59_06.687,PI533916,4,2246_LeafPhotoA_2025-09-08 11_59_06.687-05_00_0.png,2,3.0,2.6500686063914602
2247_LeafPhotoA_2025-09-08 11_59_40.094,PI534140,3,2247_LeafPhotoA_2025-09-08 11_59_40.094-05_00_0.png,2,2.0,1.896810129690485
2247_LeafPhotoA_2025-09-08 12_00_01.765,PI534140,3,2247_LeafPhotoA_2025-09-08 12_00_01.765-05_00_0.png,2,2.5,2.0545403886886913
2247_LeafPhotoA_2025-09-08 12_00_22.231,PI534140,3,2247_LeafPhotoA_2025-09-08 12_00_22.231-05_00_0.png,2,2.0,1.9307210459090693
2248_LeafPhotoA_2025-09-08 12_01_03.092,SC0868,2,2248_LeafPhotoA_2025-09-08 12_01_03.092-05_00_0.png,2,2.0,1.979753947281704
2248_LeafPhotoA_2025-09-08 12_01_20.448,SC0868,2,2248_LeafPhotoA_2025-09-08 12_01_20.448-05_00_0.png,2,1.5,1.8002007918887626
2248_LeafPhotoA_2025-09-08 12_01_46.646,SC0868,2,2248_LeafPhotoA_2025-09-08 12_01_46.646-05_00_0.png,2,2.5,1.9713928934533493
2249_LeafPhotoA_2025-09-08 12_02_31.219,PI534114,2,2249_LeafPhotoA_2025-09-08 12_02_31.219-05_00_0.png,2,2.5,2.052084240758705
2249_LeafPhotoA_2025-09-08 12_02_49.867,PI534114,2,2249_LeafPhotoA_2025-09-08 12_02_49.867-05_00_0.png,2,2.0,1.7130038405289352
2249_LeafPhotoA_2025-09-08 12_03_33.131,PI534114,2,2249_LeafPhotoA_2025-09-08 12_03_33.131-05_00_0.png,2,2.0,1.816840554171922
2250_LeafPhotoA_2025-09-08 12_04_12.601,PI534109,2,2250_LeafPhotoA_2025-09-08 12_04_12.601-05_00_0.png,2,1.5,1.7636937098123981
2250_LeafPhotoA_2025-09-08 12_04_41.387,PI534109,2,2250_LeafPhotoA_2025-09-08 12_04_41.387-05_00_0.png,2,2.5,2.125434293709278
2250_LeafPhotoA_2025-09-08 12_05_17.820,PI534109,2,2250_LeafPhotoA_2025-09-08 12_05_17.820-05_00_0.png,2,1.5,1.9121346528267478
2251_LeafPhotoA_2025-09-08 12_15_49.413,PI533793,4,2251_LeafPhotoA_2025-09-08 12_15_49.413-05_00_0.png,1,1.5,2.1233060004065436
2251_LeafPhotoA_2025-09-08 12_16_14.146,PI533793,4,2251_LeafPhotoA_2025-09-08 12_16_14.146-05_00_0.png,1,2.0,2.0212511032805325
2251_LeafPhotoA_2025-09-08 12_16_40.207,PI533793,4,2251_LeafPhotoA_2025-09-08 12_16_40.207-05_00_0.png,2,1.5,1.9566061625841895
2252_LeafPhotoA_2025-09-08 12_18_11.212,PI585295,5,2252_LeafPhotoA_2025-09-08 12_18_11.212-05_00_0.png,2,1.5,1.6068711109581868
2253_LeafPhotoA_2025-09-08 12_18_44.610,Fill (Exclude),2,2253_LeafPhotoA_2025-09-08 12_18_44.610-05_00_0.png,2,1.25,1.9014343486347882
2253_LeafPhotoA_2025-09-08 12_19_07.213,Fill (Exclude),2,2253_LeafPhotoA_2025-09-08 12_19_07.213-05_00_0.png,2,1.5,1.7537291410711844
2253_LeafPhotoA_2025-09-08 12_19_25.519,Fill (Exclude),2,2253_LeafPhotoA_2025-09-08 12_19_25.519-05_00_0.png,2,2.5,2.0997076227248157
2254_LeafPhotoA_2025-09-08 12_20_26.871,PI533890,2,2254_LeafPhotoA_2025-09-08 12_20_26.871-05_00_0.png,2,2.0,2.440698895237727
2254_LeafPhotoA_2025-09-08 12_20_42.894,PI533890,2,2254_LeafPhotoA_2025-09-08 12_20_42.894-05_00_0.png,2,2.5,2.6036505922214626
2255_LeafPhotoA_2025-09-08 12_22_14.213,SC0741,3,2255_LeafPhotoA_2025-09-08 12_22_14.213-05_00_0.png,2,3.5,2.633592405562857
2255_LeafPhotoA_2025-09-08 12_22_41.128,SC0741,3,2255_LeafPhotoA_2025-09-08 12_22_41.128-05_00_0.png,2,3.0,2.5431303214991297
2255_LeafPhotoA_2025-09-08 12_23_10.399,SC0741,3,2255_LeafPhotoA_2025-09-08 12_23_10.399-05_00_0.png,2,3.0,2.698706574967543
2256_LeafPhotoA_2025-09-08 12_24_33.115,PI533772,3,2256_LeafPhotoA_2025-09-08 12_24_33.115-05_00_0.png,2,2.0,2.359193653207526
2256_LeafPhotoA_2025-09-08 12_25_38.136,PI533772,3,2256_LeafPhotoA_2025-09-08 12_25_38.136-05_00_0.png,2,3.0,2.2646169387635857
2257_LeafPhotoA_2025-09-08 12_26_14.872,PI595740,4,2257_LeafPhotoA_2025-09-08 12_26_14.872-05_00_0.png,2,2.5,2.3850750972904806
2257_LeafPhotoA_2025-09-08 12_26_38.283,PI595740,4,2257_LeafPhotoA_2025-09-08 12_26_38.283-05_00_0.png,2,1.5,2.4399702537486596
2257_LeafPhotoA_2025-09-08 12_26_56.434,PI595740,4,2257_LeafPhotoA_2025-09-08 12_26_56.434-05_00_0.png,2,1.25,2.2642896629514264
2259_LeafPhotoA_2025-09-08 12_30_14.149,PI564163,1,2259_LeafPhotoA_2025-09-08 12_30_14.149-05_00_0.png,2,2.5,1.8531678672919751
2259_LeafPhotoA_2025-09-08 12_30_29.796,PI564163,1,2259_LeafPhotoA_2025-09-08 12_30_29.796-05_00_0.png,2,1.25,2.0364076451300974
2259_LeafPhotoA_2025-09-08 12_30_52.708,PI564163,1,2259_LeafPhotoA_2025-09-08 12_30_52.708-05_00_0.png,2,2.0,1.7329989278732334
2260_LeafPhotoA_2025-09-08 12_31_34.534,PI534134,3,2260_LeafPhotoA_2025-09-08 12_31_34.534-05_00_0.png,2,3.0,2.510291639672893
2260_LeafPhotoA_2025-09-08 12_32_04.249,PI534134,3,2260_LeafPhotoA_2025-09-08 12_32_04.249-05_00_0.png,2,2.5,2.6149011960832804
2260_LeafPhotoA_2025-09-08 12_32_24.295,PI534134,3,2260_LeafPhotoA_2025-09-08 12_32_24.295-05_00_0.png,2,2.0,2.1633065606917987
2261_LeafPhotoA_2025-09-08 12_32_57.935,PI534161,5,2261_LeafPhotoA_2025-09-08 12_32_57.935-05_00_0.png,2,1.5,1.7827416376479819
2261_LeafPhotoA_2025-09-08 12_33_19.920,PI534161,5,2261_LeafPhotoA_2025-09-08 12_33_19.920-05_00_0.png,2,1.5,1.8511031879245254
2261_LeafPhotoA_2025-09-08 12_33_43.183,PI534161,5,2261_LeafPhotoA_2025-09-08 12_33_43.183-05_00_0.png,2,1.5,1.7359604017318147
2262_LeafPhotoA_2025-09-08 12_34_17.650,PI533798,5,2262_LeafPhotoA_2025-09-08 12_34_17.650-05_00_0.png,2,1.5,2.093242205555834
2262_LeafPhotoA_2025-09-08 12_34_41.227,PI533798,5,2262_LeafPhotoA_2025-09-08 12_34_41.227-05_00_0.png,2,1.5,1.9749692644207946
2262_LeafPhotoA_2025-09-08 12_35_02.709,PI533798,5,2262_LeafPhotoA_2025-09-08 12_35_02.709-05_00_0.png,2,2.5,2.0339296782592373
2263_LeafPhotoA_2025-09-08 12_35_34.964,PI534014,5,2263_LeafPhotoA_2025-09-08 12_35_34.964-05_00_0.png,2,1.5,1.5621489898703527
2263_LeafPhotoA_2025-09-08 12_35_51.633,PI534014,5,2263_LeafPhotoA_2025-09-08 12_35_51.633-05_00_0.png,2,1.0,1.565703010059207
2263_LeafPhotoA_2025-09-08 12_36_09.842,PI534014,5,2263_LeafPhotoA_2025-09-08 12_36_09.842-05_00_0.png,2,1.0,1.507002135297574
2264_LeafPhotoA_2025-09-08 12_36_45.299,PI533882,2,2264_LeafPhotoA_2025-09-08 12_36_45.299-05_00_0.png,2,1.5,1.9159194068073955
2264_LeafPhotoA_2025-09-08 12_37_02.624,PI533882,2,2264_LeafPhotoA_2025-09-08 12_37_02.624-05_00_0.png,2,1.5,1.6568090689638542
2264_LeafPhotoA_2025-09-08 12_37_35.402,PI533882,2,2264_LeafPhotoA_2025-09-08 12_37_35.402-05_00_0.png,2,2.0,1.8489701792526139
2265_LeafPhotoA_2025-09-08 12_39_28.832,PI576378,3,2265_LeafPhotoA_2025-09-08 12_39_28.832-05_00_0.png,2,2.25,2.3791646914174844
2265_LeafPhotoA_2025-09-08 12_39_50.942,PI576378,3,2265_LeafPhotoA_2025-09-08 12_39_50.942-05_00_0.png,2,3.0,2.744305706835672
2266_LeafPhotoA_2025-09-08 17_16_27.772,PI656064,4,2266_LeafPhotoA_2025-09-08 17_16_27.772-05_00_0.png,2,4.0,2.7622410045353236
2266_LeafPhotoA_2025-09-08 17_17_09.917,PI656064,4,2266_LeafPhotoA_2025-09-08 17_17_09.917-05_00_0.png,2,2.75,2.813885462561604
2267_LeafPhotoA_2025-09-08 17_15_34.150,SC0636,4,2267_LeafPhotoA_2025-09-08 17_15_34.150-05_00_0.png,2,3.0,2.5538351034951465
2267_LeafPhotoA_2025-09-08 17_16_05.774,SC0636,4,2267_LeafPhotoA_2025-09-08 17_16_05.774-05_00_0.png,2,2.5,2.5198253320381037
2268_LeafPhotoA_2025-09-08 17_14_30.384,PI576342,2,2268_LeafPhotoA_2025-09-08 17_14_30.384-05_00_0.png,2,1.5,1.945657912327612
2268_LeafPhotoA_2025-09-08 17_14_46.907,PI576342,2,2268_LeafPhotoA_2025-09-08 17_14_46.907-05_00_0.png,2,3.0,2.667763945340703
2269_LeafPhotoA_2025-09-08 17_13_41.456,PI533860,3,2269_LeafPhotoA_2025-09-08 17_13_41.456-05_00_0.png,2,2.5,2.646937912578446
2269_LeafPhotoA_2025-09-08 17_13_56.784,PI533860,3,2269_LeafPhotoA_2025-09-08 17_13_56.784-05_00_0.png,2,2.5,2.536375168944017
2269_LeafPhotoA_2025-09-08 17_14_12.666,PI533860,3,2269_LeafPhotoA_2025-09-08 17_14_12.666-05_00_0.png,2,2.25,2.605984313642048
2270_LeafPhotoA_2025-09-08 17_12_53.909,PI655989,3,2270_LeafPhotoA_2025-09-08 17_12_53.909-05_00_0.png,2,2.5,2.4055895931248097
2270_LeafPhotoA_2025-09-08 17_13_07.295,PI655989,3,2270_LeafPhotoA_2025-09-08 17_13_07.295-05_00_0.png,2,2.5,2.653041370356711
2270_LeafPhotoA_2025-09-08 17_13_20.989,PI655989,3,2270_LeafPhotoA_2025-09-08 17_13_20.989-05_00_0.png,2,3.0,2.4219435129879625
2271_LeafPhotoA_2025-09-08 17_11_48.211,PI533926,1,2271_LeafPhotoA_2025-09-08 17_11_48.211-05_00_0.png,2,2.5,2.3953357999459644
2271_LeafPhotoA_2025-09-08 17_12_28.676,PI533926,1,2271_LeafPhotoA_2025-09-08 17_12_28.676-05_00_0.png,2,4.5,3.749346576095705
2272_LeafPhotoA_2025-09-08 17_10_51.813,PI533898,5,2272_LeafPhotoA_2025-09-08 17_10_51.813-05_00_0.png,2,2.5,2.6385399286517384
2273_LeafPhotoA_2025-09-08 17_10_01.760,PI613536,2,2273_LeafPhotoA_2025-09-08 17_10_01.760-05_00_0.png,2,3.0,2.510091918174648
2273_LeafPhotoA_2025-09-08 17_10_20.317,PI613536,2,2273_LeafPhotoA_2025-09-08 17_10_20.317-05_00_0.png,2,2.0,2.370558446815267
2273_LeafPhotoA_2025-09-08 17_10_36.730,PI613536,2,2273_LeafPhotoA_2025-09-08 17_10_36.730-05_00_0.png,2,3.0,2.5234146248179643
2274_LeafPhotoA_2025-09-08 17_09_04.827,PI656108,1,2274_LeafPhotoA_2025-09-08 17_09_04.827-05_00_0.png,1,3.5,3.116333162061482
2274_LeafPhotoA_2025-09-08 17_09_23.369,PI656108,1,2274_LeafPhotoA_2025-09-08 17_09_23.369-05_00_0.png,2,3.0,2.369224831740063
2274_LeafPhotoA_2025-09-08 17_09_38.644,PI656108,1,2274_LeafPhotoA_2025-09-08 17_09_38.644-05_00_0.png,2,2.0,2.4614837147803725
2275_LeafPhotoA_2025-09-08 17_05_17.058,PI656104,5,2275_LeafPhotoA_2025-09-08 17_05_17.058-05_00_0.png,2,2.5,1.914373386361417
2275_LeafPhotoA_2025-09-08 17_08_23.990,PI656104,5,2275_LeafPhotoA_2025-09-08 17_08_23.990-05_00_0.png,2,1.5,2.068057609426323
2276_LeafPhotoA_2025-09-08 17_03_35.378,PI656050,3,2276_LeafPhotoA_2025-09-08 17_03_35.378-05_00_0.png,2,3.0,2.568477056518637
2276_LeafPhotoA_2025-09-08 17_03_48.028,PI656050,3,2276_LeafPhotoA_2025-09-08 17_03_48.028-05_00_0.png,2,3.0,2.5502956730594115
2277_LeafPhotoA_2025-09-08 17_02_31.405,PI597947,2,2277_LeafPhotoA_2025-09-08 17_02_31.405-05_00_0.png,1,2.5,2.297221410392959
2277_LeafPhotoA_2025-09-08 17_02_41.959,PI597947,2,2277_LeafPhotoA_2025-09-08 17_02_41.959-05_00_0.png,2,3.0,2.786908833888417
2277_LeafPhotoA_2025-09-08 17_02_56.416,PI597947,2,2277_LeafPhotoA_2025-09-08 17_02_56.416-05_00_0.png,1,2.25,2.541384314834042
2278_LeafPhotoA_2025-09-08 17_01_22.567,SC0834,5,2278_LeafPhotoA_2025-09-08 17_01_22.567-05_00_0.png,2,3.0,2.9254900483968798
2278_LeafPhotoA_2025-09-08 17_01_54.314,SC0834,5,2278_LeafPhotoA_2025-09-08 17_01_54.314-05_00_0.png,2,3.0,3.2080971056007486
2278_LeafPhotoA_2025-09-08 17_02_12.714,SC0834,5,2278_LeafPhotoA_2025-09-08 17_02_12.714-05_00_0.png,2,3.5,3.3010911628337465
2279_LeafPhotoA_2025-09-08 17_00_42.322,PI533784,1,2279_LeafPhotoA_2025-09-08 17_00_42.322-05_00_0.png,2,3.5,2.866382685835543
2280_LeafPhotoA_2025-09-08 16_59_44.564,PI533883,1,2280_LeafPhotoA_2025-09-08 16_59_44.564-05_00_0.png,2,3.5,2.863256117714578
2280_LeafPhotoA_2025-09-08 16_59_56.766,PI533883,1,2280_LeafPhotoA_2025-09-08 16_59_56.766-05_00_0.png,2,2.5,2.574190338692255
2281_LeafPhotoA_2025-09-08 16_57_54.456,SC0923,4,2281_LeafPhotoA_2025-09-08 16_57_54.456-05_00_0.png,2,3.5,3.169559587572302
2281_LeafPhotoA_2025-09-08 16_59_13.027,SC0923,4,2281_LeafPhotoA_2025-09-08 16_59_13.027-05_00_0.png,2,5.0,3.113682081081112
2282_LeafPhotoA_2025-09-08 16_57_21.521,PI597943,5,2282_LeafPhotoA_2025-09-08 16_57_21.521-05_00_0.png,2,2.0,2.13615049435357
2282_LeafPhotoA_2025-09-08 16_57_36.730,PI597943,5,2282_LeafPhotoA_2025-09-08 16_57_36.730-05_00_0.png,2,2.5,2.0178694998695628
2283_LeafPhotoA_2025-09-08 16_56_23.948,PI597954,5,2283_LeafPhotoA_2025-09-08 16_56_23.948-05_00_0.png,2,3.0,2.661378732467033
2283_LeafPhotoA_2025-09-08 16_56_36.626,PI597954,5,2283_LeafPhotoA_2025-09-08 16_56_36.626-05_00_0.png,2,3.5,2.9995590910828294
2284_LeafPhotoA_2025-09-08 16_55_20.194,PI576353,5,2284_LeafPhotoA_2025-09-08 16_55_20.194-05_00_0.png,2,3.0,2.462712163430205
2284_LeafPhotoA_2025-09-08 16_55_35.272,PI576353,5,2284_LeafPhotoA_2025-09-08 16_55_35.272-05_00_0.png,2,2.5,2.4405351172985688
2285_LeafPhotoA_2025-09-08 16_54_52.461,PI595747,3,2285_LeafPhotoA_2025-09-08 16_54_52.461-05_00_0.png,2,1.0,2.0383117808936064
2285_LeafPhotoA_2025-09-08 16_55_04.775,PI595747,3,2285_LeafPhotoA_2025-09-08 16_55_04.775-05_00_0.png,2,2.5,2.2732037193799166
2286_LeafPhotoA_2025-09-08 16_53_56.957,PI629040,5,2286_LeafPhotoA_2025-09-08 16_53_56.957-05_00_0.png,2,2.0,1.7325283509883924
2286_LeafPhotoA_2025-09-08 16_54_14.459,PI629040,5,2286_LeafPhotoA_2025-09-08 16_54_14.459-05_00_0.png,2,1.75,1.874750074260202
2287_LeafPhotoA_2025-09-08 16_52_49.103,PI533922,1,2287_LeafPhotoA_2025-09-08 16_52_49.103-05_00_0.png,2,3.0,2.1770006066711844
2287_LeafPhotoA_2025-09-08 16_53_06.874,PI533922,1,2287_LeafPhotoA_2025-09-08 16_53_06.874-05_00_0.png,2,3.75,3.1426579090782116
2287_LeafPhotoA_2025-09-08 16_53_20.850,PI533922,1,2287_LeafPhotoA_2025-09-08 16_53_20.850-05_00_0.png,1,2.5,2.6078961540857697
2288_LeafPhotoA_2025-09-08 16_51_52.055,PI534099,1,2288_LeafPhotoA_2025-09-08 16_51_52.055-05_00_0.png,2,2.5,1.753914550011186
2288_LeafPhotoA_2025-09-08 16_52_18.824,PI534099,1,2288_LeafPhotoA_2025-09-08 16_52_18.824-05_00_0.png,2,2.0,2.090667666163308
2289_LeafPhotoA_2025-09-08 16_50_55.751,PI576410,5,2289_LeafPhotoA_2025-09-08 16_50_55.751-05_00_0.png,2,2.5,2.3311092695335467
2289_LeafPhotoA_2025-09-08 16_51_09.005,PI576410,5,2289_LeafPhotoA_2025-09-08 16_51_09.005-05_00_0.png,2,2.5,2.2452181466755436
2290_LeafPhotoA_2025-09-08 16_50_03.639,PI656067,3,2290_LeafPhotoA_2025-09-08 16_50_03.639-05_00_0.png,2,1.5,2.3860724879597983
2290_LeafPhotoA_2025-09-08 16_50_22.595,PI656067,3,2290_LeafPhotoA_2025-09-08 16_50_22.595-05_00_0.png,2,2.25,2.3948576750681654
2291_LeafPhotoA_2025-09-08 16_49_20.296,PI533824,5,2291_LeafPhotoA_2025-09-08 16_49_20.296-05_00_0.png,2,3.0,2.381716885095758
2292_LeafPhotoA_2025-09-08 16_47_52.649,PI533947,4,2292_LeafPhotoA_2025-09-08 16_47_52.649-05_00_0.png,2,2.5,2.24496130830921
2292_LeafPhotoA_2025-09-08 16_48_06.499,PI533947,4,2292_LeafPhotoA_2025-09-08 16_48_06.499-05_00_0.png,2,1.75,2.1253512150742693
2293_LeafPhotoA_2025-09-08 16_47_09.501,PI564163,1,2293_LeafPhotoA_2025-09-08 16_47_09.501-05_00_0.png,2,3.0,2.662666096922097
2293_LeafPhotoA_2025-09-08 16_47_21.144,PI564163,1,2293_LeafPhotoA_2025-09-08 16_47_21.144-05_00_0.png,2,1.25,1.9012665035902558
2293_LeafPhotoA_2025-09-08 16_47_33.097,PI564163,1,2293_LeafPhotoA_2025-09-08 16_47_33.097-05_00_0.png,2,3.5,2.064879505971668
2294_LeafPhotoA_2025-09-08 16_46_18.299,PI533845,4,2294_LeafPhotoA_2025-09-08 16_46_18.299-05_00_0.png,2,2.0,2.2504792684310875
2294_LeafPhotoA_2025-09-08 16_46_31.068,PI533845,4,2294_LeafPhotoA_2025-09-08 16_46_31.068-05_00_0.png,2,2.0,2.30693275593301
2294_LeafPhotoA_2025-09-08 16_46_46.424,PI533845,4,2294_LeafPhotoA_2025-09-08 16_46_46.424-05_00_0.png,2,1.5,2.3832661415940417
2295_LeafPhotoA_2025-09-08 16_45_22.277,PI35038,3,2295_LeafPhotoA_2025-09-08 16_45_22.277-05_00_0.png,2,2.0,1.9755356604513787
2295_LeafPhotoA_2025-09-08 16_45_42.473,PI35038,3,2295_LeafPhotoA_2025-09-08 16_45_42.473-05_00_0.png,2,2.25,2.3059153096067107
2296_LeafPhotoA_2025-09-08 16_44_03.321,PI576373,5,2296_LeafPhotoA_2025-09-08 16_44_03.321-05_00_0.png,2,1.5,2.0404209958010595
2296_LeafPhotoA_2025-09-08 16_44_29.195,PI576373,5,2296_LeafPhotoA_2025-09-08 16_44_29.195-05_00_0.png,2,3.0,2.6338256218039495
2296_LeafPhotoA_2025-09-08 16_44_42.715,PI576373,5,2296_LeafPhotoA_2025-09-08 16_44_42.715-05_00_0.png,2,3.0,2.3511506416318078
2297_LeafPhotoA_2025-09-08 16_43_09.120,PI576370,4,2297_LeafPhotoA_2025-09-08 16_43_09.120-05_00_0.png,2,3.0,2.698409773569441
2297_LeafPhotoA_2025-09-08 16_43_20.615,PI576370,4,2297_LeafPhotoA_2025-09-08 16_43_20.615-05_00_0.png,2,3.5,2.8609172971722145
2297_LeafPhotoA_2025-09-08 16_43_31.283,PI576370,4,2297_LeafPhotoA_2025-09-08 16_43_31.283-05_00_0.png,2,3.0,3.0768563059790273
2298_LeafPhotoA_2025-09-08 16_42_16.559,SC0517,5,2298_LeafPhotoA_2025-09-08 16_42_16.559-05_00_0.png,2,2.5,2.101465835323516
2299_LeafPhotoA_2025-09-08 16_40_21.663,PI564163,1,2299_LeafPhotoA_2025-09-08 16_40_21.663-05_00_0.png,2,3.0,2.2986389534153977
2299_LeafPhotoA_2025-09-08 16_40_34.465,PI564163,1,2299_LeafPhotoA_2025-09-08 16_40_34.465-05_00_0.png,2,2.5,2.251041141779381
2300_LeafPhotoA_2025-09-08 16_39_22.731,PI533973,4,2300_LeafPhotoA_2025-09-08 16_39_22.731-05_00_0.png,2,2.0,2.058483417963402
2300_LeafPhotoA_2025-09-08 16_39_52.159,PI533973,4,2300_LeafPhotoA_2025-09-08 16_39_52.159-05_00_0.png,2,1.5,1.974780286511304
2301_LeafPhotoA_2025-09-08 10_23_38.387,PI656103,4,2301_LeafPhotoA_2025-09-08 10_23_38.387-05_00_0.png,2,4.0,3.4640827785046024
2301_LeafPhotoA_2025-09-08 10_23_49.725,PI656103,4,2301_LeafPhotoA_2025-09-08 10_23_49.725-05_00_0.png,2,3.5,2.8100983032254097
2302_LeafPhotoA_2025-09-08 10_29_56.041,PI595742,4,2302_LeafPhotoA_2025-09-08 10_29_56.041-05_00_0.png,2,3.5,2.762458218595988
2302_LeafPhotoA_2025-09-08 10_29_58.116,PI595742,4,2302_LeafPhotoA_2025-09-08 10_29_58.116-05_00_0.png,2,2.5,2.7602718001350635
2302_LeafPhotoA_2025-09-08 10_30_44.995,PI595742,4,2302_LeafPhotoA_2025-09-08 10_30_44.995-05_00_0.png,2,3.0,2.766270663680145
2303_LeafPhotoA_2025-09-08 10_31_06.347,PI659694,1,2303_LeafPhotoA_2025-09-08 10_31_06.347-05_00_0.png,2,1.0,1.7902342045420938
2303_LeafPhotoA_2025-09-08 10_31_37.354,PI659694,1,2303_LeafPhotoA_2025-09-08 10_31_37.354-05_00_0.png,2,1.5,1.789515560651187
2304_LeafPhotoA_2025-09-08 10_31_58.330,PI534160,1,2304_LeafPhotoA_2025-09-08 10_31_58.330-05_00_0.png,2,2.0,2.0914100574506653
2304_LeafPhotoA_2025-09-08 10_32_16.820,PI534160,1,2304_LeafPhotoA_2025-09-08 10_32_16.820-05_00_0.png,2,3.0,2.4068542158814767
2304_LeafPhotoA_2025-09-08 10_32_41.541,PI534160,1,2304_LeafPhotoA_2025-09-08 10_32_41.541-05_00_0.png,2,1.5,1.9458289818224137
2305_LeafPhotoA_2025-09-08 10_33_04.896,PI533981,2,2305_LeafPhotoA_2025-09-08 10_33_04.896-05_00_0.png,1,2.5,1.8758296435676465
2305_LeafPhotoA_2025-09-08 10_33_36.159,PI533981,2,2305_LeafPhotoA_2025-09-08 10_33_36.159-05_00_0.png,2,2.5,2.2941167067903696
2306_LeafPhotoA_2025-09-08 10_34_43.926,SC0747,3,2306_LeafPhotoA_2025-09-08 10_34_43.926-05_00_0.png,2,2.0,2.1249978502291773
2307_LeafPhotoA_2025-09-08 10_35_04.821,PI534021,3,2307_LeafPhotoA_2025-09-08 10_35_04.821-05_00_0.png,1,1.5,2.0887002920729416
2307_LeafPhotoA_2025-09-08 10_35_19.611,PI534021,3,2307_LeafPhotoA_2025-09-08 10_35_19.611-05_00_0.png,2,2.5,1.9044871846663127
2307_LeafPhotoA_2025-09-08 10_35_39.695,PI534021,3,2307_LeafPhotoA_2025-09-08 10_35_39.695-05_00_0.png,1,2.5,1.9858477397767944
2307_LeafPhotoA_2025-09-08 10_35_41.725,PI534021,3,2307_LeafPhotoA_2025-09-08 10_35_41.725-05_00_0.png,1,2.0,1.9883979425415645
2308_LeafPhotoA_2025-09-08 10_36_11.138,PI595730,5,2308_LeafPhotoA_2025-09-08 10_36_11.138-05_00_0.png,2,3.5,3.1796940089243737
2308_LeafPhotoA_2025-09-08 10_36_29.526,PI595730,5,2308_LeafPhotoA_2025-09-08 10_36_29.526-05_00_0.png,2,3.5,2.7891831531662516
2308_LeafPhotoA_2025-09-08 10_36_53.619,PI595730,5,2308_LeafPhotoA_2025-09-08 10_36_53.619-05_00_0.png,2,3.0,3.0449897151996606
2309_LeafPhotoA_2025-09-08 10_37_11.316,PI533937,3,2309_LeafPhotoA_2025-09-08 10_37_11.316-05_00_0.png,1,1.75,2.3810584747547
2309_LeafPhotoA_2025-09-08 10_37_26.186,PI533937,3,2309_LeafPhotoA_2025-09-08 10_37_26.186-05_00_0.png,2,2.0,2.1808373932667178
2309_LeafPhotoA_2025-09-08 10_37_37.394,PI533937,3,2309_LeafPhotoA_2025-09-08 10_37_37.394-05_00_0.png,2,2.5,2.064094030765999
2310_LeafPhotoA_2025-09-08 10_38_03.156,PI576420,3,2310_LeafPhotoA_2025-09-08 10_38_03.156-05_00_0.png,2,3.5,2.7067760262501634
2310_LeafPhotoA_2025-09-08 10_38_18.366,PI576420,3,2310_LeafPhotoA_2025-09-08 10_38_18.366-05_00_0.png,1,2.0,2.6564626322697866
2310_LeafPhotoA_2025-09-08 10_38_33.199,PI576420,3,2310_LeafPhotoA_2025-09-08 10_38_33.199-05_00_0.png,2,3.0,2.533641831788524
2311_LeafPhotoA_2025-09-08 10_39_10.387,PI656114,2,2311_LeafPhotoA_2025-09-08 10_39_10.387-05_00_0.png,2,2.0,1.9852349613213596
2311_LeafPhotoA_2025-09-08 10_39_49.775,PI656114,2,2311_LeafPhotoA_2025-09-08 10_39_49.775-05_00_0.png,2,1.5,2.0181427679499833
2311_LeafPhotoA_2025-09-08 10_40_04.548,PI656114,2,2311_LeafPhotoA_2025-09-08 10_40_04.548-05_00_0.png,2,1.5,2.031408432103674
2312_LeafPhotoA_2025-09-08 10_40_26.535,PI533787,2,2312_LeafPhotoA_2025-09-08 10_40_26.535-05_00_0.png,2,1.5,2.4225113435809558
2313_LeafPhotoA_2025-09-08 10_41_17.601,PI576346,3,2313_LeafPhotoA_2025-09-08 10_41_17.601-05_00_0.png,2,1.75,2.8038998322669397
2314_LeafPhotoA_2025-09-08 10_43_02.868,PI656009,3,2314_LeafPhotoA_2025-09-08 10_43_02.868-05_00_0.png,2,2.0,1.780664179860669
2315_LeafPhotoA_2025-09-08 10_43_18.717,PI576437,1,2315_LeafPhotoA_2025-09-08 10_43_18.717-05_00_0.png,2,2.0,2.321811605445007
2315_LeafPhotoA_2025-09-08 10_43_19.379,PI576437,1,2315_LeafPhotoA_2025-09-08 10_43_19.379-05_00_0.png,2,2.5,2.346720829151217
2315_LeafPhotoA_2025-09-08 10_43_53.843,PI576437,1,2315_LeafPhotoA_2025-09-08 10_43_53.843-05_00_0.png,2,2.0,2.285633424463784
2315_LeafPhotoA_2025-09-08 10_44_03.778,PI576437,1,2315_LeafPhotoA_2025-09-08 10_44_03.778-05_00_0.png,2,2.5,2.2963301895028305
2316_LeafPhotoA_2025-09-08 10_44_29.741,PI534000,3,2316_LeafPhotoA_2025-09-08 10_44_29.741-05_00_0.png,2,1.5,2.137617974405126
2316_LeafPhotoA_2025-09-08 10_44_31.127,PI534000,3,2316_LeafPhotoA_2025-09-08 10_44_31.127-05_00_0.png,2,2.0,2.079436000855645
2316_LeafPhotoA_2025-09-08 10_44_56.764,PI534000,3,2316_LeafPhotoA_2025-09-08 10_44_56.764-05_00_0.png,2,2.0,2.1134594355134113
2316_LeafPhotoA_2025-09-08 10_45_16.299,PI534000,3,2316_LeafPhotoA_2025-09-08 10_45_16.299-05_00_0.png,2,2.0,2.1162941200558993
2317_LeafPhotoA_2025-09-08 10_45_32.243,PI534065,1,2317_LeafPhotoA_2025-09-08 10_45_32.243-05_00_0.png,2,3.25,3.0486255932022517
2317_LeafPhotoA_2025-09-08 10_45_43.691,PI534065,1,2317_LeafPhotoA_2025-09-08 10_45_43.691-05_00_0.png,1,3.5,2.934557879666304
2317_LeafPhotoA_2025-09-08 10_45_54.278,PI534065,1,2317_LeafPhotoA_2025-09-08 10_45_54.278-05_00_0.png,2,3.5,3.0718435766405268
2318_LeafPhotoA_2025-09-08 10_46_40.691,SC0602,1,2318_LeafPhotoA_2025-09-08 10_46_40.691-05_00_0.png,2,1.0,1.804083974975859
2319_LeafPhotoA_2025-09-08 10_47_21.052,PI564163,1,2319_LeafPhotoA_2025-09-08 10_47_21.052-05_00_0.png,1,2.5,2.6403238739642916
2319_LeafPhotoA_2025-09-08 10_47_34.815,PI564163,1,2319_LeafPhotoA_2025-09-08 10_47_34.815-05_00_0.png,2,1.5,1.7535013269792903
2320_LeafPhotoA_2025-09-08 10_47_53.620,PI656089,2,2320_LeafPhotoA_2025-09-08 10_47_53.620-05_00_0.png,1,3.5,2.9246360220017364
2320_LeafPhotoA_2025-09-08 10_48_17.455,PI656089,2,2320_LeafPhotoA_2025-09-08 10_48_17.455-05_00_0.png,2,4.0,3.285392476955926
2320_LeafPhotoA_2025-09-08 10_48_19.527,PI656089,2,2320_LeafPhotoA_2025-09-08 10_48_19.527-05_00_0.png,2,3.5,3.3068288693483106
2321_LeafPhotoA_2025-09-08 10_49_06.715,PI656115,3,2321_LeafPhotoA_2025-09-08 10_49_06.715-05_00_0.png,2,2.5,2.5024372445126466
2321_LeafPhotoA_2025-09-08 10_49_37.201,PI656115,3,2321_LeafPhotoA_2025-09-08 10_49_37.201-05_00_0.png,2,3.5,2.940539636774046
2321_LeafPhotoA_2025-09-08 10_49_38.368,PI656115,3,2321_LeafPhotoA_2025-09-08 10_49_38.368-05_00_0.png,2,3.0,2.9254638773661594
2322_LeafPhotoA_2025-09-08 10_50_00.196,PI552856,3,2322_LeafPhotoA_2025-09-08 10_50_00.196-05_00_0.png,2,1.25,1.5993982898518955
2322_LeafPhotoA_2025-09-08 10_50_20.367,PI552856,3,2322_LeafPhotoA_2025-09-08 10_50_20.367-05_00_0.png,2,2.0,1.5542909884432152
2322_LeafPhotoA_2025-09-08 10_50_34.474,PI552856,3,2322_LeafPhotoA_2025-09-08 10_50_34.474-05_00_0.png,2,1.5,1.7745863236698107
2323_LeafPhotoA_2025-09-08 10_50_55.422,SC0445,3,2323_LeafPhotoA_2025-09-08 10_50_55.422-05_00_0.png,2,2.5,2.5383645604782017
2323_LeafPhotoA_2025-09-08 10_51_12.228,SC0445,3,2323_LeafPhotoA_2025-09-08 10_51_12.228-05_00_0.png,2,2.5,2.24058542469369
2323_LeafPhotoA_2025-09-08 10_51_30.122,SC0445,3,2323_LeafPhotoA_2025-09-08 10_51_30.122-05_00_0.png,2,2.0,1.9657054580890387
2324_LeafPhotoA_2025-09-08 10_51_49.394,PI534081,2,2324_LeafPhotoA_2025-09-08 10_51_49.394-05_00_0.png,2,2.5,2.6840560896402277
2324_LeafPhotoA_2025-09-08 10_52_05.628,PI534081,2,2324_LeafPhotoA_2025-09-08 10_52_05.628-05_00_0.png,2,3.0,2.6922911030989347
2324_LeafPhotoA_2025-09-08 10_52_24.755,PI534081,2,2324_LeafPhotoA_2025-09-08 10_52_24.755-05_00_0.png,2,3.0,2.6748949559722837
2325_LeafPhotoA_2025-09-08 10_52_52.963,PI564163,1,2325_LeafPhotoA_2025-09-08 10_52_52.963-05_00_0.png,1,1.0,1.7617877792595953
2325_LeafPhotoA_2025-09-08 10_53_41.168,PI564163,1,2325_LeafPhotoA_2025-09-08 10_53_41.168-05_00_0.png,1,1.25,1.9516847664324226
2326_LeafPhotoA_2025-09-08 10_54_08.238,SC1133,4,2326_LeafPhotoA_2025-09-08 10_54_08.238-05_00_0.png,1,3.0,2.4857802417998225
2326_LeafPhotoA_2025-09-08 10_54_30.172,SC1133,4,2326_LeafPhotoA_2025-09-08 10_54_30.172-05_00_0.png,2,2.0,1.9630638411844
2327_LeafPhotoA_2025-09-08 10_54_51.388,PI656008,1,2327_LeafPhotoA_2025-09-08 10_54_51.388-05_00_0.png,1,1.0,1.7978038483409857
2327_LeafPhotoA_2025-09-08 10_55_09.797,PI656008,1,2327_LeafPhotoA_2025-09-08 10_55_09.797-05_00_0.png,1,2.0,2.1803665992258185
2327_LeafPhotoA_2025-09-08 10_55_25.574,PI656008,1,2327_LeafPhotoA_2025-09-08 10_55_25.574-05_00_0.png,2,1.5,1.6938477213801473
2328_LeafPhotoA_2025-09-08 10_55_54.867,PI576397,4,2328_LeafPhotoA_2025-09-08 10_55_54.867-05_00_0.png,2,2.5,2.2206757160044126
2329_LeafPhotoA_2025-09-08 10_57_32.199,PI533982,5,2329_LeafPhotoA_2025-09-08 10_57_32.199-05_00_0.png,2,2.5,2.1172822855523763
2329_LeafPhotoA_2025-09-08 10_57_53.686,PI533982,5,2329_LeafPhotoA_2025-09-08 10_57_53.686-05_00_0.png,2,2.5,2.0545168042013677
2330_LeafPhotoA_2025-09-08 10_58_18.113,PI655993,5,2330_LeafPhotoA_2025-09-08 10_58_18.113-05_00_0.png,2,2.0,1.7773131926433652
2330_LeafPhotoA_2025-09-08 10_58_31.927,PI655993,5,2330_LeafPhotoA_2025-09-08 10_58_31.927-05_00_0.png,2,1.25,1.7611056309400293
2330_LeafPhotoA_2025-09-08 10_58_44.992,PI655993,5,2330_LeafPhotoA_2025-09-08 10_58_44.992-05_00_0.png,2,2.0,1.9663956989027267
2331_LeafPhotoA_2025-09-08 10_59_14.029,PI576366,4,2331_LeafPhotoA_2025-09-08 10_59_14.029-05_00_0.png,2,2.5,2.1296034655113147
2331_LeafPhotoA_2025-09-08 10_59_30.734,PI576366,4,2331_LeafPhotoA_2025-09-08 10_59_30.734-05_00_0.png,2,2.0,1.8063084540481005
2331_LeafPhotoA_2025-09-08 10_59_46.770,PI576366,4,2331_LeafPhotoA_2025-09-08 10_59_46.770-05_00_0.png,1,2.5,2.3654665276963738
2332_LeafPhotoA_2025-09-08 11_00_39.742,SC0759,1,2332_LeafPhotoA_2025-09-08 11_00_39.742-05_00_0.png,2,2.5,2.079107486656495
2333_LeafPhotoA_2025-09-08 11_01_10.344,PI655998,4,2333_LeafPhotoA_2025-09-08 11_01_10.344-05_00_0.png,2,2.5,2.6432453973980095
2334_LeafPhotoA_2025-09-08 11_02_01.003,SC0412,2,2334_LeafPhotoA_2025-09-08 11_02_01.003-05_00_0.png,2,3.5,2.537429090885143
2334_LeafPhotoA_2025-09-08 11_02_14.879,SC0412,2,2334_LeafPhotoA_2025-09-08 11_02_14.879-05_00_0.png,2,1.5,2.1921749435742273
2334_LeafPhotoA_2025-09-08 11_02_34.893,SC0412,2,2334_LeafPhotoA_2025-09-08 11_02_34.893-05_00_0.png,2,2.5,2.4900969263042607
2336_LeafPhotoA_2025-09-08 11_04_05.137,PI576335,5,2336_LeafPhotoA_2025-09-08 11_04_05.137-05_00_0.png,2,3.0,2.4954348004995928
2336_LeafPhotoA_2025-09-08 11_04_23.054,PI576335,5,2336_LeafPhotoA_2025-09-08 11_04_23.054-05_00_0.png,2,3.0,2.8369464028976417
2336_LeafPhotoA_2025-09-08 11_04_50.552,PI576335,5,2336_LeafPhotoA_2025-09-08 11_04_50.552-05_00_0.png,1,3.5,3.028784612694574
2337_LeafPhotoA_2025-09-08 11_05_13.063,PI564163,1,2337_LeafPhotoA_2025-09-08 11_05_13.063-05_00_0.png,2,1.5,1.8538561437862604
2337_LeafPhotoA_2025-09-08 11_05_24.949,PI564163,1,2337_LeafPhotoA_2025-09-08 11_05_24.949-05_00_0.png,2,2.0,1.74929493867828
2337_LeafPhotoA_2025-09-08 11_05_36.828,PI564163,1,2337_LeafPhotoA_2025-09-08 11_05_36.828-05_00_0.png,2,2.0,1.6391560808880434
2338_LeafPhotoA_2025-09-08 11_06_38.534,PI576404,5,2338_LeafPhotoA_2025-09-08 11_06_38.534-05_00_0.png,2,3.5,3.1168604403004903
2339_LeafPhotoA_2025-09-08 11_07_05.624,PI597958,5,2339_LeafPhotoA_2025-09-08 11_07_05.624-05_00_0.png,2,2.0,2.166558144737194
2339_LeafPhotoA_2025-09-08 11_07_23.379,PI597958,5,2339_LeafPhotoA_2025-09-08 11_07_23.379-05_00_0.png,1,2.5,2.0363305472715947
2339_LeafPhotoA_2025-09-08 11_07_39.980,PI597958,5,2339_LeafPhotoA_2025-09-08 11_07_39.980-05_00_0.png,2,1.25,2.1897928938274007
2340_LeafPhotoA_2025-09-08 11_08_35.472,PI656110,1,2340_LeafPhotoA_2025-09-08 11_08_35.472-05_00_0.png,2,3.5,3.224685959423555
2341_LeafPhotoA_2025-09-08 11_09_00.781,PI656011,3,2341_LeafPhotoA_2025-09-08 11_09_00.781-05_00_0.png,1,1.5,1.6176100611739128
2341_LeafPhotoA_2025-09-08 11_09_35.214,PI656011,3,2341_LeafPhotoA_2025-09-08 11_09_35.214-05_00_0.png,1,1.0,1.7818129881332057
2342_LeafPhotoA_2025-09-08 11_10_30.052,PI534052,2,2342_LeafPhotoA_2025-09-08 11_10_30.052-05_00_0.png,2,1.5,2.4198936117618493
2343_LeafPhotoA_2025-09-08 11_10_48.082,SC0479,1,2343_LeafPhotoA_2025-09-08 11_10_48.082-05_00_0.png,2,2.0,1.8706935859234712
2344_LeafPhotoA_2025-09-08 11_11_44.914,PI152651,5,2344_LeafPhotoA_2025-09-08 11_11_44.914-05_00_0.png,2,2.5,2.642991127346261
2344_LeafPhotoA_2025-09-08 11_12_07.490,PI152651,5,2344_LeafPhotoA_2025-09-08 11_12_07.490-05_00_0.png,2,1.75,2.6708189612412374
2344_LeafPhotoA_2025-09-08 11_12_26.443,PI152651,5,2344_LeafPhotoA_2025-09-08 11_12_26.443-05_00_0.png,1,3.0,2.279250024875511
2345_LeafPhotoA_2025-09-08 11_13_00.875,PI533812,2,2345_LeafPhotoA_2025-09-08 11_13_00.875-05_00_0.png,1,2.0,2.2142825229694294
2345_LeafPhotoA_2025-09-08 11_13_17.226,PI533812,2,2345_LeafPhotoA_2025-09-08 11_13_17.226-05_00_0.png,2,1.5,1.900888242005296
2345_LeafPhotoA_2025-09-08 11_13_33.598,PI533812,2,2345_LeafPhotoA_2025-09-08 11_13_33.598-05_00_0.png,2,2.5,2.4880678009963044
2346_LeafPhotoA_2025-09-08 11_14_01.928,PI564163,1,2346_LeafPhotoA_2025-09-08 11_14_01.928-05_00_0.png,2,2.0,2.287963682260675
2346_LeafPhotoA_2025-09-08 11_14_15.994,PI564163,1,2346_LeafPhotoA_2025-09-08 11_14_15.994-05_00_0.png,2,1.25,1.7699535477413455
2348_LeafPhotoA_2025-09-08 11_15_56.048,PI597952,3,2348_LeafPhotoA_2025-09-08 11_15_56.048-05_00_0.png,1,3.5,2.8599913944312
2348_LeafPhotoA_2025-09-08 11_16_45.659,PI597952,3,2348_LeafPhotoA_2025-09-08 11_16_45.659-05_00_0.png,1,3.5,2.6704233498545333
2349_LeafPhotoA_2025-09-08 11_17_21.223,PI534030,2,2349_LeafPhotoA_2025-09-08 11_17_21.223-05_00_0.png,2,1.5,1.8078441548789723
2349_LeafPhotoA_2025-09-08 11_17_33.401,PI534030,2,2349_LeafPhotoA_2025-09-08 11_17_33.401-05_00_0.png,2,1.5,2.0157765158898333
2349_LeafPhotoA_2025-09-08 11_17_49.310,PI534030,2,2349_LeafPhotoA_2025-09-08 11_17_49.310-05_00_0.png,2,2.5,2.31200317354966
2350_LeafPhotoA_2025-09-08 11_18_12.137,PI655985,4,2350_LeafPhotoA_2025-09-08 11_18_12.137-05_00_0.png,2,2.0,1.938187091787857
2350_LeafPhotoA_2025-09-08 11_18_26.349,PI655985,4,2350_LeafPhotoA_2025-09-08 11_18_26.349-05_00_0.png,2,1.5,1.7616051783431155
2350_LeafPhotoA_2025-09-08 11_18_42.680,PI655985,4,2350_LeafPhotoA_2025-09-08 11_18_42.680-05_00_0.png,2,2.0,1.814992137854404
2351_LeafPhotoA_2025-09-08 11_20_36.453,PI609456,4,2351_LeafPhotoA_2025-09-08 11_20_36.453-05_00_0.png,1,2.5,2.2901964830158237
2351_LeafPhotoA_2025-09-08 11_20_51.197,PI609456,4,2351_LeafPhotoA_2025-09-08 11_20_51.197-05_00_0.png,2,2.5,2.2191280312513
2351_LeafPhotoA_2025-09-08 11_21_12.953,PI609456,4,2351_LeafPhotoA_2025-09-08 11_21_12.953-05_00_0.png,2,4.5,3.363291482888242
2352_LeafPhotoA_2025-09-08 11_21_37.931,PI534130,4,2352_LeafPhotoA_2025-09-08 11_21_37.931-05_00_0.png,1,3.0,2.459867051581248
2352_LeafPhotoA_2025-09-08 11_21_52.118,PI534130,4,2352_LeafPhotoA_2025-09-08 11_21_52.118-05_00_0.png,2,1.5,1.8111735630006802
2352_LeafPhotoA_2025-09-08 11_22_04.472,PI534130,4,2352_LeafPhotoA_2025-09-08 11_22_04.472-05_00_0.png,2,1.5,1.7930410360816524
2353_LeafPhotoA_2025-09-08 11_23_00.014,PI595705,5,2353_LeafPhotoA_2025-09-08 11_23_00.014-05_00_0.png,2,3.0,2.200280368783884
2353_LeafPhotoA_2025-09-08 11_23_22.790,PI595705,5,2353_LeafPhotoA_2025-09-08 11_23_22.790-05_00_0.png,2,3.5,2.834069126464637
2354_LeafPhotoA_2025-09-08 11_23_50.143,PI533956,1,2354_LeafPhotoA_2025-09-08 11_23_50.143-05_00_0.png,2,3.0,2.72662417285173
2355_LeafPhotoA_2025-09-08 11_25_14.792,PI656030,4,2355_LeafPhotoA_2025-09-08 11_25_14.792-05_00_0.png,2,1.5,2.3695020625251053
2355_LeafPhotoA_2025-09-08 11_25_29.558,PI656030,4,2355_LeafPhotoA_2025-09-08 11_25_29.558-05_00_0.png,2,1.5,2.0978592839006547
2356_LeafPhotoA_2025-09-08 11_26_10.806,PI576408,2,2356_LeafPhotoA_2025-09-08 11_26_10.806-05_00_0.png,1,3.0,2.992174130696549
2356_LeafPhotoA_2025-09-08 11_26_29.241,PI576408,2,2356_LeafPhotoA_2025-09-08 11_26_29.241-05_00_0.png,2,3.5,2.916618282937448
2356_LeafPhotoA_2025-09-08 11_26_58.132,PI576408,2,2356_LeafPhotoA_2025-09-08 11_26_58.132-05_00_0.png,1,4.0,3.4186988268412626
2357_LeafPhotoA_2025-09-08 11_27_31.904,PI656068,5,2357_LeafPhotoA_2025-09-08 11_27_31.904-05_00_0.png,1,1.0,1.7533175497449576
2357_LeafPhotoA_2025-09-08 11_27_46.672,PI656068,5,2357_LeafPhotoA_2025-09-08 11_27_46.672-05_00_0.png,1,1.0,1.4977485397932049
2358_LeafPhotoA_2025-09-08 11_28_27.839,PI655991,4,2358_LeafPhotoA_2025-09-08 11_28_27.839-05_00_0.png,2,1.0,1.5672799831725714
2358_LeafPhotoA_2025-09-08 11_28_41.408,PI655991,4,2358_LeafPhotoA_2025-09-08 11_28_41.408-05_00_0.png,2,1.0,1.9398917136924383
2358_LeafPhotoA_2025-09-08 11_28_53.078,PI655991,4,2358_LeafPhotoA_2025-09-08 11_28_53.078-05_00_0.png,2,2.5,1.9772201967537102
2359_LeafPhotoA_2025-09-08 11_29_27.307,PI534078,4,2359_LeafPhotoA_2025-09-08 11_29_27.307-05_00_0.png,2,2.0,2.3887805012743963
2359_LeafPhotoA_2025-09-08 11_29_28.752,PI534078,4,2359_LeafPhotoA_2025-09-08 11_29_28.752-05_00_0.png,2,2.5,2.3518193935289426
2360_LeafPhotoA_2025-09-08 11_30_00.112,PI656096,5,2360_LeafPhotoA_2025-09-08 11_30_00.112-05_00_0.png,2,3.0,2.6523422672349732
2360_LeafPhotoA_2025-09-08 11_30_29.114,PI656096,5,2360_LeafPhotoA_2025-09-08 11_30_29.114-05_00_0.png,1,3.0,2.7625770439236677
2361_LeafPhotoA_2025-09-08 11_30_43.974,PI595720,4,2361_LeafPhotoA_2025-09-08 11_30_43.974-05_00_0.png,2,3.5,2.4666487318580965
2361_LeafPhotoA_2025-09-08 11_30_56.521,PI595720,4,2361_LeafPhotoA_2025-09-08 11_30_56.521-05_00_0.png,1,3.0,2.4034022625680147
2361_LeafPhotoA_2025-09-08 11_31_12.171,PI595720,4,2361_LeafPhotoA_2025-09-08 11_31_12.171-05_00_0.png,2,3.0,2.4957593317544142
2363_LeafPhotoA_2025-09-08 11_32_32.542,PI534119,2,2363_LeafPhotoA_2025-09-08 11_32_32.542-05_00_0.png,2,2.0,1.6500211061352197
2363_LeafPhotoA_2025-09-08 11_32_49.077,PI534119,2,2363_LeafPhotoA_2025-09-08 11_32_49.077-05_00_0.png,1,1.5,1.7132885705571936
2364_LeafPhotoA_2025-09-08 11_33_15.177,PI533932,4,2364_LeafPhotoA_2025-09-08 11_33_15.177-05_00_0.png,2,1.0,1.5756087332408757
2364_LeafPhotoA_2025-09-08 11_33_28.427,PI533932,4,2364_LeafPhotoA_2025-09-08 11_33_28.427-05_00_0.png,2,1.5,1.7137619040166077
2364_LeafPhotoA_2025-09-08 11_33_42.776,PI533932,4,2364_LeafPhotoA_2025-09-08 11_33_42.776-05_00_0.png,2,1.5,1.8064087189556208
2365_LeafPhotoA_2025-09-08 11_34_01.886,PI659693,2,2365_LeafPhotoA_2025-09-08 11_34_01.886-05_00_0.png,2,1.5,2.0418973519466217
2366_LeafPhotoA_2025-09-08 11_34_43.010,SC0618,3,2366_LeafPhotoA_2025-09-08 11_34_43.010-05_00_0.png,2,1.5,1.9178633021090192
2366_LeafPhotoA_2025-09-08 11_35_02.617,SC0618,3,2366_LeafPhotoA_2025-09-08 11_35_02.617-05_00_0.png,2,3.0,2.7520317538044234
2366_LeafPhotoA_2025-09-08 11_35_18.114,SC0618,3,2366_LeafPhotoA_2025-09-08 11_35_18.114-05_00_0.png,2,1.5,1.812909361000984
2367_LeafPhotoA_2025-09-08 11_35_37.673,PI576434,3,2367_LeafPhotoA_2025-09-08 11_35_37.673-05_00_0.png,2,2.0,1.935129698453605
2367_LeafPhotoA_2025-09-08 11_35_39.850,PI576434,3,2367_LeafPhotoA_2025-09-08 11_35_39.850-05_00_0.png,2,2.5,1.9357371177434533
2367_LeafPhotoA_2025-09-08 11_36_21.785,PI576434,3,2367_LeafPhotoA_2025-09-08 11_36_21.785-05_00_0.png,1,4.0,2.802251452277064
2368_LeafPhotoA_2025-09-08 11_36_49.594,PI533917,4,2368_LeafPhotoA_2025-09-08 11_36_49.594-05_00_0.png,2,3.5,2.7092136085985756
2369_LeafPhotoA_2025-09-08 11_38_04.718,PI656120,5,2369_LeafPhotoA_2025-09-08 11_38_04.718-05_00_0.png,2,2.5,1.836625640020216
2370_LeafPhotoA_2025-09-08 11_38_28.443,PI564163,1,2370_LeafPhotoA_2025-09-08 11_38_28.443-05_00_0.png,2,2.5,2.568043047854221
2370_LeafPhotoA_2025-09-08 11_38_41.904,PI564163,1,2370_LeafPhotoA_2025-09-08 11_38_41.904-05_00_0.png,1,3.0,2.293004991274689
2370_LeafPhotoA_2025-09-08 11_38_56.854,PI564163,1,2370_LeafPhotoA_2025-09-08 11_38_56.854-05_00_0.png,2,2.25,2.3587781108988533
2371_LeafPhotoA_2025-09-08 11_39_16.529,PI655990,3,2371_LeafPhotoA_2025-09-08 11_39_16.529-05_00_0.png,2,3.5,2.8397558517396995
2371_LeafPhotoA_2025-09-08 11_39_40.484,PI655990,3,2371_LeafPhotoA_2025-09-08 11_39_40.484-05_00_0.png,1,1.5,2.5332658157678827
2372_LeafPhotoA_2025-09-08 11_41_15.959,PI533780,2,2372_LeafPhotoA_2025-09-08 11_41_15.959-05_00_0.png,2,3.0,2.6426046385446678
2372_LeafPhotoA_2025-09-08 11_41_39.021,PI533780,2,2372_LeafPhotoA_2025-09-08 11_41_39.021-05_00_0.png,1,2.5,2.5418077391466025
2373_LeafPhotoA_2025-09-08 11_42_29.066,PI651496,1,2373_LeafPhotoA_2025-09-08 11_42_29.066-05_00_0.png,2,3.5,2.8311617554594637
2373_LeafPhotoA_2025-09-08 11_42_42.836,PI651496,1,2373_LeafPhotoA_2025-09-08 11_42_42.836-05_00_0.png,2,3.0,2.209962014666844
2373_LeafPhotoA_2025-09-08 11_42_55.886,PI651496,1,2373_LeafPhotoA_2025-09-08 11_42_55.886-05_00_0.png,2,2.0,1.9625772957612568
2374_LeafPhotoA_2025-09-08 11_43_28.926,SC0854,2,2374_LeafPhotoA_2025-09-08 11_43_28.926-05_00_0.png,2,2.0,2.611261744150832
2374_LeafPhotoA_2025-09-08 11_43_54.221,SC0854,2,2374_LeafPhotoA_2025-09-08 11_43_54.221-05_00_0.png,2,2.5,2.725694989112569
2375_LeafPhotoA_2025-09-08 11_45_20.246,PI597959,3,2375_LeafPhotoA_2025-09-08 11_45_20.246-05_00_0.png,1,2.5,2.396895347104441
2375_LeafPhotoA_2025-09-08 11_45_35.778,PI597959,3,2375_LeafPhotoA_2025-09-08 11_45_35.778-05_00_0.png,2,2.5,2.316165235521173
2375_LeafPhotoA_2025-09-08 11_45_58.952,PI597959,3,2375_LeafPhotoA_2025-09-08 11_45_58.952-05_00_0.png,2,2.5,2.0189511843977597
2376_LeafPhotoA_2025-09-08 11_46_40.263,PI597978,2,2376_LeafPhotoA_2025-09-08 11_46_40.263-05_00_0.png,1,3.0,2.923304395532712
2377_LeafPhotoA_2025-09-08 11_47_13.064,PI533879,1,2377_LeafPhotoA_2025-09-08 11_47_13.064-05_00_0.png,1,3.5,3.2383336164059418
2377_LeafPhotoA_2025-09-08 11_47_38.946,PI533879,1,2377_LeafPhotoA_2025-09-08 11_47_38.946-05_00_0.png,1,3.0,2.5960026002306216
2377_LeafPhotoA_2025-09-08 11_47_56.414,PI533879,1,2377_LeafPhotoA_2025-09-08 11_47_56.414-05_00_0.png,2,3.0,2.6306122357159096
2378_LeafPhotoA_2025-09-08 11_48_15.166,PI533795,4,2378_LeafPhotoA_2025-09-08 11_48_15.166-05_00_0.png,2,4.0,3.271054630195228
2378_LeafPhotoA_2025-09-08 11_48_33.407,PI533795,4,2378_LeafPhotoA_2025-09-08 11_48_33.407-05_00_0.png,2,3.5,2.493864422687089
2378_LeafPhotoA_2025-09-08 11_48_47.340,PI533795,4,2378_LeafPhotoA_2025-09-08 11_48_47.340-05_00_0.png,2,3.5,3.0042909865643908
2378_LeafPhotoA_2025-09-08 11_48_49.909,PI533795,4,2378_LeafPhotoA_2025-09-08 11_48_49.909-05_00_0.png,2,4.0,3.0136198203058964
2379_LeafPhotoA_2025-09-08 11_49_30.772,PI533791,1,2379_LeafPhotoA_2025-09-08 11_49_30.772-05_00_0.png,2,3.5,2.9798601558995106
2380_LeafPhotoA_2025-09-08 11_50_29.744,PI153844,2,2380_LeafPhotoA_2025-09-08 11_50_29.744-05_00_0.png,2,2.5,2.159489504851445
2381_LeafPhotoA_2025-09-08 11_51_08.300,PI533874,4,2381_LeafPhotoA_2025-09-08 11_51_08.300-05_00_0.png,2,2.5,2.6181726372483687
2381_LeafPhotoA_2025-09-08 11_51_21.824,PI533874,4,2381_LeafPhotoA_2025-09-08 11_51_21.824-05_00_0.png,2,1.25,2.117685461600447
2381_LeafPhotoA_2025-09-08 11_51_50.879,PI533874,4,2381_LeafPhotoA_2025-09-08 11_51_50.879-05_00_0.png,2,2.0,2.310446839410375
2382_LeafPhotoA_2025-09-08 11_52_26.421,PI655995,1,2382_LeafPhotoA_2025-09-08 11_52_26.421-05_00_0.png,1,2.0,2.734462255903672
2384_LeafPhotoA_2025-09-08 11_54_53.539,PI534162,2,2384_LeafPhotoA_2025-09-08 11_54_53.539-05_00_0.png,1,2.0,1.963981972756667
2384_LeafPhotoA_2025-09-08 11_55_15.071,PI534162,2,2384_LeafPhotoA_2025-09-08 11_55_15.071-05_00_0.png,1,2.5,2.2157038968755076
2385_LeafPhotoA_2025-09-08 11_55_37.754,PI597944,3,2385_LeafPhotoA_2025-09-08 11_55_37.754-05_00_0.png,1,2.0,2.1694578315315423
2385_LeafPhotoA_2025-09-08 11_56_10.265,PI597944,3,2385_LeafPhotoA_2025-09-08 11_56_10.265-05_00_0.png,2,1.25,1.9977540381524355
2386_LeafPhotoA_2025-09-08 11_56_54.323,PI656066,1,2386_LeafPhotoA_2025-09-08 11_56_54.323-05_00_0.png,2,1.25,2.0107085685986155
2387_LeafPhotoA_2025-09-08 11_57_27.423,PI564164,2,2387_LeafPhotoA_2025-09-08 11_57_27.423-05_00_0.png,2,1.5,1.852132519682974
2387_LeafPhotoA_2025-09-08 11_57_40.853,PI564164,2,2387_LeafPhotoA_2025-09-08 11_57_40.853-05_00_0.png,2,3.0,2.1373183737930135
2387_LeafPhotoA_2025-09-08 11_57_55.365,PI564164,2,2387_LeafPhotoA_2025-09-08 11_57_55.365-05_00_0.png,2,1.0,1.72270342460284
2388_LeafPhotoA_2025-09-08 11_58_34.729,PI641836,2,2388_LeafPhotoA_2025-09-08 11_58_34.729-05_00_0.png,2,1.5,2.094909070500633
2389_LeafPhotoA_2025-09-08 11_59_06.491,PI576406,4,2389_LeafPhotoA_2025-09-08 11_59_06.491-05_00_0.png,1,2.0,2.020970811703562
2390_LeafPhotoA_2025-09-08 12_00_53.414,PI564163,1,2390_LeafPhotoA_2025-09-08 12_00_53.414-05_00_0.png,1,1.0,1.6868717088732974
2390_LeafPhotoA_2025-09-08 12_01_06.713,PI564163,1,2390_LeafPhotoA_2025-09-08 12_01_06.713-05_00_0.png,2,2.0,1.5908818330074406
2390_LeafPhotoA_2025-09-08 12_01_21.774,PI564163,1,2390_LeafPhotoA_2025-09-08 12_01_21.774-05_00_0.png,1,2.0,1.7803832062403167
2391_LeafPhotoA_2025-09-08 12_01_42.651,SC1442,1,2391_LeafPhotoA_2025-09-08 12_01_42.651-05_00_0.png,2,1.75,2.160173449900694
2391_LeafPhotoA_2025-09-08 12_03_15.238,SC1442,1,2391_LeafPhotoA_2025-09-08 12_03_15.238-05_00_0.png,2,1.25,2.506185702099243
2392_LeafPhotoA_2025-09-08 12_03_43.423,PI564163,1,2392_LeafPhotoA_2025-09-08 12_03_43.423-05_00_0.png,2,1.0,1.9602775240263968
2393_LeafPhotoA_2025-09-08 12_18_13.823,PI656112,3,2393_LeafPhotoA_2025-09-08 12_18_13.823-05_00_0.png,2,2.5,2.2511368277520956
2393_LeafPhotoA_2025-09-08 12_18_35.288,PI656112,3,2393_LeafPhotoA_2025-09-08 12_18_35.288-05_00_0.png,1,3.5,2.7342034138061178
2394_LeafPhotoA_2025-09-08 12_19_19.139,PI533867,4,2394_LeafPhotoA_2025-09-08 12_19_19.139-05_00_0.png,2,2.75,2.819878594565051
2394_LeafPhotoA_2025-09-08 12_19_34.246,PI533867,4,2394_LeafPhotoA_2025-09-08 12_19_34.246-05_00_0.png,1,3.0,2.4549102166656467
2394_LeafPhotoA_2025-09-08 12_19_48.103,PI533867,4,2394_LeafPhotoA_2025-09-08 12_19_48.103-05_00_0.png,2,3.25,3.0382192665392718
2395_LeafPhotoA_2025-09-08 12_20_11.123,PI533815,2,2395_LeafPhotoA_2025-09-08 12_20_11.123-05_00_0.png,2,2.25,2.387274752258246
2395_LeafPhotoA_2025-09-08 12_20_13.779,PI533815,2,2395_LeafPhotoA_2025-09-08 12_20_13.779-05_00_0.png,2,2.5,2.3529938427478103
2395_LeafPhotoA_2025-09-08 12_20_28.826,PI533815,2,2395_LeafPhotoA_2025-09-08 12_20_28.826-05_00_0.png,2,1.5,1.9729899119467147
2395_LeafPhotoA_2025-09-08 12_20_41.660,PI533815,2,2395_LeafPhotoA_2025-09-08 12_20_41.660-05_00_0.png,2,3.0,2.6990350608968665
2396_LeafPhotoA_2025-09-08 12_21_09.312,PI576413,1,2396_LeafPhotoA_2025-09-08 12_21_09.312-05_00_0.png,2,3.0,2.518319542823533
2396_LeafPhotoA_2025-09-08 12_21_52.714,PI576413,1,2396_LeafPhotoA_2025-09-08 12_21_52.714-05_00_0.png,2,3.5,3.285328190042739
2397_LeafPhotoA_2025-09-08 12_22_15.466,PI656037,2,2397_LeafPhotoA_2025-09-08 12_22_15.466-05_00_0.png,2,2.0,1.8695863248459268
2397_LeafPhotoA_2025-09-08 12_22_28.326,PI656037,2,2397_LeafPhotoA_2025-09-08 12_22_28.326-05_00_0.png,2,2.5,1.974357950130311
2397_LeafPhotoA_2025-09-08 12_22_44.039,PI656037,2,2397_LeafPhotoA_2025-09-08 12_22_44.039-05_00_0.png,1,1.5,1.895394988215312
2398_LeafPhotoA_2025-09-08 12_23_11.064,PI533894,2,2398_LeafPhotoA_2025-09-08 12_23_11.064-05_00_0.png,2,4.0,3.04912956981153
2398_LeafPhotoA_2025-09-08 12_23_24.567,PI533894,2,2398_LeafPhotoA_2025-09-08 12_23_24.567-05_00_0.png,2,3.5,3.15876499745095
2398_LeafPhotoA_2025-09-08 12_23_36.582,PI533894,2,2398_LeafPhotoA_2025-09-08 12_23_36.582-05_00_0.png,2,3.0,2.871705606356149
2399_LeafPhotoA_2025-09-08 12_23_52.894,PI576352,1,2399_LeafPhotoA_2025-09-08 12_23_52.894-05_00_0.png,2,1.0,2.0369518515920104
2400_LeafPhotoA_2025-09-08 12_24_38.718,PI533859,4,2400_LeafPhotoA_2025-09-08 12_24_38.718-05_00_0.png,2,3.0,2.3298069704847983
2400_LeafPhotoA_2025-09-08 12_25_05.924,PI533859,4,2400_LeafPhotoA_2025-09-08 12_25_05.924-05_00_0.png,2,2.0,2.3353798903753638
2401_LeafPhotoB_2025-09-08 10_40_27.891,PI534116,1,2401_LeafPhotoB_2025-09-08 10_40_27.891-05_00_0.png,2,2.0,2.388172621317571
2401_LeafPhotoB_2025-09-08 10_40_48.911,PI534116,1,2401_LeafPhotoB_2025-09-08 10_40_48.911-05_00_0.png,2,3.0,2.780571872792899
2401_LeafPhotoB_2025-09-08 10_41_06.278,PI534116,1,2401_LeafPhotoB_2025-09-08 10_41_06.278-05_00_0.png,2,3.0,2.9778995419755994
2402_LeafPhotoB_2025-09-08 10_41_29.920,PI564163,1,2402_LeafPhotoB_2025-09-08 10_41_29.920-05_00_0.png,2,1.0,1.7316647226898676
2402_LeafPhotoB_2025-09-08 10_42_01.773,PI564163,1,2402_LeafPhotoB_2025-09-08 10_42_01.773-05_00_0.png,2,1.5,1.910982835445086
2403_LeafPhotoB_2025-09-08 10_42_32.001,PI533948,2,2403_LeafPhotoB_2025-09-08 10_42_32.001-05_00_0.png,2,1.5,1.7692892899557229
2403_LeafPhotoB_2025-09-08 10_42_47.252,PI533948,2,2403_LeafPhotoB_2025-09-08 10_42_47.252-05_00_0.png,2,2.5,1.743468226853179
2403_LeafPhotoB_2025-09-08 10_42_57.989,PI533948,2,2403_LeafPhotoB_2025-09-08 10_42_57.989-05_00_0.png,2,1.5,1.6265066090385374
2403_LeafPhotoB_2025-09-08 10_42_58.623,PI533948,2,2403_LeafPhotoB_2025-09-08 10_42_58.623-05_00_0.png,2,1.25,1.6528278716199098
2404_LeafPhotoB_2025-09-08 10_43_18.818,SC0156,4,2404_LeafPhotoB_2025-09-08 10_43_18.818-05_00_0.png,2,2.5,2.4440391790979037
2404_LeafPhotoB_2025-09-08 10_43_34.946,SC0156,4,2404_LeafPhotoB_2025-09-08 10_43_34.946-05_00_0.png,2,1.5,2.4508720079101742
2405_LeafPhotoB_2025-09-08 10_44_46.792,PI576382,1,2405_LeafPhotoB_2025-09-08 10_44_46.792-05_00_0.png,2,2.5,2.535964858841878
2405_LeafPhotoB_2025-09-08 10_45_12.850,PI576382,1,2405_LeafPhotoB_2025-09-08 10_45_12.850-05_00_0.png,2,3.0,2.5995131428379206
2406_LeafPhotoB_2025-09-08 10_45_27.535,PI534063,3,2406_LeafPhotoB_2025-09-08 10_45_27.535-05_00_0.png,1,1.0,2.010189673475277
2406_LeafPhotoB_2025-09-08 10_45_37.419,PI534063,3,2406_LeafPhotoB_2025-09-08 10_45_37.419-05_00_0.png,2,2.5,2.089111260841514
2406_LeafPhotoB_2025-09-08 10_45_50.938,PI534063,3,2406_LeafPhotoB_2025-09-08 10_45_50.938-05_00_0.png,2,1.5,1.7983129877272415
2407_LeafPhotoB_2025-09-08 10_46_11.638,PI534015,4,2407_LeafPhotoB_2025-09-08 10_46_11.638-05_00_0.png,2,1.5,1.97156600690224
2407_LeafPhotoB_2025-09-08 10_46_25.065,PI534015,4,2407_LeafPhotoB_2025-09-08 10_46_25.065-05_00_0.png,2,2.0,2.310304138779177
2407_LeafPhotoB_2025-09-08 10_46_44.216,PI534015,4,2407_LeafPhotoB_2025-09-08 10_46_44.216-05_00_0.png,2,2.5,2.210924543202755
2408_LeafPhotoB_2025-09-08 10_47_09.777,PI574455,4,2408_LeafPhotoB_2025-09-08 10_47_09.777-05_00_0.png,2,2.0,1.7684558971214543
2408_LeafPhotoB_2025-09-08 10_47_28.230,PI574455,4,2408_LeafPhotoB_2025-09-08 10_47_28.230-05_00_0.png,2,2.0,1.7593448437849557
2408_LeafPhotoB_2025-09-08 10_47_42.863,PI574455,4,2408_LeafPhotoB_2025-09-08 10_47_42.863-05_00_0.png,2,2.5,2.0506554821898106
2409_LeafPhotoB_2025-09-08 10_48_08.751,PI534020,5,2409_LeafPhotoB_2025-09-08 10_48_08.751-05_00_0.png,2,2.75,3.1022121963171365
2409_LeafPhotoB_2025-09-08 10_48_23.553,PI534020,5,2409_LeafPhotoB_2025-09-08 10_48_23.553-05_00_0.png,2,3.5,2.847428683359412
2409_LeafPhotoB_2025-09-08 10_48_46.713,PI534020,5,2409_LeafPhotoB_2025-09-08 10_48_46.713-05_00_0.png,2,3.0,2.7293713291722534
2410_LeafPhotoB_2025-09-08 10_49_17.609,PI656102,1,2410_LeafPhotoB_2025-09-08 10_49_17.609-05_00_0.png,2,3.0,3.1070860442575112
2410_LeafPhotoB_2025-09-08 10_49_34.518,PI656102,1,2410_LeafPhotoB_2025-09-08 10_49_34.518-05_00_0.png,2,3.0,2.837678619219227
2410_LeafPhotoB_2025-09-08 10_49_47.847,PI656102,1,2410_LeafPhotoB_2025-09-08 10_49_47.847-05_00_0.png,1,3.0,2.6921727169612755
2411_LeafPhotoB_2025-09-08 10_50_22.704,PI585291,3,2411_LeafPhotoB_2025-09-08 10_50_22.704-05_00_0.png,2,1.5,1.8893330171384635
2411_LeafPhotoB_2025-09-08 10_50_33.943,PI585291,3,2411_LeafPhotoB_2025-09-08 10_50_33.943-05_00_0.png,2,1.5,1.5884515288015804
2411_LeafPhotoB_2025-09-08 10_51_05.721,PI585291,3,2411_LeafPhotoB_2025-09-08 10_51_05.721-05_00_0.png,2,1.0,1.7600215440769587
2412_LeafPhotoB_2025-09-08 10_51_28.613,PI576377,3,2412_LeafPhotoB_2025-09-08 10_51_28.613-05_00_0.png,2,3.0,2.4192928519795975
2412_LeafPhotoB_2025-09-08 10_51_45.253,PI576377,3,2412_LeafPhotoB_2025-09-08 10_51_45.253-05_00_0.png,2,1.5,2.3267213047349458
2412_LeafPhotoB_2025-09-08 10_51_57.035,PI576377,3,2412_LeafPhotoB_2025-09-08 10_51_57.035-05_00_0.png,2,2.5,2.2005906935660935
2413_LeafPhotoB_2025-09-08 10_52_14.802,PI534102,5,2413_LeafPhotoB_2025-09-08 10_52_14.802-05_00_0.png,2,2.5,1.9121981452368775
2413_LeafPhotoB_2025-09-08 10_52_26.660,PI534102,5,2413_LeafPhotoB_2025-09-08 10_52_26.660-05_00_0.png,2,2.5,2.1029670651093846
2413_LeafPhotoB_2025-09-08 10_52_41.456,PI534102,5,2413_LeafPhotoB_2025-09-08 10_52_41.456-05_00_0.png,2,1.0,1.7569642917091315
2414_LeafPhotoB_2025-09-08 10_52_59.257,PI656111,2,2414_LeafPhotoB_2025-09-08 10_52_59.257-05_00_0.png,2,1.5,2.0360487187820753
2414_LeafPhotoB_2025-09-08 10_53_14.267,PI656111,2,2414_LeafPhotoB_2025-09-08 10_53_14.267-05_00_0.png,2,2.5,2.448778071035111
2414_LeafPhotoB_2025-09-08 10_53_38.899,PI656111,2,2414_LeafPhotoB_2025-09-08 10_53_38.899-05_00_0.png,2,1.5,2.045946575665905
2415_LeafPhotoB_2025-09-08 10_53_58.757,PI655996,2,2415_LeafPhotoB_2025-09-08 10_53_58.757-05_00_0.png,2,2.0,1.8586591855145074
2415_LeafPhotoB_2025-09-08 10_54_22.742,PI655996,2,2415_LeafPhotoB_2025-09-08 10_54_22.742-05_00_0.png,2,2.5,1.9801487473694934
2416_LeafPhotoB_2025-09-08 10_54_44.073,PI533880,3,2416_LeafPhotoB_2025-09-08 10_54_44.073-05_00_0.png,2,2.0,2.2148998086939655
2416_LeafPhotoB_2025-09-08 10_55_01.829,PI533880,3,2416_LeafPhotoB_2025-09-08 10_55_01.829-05_00_0.png,2,2.0,2.111431802805876
2416_LeafPhotoB_2025-09-08 10_55_17.707,PI533880,3,2416_LeafPhotoB_2025-09-08 10_55_17.707-05_00_0.png,2,1.5,1.9513853016971145
2417_LeafPhotoB_2025-09-08 10_55_37.333,PI595701,2,2417_LeafPhotoB_2025-09-08 10_55_37.333-05_00_0.png,2,2.5,2.7062236571263236
2418_LeafPhotoB_2025-09-08 10_56_26.318,PI533863,3,2418_LeafPhotoB_2025-09-08 10_56_26.318-05_00_0.png,2,3.0,2.2819480563473213
2418_LeafPhotoB_2025-09-08 10_56_40.105,PI533863,3,2418_LeafPhotoB_2025-09-08 10_56_40.105-05_00_0.png,1,1.75,2.4369485318433832
2418_LeafPhotoB_2025-09-08 10_57_05.375,PI533863,3,2418_LeafPhotoB_2025-09-08 10_57_05.375-05_00_0.png,2,2.0,2.124951276745589
2419_LeafPhotoB_2025-09-08 10_57_28.297,SC1097,3,2419_LeafPhotoB_2025-09-08 10_57_28.297-05_00_0.png,1,1.5,2.302183242440352
2419_LeafPhotoB_2025-09-08 10_58_16.377,SC1097,3,2419_LeafPhotoB_2025-09-08 10_58_16.377-05_00_0.png,2,2.0,2.3367570365575094
2421_LeafPhotoB_2025-09-08 10_58_54.728,SC0138,1,2421_LeafPhotoB_2025-09-08 10_58_54.728-05_00_0.png,1,2.0,1.8935762411812345
2421_LeafPhotoB_2025-09-08 10_59_09.402,SC0138,1,2421_LeafPhotoB_2025-09-08 10_59_09.402-05_00_0.png,2,2.5,1.9748511057326623
2421_LeafPhotoB_2025-09-08 10_59_22.469,SC0138,1,2421_LeafPhotoB_2025-09-08 10_59_22.469-05_00_0.png,2,1.5,1.99494071292205
2422_LeafPhotoB_2025-09-08 10_59_40.936,PI533808,5,2422_LeafPhotoB_2025-09-08 10_59_40.936-05_00_0.png,2,3.0,2.69821236533743
2422_LeafPhotoB_2025-09-08 10_59_54.940,PI533808,5,2422_LeafPhotoB_2025-09-08 10_59_54.940-05_00_0.png,2,3.0,2.4547977276015853
2422_LeafPhotoB_2025-09-08 11_00_07.203,PI533808,5,2422_LeafPhotoB_2025-09-08 11_00_07.203-05_00_0.png,2,3.0,2.617075557613512
2423_LeafPhotoB_2025-09-08 11_00_25.099,PI534034,2,2423_LeafPhotoB_2025-09-08 11_00_25.099-05_00_0.png,2,2.5,1.5647550350164763
2423_LeafPhotoB_2025-09-08 11_00_40.727,PI534034,2,2423_LeafPhotoB_2025-09-08 11_00_40.727-05_00_0.png,2,2.0,1.7828632744319657
2423_LeafPhotoB_2025-09-08 11_01_00.060,PI534034,2,2423_LeafPhotoB_2025-09-08 11_01_00.060-05_00_0.png,2,1.5,1.6714816811061874
2424_LeafPhotoB_2025-09-08 11_01_21.479,PI534151,3,2424_LeafPhotoB_2025-09-08 11_01_21.479-05_00_0.png,1,2.5,2.42821749190625
2424_LeafPhotoB_2025-09-08 11_01_39.265,PI534151,3,2424_LeafPhotoB_2025-09-08 11_01_39.265-05_00_0.png,2,1.0,1.9674577686717336
2424_LeafPhotoB_2025-09-08 11_02_00.927,PI534151,3,2424_LeafPhotoB_2025-09-08 11_02_00.927-05_00_0.png,2,2.0,2.08047993270214
2425_LeafPhotoB_2025-09-08 11_02_27.155,PI595714,4,2425_LeafPhotoB_2025-09-08 11_02_27.155-05_00_0.png,2,2.0,2.031210013511599
2425_LeafPhotoB_2025-09-08 11_02_48.204,PI595714,4,2425_LeafPhotoB_2025-09-08 11_02_48.204-05_00_0.png,2,3.0,2.0485166825767553
2425_LeafPhotoB_2025-09-08 11_03_03.016,PI595714,4,2425_LeafPhotoB_2025-09-08 11_03_03.016-05_00_0.png,2,2.5,2.290347021169833
2426_LeafPhotoB_2025-09-08 11_03_20.588,PI564163,1,2426_LeafPhotoB_2025-09-08 11_03_20.588-05_00_0.png,2,1.0,2.1803072068630436
2426_LeafPhotoB_2025-09-08 11_03_59.472,PI564163,1,2426_LeafPhotoB_2025-09-08 11_03_59.472-05_00_0.png,2,2.5,1.833493166267206
2428_LeafPhotoB_2025-09-08 11_04_33.129,PI642791,3,2428_LeafPhotoB_2025-09-08 11_04_33.129-05_00_0.png,2,1.5,1.843551524522821
2428_LeafPhotoB_2025-09-08 11_04_47.563,PI642791,3,2428_LeafPhotoB_2025-09-08 11_04_47.563-05_00_0.png,2,1.5,1.8155368328981558
2428_LeafPhotoB_2025-09-08 11_05_01.808,PI642791,3,2428_LeafPhotoB_2025-09-08 11_05_01.808-05_00_0.png,2,1.5,1.7786987823202798
2429_LeafPhotoB_2025-09-08 11_05_20.910,PI656065,4,2429_LeafPhotoB_2025-09-08 11_05_20.910-05_00_0.png,2,2.5,2.9239803945957292
2429_LeafPhotoB_2025-09-08 11_05_54.449,PI656065,4,2429_LeafPhotoB_2025-09-08 11_05_54.449-05_00_0.png,2,2.0,2.1555124481351564
2430_LeafPhotoB_2025-09-08 11_06_42.435,SC0003,5,2430_LeafPhotoB_2025-09-08 11_06_42.435-05_00_0.png,2,2.0,1.7999396402017973
2430_LeafPhotoB_2025-09-08 11_06_59.975,SC0003,5,2430_LeafPhotoB_2025-09-08 11_06_59.975-05_00_0.png,2,2.0,1.8086394147862788
2430_LeafPhotoB_2025-09-08 11_07_18.830,SC0003,5,2430_LeafPhotoB_2025-09-08 11_07_18.830-05_00_0.png,2,2.5,2.399633220909921
2431_LeafPhotoB_2025-09-08 11_07_48.428,PI656046,5,2431_LeafPhotoB_2025-09-08 11_07_48.428-05_00_0.png,2,3.0,2.9847701359921768
2431_LeafPhotoB_2025-09-08 11_08_07.315,PI656046,5,2431_LeafPhotoB_2025-09-08 11_08_07.315-05_00_0.png,2,3.5,2.932064447506395
2431_LeafPhotoB_2025-09-08 11_08_35.233,PI656046,5,2431_LeafPhotoB_2025-09-08 11_08_35.233-05_00_0.png,2,3.5,2.837087055869018
2432_LeafPhotoB_2025-09-08 11_08_55.037,PI656004,4,2432_LeafPhotoB_2025-09-08 11_08_55.037-05_00_0.png,2,1.0,1.5560404617430657
2432_LeafPhotoB_2025-09-08 11_09_13.961,PI656004,4,2432_LeafPhotoB_2025-09-08 11_09_13.961-05_00_0.png,2,1.5,1.9366452582376343
2432_LeafPhotoB_2025-09-08 11_09_28.923,PI656004,4,2432_LeafPhotoB_2025-09-08 11_09_28.923-05_00_0.png,2,1.25,1.5335986775275379
2433_LeafPhotoB_2025-09-08 11_09_46.410,PI595735,5,2433_LeafPhotoB_2025-09-08 11_09_46.410-05_00_0.png,2,1.5,1.6549817174032542
2433_LeafPhotoB_2025-09-08 11_10_01.520,PI595735,5,2433_LeafPhotoB_2025-09-08 11_10_01.520-05_00_0.png,2,1.5,1.8993738531921576
2433_LeafPhotoB_2025-09-08 11_10_18.612,PI595735,5,2433_LeafPhotoB_2025-09-08 11_10_18.612-05_00_0.png,2,1.0,1.772511267104309
2434_LeafPhotoB_2025-09-08 11_10_38.584,PI153852,1,2434_LeafPhotoB_2025-09-08 11_10_38.584-05_00_0.png,2,2.5,2.4821214964902834
2434_LeafPhotoB_2025-09-08 11_10_53.702,PI153852,1,2434_LeafPhotoB_2025-09-08 11_10_53.702-05_00_0.png,2,1.5,2.200353867933161
2434_LeafPhotoB_2025-09-08 11_11_09.497,PI153852,1,2434_LeafPhotoB_2025-09-08 11_11_09.497-05_00_0.png,2,2.5,2.3895168670324343
2435_LeafPhotoB_2025-09-08 11_11_33.781,PI641849,5,2435_LeafPhotoB_2025-09-08 11_11_33.781-05_00_0.png,2,3.0,2.6979774563063095
2435_LeafPhotoB_2025-09-08 11_11_49.728,PI641849,5,2435_LeafPhotoB_2025-09-08 11_11_49.728-05_00_0.png,1,2.5,2.059735313279915
2435_LeafPhotoB_2025-09-08 11_12_07.370,PI641849,5,2435_LeafPhotoB_2025-09-08 11_12_07.370-05_00_0.png,2,1.5,2.134989167594818
2436_LeafPhotoB_2025-09-08 11_12_23.591,PI533911,5,2436_LeafPhotoB_2025-09-08 11_12_23.591-05_00_0.png,1,1.5,2.0181600342143424
2436_LeafPhotoB_2025-09-08 11_12_35.180,PI533911,5,2436_LeafPhotoB_2025-09-08 11_12_35.180-05_00_0.png,2,1.5,2.030774454229884
2436_LeafPhotoB_2025-09-08 11_12_52.698,PI533911,5,2436_LeafPhotoB_2025-09-08 11_12_52.698-05_00_0.png,2,1.5,2.065410449831147
2437_LeafPhotoB_2025-09-08 11_13_12.248,PI656090,3,2437_LeafPhotoB_2025-09-08 11_13_12.248-05_00_0.png,2,2.0,2.1980352340920235
2437_LeafPhotoB_2025-09-08 11_13_30.091,PI656090,3,2437_LeafPhotoB_2025-09-08 11_13_30.091-05_00_0.png,2,2.5,2.4943331612034196
2437_LeafPhotoB_2025-09-08 11_13_49.474,PI656090,3,2437_LeafPhotoB_2025-09-08 11_13_49.474-05_00_0.png,2,2.5,2.482689116000636
2438_LeafPhotoB_2025-09-08 11_14_12.077,PI533966,5,2438_LeafPhotoB_2025-09-08 11_14_12.077-05_00_0.png,1,3.0,2.8411744203676035
2438_LeafPhotoB_2025-09-08 11_14_34.150,PI533966,5,2438_LeafPhotoB_2025-09-08 11_14_34.150-05_00_0.png,2,2.25,2.591037467891536
2438_LeafPhotoB_2025-09-08 11_14_46.360,PI533966,5,2438_LeafPhotoB_2025-09-08 11_14_46.360-05_00_0.png,2,3.0,2.5347497677283477
2439_LeafPhotoB_2025-09-08 11_15_32.151,PI534165,1,2439_LeafPhotoB_2025-09-08 11_15_32.151-05_00_0.png,2,1.0,1.6068461911765226
2439_LeafPhotoB_2025-09-08 11_15_54.973,PI534165,1,2439_LeafPhotoB_2025-09-08 11_15_54.973-05_00_0.png,2,2.5,2.0746498879040227
2440_LeafPhotoB_2025-09-08 11_16_19.468,PI576421,1,2440_LeafPhotoB_2025-09-08 11_16_19.468-05_00_0.png,1,3.0,2.781051309369617
2440_LeafPhotoB_2025-09-08 11_16_55.519,PI576421,1,2440_LeafPhotoB_2025-09-08 11_16_55.519-05_00_0.png,2,3.0,2.4861760977262928
2441_LeafPhotoB_2025-09-08 11_17_12.000,PI533821,4,2441_LeafPhotoB_2025-09-08 11_17_12.000-05_00_0.png,2,2.0,2.648936331623957
2441_LeafPhotoB_2025-09-08 11_17_24.992,PI533821,4,2441_LeafPhotoB_2025-09-08 11_17_24.992-05_00_0.png,2,3.0,2.673280906735161
2441_LeafPhotoB_2025-09-08 11_17_37.081,PI533821,4,2441_LeafPhotoB_2025-09-08 11_17_37.081-05_00_0.png,2,3.5,2.8056229467342053
2442_LeafPhotoB_2025-09-08 11_17_53.068,PI564163,1,2442_LeafPhotoB_2025-09-08 11_17_53.068-05_00_0.png,2,1.5,2.036718430067017
2442_LeafPhotoB_2025-09-08 11_18_15.332,PI564163,1,2442_LeafPhotoB_2025-09-08 11_18_15.332-05_00_0.png,2,3.0,2.4826780636683607
2443_LeafPhotoB_2025-09-08 11_18_59.151,PI533980,2,2443_LeafPhotoB_2025-09-08 11_18_59.151-05_00_0.png,2,2.5,2.5844045695245246
2443_LeafPhotoB_2025-09-08 11_19_16.215,PI533980,2,2443_LeafPhotoB_2025-09-08 11_19_16.215-05_00_0.png,2,3.0,2.421655882912183
2443_LeafPhotoB_2025-09-08 11_19_31.397,PI533980,2,2443_LeafPhotoB_2025-09-08 11_19_31.397-05_00_0.png,2,2.5,1.9416987054630845
2444_LeafPhotoB_2025-09-08 11_19_56.783,PI534084,5,2444_LeafPhotoB_2025-09-08 11_19_56.783-05_00_0.png,2,2.25,2.7528720956820467
2444_LeafPhotoB_2025-09-08 11_20_15.398,PI534084,5,2444_LeafPhotoB_2025-09-08 11_20_15.398-05_00_0.png,2,3.0,2.7656051703320506
2444_LeafPhotoB_2025-09-08 11_20_29.552,PI534084,5,2444_LeafPhotoB_2025-09-08 11_20_29.552-05_00_0.png,2,3.5,3.089886276424717
2445_LeafPhotoB_2025-09-08 11_20_50.013,PI534157,4,2445_LeafPhotoB_2025-09-08 11_20_50.013-05_00_0.png,2,2.0,1.7992241858083868
2445_LeafPhotoB_2025-09-08 11_21_12.225,PI534157,4,2445_LeafPhotoB_2025-09-08 11_21_12.225-05_00_0.png,2,1.5,2.242853707020321
2445_LeafPhotoB_2025-09-08 11_21_24.959,PI534157,4,2445_LeafPhotoB_2025-09-08 11_21_24.959-05_00_0.png,2,1.5,2.0737057172187985
2446_LeafPhotoB_2025-09-08 11_21_40.834,PI533925,1,2446_LeafPhotoB_2025-09-08 11_21_40.834-05_00_0.png,2,3.0,2.3274564174115566
2446_LeafPhotoB_2025-09-08 11_22_03.984,PI533925,1,2446_LeafPhotoB_2025-09-08 11_22_03.984-05_00_0.png,2,3.5,2.665118662742009
2446_LeafPhotoB_2025-09-08 11_22_15.606,PI533925,1,2446_LeafPhotoB_2025-09-08 11_22_15.606-05_00_0.png,2,3.0,2.481350813851829
2447_LeafPhotoB_2025-09-08 11_22_35.454,PI576401,3,2447_LeafPhotoB_2025-09-08 11_22_35.454-05_00_0.png,1,1.0,1.723528440297943
2447_LeafPhotoB_2025-09-08 11_22_51.883,PI576401,3,2447_LeafPhotoB_2025-09-08 11_22_51.883-05_00_0.png,2,2.0,1.8801966630611877
2447_LeafPhotoB_2025-09-08 11_23_12.690,PI576401,3,2447_LeafPhotoB_2025-09-08 11_23_12.690-05_00_0.png,2,2.5,2.2102852673416384
2449_LeafPhotoB_2025-09-08 11_23_39.370,SC1021,2,2449_LeafPhotoB_2025-09-08 11_23_39.370-05_00_0.png,2,2.0,2.619492345204784
2449_LeafPhotoB_2025-09-08 11_24_17.199,SC1021,2,2449_LeafPhotoB_2025-09-08 11_24_17.199-05_00_0.png,2,2.5,2.3879414150829716
2449_LeafPhotoB_2025-09-08 11_24_42.137,SC1021,2,2449_LeafPhotoB_2025-09-08 11_24_42.137-05_00_0.png,2,2.5,2.5777184227384105
2450_LeafPhotoB_2025-09-08 11_25_14.788,PI533957,5,2450_LeafPhotoB_2025-09-08 11_25_14.788-05_00_0.png,2,2.0,1.9935865001119455
2450_LeafPhotoB_2025-09-08 11_25_27.986,PI533957,5,2450_LeafPhotoB_2025-09-08 11_25_27.986-05_00_0.png,2,1.5,1.9469138258721286
2450_LeafPhotoB_2025-09-08 11_25_41.315,PI533957,5,2450_LeafPhotoB_2025-09-08 11_25_41.315-05_00_0.png,2,1.25,1.866817615099994
2451_LeafPhotoB_2025-09-08 11_29_15.932,PI576351,2,2451_LeafPhotoB_2025-09-08 11_29_15.932-05_00_0.png,2,2.0,2.758438401424857
2451_LeafPhotoB_2025-09-08 11_29_33.928,PI576351,2,2451_LeafPhotoB_2025-09-08 11_29_33.928-05_00_0.png,2,2.5,2.4144079102791136
2451_LeafPhotoB_2025-09-08 11_29_50.007,PI576351,2,2451_LeafPhotoB_2025-09-08 11_29_50.007-05_00_0.png,2,3.0,2.5810173922748536
2452_LeafPhotoB_2025-09-08 11_30_12.684,PI534089,1,2452_LeafPhotoB_2025-09-08 11_30_12.684-05_00_0.png,2,2.5,2.4652421165868996
2452_LeafPhotoB_2025-09-08 11_30_25.968,PI534089,1,2452_LeafPhotoB_2025-09-08 11_30_25.968-05_00_0.png,2,2.0,2.3269989019297816
2452_LeafPhotoB_2025-09-08 11_30_37.130,PI534089,1,2452_LeafPhotoB_2025-09-08 11_30_37.130-05_00_0.png,2,2.5,2.6452553320352026
2453_LeafPhotoB_2025-09-08 11_30_51.747,PI607931,1,2453_LeafPhotoB_2025-09-08 11_30_51.747-05_00_0.png,2,1.75,2.5368241769745654
2453_LeafPhotoB_2025-09-08 11_31_03.660,PI607931,1,2453_LeafPhotoB_2025-09-08 11_31_03.660-05_00_0.png,2,3.0,2.37809288489382
2453_LeafPhotoB_2025-09-08 11_31_31.055,PI607931,1,2453_LeafPhotoB_2025-09-08 11_31_31.055-05_00_0.png,2,1.5,2.262092279982572
2454_LeafPhotoB_2025-09-08 11_31_56.448,PI656105,4,2454_LeafPhotoB_2025-09-08 11_31_56.448-05_00_0.png,2,1.0,1.7752113466770596
2454_LeafPhotoB_2025-09-08 11_32_15.386,PI656105,4,2454_LeafPhotoB_2025-09-08 11_32_15.386-05_00_0.png,2,3.0,2.0442740973025506
2454_LeafPhotoB_2025-09-08 11_32_34.940,PI656105,4,2454_LeafPhotoB_2025-09-08 11_32_34.940-05_00_0.png,2,2.5,1.9628293988562164
2455_LeafPhotoB_2025-09-08 11_32_47.648,PI534142,3,2455_LeafPhotoB_2025-09-08 11_32_47.648-05_00_0.png,2,4.0,3.2896669971130477
2455_LeafPhotoB_2025-09-08 11_33_04.409,PI534142,3,2455_LeafPhotoB_2025-09-08 11_33_04.409-05_00_0.png,2,3.5,3.2975572947009324
2455_LeafPhotoB_2025-09-08 11_33_17.904,PI534142,3,2455_LeafPhotoB_2025-09-08 11_33_17.904-05_00_0.png,2,4.0,3.3908162551171745
2456_LeafPhotoB_2025-09-08 11_33_40.566,PI656019,1,2456_LeafPhotoB_2025-09-08 11_33_40.566-05_00_0.png,2,3.0,2.6837673816489622
2456_LeafPhotoB_2025-09-08 11_33_58.568,PI656019,1,2456_LeafPhotoB_2025-09-08 11_33_58.568-05_00_0.png,2,2.5,2.3718472216589017
2456_LeafPhotoB_2025-09-08 11_34_19.278,PI656019,1,2456_LeafPhotoB_2025-09-08 11_34_19.278-05_00_0.png,2,2.5,2.384530963141651
2457_LeafPhotoB_2025-09-08 11_34_42.688,PI597946,1,2457_LeafPhotoB_2025-09-08 11_34_42.688-05_00_0.png,2,3.0,2.4966196404016934
2457_LeafPhotoB_2025-09-08 11_34_58.036,PI597946,1,2457_LeafPhotoB_2025-09-08 11_34_58.036-05_00_0.png,2,2.5,2.0547770906360077
2457_LeafPhotoB_2025-09-08 11_35_12.164,PI597946,1,2457_LeafPhotoB_2025-09-08 11_35_12.164-05_00_0.png,2,3.0,2.5136216911949343
2458_LeafPhotoB_2025-09-08 11_35_26.865,SC0542,2,2458_LeafPhotoB_2025-09-08 11_35_26.865-05_00_0.png,2,1.25,2.0451113800012575
2458_LeafPhotoB_2025-09-08 11_35_48.169,SC0542,2,2458_LeafPhotoB_2025-09-08 11_35_48.169-05_00_0.png,2,2.0,2.4028174663488495
2458_LeafPhotoB_2025-09-08 11_36_10.536,SC0542,2,2458_LeafPhotoB_2025-09-08 11_36_10.536-05_00_0.png,2,2.5,2.2551174946135495
2459_LeafPhotoB_2025-09-08 11_36_28.099,PI533870,4,2459_LeafPhotoB_2025-09-08 11_36_28.099-05_00_0.png,2,2.5,2.3628080997519842
2459_LeafPhotoB_2025-09-08 11_36_49.568,PI533870,4,2459_LeafPhotoB_2025-09-08 11_36_49.568-05_00_0.png,2,3.0,2.5746895344174683
2459_LeafPhotoB_2025-09-08 11_37_09.757,PI533870,4,2459_LeafPhotoB_2025-09-08 11_37_09.757-05_00_0.png,2,2.5,2.6008038651331877
2460_LeafPhotoB_2025-09-08 11_37_28.626,PI659753,1,2460_LeafPhotoB_2025-09-08 11_37_28.626-05_00_0.png,2,1.75,2.0932995791317
2460_LeafPhotoB_2025-09-08 11_37_49.196,PI659753,1,2460_LeafPhotoB_2025-09-08 11_37_49.196-05_00_0.png,2,3.0,2.4432170034115206
2460_LeafPhotoB_2025-09-08 11_38_12.910,PI659753,1,2460_LeafPhotoB_2025-09-08 11_38_12.910-05_00_0.png,2,2.5,2.0057173781216893
2461_LeafPhotoB_2025-09-08 11_38_28.563,PI533933,4,2461_LeafPhotoB_2025-09-08 11_38_28.563-05_00_0.png,2,1.5,1.8870962739745625
2461_LeafPhotoB_2025-09-08 11_38_43.859,PI533933,4,2461_LeafPhotoB_2025-09-08 11_38_43.859-05_00_0.png,2,2.0,2.522957653986019
2462_LeafPhotoB_2025-09-08 11_39_17.131,PI656071,1,2462_LeafPhotoB_2025-09-08 11_39_17.131-05_00_0.png,2,2.0,2.439979002865932
2462_LeafPhotoB_2025-09-08 11_39_36.705,PI656071,1,2462_LeafPhotoB_2025-09-08 11_39_36.705-05_00_0.png,2,3.0,2.5134235645506924
2462_LeafPhotoB_2025-09-08 11_39_52.765,PI656071,1,2462_LeafPhotoB_2025-09-08 11_39_52.765-05_00_0.png,2,3.0,2.527863709667144
2463_LeafPhotoB_2025-09-08 11_40_13.151,PI534156,4,2463_LeafPhotoB_2025-09-08 11_40_13.151-05_00_0.png,2,2.5,2.1155007473713954
2463_LeafPhotoB_2025-09-08 11_40_37.342,PI534156,4,2463_LeafPhotoB_2025-09-08 11_40_37.342-05_00_0.png,2,2.0,2.1565801169279215
2463_LeafPhotoB_2025-09-08 11_41_05.461,PI534156,4,2463_LeafPhotoB_2025-09-08 11_41_05.461-05_00_0.png,2,2.0,2.1415325108360412
2464_LeafPhotoB_2025-09-08 11_41_40.408,PI576343,4,2464_LeafPhotoB_2025-09-08 11_41_40.408-05_00_0.png,2,2.75,2.8455045505502836
2464_LeafPhotoB_2025-09-08 11_41_58.706,PI576343,4,2464_LeafPhotoB_2025-09-08 11_41_58.706-05_00_0.png,2,1.5,2.3686048675707227
2466_LeafPhotoB_2025-09-08 11_42_42.225,PI656076,2,2466_LeafPhotoB_2025-09-08 11_42_42.225-05_00_0.png,2,1.0,1.6672433270835116
2466_LeafPhotoB_2025-09-08 11_43_07.816,PI656076,2,2466_LeafPhotoB_2025-09-08 11_43_07.816-05_00_0.png,2,1.0,1.7637778091818095
2466_LeafPhotoB_2025-09-08 11_43_32.013,PI656076,2,2466_LeafPhotoB_2025-09-08 11_43_32.013-05_00_0.png,2,1.5,1.5098498714236186
2467_LeafPhotoB_2025-09-08 11_43_53.177,PI533839,5,2467_LeafPhotoB_2025-09-08 11_43_53.177-05_00_0.png,2,1.5,2.091696785472394
2467_LeafPhotoB_2025-09-08 11_44_04.738,PI533839,5,2467_LeafPhotoB_2025-09-08 11_44_04.738-05_00_0.png,2,2.5,2.057478030161273
2467_LeafPhotoB_2025-09-08 11_44_24.631,PI533839,5,2467_LeafPhotoB_2025-09-08 11_44_24.631-05_00_0.png,2,2.0,1.8575637268540701
2468_LeafPhotoB_2025-09-08 11_44_50.567,PI533844,2,2468_LeafPhotoB_2025-09-08 11_44_50.567-05_00_0.png,2,1.5,2.065254666948709
2468_LeafPhotoB_2025-09-08 11_45_06.529,PI533844,2,2468_LeafPhotoB_2025-09-08 11_45_06.529-05_00_0.png,2,1.0,1.9194160237310611
2469_LeafPhotoB_2025-09-08 11_45_54.424,PI576425,2,2469_LeafPhotoB_2025-09-08 11_45_54.424-05_00_0.png,2,1.75,2.6005164428163523
2469_LeafPhotoB_2025-09-08 11_46_05.633,PI576425,2,2469_LeafPhotoB_2025-09-08 11_46_05.633-05_00_0.png,1,1.5,1.9530404803140502
2469_LeafPhotoB_2025-09-08 11_46_21.698,PI576425,2,2469_LeafPhotoB_2025-09-08 11_46_21.698-05_00_0.png,2,1.5,2.010309891160449
2470_LeafPhotoB_2025-09-08 11_46_55.188,SC1024,5,2470_LeafPhotoB_2025-09-08 11_46_55.188-05_00_0.png,2,2.25,2.451603364734298
2470_LeafPhotoB_2025-09-08 11_47_16.377,SC1024,5,2470_LeafPhotoB_2025-09-08 11_47_16.377-05_00_0.png,2,3.5,3.0470807199265058
2470_LeafPhotoB_2025-09-08 11_47_37.543,SC1024,5,2470_LeafPhotoB_2025-09-08 11_47_37.543-05_00_0.png,2,1.75,2.454553472858456
2471_LeafPhotoB_2025-09-08 11_47_57.632,PI534155,4,2471_LeafPhotoB_2025-09-08 11_47_57.632-05_00_0.png,1,2.0,1.8578029025251073
2471_LeafPhotoB_2025-09-08 11_48_18.471,PI534155,4,2471_LeafPhotoB_2025-09-08 11_48_18.471-05_00_0.png,2,1.0,1.957041317989284
2471_LeafPhotoB_2025-09-08 11_48_37.758,PI534155,4,2471_LeafPhotoB_2025-09-08 11_48_37.758-05_00_0.png,2,2.0,1.910437534754117
2473_LeafPhotoB_2025-09-08 11_49_19.311,PI576394,4,2473_LeafPhotoB_2025-09-08 11_49_19.311-05_00_0.png,2,1.5,1.9888743527048283
2473_LeafPhotoB_2025-09-08 11_49_44.783,PI576394,4,2473_LeafPhotoB_2025-09-08 11_49_44.783-05_00_0.png,2,1.5,1.8718684310443598
2474_LeafPhotoB_2025-09-08 11_50_06.958,PI656026,5,2474_LeafPhotoB_2025-09-08 11_50_06.958-05_00_0.png,2,1.0,1.5619008939546881
2474_LeafPhotoB_2025-09-08 11_50_19.735,PI656026,5,2474_LeafPhotoB_2025-09-08 11_50_19.735-05_00_0.png,1,2.0,2.2855125005605874
2474_LeafPhotoB_2025-09-08 11_50_37.859,PI656026,5,2474_LeafPhotoB_2025-09-08 11_50_37.859-05_00_0.png,1,1.0,1.8250471459678776
2475_LeafPhotoB_2025-09-08 11_50_55.527,PI534040,2,2475_LeafPhotoB_2025-09-08 11_50_55.527-05_00_0.png,1,2.5,1.8490372854081984
2475_LeafPhotoB_2025-09-08 11_51_18.068,PI534040,2,2475_LeafPhotoB_2025-09-08 11_51_18.068-05_00_0.png,2,1.5,1.5321625186321999
2475_LeafPhotoB_2025-09-08 11_51_32.508,PI534040,2,2475_LeafPhotoB_2025-09-08 11_51_32.508-05_00_0.png,2,1.0,1.5604934552528746
2476_LeafPhotoB_2025-09-08 11_51_54.468,PI564163,1,2476_LeafPhotoB_2025-09-08 11_51_54.468-05_00_0.png,2,1.75,2.0321011508573563
2476_LeafPhotoB_2025-09-08 11_52_12.277,PI564163,1,2476_LeafPhotoB_2025-09-08 11_52_12.277-05_00_0.png,2,2.5,2.1565619737074
2476_LeafPhotoB_2025-09-08 11_52_28.192,PI564163,1,2476_LeafPhotoB_2025-09-08 11_52_28.192-05_00_0.png,2,2.5,2.179154404660945
2477_LeafPhotoB_2025-09-08 11_52_47.408,PI656101,5,2477_LeafPhotoB_2025-09-08 11_52_47.408-05_00_0.png,2,3.25,3.3349741200289134
2477_LeafPhotoB_2025-09-08 11_53_02.439,PI656101,5,2477_LeafPhotoB_2025-09-08 11_53_02.439-05_00_0.png,2,3.5,2.6016066116486334
2477_LeafPhotoB_2025-09-08 11_53_18.561,PI656101,5,2477_LeafPhotoB_2025-09-08 11_53_18.561-05_00_0.png,2,3.0,2.4282754577711665
2478_LeafPhotoB_2025-09-08 11_53_38.180,PI534148,5,2478_LeafPhotoB_2025-09-08 11_53_38.180-05_00_0.png,1,2.5,2.6995084537125607
2478_LeafPhotoB_2025-09-08 11_53_59.656,PI534148,5,2478_LeafPhotoB_2025-09-08 11_53_59.656-05_00_0.png,2,3.0,2.4203565890319307
2478_LeafPhotoB_2025-09-08 11_54_11.812,PI534148,5,2478_LeafPhotoB_2025-09-08 11_54_11.812-05_00_0.png,2,1.75,2.5681952974797726
2479_LeafPhotoB_2025-09-08 11_54_28.900,SC0965,3,2479_LeafPhotoB_2025-09-08 11_54_28.900-05_00_0.png,2,2.0,3.5598702368584325
2479_LeafPhotoB_2025-09-08 11_54_48.256,SC0965,3,2479_LeafPhotoB_2025-09-08 11_54_48.256-05_00_0.png,2,3.0,3.526057442167581
2479_LeafPhotoB_2025-09-08 11_55_27.735,SC0965,3,2479_LeafPhotoB_2025-09-08 11_55_27.735-05_00_0.png,2,2.5,2.9701922860293837
2480_LeafPhotoB_2025-09-08 11_56_26.663,PI656023,5,2480_LeafPhotoB_2025-09-08 11_56_26.663-05_00_0.png,2,2.5,2.166640661111671
2480_LeafPhotoB_2025-09-08 11_56_42.017,PI656023,5,2480_LeafPhotoB_2025-09-08 11_56_42.017-05_00_0.png,2,2.0,2.2840530155139906
2480_LeafPhotoB_2025-09-08 11_56_53.343,PI656023,5,2480_LeafPhotoB_2025-09-08 11_56_53.343-05_00_0.png,2,3.0,2.578736810145479
2481_LeafPhotoB_2025-09-08 11_57_15.133,PI576334,2,2481_LeafPhotoB_2025-09-08 11_57_15.133-05_00_0.png,2,3.5,3.1296567259790224
2481_LeafPhotoB_2025-09-08 11_57_43.381,PI576334,2,2481_LeafPhotoB_2025-09-08 11_57_43.381-05_00_0.png,2,2.5,2.5991557869496016
2481_LeafPhotoB_2025-09-08 11_58_03.951,PI576334,2,2481_LeafPhotoB_2025-09-08 11_58_03.951-05_00_0.png,2,2.5,2.7335405067042298
2482_LeafPhotoB_2025-09-08 11_58_20.522,PI533802,2,2482_LeafPhotoB_2025-09-08 11_58_20.522-05_00_0.png,2,1.0,2.026331686588267
2482_LeafPhotoB_2025-09-08 11_58_37.076,PI533802,2,2482_LeafPhotoB_2025-09-08 11_58_37.076-05_00_0.png,2,1.5,1.7722191586457396
2482_LeafPhotoB_2025-09-08 11_58_49.297,PI533802,2,2482_LeafPhotoB_2025-09-08 11_58_49.297-05_00_0.png,2,1.5,1.6365918488787836
2483_LeafPhotoB_2025-09-08 11_59_11.721,PI656017,5,2483_LeafPhotoB_2025-09-08 11_59_11.721-05_00_0.png,2,2.0,1.8714474588401304
2483_LeafPhotoB_2025-09-08 11_59_30.421,PI656017,5,2483_LeafPhotoB_2025-09-08 11_59_30.421-05_00_0.png,2,1.5,1.6862886352505777
2483_LeafPhotoB_2025-09-08 11_59_55.157,PI656017,5,2483_LeafPhotoB_2025-09-08 11_59_55.157-05_00_0.png,2,2.5,1.8381807751024721
2485_LeafPhotoB_2025-09-08 12_00_29.273,PI629034,3,2485_LeafPhotoB_2025-09-08 12_00_29.273-05_00_0.png,2,2.0,1.8283108726356203
2485_LeafPhotoB_2025-09-08 12_00_41.756,PI629034,3,2485_LeafPhotoB_2025-09-08 12_00_41.756-05_00_0.png,2,1.0,1.5529825820261154
2485_LeafPhotoB_2025-09-08 12_00_56.370,PI629034,3,2485_LeafPhotoB_2025-09-08 12_00_56.370-05_00_0.png,2,1.0,1.7386226218471637
2486_LeafPhotoB_2025-09-08 12_01_15.501,PI576386,3,2486_LeafPhotoB_2025-09-08 12_01_15.501-05_00_0.png,1,2.5,2.198655439022473
2486_LeafPhotoB_2025-09-08 12_02_07.247,PI576386,3,2486_LeafPhotoB_2025-09-08 12_02_07.247-05_00_0.png,2,2.0,2.142325512592053
2486_LeafPhotoB_2025-09-08 12_02_19.467,PI576386,3,2486_LeafPhotoB_2025-09-08 12_02_19.467-05_00_0.png,2,1.5,2.0874869230453856
2487_LeafPhotoB_2025-09-08 12_02_35.681,PI576412,3,2487_LeafPhotoB_2025-09-08 12_02_35.681-05_00_0.png,2,2.5,2.6923573776966254
2487_LeafPhotoB_2025-09-08 12_02_46.707,PI576412,3,2487_LeafPhotoB_2025-09-08 12_02_46.707-05_00_0.png,2,2.5,2.224071944391712
2487_LeafPhotoB_2025-09-08 12_02_57.464,PI576412,3,2487_LeafPhotoB_2025-09-08 12_02_57.464-05_00_0.png,2,2.0,2.8287845006931507
2488_LeafPhotoB_2025-09-08 12_03_35.014,PI48770,4,2488_LeafPhotoB_2025-09-08 12_03_35.014-05_00_0.png,1,2.5,1.987865146411894
2488_LeafPhotoB_2025-09-08 12_03_51.164,PI48770,4,2488_LeafPhotoB_2025-09-08 12_03_51.164-05_00_0.png,2,2.5,2.2108768643325627
2488_LeafPhotoB_2025-09-08 12_04_17.623,PI48770,4,2488_LeafPhotoB_2025-09-08 12_04_17.623-05_00_0.png,1,3.5,2.246718001802761
2489_LeafPhotoB_2025-09-08 12_04_36.797,PI534073,4,2489_LeafPhotoB_2025-09-08 12_04_36.797-05_00_0.png,2,2.5,2.5453440576505133
2489_LeafPhotoB_2025-09-08 12_04_49.131,PI534073,4,2489_LeafPhotoB_2025-09-08 12_04_49.131-05_00_0.png,2,2.5,2.572843192020394
2489_LeafPhotoB_2025-09-08 12_05_01.783,PI534073,4,2489_LeafPhotoB_2025-09-08 12_05_01.783-05_00_0.png,2,3.0,2.352499727674931
2490_LeafPhotoB_2025-09-08 12_05_22.252,PI534152,2,2490_LeafPhotoB_2025-09-08 12_05_22.252-05_00_0.png,2,1.5,2.2715885380462226
2490_LeafPhotoB_2025-09-08 12_05_34.710,PI534152,2,2490_LeafPhotoB_2025-09-08 12_05_34.710-05_00_0.png,2,1.5,2.145002486748556
2490_LeafPhotoB_2025-09-08 12_05_51.103,PI534152,2,2490_LeafPhotoB_2025-09-08 12_05_51.103-05_00_0.png,2,1.5,2.1462920495867106
2491_LeafPhotoB_2025-09-08 12_06_12.641,SC0870,1,2491_LeafPhotoB_2025-09-08 12_06_12.641-05_00_0.png,2,1.5,1.797814105865207
2491_LeafPhotoB_2025-09-08 12_06_22.307,SC0870,1,2491_LeafPhotoB_2025-09-08 12_06_22.307-05_00_0.png,2,2.5,2.4693178993280336
2491_LeafPhotoB_2025-09-08 12_06_33.972,SC0870,1,2491_LeafPhotoB_2025-09-08 12_06_33.972-05_00_0.png,2,2.0,2.2762260617033796
2492_LeafPhotoB_2025-09-08 12_07_02.332,PI656072,2,2492_LeafPhotoB_2025-09-08 12_07_02.332-05_00_0.png,1,1.5,2.0163734218675193
2492_LeafPhotoB_2025-09-08 12_07_17.613,PI656072,2,2492_LeafPhotoB_2025-09-08 12_07_17.613-05_00_0.png,2,2.5,2.070323905666808
2492_LeafPhotoB_2025-09-08 12_07_35.878,PI656072,2,2492_LeafPhotoB_2025-09-08 12_07_35.878-05_00_0.png,2,2.5,1.9741418100303552
2494_LeafPhotoB_2025-09-08 12_08_08.304,PI533905,4,2494_LeafPhotoB_2025-09-08 12_08_08.304-05_00_0.png,2,2.5,2.0283627382410745
2494_LeafPhotoB_2025-09-08 12_08_28.619,PI533905,4,2494_LeafPhotoB_2025-09-08 12_08_28.619-05_00_0.png,2,2.5,2.1226590941491015
2494_LeafPhotoB_2025-09-08 12_08_43.290,PI533905,4,2494_LeafPhotoB_2025-09-08 12_08_43.290-05_00_0.png,2,2.5,1.9981828460754896
2495_LeafPhotoB_2025-09-08 12_19_09.877,PI656034,3,2495_LeafPhotoB_2025-09-08 12_19_09.877-05_00_0.png,2,1.5,1.594268613229843
2495_LeafPhotoB_2025-09-08 12_19_33.263,PI656034,3,2495_LeafPhotoB_2025-09-08 12_19_33.263-05_00_0.png,1,1.5,1.86331308568116
2495_LeafPhotoB_2025-09-08 12_20_03.955,PI656034,3,2495_LeafPhotoB_2025-09-08 12_20_03.955-05_00_0.png,2,1.0,1.7353591034915843
2497_LeafPhotoB_2025-09-08 12_20_41.266,PI533827,1,2497_LeafPhotoB_2025-09-08 12_20_41.266-05_00_0.png,2,2.5,2.1159924216171975
2497_LeafPhotoB_2025-09-08 12_21_06.775,PI533827,1,2497_LeafPhotoB_2025-09-08 12_21_06.775-05_00_0.png,2,2.0,2.2712860722460677
2497_LeafPhotoB_2025-09-08 12_21_27.211,PI533827,1,2497_LeafPhotoB_2025-09-08 12_21_27.211-05_00_0.png,2,2.5,2.016350923228423
2498_LeafPhotoB_2025-09-08 12_21_48.900,SC0550,4,2498_LeafPhotoB_2025-09-08 12_21_48.900-05_00_0.png,2,1.5,2.2195427793214253
2498_LeafPhotoB_2025-09-08 12_22_01.714,SC0550,4,2498_LeafPhotoB_2025-09-08 12_22_01.714-05_00_0.png,2,2.5,2.037537451130312
2498_LeafPhotoB_2025-09-08 12_22_17.705,SC0550,4,2498_LeafPhotoB_2025-09-08 12_22_17.705-05_00_0.png,2,1.5,2.014879056277611
2499_LeafPhotoB_2025-09-08 12_22_54.693,PI576374,3,2499_LeafPhotoB_2025-09-08 12_22_54.693-05_00_0.png,2,3.0,2.333989664638244
2499_LeafPhotoB_2025-09-08 12_23_08.774,PI576374,3,2499_LeafPhotoB_2025-09-08 12_23_08.774-05_00_0.png,2,3.5,2.568284265183341
2499_LeafPhotoB_2025-09-08 12_23_25.734,PI576374,3,2499_LeafPhotoB_2025-09-08 12_23_25.734-05_00_0.png,2,1.75,2.4403413048119873
2500_LeafPhotoB_2025-09-08 12_23_42.593,BTx643,3,2500_LeafPhotoB_2025-09-08 12_23_42.593-05_00_0.png,2,2.5,1.8556213926292766
2500_LeafPhotoB_2025-09-08 12_23_57.392,BTx643,3,2500_LeafPhotoB_2025-09-08 12_23_57.392-05_00_0.png,2,1.5,1.7798722145494854
2500_LeafPhotoB_2025-09-08 12_24_10.861,BTx643,3,2500_LeafPhotoB_2025-09-08 12_24_10.861-05_00_0.png,2,1.0,1.7739048698739917
2501_LeafPhotoA_2025-09-09 09_55_22.011,PI576414,5,2501_LeafPhotoA_2025-09-09 09_55_22.011-05_00_0.png,2,2.5,2.3919339124808032
2501_LeafPhotoA_2025-09-09 09_55_35.522,PI576414,5,2501_LeafPhotoA_2025-09-09 09_55_35.522-05_00_0.png,2,2.5,2.485899810314672
2501_LeafPhotoA_2025-09-09 09_55_51.660,PI576414,5,2501_LeafPhotoA_2025-09-09 09_55_51.660-05_00_0.png,2,4.0,3.5381943931959055
2502_LeafPhotoA_2025-09-09 09_56_19.849,PI564163,1,2502_LeafPhotoA_2025-09-09 09_56_19.849-05_00_0.png,2,2.0,2.4199744426198917
2502_LeafPhotoA_2025-09-09 09_56_36.827,PI564163,1,2502_LeafPhotoA_2025-09-09 09_56_36.827-05_00_0.png,2,2.5,2.350252510004157
2502_LeafPhotoA_2025-09-09 09_56_59.534,PI564163,1,2502_LeafPhotoA_2025-09-09 09_56_59.534-05_00_0.png,1,3.0,2.270674619681114
2503_LeafPhotoA_2025-09-09 09_57_24.721,PI533975,5,2503_LeafPhotoA_2025-09-09 09_57_24.721-05_00_0.png,2,3.5,2.6972901948901997
2503_LeafPhotoA_2025-09-09 09_58_02.824,PI533975,5,2503_LeafPhotoA_2025-09-09 09_58_02.824-05_00_0.png,2,3.0,2.3926270491681985
2503_LeafPhotoA_2025-09-09 09_58_27.327,PI533975,5,2503_LeafPhotoA_2025-09-09 09_58_27.327-05_00_0.png,2,3.5,3.2312369046370897
2504_LeafPhotoA_2025-09-09 09_58_58.195,PI533813,4,2504_LeafPhotoA_2025-09-09 09_58_58.195-05_00_0.png,2,1.5,2.0644583060504584
2504_LeafPhotoA_2025-09-09 09_59_15.494,PI533813,4,2504_LeafPhotoA_2025-09-09 09_59_15.494-05_00_0.png,2,1.0,1.9179579693375948
2504_LeafPhotoA_2025-09-09 10_00_01.419,PI533813,4,2504_LeafPhotoA_2025-09-09 10_00_01.419-05_00_0.png,2,1.0,1.8471664988434313
2505_LeafPhotoA_2025-09-09 10_00_24.966,PI656069,5,2505_LeafPhotoA_2025-09-09 10_00_24.966-05_00_0.png,1,2.0,1.9506301220756845
2505_LeafPhotoA_2025-09-09 10_00_42.737,PI656069,5,2505_LeafPhotoA_2025-09-09 10_00_42.737-05_00_0.png,2,2.0,2.0575023806626613
2505_LeafPhotoA_2025-09-09 10_00_57.054,PI656069,5,2505_LeafPhotoA_2025-09-09 10_00_57.054-05_00_0.png,2,1.25,2.0074574738604682
2506_LeafPhotoA_2025-09-09 10_01_22.923,PI533776,5,2506_LeafPhotoA_2025-09-09 10_01_22.923-05_00_0.png,2,2.5,2.5073176040947267
2506_LeafPhotoA_2025-09-09 10_01_46.426,PI533776,5,2506_LeafPhotoA_2025-09-09 10_01_46.426-05_00_0.png,1,2.75,2.841704777411176
2506_LeafPhotoA_2025-09-09 10_02_00.313,PI533776,5,2506_LeafPhotoA_2025-09-09 10_02_00.313-05_00_0.png,2,2.5,2.427447129161782
2507_LeafPhotoA_2025-09-09 10_02_20.723,PI534043,4,2507_LeafPhotoA_2025-09-09 10_02_20.723-05_00_0.png,2,2.0,2.0945242754246514
2507_LeafPhotoA_2025-09-09 10_02_36.291,PI534043,4,2507_LeafPhotoA_2025-09-09 10_02_36.291-05_00_0.png,2,2.5,2.3697765569580462
2507_LeafPhotoA_2025-09-09 10_02_50.023,PI534043,4,2507_LeafPhotoA_2025-09-09 10_02_50.023-05_00_0.png,2,1.5,1.7656692553200588
2508_LeafPhotoA_2025-09-09 10_03_32.896,SC0436,4,2508_LeafPhotoA_2025-09-09 10_03_32.896-05_00_0.png,2,3.0,2.482251155092753
2508_LeafPhotoA_2025-09-09 10_03_45.478,SC0436,4,2508_LeafPhotoA_2025-09-09 10_03_45.478-05_00_0.png,2,2.5,2.0170628494699305
2508_LeafPhotoA_2025-09-09 10_04_04.166,SC0436,4,2508_LeafPhotoA_2025-09-09 10_04_04.166-05_00_0.png,2,1.5,1.8961330418291742
2510_LeafPhotoA_2025-09-09 10_05_09.669,PI656106,3,2510_LeafPhotoA_2025-09-09 10_05_09.669-05_00_0.png,2,2.0,2.1958343908999303
2510_LeafPhotoA_2025-09-09 10_05_24.878,PI656106,3,2510_LeafPhotoA_2025-09-09 10_05_24.878-05_00_0.png,2,2.5,2.396095290107683
2510_LeafPhotoA_2025-09-09 10_05_41.945,PI656106,3,2510_LeafPhotoA_2025-09-09 10_05_41.945-05_00_0.png,2,2.5,2.1987092956125647
2511_LeafPhotoA_2025-09-09 10_06_08.538,PI533866,5,2511_LeafPhotoA_2025-09-09 10_06_08.538-05_00_0.png,2,2.0,1.8892826399594644
2511_LeafPhotoA_2025-09-09 10_06_22.712,PI533866,5,2511_LeafPhotoA_2025-09-09 10_06_22.712-05_00_0.png,2,2.5,2.28972468833053
2511_LeafPhotoA_2025-09-09 10_06_43.007,PI533866,5,2511_LeafPhotoA_2025-09-09 10_06_43.007-05_00_0.png,2,1.5,1.986667434917404
2513_LeafPhotoA_2025-09-09 10_09_51.890,PI576416,1,2513_LeafPhotoA_2025-09-09 10_09_51.890-05_00_0.png,1,3.0,2.4532231525496955
2513_LeafPhotoA_2025-09-09 10_10_08.520,PI576416,1,2513_LeafPhotoA_2025-09-09 10_10_08.520-05_00_0.png,2,2.5,2.498308491441677
2513_LeafPhotoA_2025-09-09 10_10_22.944,PI576416,1,2513_LeafPhotoA_2025-09-09 10_10_22.944-05_00_0.png,2,2.5,2.2403654133869324
2514_LeafPhotoA_2025-09-09 10_11_17.660,PI533823,2,2514_LeafPhotoA_2025-09-09 10_11_17.660-05_00_0.png,2,4.0,3.4801300099096255
2514_LeafPhotoA_2025-09-09 10_11_35.245,PI533823,2,2514_LeafPhotoA_2025-09-09 10_11_35.245-05_00_0.png,2,3.5,3.259254417846839
2514_LeafPhotoA_2025-09-09 10_12_03.398,PI533823,2,2514_LeafPhotoA_2025-09-09 10_12_03.398-05_00_0.png,1,3.5,3.0986333343970474
2515_LeafPhotoA_2025-09-09 10_12_37.469,PI564163,1,2515_LeafPhotoA_2025-09-09 10_12_37.469-05_00_0.png,1,2.5,2.403568557998911
2515_LeafPhotoA_2025-09-09 10_12_50.255,PI564163,1,2515_LeafPhotoA_2025-09-09 10_12_50.255-05_00_0.png,2,2.0,2.050489777464084
2515_LeafPhotoA_2025-09-09 10_13_03.695,PI564163,1,2515_LeafPhotoA_2025-09-09 10_13_03.695-05_00_0.png,2,1.25,1.8815374126464477
2516_LeafPhotoA_2025-09-09 10_13_35.191,PI533855,3,2516_LeafPhotoA_2025-09-09 10_13_35.191-05_00_0.png,2,3.0,2.8642955515476807
2516_LeafPhotoA_2025-09-09 10_13_47.907,PI533855,3,2516_LeafPhotoA_2025-09-09 10_13_47.907-05_00_0.png,2,2.0,2.438267265500584
2516_LeafPhotoA_2025-09-09 10_14_00.183,PI533855,3,2516_LeafPhotoA_2025-09-09 10_14_00.183-05_00_0.png,2,2.5,2.106766857614439
2518_LeafPhotoA_2025-09-09 10_14_44.963,PI533836,4,2518_LeafPhotoA_2025-09-09 10_14_44.963-05_00_0.png,2,2.25,2.9061866187776753
2518_LeafPhotoA_2025-09-09 10_15_00.835,PI533836,4,2518_LeafPhotoA_2025-09-09 10_15_00.835-05_00_0.png,2,3.0,2.4998704030167485
2518_LeafPhotoA_2025-09-09 10_15_15.738,PI533836,4,2518_LeafPhotoA_2025-09-09 10_15_15.738-05_00_0.png,2,3.0,2.4273753627403303
2519_LeafPhotoA_2025-09-09 10_15_37.717,PI595738,4,2519_LeafPhotoA_2025-09-09 10_15_37.717-05_00_0.png,1,3.0,2.137471562948575
2519_LeafPhotoA_2025-09-09 10_15_51.881,PI595738,4,2519_LeafPhotoA_2025-09-09 10_15_51.881-05_00_0.png,2,3.0,2.385085108933463
2519_LeafPhotoA_2025-09-09 10_16_07.193,PI595738,4,2519_LeafPhotoA_2025-09-09 10_16_07.193-05_00_0.png,2,1.25,2.146411975544881
2520_LeafPhotoA_2025-09-09 10_16_27.887,PI564163,1,2520_LeafPhotoA_2025-09-09 10_16_27.887-05_00_0.png,2,1.0,1.8403904659431336
2520_LeafPhotoA_2025-09-09 10_17_04.786,PI564163,1,2520_LeafPhotoA_2025-09-09 10_17_04.786-05_00_0.png,2,1.0,1.9845749341456045
2520_LeafPhotoA_2025-09-09 10_17_35.049,PI564163,1,2520_LeafPhotoA_2025-09-09 10_17_35.049-05_00_0.png,2,2.5,2.0915358135102484
2521_LeafPhotoA_2025-09-09 10_18_10.988,PI533886,4,2521_LeafPhotoA_2025-09-09 10_18_10.988-05_00_0.png,2,3.5,3.237620110743656
2521_LeafPhotoA_2025-09-09 10_18_25.933,PI533886,4,2521_LeafPhotoA_2025-09-09 10_18_25.933-05_00_0.png,2,3.5,3.1824857639898343
2521_LeafPhotoA_2025-09-09 10_18_41.098,PI533886,4,2521_LeafPhotoA_2025-09-09 10_18_41.098-05_00_0.png,2,4.0,3.434490167783927
2522_LeafPhotoA_2025-09-09 10_19_08.671,PI656058,2,2522_LeafPhotoA_2025-09-09 10_19_08.671-05_00_0.png,2,2.5,2.0125485174158397
2522_LeafPhotoA_2025-09-09 10_19_25.309,PI656058,2,2522_LeafPhotoA_2025-09-09 10_19_25.309-05_00_0.png,1,2.5,2.2736546161728146
2522_LeafPhotoA_2025-09-09 10_19_43.870,PI656058,2,2522_LeafPhotoA_2025-09-09 10_19_43.870-05_00_0.png,2,2.0,1.935249264366525
2523_LeafPhotoA_2025-09-09 10_20_42.859,PI576357,2,2523_LeafPhotoA_2025-09-09 10_20_42.859-05_00_0.png,2,3.0,2.444355258506492
2523_LeafPhotoA_2025-09-09 10_20_56.437,PI576357,2,2523_LeafPhotoA_2025-09-09 10_20_56.437-05_00_0.png,2,3.0,2.6673694328426416
2523_LeafPhotoA_2025-09-09 10_21_13.667,PI576357,2,2523_LeafPhotoA_2025-09-09 10_21_13.667-05_00_0.png,2,3.5,3.344930307476594
2524_LeafPhotoA_2025-09-09 10_21_34.620,PI576345,4,2524_LeafPhotoA_2025-09-09 10_21_34.620-05_00_0.png,2,1.5,2.2709937635775383
2524_LeafPhotoA_2025-09-09 10_21_46.111,PI576345,4,2524_LeafPhotoA_2025-09-09 10_21_46.111-05_00_0.png,2,2.0,2.0452875758937457
2524_LeafPhotoA_2025-09-09 10_22_00.314,PI576345,4,2524_LeafPhotoA_2025-09-09 10_22_00.314-05_00_0.png,2,3.0,2.4753063619430082
2525_LeafPhotoA_2025-09-09 10_22_27.215,PI533959,5,2525_LeafPhotoA_2025-09-09 10_22_27.215-05_00_0.png,2,2.5,2.2957819997554894
2525_LeafPhotoA_2025-09-09 10_22_44.965,PI533959,5,2525_LeafPhotoA_2025-09-09 10_22_44.965-05_00_0.png,2,3.0,2.523193830416613
2525_LeafPhotoA_2025-09-09 10_23_03.176,PI533959,5,2525_LeafPhotoA_2025-09-09 10_23_03.176-05_00_0.png,2,3.0,2.557861658936702
2526_LeafPhotoA_2025-09-09 10_23_46.298,PI533971,5,2526_LeafPhotoA_2025-09-09 10_23_46.298-05_00_0.png,2,3.0,2.676901499826713
2526_LeafPhotoA_2025-09-09 10_24_08.055,PI533971,5,2526_LeafPhotoA_2025-09-09 10_24_08.055-05_00_0.png,2,1.75,2.5662030317678517
2526_LeafPhotoA_2025-09-09 10_24_25.633,PI533971,5,2526_LeafPhotoA_2025-09-09 10_24_25.633-05_00_0.png,2,2.5,2.2807561603033077
2527_LeafPhotoA_2025-09-09 10_24_54.172,PI564163,1,2527_LeafPhotoA_2025-09-09 10_24_54.172-05_00_0.png,2,1.5,1.904965534654175
2527_LeafPhotoA_2025-09-09 10_25_23.091,PI564163,1,2527_LeafPhotoA_2025-09-09 10_25_23.091-05_00_0.png,2,3.5,2.7544588161094308
2527_LeafPhotoA_2025-09-09 10_25_42.935,PI564163,1,2527_LeafPhotoA_2025-09-09 10_25_42.935-05_00_0.png,2,2.0,1.9182537458154294
2528_LeafPhotoA_2025-09-09 10_26_02.563,PI533785,4,2528_LeafPhotoA_2025-09-09 10_26_02.563-05_00_0.png,2,3.0,3.0397522747387185
2528_LeafPhotoA_2025-09-09 10_26_16.379,PI533785,4,2528_LeafPhotoA_2025-09-09 10_26_16.379-05_00_0.png,2,2.5,2.5484086953938765
2528_LeafPhotoA_2025-09-09 10_26_30.929,PI533785,4,2528_LeafPhotoA_2025-09-09 10_26_30.929-05_00_0.png,2,3.5,3.0513143980621633
2529_LeafPhotoA_2025-09-09 10_26_59.299,PI656073,1,2529_LeafPhotoA_2025-09-09 10_26_59.299-05_00_0.png,1,2.5,2.576798254331031
2529_LeafPhotoA_2025-09-09 10_27_35.348,PI656073,1,2529_LeafPhotoA_2025-09-09 10_27_35.348-05_00_0.png,2,2.5,1.985505741304079
2530_LeafPhotoA_2025-09-09 10_27_59.792,PI533885,4,2530_LeafPhotoA_2025-09-09 10_27_59.792-05_00_0.png,2,4.0,2.7949406418755403
2530_LeafPhotoA_2025-09-09 10_28_15.500,PI533885,4,2530_LeafPhotoA_2025-09-09 10_28_15.500-05_00_0.png,2,3.5,2.9100627087577418
2530_LeafPhotoA_2025-09-09 10_28_43.092,PI533885,4,2530_LeafPhotoA_2025-09-09 10_28_43.092-05_00_0.png,2,3.75,3.231368132971045
2531_LeafPhotoA_2025-09-09 10_29_36.127,PI576387,5,2531_LeafPhotoA_2025-09-09 10_29_36.127-05_00_0.png,2,3.0,2.2042310486855756
2531_LeafPhotoA_2025-09-09 10_29_53.440,PI576387,5,2531_LeafPhotoA_2025-09-09 10_29_53.440-05_00_0.png,2,2.0,2.459863793842893
2531_LeafPhotoA_2025-09-09 10_30_08.576,PI576387,5,2531_LeafPhotoA_2025-09-09 10_30_08.576-05_00_0.png,2,3.0,2.530455297620385
2532_LeafPhotoA_2025-09-09 10_30_36.212,PI629059,2,2532_LeafPhotoA_2025-09-09 10_30_36.212-05_00_0.png,2,1.5,2.189205377225114
2532_LeafPhotoA_2025-09-09 10_30_50.658,PI629059,2,2532_LeafPhotoA_2025-09-09 10_30_50.658-05_00_0.png,1,2.0,2.13581439536502
2532_LeafPhotoA_2025-09-09 10_31_05.423,PI629059,2,2532_LeafPhotoA_2025-09-09 10_31_05.423-05_00_0.png,2,2.5,1.8229647281078831
2533_LeafPhotoA_2025-09-09 10_31_29.237,PI656005,3,2533_LeafPhotoA_2025-09-09 10_31_29.237-05_00_0.png,2,2.0,2.190369017119702
2533_LeafPhotoA_2025-09-09 10_31_53.410,PI656005,3,2533_LeafPhotoA_2025-09-09 10_31_53.410-05_00_0.png,2,1.75,1.9099638923566222
2533_LeafPhotoA_2025-09-09 10_32_10.665,PI656005,3,2533_LeafPhotoA_2025-09-09 10_32_10.665-05_00_0.png,2,1.0,2.1621929295281634
2534_LeafPhotoA_2025-09-09 10_32_52.060,PI576436,5,2534_LeafPhotoA_2025-09-09 10_32_52.060-05_00_0.png,2,1.5,2.186305848566784
2534_LeafPhotoA_2025-09-09 10_33_09.797,PI576436,5,2534_LeafPhotoA_2025-09-09 10_33_09.797-05_00_0.png,2,1.5,1.9729441828500764
2534_LeafPhotoA_2025-09-09 10_33_37.404,PI576436,5,2534_LeafPhotoA_2025-09-09 10_33_37.404-05_00_0.png,2,2.0,2.0974844495972906
2535_LeafPhotoA_2025-09-09 10_34_28.634,PI656000,3,2535_LeafPhotoA_2025-09-09 10_34_28.634-05_00_0.png,2,2.5,2.3789680138665066
2535_LeafPhotoA_2025-09-09 10_34_53.952,PI656000,3,2535_LeafPhotoA_2025-09-09 10_34_53.952-05_00_0.png,1,2.5,2.197084630435004
2535_LeafPhotoA_2025-09-09 10_35_08.137,PI656000,3,2535_LeafPhotoA_2025-09-09 10_35_08.137-05_00_0.png,2,1.5,2.0514287203377064
2536_LeafPhotoA_2025-09-09 10_35_28.301,PI534010,4,2536_LeafPhotoA_2025-09-09 10_35_28.301-05_00_0.png,2,1.75,1.978085002031422
2536_LeafPhotoA_2025-09-09 10_35_42.407,PI534010,4,2536_LeafPhotoA_2025-09-09 10_35_42.407-05_00_0.png,2,3.0,2.269760921502388
2536_LeafPhotoA_2025-09-09 10_35_58.367,PI534010,4,2536_LeafPhotoA_2025-09-09 10_35_58.367-05_00_0.png,2,2.0,1.9603168403975169
2537_LeafPhotoA_2025-09-09 10_36_17.774,PI565121,3,2537_LeafPhotoA_2025-09-09 10_36_17.774-05_00_0.png,1,1.5,1.8247972760958484
2537_LeafPhotoA_2025-09-09 10_36_31.054,PI565121,3,2537_LeafPhotoA_2025-09-09 10_36_31.054-05_00_0.png,2,1.5,1.8868250885514453
2537_LeafPhotoA_2025-09-09 10_36_44.485,PI565121,3,2537_LeafPhotoA_2025-09-09 10_36_44.485-05_00_0.png,1,1.0,1.8662232992792924
2538_LeafPhotoA_2025-09-09 10_37_10.289,PI533950,4,2538_LeafPhotoA_2025-09-09 10_37_10.289-05_00_0.png,2,2.5,2.499141181029368
2538_LeafPhotoA_2025-09-09 10_37_31.295,PI533950,4,2538_LeafPhotoA_2025-09-09 10_37_31.295-05_00_0.png,2,2.25,2.7407653775919667
2538_LeafPhotoA_2025-09-09 10_37_44.918,PI533950,4,2538_LeafPhotoA_2025-09-09 10_37_44.918-05_00_0.png,2,3.0,2.5465061070755395
2539_LeafPhotoA_2025-09-09 10_38_11.553,PI564163,1,2539_LeafPhotoA_2025-09-09 10_38_11.553-05_00_0.png,2,1.5,1.7857038737693969
2539_LeafPhotoA_2025-09-09 10_38_26.834,PI564163,1,2539_LeafPhotoA_2025-09-09 10_38_26.834-05_00_0.png,2,1.0,1.8025595001678418
2539_LeafPhotoA_2025-09-09 10_38_39.736,PI564163,1,2539_LeafPhotoA_2025-09-09 10_38_39.736-05_00_0.png,2,1.5,1.804366928809798
2540_LeafPhotoA_2025-09-09 10_39_18.612,SC1120,4,2540_LeafPhotoA_2025-09-09 10_39_18.612-05_00_0.png,2,2.5,2.442856829208807
2540_LeafPhotoA_2025-09-09 10_39_42.487,SC1120,4,2540_LeafPhotoA_2025-09-09 10_39_42.487-05_00_0.png,2,2.0,2.2169299232179043
2540_LeafPhotoA_2025-09-09 10_39_58.284,SC1120,4,2540_LeafPhotoA_2025-09-09 10_39_58.284-05_00_0.png,2,2.5,2.5040636412757316
2541_LeafPhotoA_2025-09-09 10_40_14.732,PI534095,3,2541_LeafPhotoA_2025-09-09 10_40_14.732-05_00_0.png,2,3.5,2.4107037081671465
2541_LeafPhotoA_2025-09-09 10_40_27.804,PI534095,3,2541_LeafPhotoA_2025-09-09 10_40_27.804-05_00_0.png,2,1.75,2.414104294754046
2541_LeafPhotoA_2025-09-09 10_40_50.113,PI534095,3,2541_LeafPhotoA_2025-09-09 10_40_50.113-05_00_0.png,2,3.5,3.091206918053369
2542_LeafPhotoA_2025-09-09 10_41_43.642,PI597977,5,2542_LeafPhotoA_2025-09-09 10_41_43.642-05_00_0.png,2,3.5,3.154075824676506
2542_LeafPhotoA_2025-09-09 10_42_00.496,PI597977,5,2542_LeafPhotoA_2025-09-09 10_42_00.496-05_00_0.png,2,3.0,3.1798261190504116
2542_LeafPhotoA_2025-09-09 10_42_11.941,PI597977,5,2542_LeafPhotoA_2025-09-09 10_42_11.941-05_00_0.png,2,4.0,3.048555764607911
2543_LeafPhotoA_2025-09-09 10_42_28.900,PI533896,4,2543_LeafPhotoA_2025-09-09 10_42_28.900-05_00_0.png,1,2.5,2.642758964362952
2543_LeafPhotoA_2025-09-09 10_42_41.692,PI533896,4,2543_LeafPhotoA_2025-09-09 10_42_41.692-05_00_0.png,2,2.25,2.7165965006388095
2543_LeafPhotoA_2025-09-09 10_42_55.066,PI533896,4,2543_LeafPhotoA_2025-09-09 10_42_55.066-05_00_0.png,2,3.0,2.798155459535522
2544_LeafPhotoA_2025-09-09 10_43_11.636,PI533976,4,2544_LeafPhotoA_2025-09-09 10_43_11.636-05_00_0.png,2,2.0,1.913499622230194
2544_LeafPhotoA_2025-09-09 10_43_25.068,PI533976,4,2544_LeafPhotoA_2025-09-09 10_43_25.068-05_00_0.png,2,1.5,1.8064151464408906
2544_LeafPhotoA_2025-09-09 10_43_41.569,PI533976,4,2544_LeafPhotoA_2025-09-09 10_43_41.569-05_00_0.png,2,2.5,2.198157669014424
2545_LeafPhotoA_2025-09-09 10_43_58.882,PI576355,3,2545_LeafPhotoA_2025-09-09 10_43_58.882-05_00_0.png,1,1.0,1.9055991820037086
2545_LeafPhotoA_2025-09-09 10_44_11.084,PI576355,3,2545_LeafPhotoA_2025-09-09 10_44_11.084-05_00_0.png,2,1.0,1.7949599273379022
2545_LeafPhotoA_2025-09-09 10_44_24.235,PI576355,3,2545_LeafPhotoA_2025-09-09 10_44_24.235-05_00_0.png,2,2.5,2.259480279666229
2546_LeafPhotoA_2025-09-09 10_44_50.411,PI533864,4,2546_LeafPhotoA_2025-09-09 10_44_50.411-05_00_0.png,2,2.5,2.2529128710503024
2546_LeafPhotoA_2025-09-09 10_45_03.700,PI533864,4,2546_LeafPhotoA_2025-09-09 10_45_03.700-05_00_0.png,2,3.0,2.3226944764686617
2546_LeafPhotoA_2025-09-09 10_45_21.515,PI533864,4,2546_LeafPhotoA_2025-09-09 10_45_21.515-05_00_0.png,2,2.0,2.5508942074995873
2547_LeafPhotoA_2025-09-09 10_45_36.851,PI656078,2,2547_LeafPhotoA_2025-09-09 10_45_36.851-05_00_0.png,2,2.5,1.935300940909311
2547_LeafPhotoA_2025-09-09 10_45_56.236,PI656078,2,2547_LeafPhotoA_2025-09-09 10_45_56.236-05_00_0.png,2,2.0,2.144884158662276
2547_LeafPhotoA_2025-09-09 10_46_11.951,PI656078,2,2547_LeafPhotoA_2025-09-09 10_46_11.951-05_00_0.png,2,2.0,2.101964850866045
2548_LeafPhotoA_2025-09-09 10_46_34.189,PI576350,3,2548_LeafPhotoA_2025-09-09 10_46_34.189-05_00_0.png,2,2.5,2.297433898978947
2548_LeafPhotoA_2025-09-09 10_46_45.768,PI576350,3,2548_LeafPhotoA_2025-09-09 10_46_45.768-05_00_0.png,2,3.0,2.353384628866804
2548_LeafPhotoA_2025-09-09 10_46_59.092,PI576350,3,2548_LeafPhotoA_2025-09-09 10_46_59.092-05_00_0.png,2,2.5,2.246066049633893
2548_LeafPhotoA_2025-09-09 10_47_04.929,PI576350,3,2548_LeafPhotoA_2025-09-09 10_47_04.929-05_00_0.png,2,2.5,2.105256223126406
2549_LeafPhotoA_2025-09-09 10_47_26.113,PI564163,1,2549_LeafPhotoA_2025-09-09 10_47_26.113-05_00_0.png,2,1.5,1.858042347095225
2549_LeafPhotoA_2025-09-09 10_47_37.559,PI564163,1,2549_LeafPhotoA_2025-09-09 10_47_37.559-05_00_0.png,2,2.5,1.9462589987271717
2549_LeafPhotoA_2025-09-09 10_47_52.487,PI564163,1,2549_LeafPhotoA_2025-09-09 10_47_52.487-05_00_0.png,2,2.0,1.9814254433291651
2550_LeafPhotoA_2025-09-09 10_48_24.183,PI656028,5,2550_LeafPhotoA_2025-09-09 10_48_24.183-05_00_0.png,2,1.0,1.9261001995021296
2550_LeafPhotoA_2025-09-09 10_48_49.646,PI656028,5,2550_LeafPhotoA_2025-09-09 10_48_49.646-05_00_0.png,2,2.5,2.379711294431688
2550_LeafPhotoA_2025-09-09 10_49_38.420,PI656028,5,2550_LeafPhotoA_2025-09-09 10_49_38.420-05_00_0.png,2,1.5,2.316929192593181
2551_LeafPhotoA_2025-09-09 11_08_14.599,PI576354,5,2551_LeafPhotoA_2025-09-09 11_08_14.599-05_00_0.png,2,1.75,2.38927907742794
2551_LeafPhotoA_2025-09-09 11_08_29.776,PI576354,5,2551_LeafPhotoA_2025-09-09 11_08_29.776-05_00_0.png,2,2.5,2.5280600676604243
2552_LeafPhotoA_2025-09-09 11_07_12.139,SC1114,2,2552_LeafPhotoA_2025-09-09 11_07_12.139-05_00_0.png,2,2.5,2.211362047701398
2552_LeafPhotoA_2025-09-09 11_07_31.178,SC1114,2,2552_LeafPhotoA_2025-09-09 11_07_31.178-05_00_0.png,2,1.75,2.34464277921672
2553_LeafPhotoA_2025-09-09 11_06_30.916,PI656001,2,2553_LeafPhotoA_2025-09-09 11_06_30.916-05_00_0.png,2,1.5,1.860701209703073
2553_LeafPhotoA_2025-09-09 11_06_50.974,PI656001,2,2553_LeafPhotoA_2025-09-09 11_06_50.974-05_00_0.png,2,1.0,1.7131327228614484
2554_LeafPhotoA_2025-09-09 11_05_31.279,PI534032,1,2554_LeafPhotoA_2025-09-09 11_05_31.279-05_00_0.png,1,2.0,1.9384189152514615
2554_LeafPhotoA_2025-09-09 11_05_52.276,PI534032,1,2554_LeafPhotoA_2025-09-09 11_05_52.276-05_00_0.png,2,1.5,1.8040963405533428
2554_LeafPhotoA_2025-09-09 11_06_06.455,PI534032,1,2554_LeafPhotoA_2025-09-09 11_06_06.455-05_00_0.png,1,1.5,1.8698048536383545
2557_LeafPhotoA_2025-09-09 11_03_09.546,PI564163,1,2557_LeafPhotoA_2025-09-09 11_03_09.546-05_00_0.png,1,1.0,1.7112328788058722
2557_LeafPhotoA_2025-09-09 11_03_24.662,PI564163,1,2557_LeafPhotoA_2025-09-09 11_03_24.662-05_00_0.png,2,1.0,1.7500265442439127
2557_LeafPhotoA_2025-09-09 11_03_37.173,PI564163,1,2557_LeafPhotoA_2025-09-09 11_03_37.173-05_00_0.png,2,1.5,1.7588804516270247
2560_LeafPhotoA_2025-09-09 11_01_46.743,PI656070,4,2560_LeafPhotoA_2025-09-09 11_01_46.743-05_00_0.png,2,3.0,2.41794460211486
2560_LeafPhotoA_2025-09-09 11_01_58.851,PI656070,4,2560_LeafPhotoA_2025-09-09 11_01_58.851-05_00_0.png,2,2.0,2.1010224479682673
2560_LeafPhotoA_2025-09-09 11_02_15.641,PI656070,4,2560_LeafPhotoA_2025-09-09 11_02_15.641-05_00_0.png,1,2.0,2.1683708391894045
2561_LeafPhotoA_2025-09-09 11_00_30.429,PI655982,5,2561_LeafPhotoA_2025-09-09 11_00_30.429-05_00_0.png,2,1.0,1.8596057681675888
2561_LeafPhotoA_2025-09-09 11_01_04.730,PI655982,5,2561_LeafPhotoA_2025-09-09 11_01_04.730-05_00_0.png,2,1.75,2.0647872231326185
2561_LeafPhotoA_2025-09-09 11_01_24.854,PI655982,5,2561_LeafPhotoA_2025-09-09 11_01_24.854-05_00_0.png,1,1.0,1.8726958704588983
2562_LeafPhotoA_2025-09-09 10_59_37.771,PI533816,3,2562_LeafPhotoA_2025-09-09 10_59_37.771-05_00_0.png,2,2.0,1.7940619441952252
2562_LeafPhotoA_2025-09-09 11_00_06.779,PI533816,3,2562_LeafPhotoA_2025-09-09 11_00_06.779-05_00_0.png,2,1.0,1.8235324018851482
2564_LeafPhotoA_2025-09-09 10_57_55.578,PI533992,3,2564_LeafPhotoA_2025-09-09 10_57_55.578-05_00_0.png,1,3.5,2.9062241147564323
2564_LeafPhotoA_2025-09-09 10_58_11.101,PI533992,3,2564_LeafPhotoA_2025-09-09 10_58_11.101-05_00_0.png,2,2.5,2.4122423729345424
2564_LeafPhotoA_2025-09-09 10_58_26.656,PI533992,3,2564_LeafPhotoA_2025-09-09 10_58_26.656-05_00_0.png,2,2.5,2.6251886170332837
2567_LeafPhotoA_2025-09-09 10_55_31.180,PI564163,1,2567_LeafPhotoA_2025-09-09 10_55_31.180-05_00_0.png,1,2.0,1.7777968308619283
2567_LeafPhotoA_2025-09-09 10_56_27.733,PI564163,1,2567_LeafPhotoA_2025-09-09 10_56_27.733-05_00_0.png,2,2.0,1.6800738593991105
2568_LeafPhotoA_2025-09-09 10_50_54.288,PI576423,3,2568_LeafPhotoA_2025-09-09 10_50_54.288-05_00_0.png,2,1.25,1.8666831018034022
2568_LeafPhotoA_2025-09-09 10_51_10.887,PI576423,3,2568_LeafPhotoA_2025-09-09 10_51_10.887-05_00_0.png,2,1.0,1.629719728570712
2570_LeafPhotoA_2025-09-09 10_49_34.407,PI534044,1,2570_LeafPhotoA_2025-09-09 10_49_34.407-05_00_0.png,1,2.75,2.2188707512840065
2570_LeafPhotoA_2025-09-09 10_50_01.735,PI534044,1,2570_LeafPhotoA_2025-09-09 10_50_01.735-05_00_0.png,2,2.5,2.2355742985914158
2570_LeafPhotoA_2025-09-09 10_50_17.563,PI534044,1,2570_LeafPhotoA_2025-09-09 10_50_17.563-05_00_0.png,2,2.0,2.307363458095555
2571_LeafPhotoA_2025-09-09 10_48_29.738,PI533809,1,2571_LeafPhotoA_2025-09-09 10_48_29.738-05_00_0.png,2,2.5,1.9774227602831622
2571_LeafPhotoA_2025-09-09 10_48_55.214,PI533809,1,2571_LeafPhotoA_2025-09-09 10_48_55.214-05_00_0.png,2,2.5,2.1765847358143593
2571_LeafPhotoA_2025-09-09 10_49_10.201,PI533809,1,2571_LeafPhotoA_2025-09-09 10_49_10.201-05_00_0.png,2,2.5,2.1038218566020164
2572_LeafPhotoA_2025-09-09 10_47_23.463,PI655970,3,2572_LeafPhotoA_2025-09-09 10_47_23.463-05_00_0.png,2,1.0,1.6048502213771443
2572_LeafPhotoA_2025-09-09 10_47_38.476,PI655970,3,2572_LeafPhotoA_2025-09-09 10_47_38.476-05_00_0.png,2,1.5,1.9313169314991159
2572_LeafPhotoA_2025-09-09 10_48_03.925,PI655970,3,2572_LeafPhotoA_2025-09-09 10_48_03.925-05_00_0.png,2,1.0,1.7041762885760132
2575_LeafPhotoA_2025-09-09 10_46_23.046,PI534049,3,2575_LeafPhotoA_2025-09-09 10_46_23.046-05_00_0.png,2,2.0,2.3031276619732473
2575_LeafPhotoA_2025-09-09 10_46_43.109,PI534049,3,2575_LeafPhotoA_2025-09-09 10_46_43.109-05_00_0.png,1,3.0,2.2877198059797434
2576_LeafPhotoA_2025-09-09 10_44_25.300,PI656082,4,2576_LeafPhotoA_2025-09-09 10_44_25.300-05_00_0.png,2,3.0,2.8510571289305786
2576_LeafPhotoA_2025-09-09 10_45_23.159,PI656082,4,2576_LeafPhotoA_2025-09-09 10_45_23.159-05_00_0.png,1,3.5,2.7414426520783155
2577_LeafPhotoA_2025-09-09 10_43_09.620,PI564163,1,2577_LeafPhotoA_2025-09-09 10_43_09.620-05_00_0.png,2,2.5,1.9328370555861154
2577_LeafPhotoA_2025-09-09 10_43_37.288,PI564163,1,2577_LeafPhotoA_2025-09-09 10_43_37.288-05_00_0.png,2,2.5,1.6758627106321542
2577_LeafPhotoA_2025-09-09 10_43_58.634,PI564163,1,2577_LeafPhotoA_2025-09-09 10_43_58.634-05_00_0.png,2,1.0,1.6174691732358408
2578_LeafPhotoA_2025-09-09 10_42_22.010,PI576372,5,2578_LeafPhotoA_2025-09-09 10_42_22.010-05_00_0.png,2,1.75,1.7227364984767264
2578_LeafPhotoA_2025-09-09 10_42_33.814,PI576372,5,2578_LeafPhotoA_2025-09-09 10_42_33.814-05_00_0.png,2,2.5,1.7980978941831285
2578_LeafPhotoA_2025-09-09 10_42_50.093,PI576372,5,2578_LeafPhotoA_2025-09-09 10_42_50.093-05_00_0.png,2,2.0,1.6069139850780054
2579_LeafPhotoA_2025-09-09 10_41_23.855,SC0914,4,2579_LeafPhotoA_2025-09-09 10_41_23.855-05_00_0.png,2,1.0,1.6270057802319777
2579_LeafPhotoA_2025-09-09 10_41_50.960,SC0914,4,2579_LeafPhotoA_2025-09-09 10_41_50.960-05_00_0.png,2,1.0,1.7323884614181815
2579_LeafPhotoA_2025-09-09 10_42_05.888,SC0914,4,2579_LeafPhotoA_2025-09-09 10_42_05.888-05_00_0.png,2,2.0,1.729143002834798
2580_LeafPhotoA_2025-09-09 10_40_29.632,SC1082,5,2580_LeafPhotoA_2025-09-09 10_40_29.632-05_00_0.png,2,1.5,2.1706008126899174
2580_LeafPhotoA_2025-09-09 10_40_41.016,SC1082,5,2580_LeafPhotoA_2025-09-09 10_40_41.016-05_00_0.png,2,3.0,2.5083516489160544
2581_LeafPhotoA_2025-09-09 10_39_30.384,PI656029,4,2581_LeafPhotoA_2025-09-09 10_39_30.384-05_00_0.png,1,2.5,2.138372597019424
2581_LeafPhotoA_2025-09-09 10_39_51.149,PI656029,4,2581_LeafPhotoA_2025-09-09 10_39_51.149-05_00_0.png,2,1.0,1.7375214970325945
2581_LeafPhotoA_2025-09-09 10_40_05.059,PI656029,4,2581_LeafPhotoA_2025-09-09 10_40_05.059-05_00_0.png,2,2.0,2.07907156464429
2583_LeafPhotoA_2025-09-09 10_37_51.342,PI533799,2,2583_LeafPhotoA_2025-09-09 10_37_51.342-05_00_0.png,2,1.5,1.7364763076915974
2583_LeafPhotoA_2025-09-09 10_38_14.778,PI533799,2,2583_LeafPhotoA_2025-09-09 10_38_14.778-05_00_0.png,1,2.0,1.9752017121595304
2583_LeafPhotoA_2025-09-09 10_38_39.926,PI533799,2,2583_LeafPhotoA_2025-09-09 10_38_39.926-05_00_0.png,2,1.0,1.7557790107370694
2585_LeafPhotoA_2025-09-09 10_36_12.299,PI656091,2,2585_LeafPhotoA_2025-09-09 10_36_12.299-05_00_0.png,2,1.5,1.606672879696789
2585_LeafPhotoA_2025-09-09 10_36_30.754,PI656091,2,2585_LeafPhotoA_2025-09-09 10_36_30.754-05_00_0.png,2,1.0,1.9436727662575435
2586_LeafPhotoA_2025-09-09 10_34_33.986,PI534025,4,2586_LeafPhotoA_2025-09-09 10_34_33.986-05_00_0.png,2,1.25,1.6761355619698486
2586_LeafPhotoA_2025-09-09 10_34_51.098,PI534025,4,2586_LeafPhotoA_2025-09-09 10_34_51.098-05_00_0.png,2,2.5,1.6869982729473827
2586_LeafPhotoA_2025-09-09 10_35_22.188,PI534025,4,2586_LeafPhotoA_2025-09-09 10_35_22.188-05_00_0.png,2,1.5,1.811414651213513
2586_LeafPhotoA_2025-09-09 10_35_36.782,PI534025,4,2586_LeafPhotoA_2025-09-09 10_35_36.782-05_00_0.png,2,1.0,1.5970040852218381
2587_LeafPhotoA_2025-09-09 10_33_28.831,PI329435,5,2587_LeafPhotoA_2025-09-09 10_33_28.831-05_00_0.png,2,1.5,1.628469765686099
2587_LeafPhotoA_2025-09-09 10_33_51.773,PI329435,5,2587_LeafPhotoA_2025-09-09 10_33_51.773-05_00_0.png,2,1.0,1.8205057641924272
2587_LeafPhotoA_2025-09-09 10_34_06.660,PI329435,5,2587_LeafPhotoA_2025-09-09 10_34_06.660-05_00_0.png,2,1.0,1.5759677457570898
2590_LeafPhotoA_2025-09-09 10_31_13.798,PI534159,2,2590_LeafPhotoA_2025-09-09 10_31_13.798-05_00_0.png,1,2.5,2.603672848479351
2590_LeafPhotoA_2025-09-09 10_31_27.084,PI534159,2,2590_LeafPhotoA_2025-09-09 10_31_27.084-05_00_0.png,2,1.5,2.0027826122925187
2590_LeafPhotoA_2025-09-09 10_31_37.971,PI534159,2,2590_LeafPhotoA_2025-09-09 10_31_37.971-05_00_0.png,2,3.0,2.4153340143218602
2591_LeafPhotoA_2025-09-09 10_30_20.019,PI533761,4,2591_LeafPhotoA_2025-09-09 10_30_20.019-05_00_0.png,1,1.0,2.1419839310188893
2591_LeafPhotoA_2025-09-09 10_30_33.033,PI533761,4,2591_LeafPhotoA_2025-09-09 10_30_33.033-05_00_0.png,2,2.0,1.8143055375438106
2591_LeafPhotoA_2025-09-09 10_30_47.429,PI533761,4,2591_LeafPhotoA_2025-09-09 10_30_47.429-05_00_0.png,2,1.0,1.7897112051261446
2593_LeafPhotoA_2025-09-09 10_28_51.717,PI576396,1,2593_LeafPhotoA_2025-09-09 10_28_51.717-05_00_0.png,2,1.0,2.224056931466169
2593_LeafPhotoA_2025-09-09 10_29_04.535,PI576396,1,2593_LeafPhotoA_2025-09-09 10_29_04.535-05_00_0.png,1,2.5,2.121219631131548
2593_LeafPhotoA_2025-09-09 10_29_18.849,PI576396,1,2593_LeafPhotoA_2025-09-09 10_29_18.849-05_00_0.png,2,1.0,1.9052993615446625
2594_LeafPhotoA_2025-09-09 10_28_00.830,PI533977,4,2594_LeafPhotoA_2025-09-09 10_28_00.830-05_00_0.png,2,1.25,2.029386102769993
2594_LeafPhotoA_2025-09-09 10_28_20.057,PI533977,4,2594_LeafPhotoA_2025-09-09 10_28_20.057-05_00_0.png,2,1.5,1.8066138398151577
2594_LeafPhotoA_2025-09-09 10_28_33.840,PI533977,4,2594_LeafPhotoA_2025-09-09 10_28_33.840-05_00_0.png,2,2.0,1.7489301954463239
2595_LeafPhotoA_2025-09-09 10_27_15.935,PI533940,2,2595_LeafPhotoA_2025-09-09 10_27_15.935-05_00_0.png,2,2.0,2.2932533947162543
2595_LeafPhotoA_2025-09-09 10_27_29.983,PI533940,2,2595_LeafPhotoA_2025-09-09 10_27_29.983-05_00_0.png,2,2.0,2.0566537800099267
2595_LeafPhotoA_2025-09-09 10_27_43.323,PI533940,2,2595_LeafPhotoA_2025-09-09 10_27_43.323-05_00_0.png,1,2.0,1.9824709623975392
2596_LeafPhotoA_2025-09-09 10_26_15.512,PI533773,1,2596_LeafPhotoA_2025-09-09 10_26_15.512-05_00_0.png,2,1.5,2.4456759034240974
2597_LeafPhotoA_2025-09-09 10_25_59.565,PI533983,2,2597_LeafPhotoA_2025-09-09 10_25_59.565-05_00_0.png,2,1.75,2.525716692547271
2598_LeafPhotoA_2025-09-09 10_24_46.081,SC0438,2,2598_LeafPhotoA_2025-09-09 10_24_46.081-05_00_0.png,2,2.0,2.009787708484702
2598_LeafPhotoA_2025-09-09 10_24_58.471,SC0438,2,2598_LeafPhotoA_2025-09-09 10_24_58.471-05_00_0.png,2,3.0,2.169831883858852
2598_LeafPhotoA_2025-09-09 10_25_18.725,SC0438,2,2598_LeafPhotoA_2025-09-09 10_25_18.725-05_00_0.png,2,2.5,2.2202591801876106
2600_LeafPhotoA_2025-09-09 10_23_58.682,PI533786,3,2600_LeafPhotoA_2025-09-09 10_23_58.682-05_00_0.png,2,2.0,2.1118967019466415
2600_LeafPhotoA_2025-09-09 10_24_13.561,PI533786,3,2600_LeafPhotoA_2025-09-09 10_24_13.561-05_00_0.png,2,2.5,2.1610139689057166
2601_LeafPhotoA_2025-09-09 10_52_23.333,PI656018,2,2601_LeafPhotoA_2025-09-09 10_52_23.333-05_00_0.png,2,2.5,1.6211707470483583
2601_LeafPhotoA_2025-09-09 10_52_51.691,PI656018,2,2601_LeafPhotoA_2025-09-09 10_52_51.691-05_00_0.png,2,1.5,2.0280310585070906
2601_LeafPhotoA_2025-09-09 10_53_20.928,PI656018,2,2601_LeafPhotoA_2025-09-09 10_53_20.928-05_00_0.png,2,1.0,1.8917842734092831
2602_LeafPhotoA_2025-09-09 10_54_30.343,SC0823,2,2602_LeafPhotoA_2025-09-09 10_54_30.343-05_00_0.png,2,3.0,2.763819959058994
2602_LeafPhotoA_2025-09-09 10_55_20.250,SC0823,2,2602_LeafPhotoA_2025-09-09 10_55_20.250-05_00_0.png,2,3.0,2.288385859704613
2603_LeafPhotoA_2025-09-09 10_56_25.013,PI656036,4,2603_LeafPhotoA_2025-09-09 10_56_25.013-05_00_0.png,2,2.0,1.8280541522117362
2603_LeafPhotoA_2025-09-09 10_56_50.156,PI656036,4,2603_LeafPhotoA_2025-09-09 10_56_50.156-05_00_0.png,1,2.0,1.9659790192102768
2603_LeafPhotoA_2025-09-09 10_57_38.966,PI656036,4,2603_LeafPhotoA_2025-09-09 10_57_38.966-05_00_0.png,2,1.0,2.090165449585243
2604_LeafPhotoA_2025-09-09 10_58_07.559,PI534096,4,2604_LeafPhotoA_2025-09-09 10_58_07.559-05_00_0.png,2,2.0,2.2518330640904085
2604_LeafPhotoA_2025-09-09 10_58_58.482,PI534096,4,2604_LeafPhotoA_2025-09-09 10_58_58.482-05_00_0.png,2,1.5,2.1179908212562735
2604_LeafPhotoA_2025-09-09 11_00_00.577,PI534096,4,2604_LeafPhotoA_2025-09-09 11_00_00.577-05_00_0.png,2,2.5,2.316836670695146
2606_LeafPhotoA_2025-09-09 11_00_57.992,PI534133,4,2606_LeafPhotoA_2025-09-09 11_00_57.992-05_00_0.png,2,1.5,1.9137381506683444
2606_LeafPhotoA_2025-09-09 11_01_25.958,PI534133,4,2606_LeafPhotoA_2025-09-09 11_01_25.958-05_00_0.png,2,2.5,2.3697236576278464
2606_LeafPhotoA_2025-09-09 11_02_24.283,PI534133,4,2606_LeafPhotoA_2025-09-09 11_02_24.283-05_00_0.png,2,3.0,3.0229390320775282
2609_LeafPhotoA_2025-09-09 11_03_49.770,PI656121,5,2609_LeafPhotoA_2025-09-09 11_03_49.770-05_00_0.png,2,3.0,2.3873220374575856
2611_LeafPhotoA_2025-09-09 11_06_16.761,PI576328,3,2611_LeafPhotoA_2025-09-09 11_06_16.761-05_00_0.png,1,2.0,2.18236934391173
2611_LeafPhotoA_2025-09-09 11_06_42.851,PI576328,3,2611_LeafPhotoA_2025-09-09 11_06_42.851-05_00_0.png,2,3.0,2.284740396024085
2611_LeafPhotoA_2025-09-09 11_08_12.615,PI576328,3,2611_LeafPhotoA_2025-09-09 11_08_12.615-05_00_0.png,1,2.5,2.372239565501263
2613_LeafPhotoA_2025-09-09 11_09_15.958,PI533792,5,2613_LeafPhotoA_2025-09-09 11_09_15.958-05_00_0.png,2,3.0,2.9299435046759634
2614_LeafPhotoA_2025-09-09 11_10_22.921,PI533949,2,2614_LeafPhotoA_2025-09-09 11_10_22.921-05_00_0.png,2,2.0,2.573825023049759
2614_LeafPhotoA_2025-09-09 11_11_14.587,PI533949,2,2614_LeafPhotoA_2025-09-09 11_11_14.587-05_00_0.png,2,2.5,2.086431412595404
2614_LeafPhotoA_2025-09-09 11_11_45.814,PI533949,2,2614_LeafPhotoA_2025-09-09 11_11_45.814-05_00_0.png,2,2.5,2.3570569822106306
2615_LeafPhotoA_2025-09-09 12_02_19.506,PI534051,1,2615_LeafPhotoA_2025-09-09 12_02_19.506-05_00_0.png,1,3.5,2.6697058086630485
2615_LeafPhotoA_2025-09-09 12_02_52.012,PI534051,1,2615_LeafPhotoA_2025-09-09 12_02_52.012-05_00_0.png,2,3.0,2.4245972453191498
2616_LeafPhotoA_2025-09-09 12_03_18.288,SC0685,2,2616_LeafPhotoA_2025-09-09 12_03_18.288-05_00_0.png,2,2.0,2.4457331626693177
2616_LeafPhotoA_2025-09-09 12_03_36.063,SC0685,2,2616_LeafPhotoA_2025-09-09 12_03_36.063-05_00_0.png,1,2.5,2.4155095141585
2616_LeafPhotoA_2025-09-09 12_03_49.918,SC0685,2,2616_LeafPhotoA_2025-09-09 12_03_49.918-05_00_0.png,2,3.0,2.3855442179858546
2617_LeafPhotoA_2025-09-09 12_04_12.625,PI576379,5,2617_LeafPhotoA_2025-09-09 12_04_12.625-05_00_0.png,2,3.5,3.0825855413971754
2617_LeafPhotoA_2025-09-09 12_04_50.202,PI576379,5,2617_LeafPhotoA_2025-09-09 12_04_50.202-05_00_0.png,2,3.0,2.8042570338922235
2618_LeafPhotoA_2025-09-09 12_05_14.747,PI656100,1,2618_LeafPhotoA_2025-09-09 12_05_14.747-05_00_0.png,2,1.5,2.0437023095666307
2618_LeafPhotoA_2025-09-09 12_05_44.240,PI656100,1,2618_LeafPhotoA_2025-09-09 12_05_44.240-05_00_0.png,2,4.0,2.4715020860010957
2619_LeafPhotoA_2025-09-09 12_06_59.916,PI533914,3,2619_LeafPhotoA_2025-09-09 12_06_59.916-05_00_0.png,2,2.5,2.623547581685766
2619_LeafPhotoA_2025-09-09 12_07_24.744,PI533914,3,2619_LeafPhotoA_2025-09-09 12_07_24.744-05_00_0.png,1,2.5,2.7063743735299246
2619_LeafPhotoA_2025-09-09 12_07_57.026,PI533914,3,2619_LeafPhotoA_2025-09-09 12_07_57.026-05_00_0.png,2,2.0,2.4711628124553506
2620_LeafPhotoA_2025-09-09 12_08_15.926,SC0877,5,2620_LeafPhotoA_2025-09-09 12_08_15.926-05_00_0.png,2,3.0,2.296318731210501
2620_LeafPhotoA_2025-09-09 12_08_33.534,SC0877,5,2620_LeafPhotoA_2025-09-09 12_08_33.534-05_00_0.png,2,2.0,2.3260260516379923
2621_LeafPhotoA_2025-09-09 12_09_21.345,SC0247,3,2621_LeafPhotoA_2025-09-09 12_09_21.345-05_00_0.png,2,2.5,2.840884088571938
2621_LeafPhotoA_2025-09-09 12_09_47.007,SC0247,3,2621_LeafPhotoA_2025-09-09 12_09_47.007-05_00_0.png,2,2.5,2.4827498497800633
2621_LeafPhotoA_2025-09-09 12_10_12.710,SC0247,3,2621_LeafPhotoA_2025-09-09 12_10_12.710-05_00_0.png,2,2.5,2.2559752904197383
2622_LeafPhotoA_2025-09-09 12_10_37.558,SC0276,2,2622_LeafPhotoA_2025-09-09 12_10_37.558-05_00_0.png,1,2.0,2.8563500156722146
2622_LeafPhotoA_2025-09-09 12_10_39.184,SC0276,2,2622_LeafPhotoA_2025-09-09 12_10_39.184-05_00_0.png,1,2.5,2.8338738420350453
2622_LeafPhotoA_2025-09-09 12_11_05.468,SC0276,2,2622_LeafPhotoA_2025-09-09 12_11_05.468-05_00_0.png,2,2.5,2.333385526284108
2623_LeafPhotoA_2025-09-09 12_11_49.318,PI533819,3,2623_LeafPhotoA_2025-09-09 12_11_49.318-05_00_0.png,2,2.5,2.5695686827150936
2623_LeafPhotoA_2025-09-09 12_12_10.294,PI533819,3,2623_LeafPhotoA_2025-09-09 12_12_10.294-05_00_0.png,2,3.0,2.852446600454654
2623_LeafPhotoA_2025-09-09 12_12_35.557,PI533819,3,2623_LeafPhotoA_2025-09-09 12_12_35.557-05_00_0.png,2,3.0,2.5359070285373924
2623_LeafPhotoA_2025-09-09 12_12_38.330,PI533819,3,2623_LeafPhotoA_2025-09-09 12_12_38.330-05_00_0.png,2,3.0,2.5736731281892133
2624_LeafPhotoA_2025-09-09 12_13_16.746,PI576407,2,2624_LeafPhotoA_2025-09-09 12_13_16.746-05_00_0.png,1,2.5,2.422560620040327
2625_LeafPhotoA_2025-09-09 12_14_53.327,PI533774,4,2625_LeafPhotoA_2025-09-09 12_14_53.327-05_00_0.png,2,2.0,1.8355411889956892
2625_LeafPhotoA_2025-09-09 12_15_05.460,PI533774,4,2625_LeafPhotoA_2025-09-09 12_15_05.460-05_00_0.png,2,2.75,2.170189220361036
2625_LeafPhotoA_2025-09-09 12_15_22.451,PI533774,4,2625_LeafPhotoA_2025-09-09 12_15_22.451-05_00_0.png,1,2.5,1.9336123337253557
2625_LeafPhotoA_2025-09-09 12_15_25.850,PI533774,4,2625_LeafPhotoA_2025-09-09 12_15_25.850-05_00_0.png,1,2.5,1.9322988648810349
2626_LeafPhotoA_2025-09-09 12_15_49.759,PI576409,4,2626_LeafPhotoA_2025-09-09 12_15_49.759-05_00_0.png,2,1.5,2.1814427651757855
2626_LeafPhotoA_2025-09-09 12_16_20.585,PI576409,4,2626_LeafPhotoA_2025-09-09 12_16_20.585-05_00_0.png,2,2.5,2.1215327380297286
2627_LeafPhotoA_2025-09-09 12_17_03.198,PI534058,4,2627_LeafPhotoA_2025-09-09 12_17_03.198-05_00_0.png,2,4.0,3.8526120594124666
2627_LeafPhotoA_2025-09-09 12_17_25.809,PI534058,4,2627_LeafPhotoA_2025-09-09 12_17_25.809-05_00_0.png,2,2.0,2.4956815132601333
2627_LeafPhotoA_2025-09-09 12_17_50.560,PI534058,4,2627_LeafPhotoA_2025-09-09 12_17_50.560-05_00_0.png,2,3.0,3.0854506147458034
2629_LeafPhotoA_2025-09-09 11_56_31.608,PI533796,4,2629_LeafPhotoA_2025-09-09 11_56_31.608-05_00_0.png,2,2.5,2.2644750354177976
2630_LeafPhotoA_2025-09-09 11_53_58.743,PI533850,4,2630_LeafPhotoA_2025-09-09 11_53_58.743-05_00_0.png,2,2.0,2.092086516859692
2630_LeafPhotoA_2025-09-09 11_55_07.763,PI533850,4,2630_LeafPhotoA_2025-09-09 11_55_07.763-05_00_0.png,1,3.0,2.8800696175395384
2630_LeafPhotoA_2025-09-09 11_55_28.286,PI533850,4,2630_LeafPhotoA_2025-09-09 11_55_28.286-05_00_0.png,1,3.0,2.2350307505016462
2631_LeafPhotoA_2025-09-09 11_48_13.981,PI533749,5,2631_LeafPhotoA_2025-09-09 11_48_13.981-05_00_0.png,2,2.5,1.884730345289912
2631_LeafPhotoA_2025-09-09 11_48_31.518,PI533749,5,2631_LeafPhotoA_2025-09-09 11_48_31.518-05_00_0.png,2,3.0,2.2796835332936696
2631_LeafPhotoA_2025-09-09 11_48_53.491,PI533749,5,2631_LeafPhotoA_2025-09-09 11_48_53.491-05_00_0.png,2,2.5,2.546538416068793
2632_LeafPhotoA_2025-09-09 11_46_23.207,PI533764,2,2632_LeafPhotoA_2025-09-09 11_46_23.207-05_00_0.png,2,1.5,2.1882920609219116
2632_LeafPhotoA_2025-09-09 11_46_42.739,PI533764,2,2632_LeafPhotoA_2025-09-09 11_46_42.739-05_00_0.png,2,3.0,2.891002428932869
2632_LeafPhotoA_2025-09-09 11_47_03.275,PI533764,2,2632_LeafPhotoA_2025-09-09 11_47_03.275-05_00_0.png,2,3.5,2.6357207498303437
2633_LeafPhotoA_2025-09-09 11_45_39.167,PI656085,3,2633_LeafPhotoA_2025-09-09 11_45_39.167-05_00_0.png,2,1.5,2.0575335915976236
2634_LeafPhotoA_2025-09-09 11_44_28.338,PI597982,5,2634_LeafPhotoA_2025-09-09 11_44_28.338-05_00_0.png,2,3.0,2.2751668418524424
2634_LeafPhotoA_2025-09-09 11_44_43.269,PI597982,5,2634_LeafPhotoA_2025-09-09 11_44_43.269-05_00_0.png,2,2.0,2.327635514703402
2635_LeafPhotoA_2025-09-09 11_43_29.677,PI576359,4,2635_LeafPhotoA_2025-09-09 11_43_29.677-05_00_0.png,2,3.0,2.390953816992691
2635_LeafPhotoA_2025-09-09 11_43_49.303,PI576359,4,2635_LeafPhotoA_2025-09-09 11_43_49.303-05_00_0.png,2,2.5,2.150086511995915
2636_LeafPhotoA_2025-09-09 11_41_17.741,PI533990,5,2636_LeafPhotoA_2025-09-09 11_41_17.741-05_00_0.png,2,2.0,1.9896745900489459
2636_LeafPhotoA_2025-09-09 11_41_35.525,PI533990,5,2636_LeafPhotoA_2025-09-09 11_41_35.525-05_00_0.png,1,2.5,2.0186511508918303
2637_LeafPhotoA_2025-09-09 11_39_51.050,PI564163,1,2637_LeafPhotoA_2025-09-09 11_39_51.050-05_00_0.png,2,2.5,1.9931215942268823
2637_LeafPhotoA_2025-09-09 11_39_54.548,PI564163,1,2637_LeafPhotoA_2025-09-09 11_39_54.548-05_00_0.png,2,2.5,2.0188678287756816
2637_LeafPhotoA_2025-09-09 11_40_07.094,PI564163,1,2637_LeafPhotoA_2025-09-09 11_40_07.094-05_00_0.png,2,1.5,1.702911709073709
2637_LeafPhotoA_2025-09-09 11_40_45.027,PI564163,1,2637_LeafPhotoA_2025-09-09 11_40_45.027-05_00_0.png,2,1.25,2.092060456038567
2639_LeafPhotoA_2025-09-09 11_36_29.590,PI533800,1,2639_LeafPhotoA_2025-09-09 11_36_29.590-05_00_0.png,2,2.0,1.929264518299808
2639_LeafPhotoA_2025-09-09 11_36_43.627,PI533800,1,2639_LeafPhotoA_2025-09-09 11_36_43.627-05_00_0.png,2,3.0,2.463413874027851
2639_LeafPhotoA_2025-09-09 11_37_01.257,PI533800,1,2639_LeafPhotoA_2025-09-09 11_37_01.257-05_00_0.png,2,1.25,1.763603771336368
2640_LeafPhotoA_2025-09-09 11_35_19.283,PI533943,5,2640_LeafPhotoA_2025-09-09 11_35_19.283-05_00_0.png,1,2.5,2.2530361481376375
2640_LeafPhotoA_2025-09-09 11_35_38.193,PI533943,5,2640_LeafPhotoA_2025-09-09 11_35_38.193-05_00_0.png,2,1.5,2.0769694079522494
2641_LeafPhotoA_2025-09-09 11_34_16.558,PI564163,1,2641_LeafPhotoA_2025-09-09 11_34_16.558-05_00_0.png,2,2.0,1.8706416829780748
2641_LeafPhotoA_2025-09-09 11_34_20.084,PI564163,1,2641_LeafPhotoA_2025-09-09 11_34_20.084-05_00_0.png,2,2.0,1.8931513913141158
2641_LeafPhotoA_2025-09-09 11_34_33.082,PI564163,1,2641_LeafPhotoA_2025-09-09 11_34_33.082-05_00_0.png,2,1.5,2.049417977307134
2641_LeafPhotoA_2025-09-09 11_34_35.643,PI564163,1,2641_LeafPhotoA_2025-09-09 11_34_35.643-05_00_0.png,2,2.5,2.0548793587236016
2642_LeafPhotoA_2025-09-09 11_32_53.765,PI534075,5,2642_LeafPhotoA_2025-09-09 11_32_53.765-05_00_0.png,2,3.0,2.514883546267546
2642_LeafPhotoA_2025-09-09 11_33_22.074,PI534075,5,2642_LeafPhotoA_2025-09-09 11_33_22.074-05_00_0.png,2,1.5,1.8934618450196374
2643_LeafPhotoA_2025-09-09 11_31_46.042,SC1058,2,2643_LeafPhotoA_2025-09-09 11_31_46.042-05_00_0.png,2,3.0,2.5928513080580733
2643_LeafPhotoA_2025-09-09 11_32_04.760,SC1058,2,2643_LeafPhotoA_2025-09-09 11_32_04.760-05_00_0.png,2,3.0,2.768174483722762
2643_LeafPhotoA_2025-09-09 11_32_21.605,SC1058,2,2643_LeafPhotoA_2025-09-09 11_32_21.605-05_00_0.png,2,3.0,2.7534937038889375
2644_LeafPhotoA_2025-09-09 11_30_52.319,PI534106,2,2644_LeafPhotoA_2025-09-09 11_30_52.319-05_00_0.png,2,1.5,2.0279168046274774
2644_LeafPhotoA_2025-09-09 11_31_18.278,PI534106,2,2644_LeafPhotoA_2025-09-09 11_31_18.278-05_00_0.png,2,2.0,1.7582818421500457
2646_LeafPhotoA_2025-09-09 11_28_36.823,PI595723,4,2646_LeafPhotoA_2025-09-09 11_28_36.823-05_00_0.png,2,2.0,2.0027695169070254
2646_LeafPhotoA_2025-09-09 11_28_54.998,PI595723,4,2646_LeafPhotoA_2025-09-09 11_28_54.998-05_00_0.png,2,2.5,2.495445852815271
2646_LeafPhotoA_2025-09-09 11_29_11.117,PI595723,4,2646_LeafPhotoA_2025-09-09 11_29_11.117-05_00_0.png,1,2.5,2.4564656635181996
2648_LeafPhotoA_2025-09-09 11_26_52.423,PI534131,1,2648_LeafPhotoA_2025-09-09 11_26_52.423-05_00_0.png,1,1.75,2.3334387905573317
2648_LeafPhotoA_2025-09-09 11_27_06.528,PI534131,1,2648_LeafPhotoA_2025-09-09 11_27_06.528-05_00_0.png,2,1.25,1.9592548545464232
2649_LeafPhotoA_2025-09-09 11_26_00.362,PI656077,5,2649_LeafPhotoA_2025-09-09 11_26_00.362-05_00_0.png,2,2.25,2.190176939102638
2649_LeafPhotoA_2025-09-09 11_26_12.925,PI656077,5,2649_LeafPhotoA_2025-09-09 11_26_12.925-05_00_0.png,1,3.0,2.23184138229475
2650_LeafPhotoA_2025-09-09 11_24_20.852,PI534045,5,2650_LeafPhotoA_2025-09-09 11_24_20.852-05_00_0.png,2,1.0,1.785871802967939
2650_LeafPhotoA_2025-09-09 11_24_34.938,PI534045,5,2650_LeafPhotoA_2025-09-09 11_24_34.938-05_00_0.png,2,1.5,1.826980910079821
2650_LeafPhotoA_2025-09-09 11_25_02.540,PI534045,5,2650_LeafPhotoA_2025-09-09 11_25_02.540-05_00_0.png,2,1.5,1.749295801498364
2651_LeafPhotoA_2025-09-09 11_24_51.588,PI656063,3,2651_LeafPhotoA_2025-09-09 11_24_51.588-05_00_0.png,2,3.5,3.2350136153083064
2651_LeafPhotoA_2025-09-09 11_25_09.613,PI656063,3,2651_LeafPhotoA_2025-09-09 11_25_09.613-05_00_0.png,2,4.5,3.351621840978053
2652_LeafPhotoA_2025-09-09 11_26_03.712,PI329440,4,2652_LeafPhotoA_2025-09-09 11_26_03.712-05_00_0.png,2,3.0,2.8068812857238647
2652_LeafPhotoA_2025-09-09 11_26_15.311,PI329440,4,2652_LeafPhotoA_2025-09-09 11_26_15.311-05_00_0.png,2,3.25,3.4639868290442775
2652_LeafPhotoA_2025-09-09 11_26_57.371,PI329440,4,2652_LeafPhotoA_2025-09-09 11_26_57.371-05_00_0.png,2,2.75,2.6326852929545947
2652_LeafPhotoA_2025-09-09 11_27_07.178,PI329440,4,2652_LeafPhotoA_2025-09-09 11_27_07.178-05_00_0.png,2,2.0,2.5475906448502905
2652_LeafPhotoA_2025-09-09 11_27_15.367,PI329440,4,2652_LeafPhotoA_2025-09-09 11_27_15.367-05_00_0.png,2,2.5,2.5862301406260553
2654_LeafPhotoA_2025-09-09 11_27_41.628,PI597975,5,2654_LeafPhotoA_2025-09-09 11_27_41.628-05_00_0.png,2,2.25,2.733644097595105
2654_LeafPhotoA_2025-09-09 11_28_05.595,PI597975,5,2654_LeafPhotoA_2025-09-09 11_28_05.595-05_00_0.png,2,3.5,2.7694868376270265
2654_LeafPhotoA_2025-09-09 11_28_16.359,PI597975,5,2654_LeafPhotoA_2025-09-09 11_28_16.359-05_00_0.png,2,3.0,3.027155731909989
2655_LeafPhotoA_2025-09-09 11_28_45.306,PI655988,4,2655_LeafPhotoA_2025-09-09 11_28_45.306-05_00_0.png,1,2.5,2.5658799547352378
2655_LeafPhotoA_2025-09-09 11_29_02.979,PI655988,4,2655_LeafPhotoA_2025-09-09 11_29_02.979-05_00_0.png,2,1.25,2.3217139211493696
2656_LeafPhotoA_2025-09-09 11_29_40.243,PI533991,4,2656_LeafPhotoA_2025-09-09 11_29_40.243-05_00_0.png,2,3.0,2.646835530831613
2656_LeafPhotoA_2025-09-09 11_30_02.897,PI533991,4,2656_LeafPhotoA_2025-09-09 11_30_02.897-05_00_0.png,1,2.0,2.8243044506254864
2657_LeafPhotoA_2025-09-09 11_30_26.164,PI533952,5,2657_LeafPhotoA_2025-09-09 11_30_26.164-05_00_0.png,2,3.0,3.0697144503685063
2657_LeafPhotoA_2025-09-09 11_30_34.759,PI533952,5,2657_LeafPhotoA_2025-09-09 11_30_34.759-05_00_0.png,2,3.5,3.032187808351534
2657_LeafPhotoA_2025-09-09 11_30_43.745,PI533952,5,2657_LeafPhotoA_2025-09-09 11_30_43.745-05_00_0.png,2,4.5,3.5393912160442063
2658_LeafPhotoA_2025-09-09 11_31_38.776,PI656032,4,2658_LeafPhotoA_2025-09-09 11_31_38.776-05_00_0.png,2,2.5,2.622021139905632
2658_LeafPhotoA_2025-09-09 11_31_47.212,PI656032,4,2658_LeafPhotoA_2025-09-09 11_31_47.212-05_00_0.png,2,2.5,2.4063598397302712
2659_LeafPhotoA_2025-09-09 11_32_14.964,PI656053,4,2659_LeafPhotoA_2025-09-09 11_32_14.964-05_00_0.png,2,2.0,1.8558571347104063
2660_LeafPhotoA_2025-09-09 11_32_52.703,SC1193,3,2660_LeafPhotoA_2025-09-09 11_32_52.703-05_00_0.png,2,4.0,3.7782534540487016
2660_LeafPhotoA_2025-09-09 11_33_03.024,SC1193,3,2660_LeafPhotoA_2025-09-09 11_33_03.024-05_00_0.png,2,3.5,3.1259959787300327
2660_LeafPhotoA_2025-09-09 11_33_11.679,SC1193,3,2660_LeafPhotoA_2025-09-09 11_33_11.679-05_00_0.png,2,3.0,2.9789331123896337
2661_LeafPhotoA_2025-09-09 11_33_47.885,PI595700,2,2661_LeafPhotoA_2025-09-09 11_33_47.885-05_00_0.png,2,4.5,3.742391827972833
2661_LeafPhotoA_2025-09-09 11_33_59.084,PI595700,2,2661_LeafPhotoA_2025-09-09 11_33_59.084-05_00_0.png,2,3.0,3.441193872992815
2661_LeafPhotoA_2025-09-09 11_34_08.781,PI595700,2,2661_LeafPhotoA_2025-09-09 11_34_08.781-05_00_0.png,1,3.0,2.787350932690356
2662_LeafPhotoA_2025-09-09 11_35_09.264,PI576356,5,2662_LeafPhotoA_2025-09-09 11_35_09.264-05_00_0.png,2,2.25,2.7362285426716864
2662_LeafPhotoA_2025-09-09 11_35_19.193,PI576356,5,2662_LeafPhotoA_2025-09-09 11_35_19.193-05_00_0.png,2,2.0,2.4807828856717875
2662_LeafPhotoA_2025-09-09 11_35_27.644,PI576356,5,2662_LeafPhotoA_2025-09-09 11_35_27.644-05_00_0.png,2,3.5,2.785266332415101
2663_LeafPhotoA_2025-09-09 11_35_58.368,PI656061,3,2663_LeafPhotoA_2025-09-09 11_35_58.368-05_00_0.png,2,3.5,3.1717036294710677
2663_LeafPhotoA_2025-09-09 11_36_07.757,PI656061,3,2663_LeafPhotoA_2025-09-09 11_36_07.757-05_00_0.png,2,3.0,3.5441617731282906
2663_LeafPhotoA_2025-09-09 11_36_17.664,PI656061,3,2663_LeafPhotoA_2025-09-09 11_36_17.664-05_00_0.png,2,2.5,2.523517080631539
2664_LeafPhotoA_2025-09-09 11_37_07.892,PI656057,5,2664_LeafPhotoA_2025-09-09 11_37_07.892-05_00_0.png,2,2.0,2.0941628783547324
2664_LeafPhotoA_2025-09-09 11_37_29.251,PI656057,5,2664_LeafPhotoA_2025-09-09 11_37_29.251-05_00_0.png,2,2.0,2.65354509872795
2665_LeafPhotoA_2025-09-09 11_37_53.158,PI533849,5,2665_LeafPhotoA_2025-09-09 11_37_53.158-05_00_0.png,2,4.0,3.175448046059404
2665_LeafPhotoA_2025-09-09 11_38_04.733,PI533849,5,2665_LeafPhotoA_2025-09-09 11_38_04.733-05_00_0.png,2,3.5,2.9268347775566603
2665_LeafPhotoA_2025-09-09 11_38_13.083,PI533849,5,2665_LeafPhotoA_2025-09-09 11_38_13.083-05_00_0.png,2,4.0,3.5257199150226723
2667_LeafPhotoA_2025-09-09 11_40_29.802,PI533822,5,2667_LeafPhotoA_2025-09-09 11_40_29.802-05_00_0.png,2,2.5,2.6100029962321636
2667_LeafPhotoA_2025-09-09 11_40_46.518,PI533822,5,2667_LeafPhotoA_2025-09-09 11_40_46.518-05_00_0.png,2,2.5,2.5868425994871416
2667_LeafPhotoA_2025-09-09 11_40_56.484,PI533822,5,2667_LeafPhotoA_2025-09-09 11_40_56.484-05_00_0.png,2,3.0,3.0553302959832522
2668_LeafPhotoA_2025-09-09 11_41_41.343,PI533829,5,2668_LeafPhotoA_2025-09-09 11_41_41.343-05_00_0.png,2,5.0,3.796144184607482
2668_LeafPhotoA_2025-09-09 11_42_13.435,PI533829,5,2668_LeafPhotoA_2025-09-09 11_42_13.435-05_00_0.png,2,3.0,3.2781364731055453
2669_LeafPhotoA_2025-09-09 11_42_55.786,PI656025,2,2669_LeafPhotoA_2025-09-09 11_42_55.786-05_00_0.png,2,4.0,3.8532907664687595
2670_LeafPhotoA_2025-09-09 11_44_02.746,PI534023,2,2670_LeafPhotoA_2025-09-09 11_44_02.746-05_00_0.png,2,4.5,4.049117456104212
2670_LeafPhotoA_2025-09-09 11_44_17.139,PI534023,2,2670_LeafPhotoA_2025-09-09 11_44_17.139-05_00_0.png,2,5.0,4.166086473893592
2670_LeafPhotoA_2025-09-09 11_44_27.608,PI534023,2,2670_LeafPhotoA_2025-09-09 11_44_27.608-05_00_0.png,2,3.5,3.3164344509643597
2671_LeafPhotoA_2025-09-09 11_45_10.930,PI533862,5,2671_LeafPhotoA_2025-09-09 11_45_10.930-05_00_0.png,2,3.75,3.46249406757363
2671_LeafPhotoA_2025-09-09 11_45_24.152,PI533862,5,2671_LeafPhotoA_2025-09-09 11_45_24.152-05_00_0.png,2,4.5,3.5975097375081275
2671_LeafPhotoA_2025-09-09 11_45_37.038,PI533862,5,2671_LeafPhotoA_2025-09-09 11_45_37.038-05_00_0.png,2,4.5,3.662870493107203
2672_LeafPhotoA_2025-09-09 11_46_26.263,PI564163,1,2672_LeafPhotoA_2025-09-09 11_46_26.263-05_00_0.png,2,3.0,2.5831047425322624
2672_LeafPhotoA_2025-09-09 11_46_40.643,PI564163,1,2672_LeafPhotoA_2025-09-09 11_46_40.643-05_00_0.png,2,2.0,2.4856479016537687
2672_LeafPhotoA_2025-09-09 11_46_50.393,PI564163,1,2672_LeafPhotoA_2025-09-09 11_46_50.393-05_00_0.png,2,2.5,2.2445356900196796
2673_LeafPhotoA_2025-09-09 11_11_18.428,PI561472,4,2673_LeafPhotoA_2025-09-09 11_11_18.428-05_00_0.png,1,1.0,1.7299609761336432
2673_LeafPhotoA_2025-09-09 11_11_36.385,PI561472,4,2673_LeafPhotoA_2025-09-09 11_11_36.385-05_00_0.png,1,1.0,1.7824824833072421
2674_LeafPhotoA_2025-09-09 11_10_09.426,PI534047,4,2674_LeafPhotoA_2025-09-09 11_10_09.426-05_00_0.png,2,2.0,2.091169015668929
2674_LeafPhotoA_2025-09-09 11_10_28.971,PI534047,4,2674_LeafPhotoA_2025-09-09 11_10_28.971-05_00_0.png,2,3.0,2.0439036085753766
2674_LeafPhotoA_2025-09-09 11_10_47.957,PI534047,4,2674_LeafPhotoA_2025-09-09 11_10_47.957-05_00_0.png,1,2.5,2.0838871004661854
2675_LeafPhotoA_2025-09-09 11_08_49.008,PI576365,3,2675_LeafPhotoA_2025-09-09 11_08_49.008-05_00_0.png,1,2.0,1.9386557413637924
2675_LeafPhotoA_2025-09-09 11_09_07.955,PI576365,3,2675_LeafPhotoA_2025-09-09 11_09_07.955-05_00_0.png,1,2.0,2.173686977397065
2675_LeafPhotoA_2025-09-09 11_09_26.132,PI576365,3,2675_LeafPhotoA_2025-09-09 11_09_26.132-05_00_0.png,2,1.5,1.9523529867718794
2676_LeafPhotoA_2025-09-09 11_07_08.920,PI564163,1,2676_LeafPhotoA_2025-09-09 11_07_08.920-05_00_0.png,1,2.0,2.073657368021561
2676_LeafPhotoA_2025-09-09 11_08_09.880,PI564163,1,2676_LeafPhotoA_2025-09-09 11_08_09.880-05_00_0.png,1,1.5,2.011749237948233
2677_LeafPhotoA_2025-09-09 11_05_42.041,PI597969,1,2677_LeafPhotoA_2025-09-09 11_05_42.041-05_00_0.png,2,2.5,2.4997877725349102
2677_LeafPhotoA_2025-09-09 11_05_57.824,PI597969,1,2677_LeafPhotoA_2025-09-09 11_05_57.824-05_00_0.png,2,2.5,2.21264348387116
2677_LeafPhotoA_2025-09-09 11_06_22.531,PI597969,1,2677_LeafPhotoA_2025-09-09 11_06_22.531-05_00_0.png,1,1.5,2.978509291500912
2678_LeafPhotoA_2025-09-09 11_04_09.961,PI595708,2,2678_LeafPhotoA_2025-09-09 11_04_09.961-05_00_0.png,1,2.0,2.8991165171016435
2678_LeafPhotoA_2025-09-09 11_04_41.551,PI595708,2,2678_LeafPhotoA_2025-09-09 11_04_41.551-05_00_0.png,1,2.0,2.8362065861863788
2678_LeafPhotoA_2025-09-09 11_04_59.423,PI595708,2,2678_LeafPhotoA_2025-09-09 11_04_59.423-05_00_0.png,1,3.5,3.0758234736445735
2679_LeafPhotoA_2025-09-09 11_03_11.295,PI533865,2,2679_LeafPhotoA_2025-09-09 11_03_11.295-05_00_0.png,2,1.5,2.0147805239861394
2679_LeafPhotoA_2025-09-09 11_03_30.053,PI533865,2,2679_LeafPhotoA_2025-09-09 11_03_30.053-05_00_0.png,2,1.5,1.9627185352514036
2679_LeafPhotoA_2025-09-09 11_03_49.837,PI533865,2,2679_LeafPhotoA_2025-09-09 11_03_49.837-05_00_0.png,2,2.0,1.7556360582545032
2680_LeafPhotoA_2025-09-09 11_01_52.276,PI534092,4,2680_LeafPhotoA_2025-09-09 11_01_52.276-05_00_0.png,2,2.0,2.234632896950188
2680_LeafPhotoA_2025-09-09 11_02_16.370,PI534092,4,2680_LeafPhotoA_2025-09-09 11_02_16.370-05_00_0.png,2,3.0,2.788574196171695
2680_LeafPhotoA_2025-09-09 11_02_40.155,PI534092,4,2680_LeafPhotoA_2025-09-09 11_02_40.155-05_00_0.png,2,3.0,2.4472507550069453
2681_LeafPhotoA_2025-09-09 11_00_45.617,PI656007,1,2681_LeafPhotoA_2025-09-09 11_00_45.617-05_00_0.png,2,1.5,2.0788008228441606
2681_LeafPhotoA_2025-09-09 11_01_00.524,PI656007,1,2681_LeafPhotoA_2025-09-09 11_01_00.524-05_00_0.png,2,2.5,2.248276211257056
2682_LeafPhotoA_2025-09-09 10_59_28.941,PI533995,2,2682_LeafPhotoA_2025-09-09 10_59_28.941-05_00_0.png,2,1.5,1.9874566750718439
2682_LeafPhotoA_2025-09-09 10_59_57.177,PI533995,2,2682_LeafPhotoA_2025-09-09 10_59_57.177-05_00_0.png,2,2.5,2.0994453628022924
2682_LeafPhotoA_2025-09-09 11_00_18.602,PI533995,2,2682_LeafPhotoA_2025-09-09 11_00_18.602-05_00_0.png,2,1.5,2.235643116032146
2683_LeafPhotoA_2025-09-09 10_58_36.510,PI595746,5,2683_LeafPhotoA_2025-09-09 10_58_36.510-05_00_0.png,2,3.0,2.3275682260409103
2683_LeafPhotoA_2025-09-09 10_58_56.882,PI595746,5,2683_LeafPhotoA_2025-09-09 10_58_56.882-05_00_0.png,2,1.0,2.118427627517154
2684_LeafPhotoA_2025-09-09 10_52_13.899,PI595729,5,2684_LeafPhotoA_2025-09-09 10_52_13.899-05_00_0.png,1,2.0,2.0284021943923913
2684_LeafPhotoA_2025-09-09 10_52_49.058,PI595729,5,2684_LeafPhotoA_2025-09-09 10_52_49.058-05_00_0.png,2,2.5,2.6344222218496913
2684_LeafPhotoA_2025-09-09 10_53_05.875,PI595729,5,2684_LeafPhotoA_2025-09-09 10_53_05.875-05_00_0.png,2,2.0,2.101895196101724
2685_LeafPhotoA_2025-09-09 10_50_31.334,PI534035,1,2685_LeafPhotoA_2025-09-09 10_50_31.334-05_00_0.png,1,2.25,2.2490655378995057
2685_LeafPhotoA_2025-09-09 10_50_55.356,PI534035,1,2685_LeafPhotoA_2025-09-09 10_50_55.356-05_00_0.png,1,3.0,3.2501692882329
2686_LeafPhotoA_2025-09-09 10_48_10.419,PI656088,1,2686_LeafPhotoA_2025-09-09 10_48_10.419-05_00_0.png,1,3.0,2.375456235468925
2686_LeafPhotoA_2025-09-09 10_49_18.309,PI656088,1,2686_LeafPhotoA_2025-09-09 10_49_18.309-05_00_0.png,1,2.5,2.155145812012185
2687_LeafPhotoA_2025-09-09 10_46_37.263,PI576358,5,2687_LeafPhotoA_2025-09-09 10_46_37.263-05_00_0.png,2,2.5,1.9477524906365864
2688_LeafPhotoA_2025-09-09 10_45_02.207,SC0041,2,2688_LeafPhotoA_2025-09-09 10_45_02.207-05_00_0.png,2,1.5,2.068907243828744
2688_LeafPhotoA_2025-09-09 10_45_28.153,SC0041,2,2688_LeafPhotoA_2025-09-09 10_45_28.153-05_00_0.png,1,1.0,1.9061051878695656
2689_LeafPhotoA_2025-09-09 10_43_51.800,PI564163,1,2689_LeafPhotoA_2025-09-09 10_43_51.800-05_00_0.png,1,1.25,2.0183870315008234
2689_LeafPhotoA_2025-09-09 10_44_14.034,PI564163,1,2689_LeafPhotoA_2025-09-09 10_44_14.034-05_00_0.png,1,2.5,2.0798787283057307
2689_LeafPhotoA_2025-09-09 10_44_36.223,PI564163,1,2689_LeafPhotoA_2025-09-09 10_44_36.223-05_00_0.png,1,1.25,1.9650271126209895
2690_LeafPhotoA_2025-09-09 10_42_26.059,PI597980,1,2690_LeafPhotoA_2025-09-09 10_42_26.059-05_00_0.png,2,1.5,2.015447905962907
2690_LeafPhotoA_2025-09-09 10_42_46.845,PI597980,1,2690_LeafPhotoA_2025-09-09 10_42_46.845-05_00_0.png,2,2.5,2.4869749450676473
2690_LeafPhotoA_2025-09-09 10_43_06.625,PI597980,1,2690_LeafPhotoA_2025-09-09 10_43_06.625-05_00_0.png,1,3.0,2.321025301750885
2691_LeafPhotoA_2025-09-09 10_41_04.176,PI576435,5,2691_LeafPhotoA_2025-09-09 10_41_04.176-05_00_0.png,2,1.5,1.9246592558031552
2691_LeafPhotoA_2025-09-09 10_41_20.472,PI576435,5,2691_LeafPhotoA_2025-09-09 10_41_20.472-05_00_0.png,2,2.5,2.0927832271644218
2691_LeafPhotoA_2025-09-09 10_41_36.763,PI576435,5,2691_LeafPhotoA_2025-09-09 10_41_36.763-05_00_0.png,2,2.5,2.3098371656508268
2692_LeafPhotoA_2025-09-09 10_39_36.661,PI576389,2,2692_LeafPhotoA_2025-09-09 10_39_36.661-05_00_0.png,2,1.25,2.3429882586775967
2692_LeafPhotoA_2025-09-09 10_39_58.111,PI576389,2,2692_LeafPhotoA_2025-09-09 10_39_58.111-05_00_0.png,2,1.0,1.775407497827676
2692_LeafPhotoA_2025-09-09 10_40_14.979,PI576389,2,2692_LeafPhotoA_2025-09-09 10_40_14.979-05_00_0.png,2,2.0,2.0220819343839853
2693_LeafPhotoA_2025-09-09 10_37_58.417,SC0249,2,2693_LeafPhotoA_2025-09-09 10_37_58.417-05_00_0.png,2,1.5,2.302004363738848
2693_LeafPhotoA_2025-09-09 10_38_35.796,SC0249,2,2693_LeafPhotoA_2025-09-09 10_38_35.796-05_00_0.png,2,1.75,2.22531566868079
2693_LeafPhotoA_2025-09-09 10_39_10.391,SC0249,2,2693_LeafPhotoA_2025-09-09 10_39_10.391-05_00_0.png,1,2.5,2.524818730340329
2694_LeafPhotoA_2025-09-09 10_36_13.341,PI534056,3,2694_LeafPhotoA_2025-09-09 10_36_13.341-05_00_0.png,1,1.5,2.014840113762782
2694_LeafPhotoA_2025-09-09 10_36_29.129,PI534056,3,2694_LeafPhotoA_2025-09-09 10_36_29.129-05_00_0.png,2,2.5,2.1358515057553227
2694_LeafPhotoA_2025-09-09 10_36_57.596,PI534056,3,2694_LeafPhotoA_2025-09-09 10_36_57.596-05_00_0.png,2,2.0,2.1730918358009683
2695_LeafPhotoA_2025-09-09 10_34_35.123,PI534132,5,2695_LeafPhotoA_2025-09-09 10_34_35.123-05_00_0.png,2,1.5,1.6905082211986895
2695_LeafPhotoA_2025-09-09 10_35_38.136,PI534132,5,2695_LeafPhotoA_2025-09-09 10_35_38.136-05_00_0.png,1,1.0,1.827003165204727
2696_LeafPhotoA_2025-09-09 10_32_49.629,PI656113,2,2696_LeafPhotoA_2025-09-09 10_32_49.629-05_00_0.png,2,2.5,2.3961792850521078
2696_LeafPhotoA_2025-09-09 10_33_32.870,PI656113,2,2696_LeafPhotoA_2025-09-09 10_33_32.870-05_00_0.png,2,3.5,2.325733050436887
2696_LeafPhotoA_2025-09-09 10_34_00.698,PI656113,2,2696_LeafPhotoA_2025-09-09 10_34_00.698-05_00_0.png,1,3.0,2.3763470152112047
2697_LeafPhotoA_2025-09-09 10_31_09.373,SC0448,4,2697_LeafPhotoA_2025-09-09 10_31_09.373-05_00_0.png,2,2.5,2.534303992408521
2697_LeafPhotoA_2025-09-09 10_31_30.542,SC0448,4,2697_LeafPhotoA_2025-09-09 10_31_30.542-05_00_0.png,2,2.0,1.9588050899887004
2697_LeafPhotoA_2025-09-09 10_31_56.386,SC0448,4,2697_LeafPhotoA_2025-09-09 10_31_56.386-05_00_0.png,1,2.5,2.39852745783628
2698_LeafPhotoA_2025-09-09 10_28_27.500,PI595703,5,2698_LeafPhotoA_2025-09-09 10_28_27.500-05_00_0.png,1,3.0,2.606058403429595
2698_LeafPhotoA_2025-09-09 10_29_05.967,PI595703,5,2698_LeafPhotoA_2025-09-09 10_29_05.967-05_00_0.png,2,2.5,2.2508873868721007
2698_LeafPhotoA_2025-09-09 10_30_06.460,PI595703,5,2698_LeafPhotoA_2025-09-09 10_30_06.460-05_00_0.png,1,2.0,2.358399680165419
2698_LeafPhotoA_2025-09-09 10_30_46.723,PI595703,5,2698_LeafPhotoA_2025-09-09 10_30_46.723-05_00_0.png,2,2.0,2.07766163957779
2699_LeafPhotoA_2025-09-09 10_27_27.811,PI597974,2,2699_LeafPhotoA_2025-09-09 10_27_27.811-05_00_0.png,2,3.0,2.842334815046817
2699_LeafPhotoA_2025-09-09 10_27_44.456,PI597974,2,2699_LeafPhotoA_2025-09-09 10_27_44.456-05_00_0.png,1,2.5,2.327579841047646
2701_LeafPhotoA_2025-09-09 10_13_21.986,SC1216,4,2701_LeafPhotoA_2025-09-09 10_13_21.986-05_00_0.png,2,3.0,2.76776160433671
2701_LeafPhotoA_2025-09-09 10_13_36.912,SC1216,4,2701_LeafPhotoA_2025-09-09 10_13_36.912-05_00_0.png,2,4.0,3.247051658444323
2701_LeafPhotoA_2025-09-09 10_13_51.959,SC1216,4,2701_LeafPhotoA_2025-09-09 10_13_51.959-05_00_0.png,2,2.5,2.548818353128422
2702_LeafPhotoA_2025-09-09 10_14_43.297,PI564163,1,2702_LeafPhotoA_2025-09-09 10_14_43.297-05_00_0.png,2,2.5,2.3105492598100685
2702_LeafPhotoA_2025-09-09 10_14_59.550,PI564163,1,2702_LeafPhotoA_2025-09-09 10_14_59.550-05_00_0.png,1,2.5,2.7125260897869206
2702_LeafPhotoA_2025-09-09 10_15_13.481,PI564163,1,2702_LeafPhotoA_2025-09-09 10_15_13.481-05_00_0.png,2,3.5,2.9358311390960488
2703_LeafPhotoA_2025-09-09 10_15_56.392,PI533873,4,2703_LeafPhotoA_2025-09-09 10_15_56.392-05_00_0.png,2,4.25,3.70041346610798
2703_LeafPhotoA_2025-09-09 10_16_12.643,PI533873,4,2703_LeafPhotoA_2025-09-09 10_16_12.643-05_00_0.png,2,2.5,2.7488568728162974
2703_LeafPhotoA_2025-09-09 10_16_25.928,PI533873,4,2703_LeafPhotoA_2025-09-09 10_16_25.928-05_00_0.png,1,2.5,2.5346642647643027
2704_LeafPhotoA_2025-09-09 10_17_28.444,PI655977,3,2704_LeafPhotoA_2025-09-09 10_17_28.444-05_00_0.png,2,2.5,2.0993538551809374
2704_LeafPhotoA_2025-09-09 10_17_41.351,PI655977,3,2704_LeafPhotoA_2025-09-09 10_17_41.351-05_00_0.png,2,3.0,2.8576362673118636
2704_LeafPhotoA_2025-09-09 10_17_55.823,PI655977,3,2704_LeafPhotoA_2025-09-09 10_17_55.823-05_00_0.png,2,2.5,2.4660918573408126
2705_LeafPhotoA_2025-09-09 10_18_58.628,PI659696,5,2705_LeafPhotoA_2025-09-09 10_18_58.628-05_00_0.png,2,3.5,2.855220408435253
2705_LeafPhotoA_2025-09-09 10_19_11.905,PI659696,5,2705_LeafPhotoA_2025-09-09 10_19_11.905-05_00_0.png,2,1.5,2.7284620033699594
2705_LeafPhotoA_2025-09-09 10_19_54.020,PI659696,5,2705_LeafPhotoA_2025-09-09 10_19_54.020-05_00_0.png,1,1.25,2.174155698242677
2706_LeafPhotoA_2025-09-09 10_21_29.913,PI533807,3,2706_LeafPhotoA_2025-09-09 10_21_29.913-05_00_0.png,2,3.5,3.3204368338942896
2706_LeafPhotoA_2025-09-09 10_22_00.716,PI533807,3,2706_LeafPhotoA_2025-09-09 10_22_00.716-05_00_0.png,2,3.0,3.1056878210440333
2707_LeafPhotoA_2025-09-09 10_22_49.647,PI534080,5,2707_LeafPhotoA_2025-09-09 10_22_49.647-05_00_0.png,2,3.0,2.832016482705078
2707_LeafPhotoA_2025-09-09 10_23_04.383,PI534080,5,2707_LeafPhotoA_2025-09-09 10_23_04.383-05_00_0.png,2,3.0,3.055306853423015
2707_LeafPhotoA_2025-09-09 10_23_18.227,PI534080,5,2707_LeafPhotoA_2025-09-09 10_23_18.227-05_00_0.png,2,3.5,3.10394111580618
2708_LeafPhotoA_2025-09-09 10_24_08.898,PI642793,4,2708_LeafPhotoA_2025-09-09 10_24_08.898-05_00_0.png,2,3.0,2.504302616902791
2708_LeafPhotoA_2025-09-09 10_24_24.585,PI642793,4,2708_LeafPhotoA_2025-09-09 10_24_24.585-05_00_0.png,2,2.5,3.1200588611380047
2708_LeafPhotoA_2025-09-09 10_24_40.810,PI642793,4,2708_LeafPhotoA_2025-09-09 10_24_40.810-05_00_0.png,2,2.5,2.750553369425767
2709_LeafPhotoA_2025-09-09 10_25_19.995,PI533811,2,2709_LeafPhotoA_2025-09-09 10_25_19.995-05_00_0.png,2,3.5,3.3577892187872145
2709_LeafPhotoA_2025-09-09 10_25_57.484,PI533811,2,2709_LeafPhotoA_2025-09-09 10_25_57.484-05_00_0.png,2,4.5,3.8000830861215618
2710_LeafPhotoA_2025-09-09 10_26_45.232,PI533781,3,2710_LeafPhotoA_2025-09-09 10_26_45.232-05_00_0.png,2,2.5,2.447271531929745
2710_LeafPhotoA_2025-09-09 10_27_29.805,PI533781,3,2710_LeafPhotoA_2025-09-09 10_27_29.805-05_00_0.png,2,3.5,3.1689445194386066
2711_LeafPhotoA_2025-09-09 10_28_05.879,PI533968,1,2711_LeafPhotoA_2025-09-09 10_28_05.879-05_00_0.png,2,3.5,3.121581651940302
2711_LeafPhotoA_2025-09-09 10_28_23.854,PI533968,1,2711_LeafPhotoA_2025-09-09 10_28_23.854-05_00_0.png,2,2.5,2.9497146695185266
2712_LeafPhotoA_2025-09-09 10_29_53.397,PI533830,3,2712_LeafPhotoA_2025-09-09 10_29_53.397-05_00_0.png,2,2.5,2.5219826521522615
2712_LeafPhotoA_2025-09-09 10_30_09.638,PI533830,3,2712_LeafPhotoA_2025-09-09 10_30_09.638-05_00_0.png,2,4.0,3.2055593981030635
2712_LeafPhotoA_2025-09-09 10_30_21.843,PI533830,3,2712_LeafPhotoA_2025-09-09 10_30_21.843-05_00_0.png,2,4.5,3.8387982894652013
2713_LeafPhotoA_2025-09-09 10_31_30.088,PI534098,1,2713_LeafPhotoA_2025-09-09 10_31_30.088-05_00_0.png,2,3.0,2.8422665771045743
2713_LeafPhotoA_2025-09-09 10_31_44.153,PI534098,1,2713_LeafPhotoA_2025-09-09 10_31_44.153-05_00_0.png,2,3.0,2.8214185317973985
2713_LeafPhotoA_2025-09-09 10_31_56.708,PI534098,1,2713_LeafPhotoA_2025-09-09 10_31_56.708-05_00_0.png,2,4.5,3.7060969302935263
2714_LeafPhotoA_2025-09-09 10_33_10.614,PI656047,5,2714_LeafPhotoA_2025-09-09 10_33_10.614-05_00_0.png,2,4.5,3.9840599469628484
2714_LeafPhotoA_2025-09-09 10_33_23.388,PI656047,5,2714_LeafPhotoA_2025-09-09 10_33_23.388-05_00_0.png,2,2.5,2.4149480583569543
2714_LeafPhotoA_2025-09-09 10_33_32.644,PI656047,5,2714_LeafPhotoA_2025-09-09 10_33_32.644-05_00_0.png,2,4.5,3.2881529032220795
2715_LeafPhotoA_2025-09-09 10_34_25.383,PI533782,1,2715_LeafPhotoA_2025-09-09 10_34_25.383-05_00_0.png,2,3.25,3.336794453647048
2715_LeafPhotoA_2025-09-09 10_34_37.745,PI533782,1,2715_LeafPhotoA_2025-09-09 10_34_37.745-05_00_0.png,2,4.0,3.286928450128001
2715_LeafPhotoA_2025-09-09 10_34_49.690,PI533782,1,2715_LeafPhotoA_2025-09-09 10_34_49.690-05_00_0.png,2,2.25,2.6979342464298757
2716_LeafPhotoA_2025-09-09 10_35_24.174,PI597972,2,2716_LeafPhotoA_2025-09-09 10_35_24.174-05_00_0.png,2,3.5,3.1507294216750847
2716_LeafPhotoA_2025-09-09 10_35_46.540,PI597972,2,2716_LeafPhotoA_2025-09-09 10_35_46.540-05_00_0.png,1,3.5,2.7778282719508436
2717_LeafPhotoA_2025-09-09 10_36_27.604,SC0409,5,2717_LeafPhotoA_2025-09-09 10_36_27.604-05_00_0.png,2,4.5,3.755699487619411
2717_LeafPhotoA_2025-09-09 10_36_42.002,SC0409,5,2717_LeafPhotoA_2025-09-09 10_36_42.002-05_00_0.png,2,4.5,3.899841355884732
2717_LeafPhotoA_2025-09-09 10_36_52.862,SC0409,5,2717_LeafPhotoA_2025-09-09 10_36_52.862-05_00_0.png,1,3.25,3.3341728579178924
2718_LeafPhotoA_2025-09-09 10_37_49.577,PI534067,5,2718_LeafPhotoA_2025-09-09 10_37_49.577-05_00_0.png,2,3.0,2.8843819001143274
2718_LeafPhotoA_2025-09-09 10_38_02.718,PI534067,5,2718_LeafPhotoA_2025-09-09 10_38_02.718-05_00_0.png,1,3.5,3.3797676497061446
2718_LeafPhotoA_2025-09-09 10_38_17.523,PI534067,5,2718_LeafPhotoA_2025-09-09 10_38_17.523-05_00_0.png,2,3.0,2.6416510131404363
2719_LeafPhotoA_2025-09-09 10_39_13.141,SC0848,5,2719_LeafPhotoA_2025-09-09 10_39_13.141-05_00_0.png,2,3.0,2.413977156837258
2719_LeafPhotoA_2025-09-09 10_39_28.624,SC0848,5,2719_LeafPhotoA_2025-09-09 10_39_28.624-05_00_0.png,2,3.5,3.535021163648872
2719_LeafPhotoA_2025-09-09 10_39_58.608,SC0848,5,2719_LeafPhotoA_2025-09-09 10_39_58.608-05_00_0.png,2,3.5,2.978479624748553
2720_LeafPhotoA_2025-09-09 10_40_32.940,PI564163,1,2720_LeafPhotoA_2025-09-09 10_40_32.940-05_00_0.png,2,3.0,2.8057617492651667
2720_LeafPhotoA_2025-09-09 10_40_48.988,PI564163,1,2720_LeafPhotoA_2025-09-09 10_40_48.988-05_00_0.png,2,1.0,2.2910959991614885
2721_LeafPhotoA_2025-09-09 10_42_14.365,PI576375,4,2721_LeafPhotoA_2025-09-09 10_42_14.365-05_00_0.png,2,4.0,3.7770360688363516
2721_LeafPhotoA_2025-09-09 10_42_26.993,PI576375,4,2721_LeafPhotoA_2025-09-09 10_42_26.993-05_00_0.png,1,5.0,4.060873848689578
2722_LeafPhotoA_2025-09-09 10_43_15.446,SC0551,2,2722_LeafPhotoA_2025-09-09 10_43_15.446-05_00_0.png,1,4.5,3.9829706114587604
2722_LeafPhotoA_2025-09-09 10_43_28.841,SC0551,2,2722_LeafPhotoA_2025-09-09 10_43_28.841-05_00_0.png,1,3.5,3.4838919856561317
2722_LeafPhotoA_2025-09-09 10_43_40.267,SC0551,2,2722_LeafPhotoA_2025-09-09 10_43_40.267-05_00_0.png,2,4.0,3.47796217309039
2723_LeafPhotoA_2025-09-09 10_44_34.871,PI534082,1,2723_LeafPhotoA_2025-09-09 10_44_34.871-05_00_0.png,2,3.25,2.759431409892392
2723_LeafPhotoA_2025-09-09 10_44_59.309,PI534082,1,2723_LeafPhotoA_2025-09-09 10_44_59.309-05_00_0.png,2,3.0,3.647836876002832
2723_LeafPhotoA_2025-09-09 10_45_15.256,PI534082,1,2723_LeafPhotoA_2025-09-09 10_45_15.256-05_00_0.png,1,4.0,3.2584292155146892
2724_LeafPhotoA_2025-09-09 10_46_14.817,PI656024,3,2724_LeafPhotoA_2025-09-09 10_46_14.817-05_00_0.png,2,3.5,3.1157418621934183
2724_LeafPhotoA_2025-09-09 10_46_27.417,PI656024,3,2724_LeafPhotoA_2025-09-09 10_46_27.417-05_00_0.png,2,1.75,2.7017309086295542
2724_LeafPhotoA_2025-09-09 10_46_37.811,PI656024,3,2724_LeafPhotoA_2025-09-09 10_46_37.811-05_00_0.png,2,4.5,3.6863627015160674
2725_LeafPhotoA_2025-09-09 10_47_13.768,PI533762,1,2725_LeafPhotoA_2025-09-09 10_47_13.768-05_00_0.png,2,2.5,2.308494951964407
2725_LeafPhotoA_2025-09-09 10_47_23.194,PI533762,1,2725_LeafPhotoA_2025-09-09 10_47_23.194-05_00_0.png,2,3.0,2.7271386015768995
2725_LeafPhotoA_2025-09-09 10_47_31.497,PI533762,1,2725_LeafPhotoA_2025-09-09 10_47_31.497-05_00_0.png,2,2.0,2.3123066632204887
2726_LeafPhotoA_2025-09-09 10_48_47.560,PI561071,2,2726_LeafPhotoA_2025-09-09 10_48_47.560-05_00_0.png,2,1.0,1.726495349349331
2727_LeafPhotoA_2025-09-09 10_49_43.175,SC0999,2,2727_LeafPhotoA_2025-09-09 10_49_43.175-05_00_0.png,2,2.5,3.0788465068186657
2727_LeafPhotoA_2025-09-09 10_49_54.377,SC0999,2,2727_LeafPhotoA_2025-09-09 10_49_54.377-05_00_0.png,2,3.5,2.898182382440883
2727_LeafPhotoA_2025-09-09 10_50_03.069,SC0999,2,2727_LeafPhotoA_2025-09-09 10_50_03.069-05_00_0.png,2,3.0,2.8730814494162717
2728_LeafPhotoA_2025-09-09 10_52_13.946,PI655981,2,2728_LeafPhotoA_2025-09-09 10_52_13.946-05_00_0.png,2,3.25,3.2717022510217872
2728_LeafPhotoA_2025-09-09 10_52_22.764,PI655981,2,2728_LeafPhotoA_2025-09-09 10_52_22.764-05_00_0.png,2,2.5,2.5535541175934715
2729_LeafPhotoA_2025-09-09 10_55_26.872,PI534090,2,2729_LeafPhotoA_2025-09-09 10_55_26.872-05_00_0.png,2,2.75,2.827640382773883
2729_LeafPhotoA_2025-09-09 10_55_43.588,PI534090,2,2729_LeafPhotoA_2025-09-09 10_55_43.588-05_00_0.png,2,4.0,3.7112335341467793
2730_LeafPhotoA_2025-09-09 10_54_05.796,PI533857,1,2730_LeafPhotoA_2025-09-09 10_54_05.796-05_00_0.png,2,2.0,2.1788881696709312
2730_LeafPhotoA_2025-09-09 10_54_17.007,PI533857,1,2730_LeafPhotoA_2025-09-09 10_54_17.007-05_00_0.png,1,2.0,1.8288234962967287
2731_LeafPhotoA_2025-09-09 10_56_31.988,PI576399,4,2731_LeafPhotoA_2025-09-09 10_56_31.988-05_00_0.png,2,3.5,3.0422039780158774
2731_LeafPhotoA_2025-09-09 10_56_46.860,PI576399,4,2731_LeafPhotoA_2025-09-09 10_56_46.860-05_00_0.png,2,4.0,3.7995629406949294
2731_LeafPhotoA_2025-09-09 10_56_57.551,PI576399,4,2731_LeafPhotoA_2025-09-09 10_56_57.551-05_00_0.png,2,2.5,2.808769580634364
2732_LeafPhotoA_2025-09-09 10_57_41.889,PI564163,1,2732_LeafPhotoA_2025-09-09 10_57_41.889-05_00_0.png,2,1.5,2.283589227962801
2732_LeafPhotoA_2025-09-09 10_57_56.358,PI564163,1,2732_LeafPhotoA_2025-09-09 10_57_56.358-05_00_0.png,2,3.5,2.940441862304733
2732_LeafPhotoA_2025-09-09 10_58_09.717,PI564163,1,2732_LeafPhotoA_2025-09-09 10_58_09.717-05_00_0.png,2,3.5,2.6782927042683013
2733_LeafPhotoA_2025-09-09 10_59_12.603,PI534100,1,2733_LeafPhotoA_2025-09-09 10_59_12.603-05_00_0.png,2,4.0,3.5230176227124796
2733_LeafPhotoA_2025-09-09 10_59_51.732,PI534100,1,2733_LeafPhotoA_2025-09-09 10_59_51.732-05_00_0.png,2,3.0,3.2182412729809435
2734_LeafPhotoA_2025-09-09 11_00_52.812,PI534120,3,2734_LeafPhotoA_2025-09-09 11_00_52.812-05_00_0.png,2,2.25,2.4981945681619746
2734_LeafPhotoA_2025-09-09 11_01_05.699,PI534120,3,2734_LeafPhotoA_2025-09-09 11_01_05.699-05_00_0.png,2,2.5,2.7100021998370707
2734_LeafPhotoA_2025-09-09 11_01_18.196,PI534120,3,2734_LeafPhotoA_2025-09-09 11_01_18.196-05_00_0.png,1,2.5,2.356640654830319
2735_LeafPhotoA_2025-09-09 11_01_58.610,PI576429,5,2735_LeafPhotoA_2025-09-09 11_01_58.610-05_00_0.png,2,4.0,3.0305326128323107
2735_LeafPhotoA_2025-09-09 11_02_08.041,PI576429,5,2735_LeafPhotoA_2025-09-09 11_02_08.041-05_00_0.png,2,3.5,3.1648955691985536
2735_LeafPhotoA_2025-09-09 11_02_14.913,PI576429,5,2735_LeafPhotoA_2025-09-09 11_02_14.913-05_00_0.png,2,4.0,3.0751260221940355
2736_LeafPhotoA_2025-09-09 11_03_06.705,PI595722,2,2736_LeafPhotoA_2025-09-09 11_03_06.705-05_00_0.png,2,2.5,2.278816933703228
2736_LeafPhotoA_2025-09-09 11_03_17.238,PI595722,2,2736_LeafPhotoA_2025-09-09 11_03_17.238-05_00_0.png,2,2.75,2.958431481781198
2736_LeafPhotoA_2025-09-09 11_03_28.827,PI595722,2,2736_LeafPhotoA_2025-09-09 11_03_28.827-05_00_0.png,2,2.5,2.6331500483359527
2737_LeafPhotoA_2025-09-09 11_04_04.650,PI576361,3,2737_LeafPhotoA_2025-09-09 11_04_04.650-05_00_0.png,2,3.25,3.502124390974676
2737_LeafPhotoA_2025-09-09 11_04_16.447,PI576361,3,2737_LeafPhotoA_2025-09-09 11_04_16.447-05_00_0.png,2,4.0,3.4371884016704026
2737_LeafPhotoA_2025-09-09 11_04_37.350,PI576361,3,2737_LeafPhotoA_2025-09-09 11_04_37.350-05_00_0.png,2,4.0,3.7342797515905906
2738_LeafPhotoA_2025-09-09 11_05_25.200,PI533747,2,2738_LeafPhotoA_2025-09-09 11_05_25.200-05_00_0.png,2,2.5,2.6791507469501523
2738_LeafPhotoA_2025-09-09 11_05_49.952,PI533747,2,2738_LeafPhotoA_2025-09-09 11_05_49.952-05_00_0.png,2,2.5,2.323278292427224
2739_LeafPhotoA_2025-09-09 11_06_56.509,PI533759,1,2739_LeafPhotoA_2025-09-09 11_06_56.509-05_00_0.png,1,3.5,2.852645312000743
2739_LeafPhotoA_2025-09-09 11_07_13.556,PI533759,1,2739_LeafPhotoA_2025-09-09 11_07_13.556-05_00_0.png,2,3.0,2.7515762317782033
2739_LeafPhotoA_2025-09-09 11_07_26.074,PI533759,1,2739_LeafPhotoA_2025-09-09 11_07_26.074-05_00_0.png,2,2.5,2.22150611939644
2740_LeafPhotoA_2025-09-09 11_08_17.094,SC0864,4,2740_LeafPhotoA_2025-09-09 11_08_17.094-05_00_0.png,2,5.0,4.186589010685095
2740_LeafPhotoA_2025-09-09 11_08_33.741,SC0864,4,2740_LeafPhotoA_2025-09-09 11_08_33.741-05_00_0.png,2,4.0,3.4066863041467035
2741_LeafPhotoA_2025-09-09 11_09_38.474,PI598070,3,2741_LeafPhotoA_2025-09-09 11_09_38.474-05_00_0.png,2,4.0,3.05904830060762
2741_LeafPhotoA_2025-09-09 11_10_00.470,PI598070,3,2741_LeafPhotoA_2025-09-09 11_10_00.470-05_00_0.png,2,2.5,2.479909083914021
2741_LeafPhotoA_2025-09-09 11_10_13.775,PI598070,3,2741_LeafPhotoA_2025-09-09 11_10_13.775-05_00_0.png,2,3.5,3.1559287142969894
2742_LeafPhotoA_2025-09-09 11_11_30.673,PI576405,3,2742_LeafPhotoA_2025-09-09 11_11_30.673-05_00_0.png,2,3.5,3.58976620307009
2742_LeafPhotoA_2025-09-09 11_11_45.615,PI576405,3,2742_LeafPhotoA_2025-09-09 11_11_45.615-05_00_0.png,2,3.5,3.0041163712877004
2742_LeafPhotoA_2025-09-09 11_11_59.314,PI576405,3,2742_LeafPhotoA_2025-09-09 11_11_59.314-05_00_0.png,2,2.75,3.1915619632505265
2743_LeafPhotoA_2025-09-09 11_13_20.170,SC0540,5,2743_LeafPhotoA_2025-09-09 11_13_20.170-05_00_0.png,2,3.0,2.9518702477838765
2743_LeafPhotoA_2025-09-09 11_13_32.251,SC0540,5,2743_LeafPhotoA_2025-09-09 11_13_32.251-05_00_0.png,2,4.0,3.422370799530468
2744_LeafPhotoA_2025-09-09 11_14_34.359,PI533984,5,2744_LeafPhotoA_2025-09-09 11_14_34.359-05_00_0.png,2,1.5,1.8779784405373598
2744_LeafPhotoA_2025-09-09 11_14_50.338,PI533984,5,2744_LeafPhotoA_2025-09-09 11_14_50.338-05_00_0.png,2,2.5,2.5626645173246345
2744_LeafPhotoA_2025-09-09 11_15_01.877,PI533984,5,2744_LeafPhotoA_2025-09-09 11_15_01.877-05_00_0.png,2,2.25,2.5343541209022695
2745_LeafPhotoA_2025-09-09 11_15_51.281,PI597955,2,2745_LeafPhotoA_2025-09-09 11_15_51.281-05_00_0.png,1,3.5,2.7546249578796154
2745_LeafPhotoA_2025-09-09 11_16_09.864,PI597955,2,2745_LeafPhotoA_2025-09-09 11_16_09.864-05_00_0.png,2,2.0,2.569994284592363
2746_LeafPhotoA_2025-09-09 11_17_03.503,PI564163,1,2746_LeafPhotoA_2025-09-09 11_17_03.503-05_00_0.png,2,2.5,2.3405277959610005
2746_LeafPhotoA_2025-09-09 11_17_28.647,PI564163,1,2746_LeafPhotoA_2025-09-09 11_17_28.647-05_00_0.png,2,3.5,2.685618697118659
2747_LeafPhotoA_2025-09-09 11_18_18.163,PI534122,5,2747_LeafPhotoA_2025-09-09 11_18_18.163-05_00_0.png,2,3.5,2.830625592924163
2747_LeafPhotoA_2025-09-09 11_18_35.315,PI534122,5,2747_LeafPhotoA_2025-09-09 11_18_35.315-05_00_0.png,2,2.5,2.592335160920139
2747_LeafPhotoA_2025-09-09 11_18_49.314,PI534122,5,2747_LeafPhotoA_2025-09-09 11_18_49.314-05_00_0.png,2,2.5,2.6739720488633005
2748_LeafPhotoA_2025-09-09 11_19_26.990,PI595731,5,2748_LeafPhotoA_2025-09-09 11_19_26.990-05_00_0.png,2,3.25,3.3959379803620946
2748_LeafPhotoA_2025-09-09 11_19_41.557,PI595731,5,2748_LeafPhotoA_2025-09-09 11_19_41.557-05_00_0.png,2,3.0,2.987375379493801
2748_LeafPhotoA_2025-09-09 11_19_58.528,PI595731,5,2748_LeafPhotoA_2025-09-09 11_19_58.528-05_00_0.png,2,3.5,3.915543259793424
2749_LeafPhotoA_2025-09-09 11_20_42.639,PI576415,5,2749_LeafPhotoA_2025-09-09 11_20_42.639-05_00_0.png,2,4.5,3.2690857957748136
2750_LeafPhotoA_2025-09-09 11_21_31.376,PI656010,1,2750_LeafPhotoA_2025-09-09 11_21_31.376-05_00_0.png,2,1.75,2.4135928380147424
2750_LeafPhotoA_2025-09-09 11_21_43.490,PI656010,1,2750_LeafPhotoA_2025-09-09 11_21_43.490-05_00_0.png,2,2.5,2.532804397405573
2750_LeafPhotoA_2025-09-09 11_21_52.462,PI656010,1,2750_LeafPhotoA_2025-09-09 11_21_52.462-05_00_0.png,2,1.5,2.3299579274905486
2751_LeafPhotoA_2025-09-09 16_38_31.126,PI533996,2,2751_LeafPhotoA_2025-09-09 16_38_31.126-05_00_0.png,2,2.0,2.365860421481579
2751_LeafPhotoA_2025-09-09 16_38_59.540,PI533996,2,2751_LeafPhotoA_2025-09-09 16_38_59.540-05_00_0.png,2,3.0,2.4472741390607586
2751_LeafPhotoA_2025-09-09 16_39_34.979,PI533996,2,2751_LeafPhotoA_2025-09-09 16_39_34.979-05_00_0.png,2,2.5,2.203523933351868
2752_LeafPhotoA_2025-09-09 16_36_56.388,PI534113,4,2752_LeafPhotoA_2025-09-09 16_36_56.388-05_00_0.png,2,1.5,2.5035249318481223
2752_LeafPhotoA_2025-09-09 16_37_21.179,PI534113,4,2752_LeafPhotoA_2025-09-09 16_37_21.179-05_00_0.png,2,3.0,2.5901742397491105
2752_LeafPhotoA_2025-09-09 16_37_44.997,PI534113,4,2752_LeafPhotoA_2025-09-09 16_37_44.997-05_00_0.png,2,2.5,2.5051846036413283
2753_LeafPhotoA_2025-09-09 16_34_11.347,PI564163,1,2753_LeafPhotoA_2025-09-09 16_34_11.347-05_00_0.png,2,1.5,1.8248324941238385
2753_LeafPhotoA_2025-09-09 16_34_45.623,PI564163,1,2753_LeafPhotoA_2025-09-09 16_34_45.623-05_00_0.png,2,2.0,1.918885021380342
2754_LeafPhotoA_2025-09-09 16_30_38.228,PI595718,4,2754_LeafPhotoA_2025-09-09 16_30_38.228-05_00_0.png,2,2.0,2.2442892944119417
2754_LeafPhotoA_2025-09-09 16_31_47.067,PI595718,4,2754_LeafPhotoA_2025-09-09 16_31_47.067-05_00_0.png,2,2.5,1.9584324617956017
2754_LeafPhotoA_2025-09-09 16_33_23.221,PI595718,4,2754_LeafPhotoA_2025-09-09 16_33_23.221-05_00_0.png,2,2.5,2.332888484321618
2755_LeafPhotoA_2025-09-09 16_28_33.930,PI533929,3,2755_LeafPhotoA_2025-09-09 16_28_33.930-05_00_0.png,2,1.0,1.608375915392751
2755_LeafPhotoA_2025-09-09 16_29_42.604,PI533929,3,2755_LeafPhotoA_2025-09-09 16_29_42.604-05_00_0.png,2,1.0,1.5937014635885498
2756_LeafPhotoA_2025-09-09 16_26_24.147,PI656055,4,2756_LeafPhotoA_2025-09-09 16_26_24.147-05_00_0.png,2,2.5,1.9256039530097089
2756_LeafPhotoA_2025-09-09 16_26_59.634,PI656055,4,2756_LeafPhotoA_2025-09-09 16_26_59.634-05_00_0.png,2,1.5,1.7527812278300476
2757_LeafPhotoA_2025-09-09 16_24_21.228,PI534121,1,2757_LeafPhotoA_2025-09-09 16_24_21.228-05_00_0.png,2,2.0,1.8586105756466553
2757_LeafPhotoA_2025-09-09 16_24_49.829,PI534121,1,2757_LeafPhotoA_2025-09-09 16_24_49.829-05_00_0.png,2,1.5,1.9143046926774632
2758_LeafPhotoA_2025-09-09 16_22_09.492,PI534137,4,2758_LeafPhotoA_2025-09-09 16_22_09.492-05_00_0.png,2,1.25,1.880769768461458
2758_LeafPhotoA_2025-09-09 16_22_49.517,PI534137,4,2758_LeafPhotoA_2025-09-09 16_22_49.517-05_00_0.png,2,2.0,1.8862859856421095
2758_LeafPhotoA_2025-09-09 16_23_29.834,PI534137,4,2758_LeafPhotoA_2025-09-09 16_23_29.834-05_00_0.png,2,1.5,1.8702739895617813
2759_LeafPhotoA_2025-09-09 16_20_02.085,PI533851,2,2759_LeafPhotoA_2025-09-09 16_20_02.085-05_00_0.png,2,2.5,2.1487844239201626
2759_LeafPhotoA_2025-09-09 16_20_36.551,PI533851,2,2759_LeafPhotoA_2025-09-09 16_20_36.551-05_00_0.png,2,2.5,2.403006417792626
2759_LeafPhotoA_2025-09-09 16_21_24.991,PI533851,2,2759_LeafPhotoA_2025-09-09 16_21_24.991-05_00_0.png,2,2.5,2.3277047408229583
2760_LeafPhotoA_2025-09-09 16_18_46.285,PI576369,4,2760_LeafPhotoA_2025-09-09 16_18_46.285-05_00_0.png,1,1.5,1.9484783689618366
2761_LeafPhotoA_2025-09-09 16_15_44.747,SC0463,3,2761_LeafPhotoA_2025-09-09 16_15_44.747-05_00_0.png,2,2.5,1.907433258466566
2761_LeafPhotoA_2025-09-09 16_17_06.673,SC0463,3,2761_LeafPhotoA_2025-09-09 16_17_06.673-05_00_0.png,2,3.0,2.236635300994815
2762_LeafPhotoA_2025-09-09 16_13_54.792,PI533852,3,2762_LeafPhotoA_2025-09-09 16_13_54.792-05_00_0.png,2,2.5,2.1444836276887242
2762_LeafPhotoA_2025-09-09 16_14_35.027,PI533852,3,2762_LeafPhotoA_2025-09-09 16_14_35.027-05_00_0.png,2,3.0,2.400398906276853
2763_LeafPhotoA_2025-09-09 16_12_07.642,PI534072,2,2763_LeafPhotoA_2025-09-09 16_12_07.642-05_00_0.png,2,2.5,2.169851640145577
2764_LeafPhotoA_2025-09-09 16_08_05.797,PI655986,3,2764_LeafPhotoA_2025-09-09 16_08_05.797-05_00_0.png,2,2.0,1.977028834325696
2764_LeafPhotoA_2025-09-09 16_08_33.579,PI655986,3,2764_LeafPhotoA_2025-09-09 16_08_33.579-05_00_0.png,2,2.0,1.77700658905205
2764_LeafPhotoA_2025-09-09 16_09_14.933,PI655986,3,2764_LeafPhotoA_2025-09-09 16_09_14.933-05_00_0.png,2,1.5,1.8868006490001725
2765_LeafPhotoA_2025-09-09 16_04_43.053,PI533930,5,2765_LeafPhotoA_2025-09-09 16_04_43.053-05_00_0.png,2,1.5,1.6831373927619433
2765_LeafPhotoA_2025-09-09 16_05_37.886,PI533930,5,2765_LeafPhotoA_2025-09-09 16_05_37.886-05_00_0.png,2,1.5,1.9015707380878284
2765_LeafPhotoA_2025-09-09 16_06_20.833,PI533930,5,2765_LeafPhotoA_2025-09-09 16_06_20.833-05_00_0.png,2,1.75,1.7842156262592264
2766_LeafPhotoA_2025-09-09 16_02_55.179,PI533788,2,2766_LeafPhotoA_2025-09-09 16_02_55.179-05_00_0.png,2,3.0,2.8418212978300312
2766_LeafPhotoA_2025-09-09 16_03_42.418,PI533788,2,2766_LeafPhotoA_2025-09-09 16_03_42.418-05_00_0.png,2,2.5,2.5554532886247547
2768_LeafPhotoA_2025-09-09 15_57_42.770,PI595734,3,2768_LeafPhotoA_2025-09-09 15_57_42.770-05_00_0.png,2,2.5,2.010462533273412
2768_LeafPhotoA_2025-09-09 15_58_43.810,PI595734,3,2768_LeafPhotoA_2025-09-09 15_58_43.810-05_00_0.png,2,1.5,1.9202615930345353
2769_LeafPhotoA_2025-09-09 15_55_06.978,PI576427,4,2769_LeafPhotoA_2025-09-09 15_55_06.978-05_00_0.png,2,1.5,1.978211227543096
2769_LeafPhotoA_2025-09-09 15_55_52.935,PI576427,4,2769_LeafPhotoA_2025-09-09 15_55_52.935-05_00_0.png,2,3.0,2.448338113819019
2769_LeafPhotoA_2025-09-09 15_56_26.438,PI576427,4,2769_LeafPhotoA_2025-09-09 15_56_26.438-05_00_0.png,2,1.5,2.174032872799928
2770_LeafPhotoA_2025-09-09 15_52_45.121,PI533837,1,2770_LeafPhotoA_2025-09-09 15_52_45.121-05_00_0.png,2,2.0,2.083491025466235
2770_LeafPhotoA_2025-09-09 15_53_28.477,PI533837,1,2770_LeafPhotoA_2025-09-09 15_53_28.477-05_00_0.png,1,2.0,1.9403795857086061
2772_LeafPhotoA_2025-09-09 15_48_17.570,PI533963,2,2772_LeafPhotoA_2025-09-09 15_48_17.570-05_00_0.png,2,2.5,2.169693960423121
2773_LeafPhotoA_2025-09-09 15_46_08.156,PI533912,1,2773_LeafPhotoA_2025-09-09 15_46_08.156-05_00_0.png,1,1.5,2.504609733887258
2774_LeafPhotoA_2025-09-09 15_41_10.070,PI533918,5,2774_LeafPhotoA_2025-09-09 15_41_10.070-05_00_0.png,2,2.5,2.286605259933756
2774_LeafPhotoA_2025-09-09 15_41_52.499,PI533918,5,2774_LeafPhotoA_2025-09-09 15_41_52.499-05_00_0.png,2,1.5,2.096422389644527
2774_LeafPhotoA_2025-09-09 15_42_38.012,PI533918,5,2774_LeafPhotoA_2025-09-09 15_42_38.012-05_00_0.png,2,2.0,1.9560380054254223
2775_LeafPhotoA_2025-09-09 15_37_14.819,PI656086,2,2775_LeafPhotoA_2025-09-09 15_37_14.819-05_00_0.png,2,2.0,2.0553165476554
2775_LeafPhotoA_2025-09-09 15_39_08.142,PI656086,2,2775_LeafPhotoA_2025-09-09 15_39_08.142-05_00_0.png,2,1.0,1.7945184797693425
2775_LeafPhotoA_2025-09-09 15_39_34.640,PI656086,2,2775_LeafPhotoA_2025-09-09 15_39_34.640-05_00_0.png,2,2.0,2.2796821087489874
2776_LeafPhotoA_2025-09-09 15_34_21.815,PI564163,1,2776_LeafPhotoA_2025-09-09 15_34_21.815-05_00_0.png,2,1.5,2.074775710012374
2776_LeafPhotoA_2025-09-09 15_35_07.675,PI564163,1,2776_LeafPhotoA_2025-09-09 15_35_07.675-05_00_0.png,2,1.0,1.741912469553431
2776_LeafPhotoA_2025-09-09 15_36_01.695,PI564163,1,2776_LeafPhotoA_2025-09-09 15_36_01.695-05_00_0.png,2,1.0,1.706369678628144
2777_LeafPhotoA_2025-09-09 15_31_37.159,PI576330,3,2777_LeafPhotoA_2025-09-09 15_31_37.159-05_00_0.png,2,3.0,2.735890775004195
2777_LeafPhotoA_2025-09-09 15_32_31.895,PI576330,3,2777_LeafPhotoA_2025-09-09 15_32_31.895-05_00_0.png,2,2.0,2.268332794205748
2778_LeafPhotoA_2025-09-09 15_29_04.288,PI656006,3,2778_LeafPhotoA_2025-09-09 15_29_04.288-05_00_0.png,1,1.0,1.8490668682049332
2778_LeafPhotoA_2025-09-09 15_29_44.527,PI656006,3,2778_LeafPhotoA_2025-09-09 15_29_44.527-05_00_0.png,1,1.0,1.8673369424976964
2778_LeafPhotoA_2025-09-09 15_30_30.057,PI656006,3,2778_LeafPhotoA_2025-09-09 15_30_30.057-05_00_0.png,2,1.5,1.9237512752147
2779_LeafPhotoA_2025-09-09 15_27_20.390,PI534001,5,2779_LeafPhotoA_2025-09-09 15_27_20.390-05_00_0.png,2,2.0,2.0553631180445215
2780_LeafPhotoA_2025-09-09 15_23_15.576,PI564165,4,2780_LeafPhotoA_2025-09-09 15_23_15.576-05_00_0.png,2,2.0,2.282054519753554
2780_LeafPhotoA_2025-09-09 15_24_22.621,PI564165,4,2780_LeafPhotoA_2025-09-09 15_24_22.621-05_00_0.png,2,2.5,1.8667247710461634
2781_LeafPhotoA_2025-09-09 15_19_17.469,PI576368,2,2781_LeafPhotoA_2025-09-09 15_19_17.469-05_00_0.png,2,1.5,2.3139897219921886
2783_LeafPhotoA_2025-09-09 15_13_00.053,PI533869,2,2783_LeafPhotoA_2025-09-09 15_13_00.053-05_00_0.png,2,2.0,1.8214441827576047
2783_LeafPhotoA_2025-09-09 15_14_29.872,PI533869,2,2783_LeafPhotoA_2025-09-09 15_14_29.872-05_00_0.png,2,1.25,2.1554267527077013
2785_LeafPhotoA_2025-09-09 15_05_44.586,PI534054,1,2785_LeafPhotoA_2025-09-09 15_05_44.586-05_00_0.png,2,1.5,2.078975332750049
2785_LeafPhotoA_2025-09-09 15_06_37.895,PI534054,1,2785_LeafPhotoA_2025-09-09 15_06_37.895-05_00_0.png,2,2.0,2.140038445568449
2785_LeafPhotoA_2025-09-09 15_07_48.541,PI534054,1,2785_LeafPhotoA_2025-09-09 15_07_48.541-05_00_0.png,2,2.5,2.206128674566323
2787_LeafPhotoA_2025-09-09 11_37_29.182,PI534118,3,2787_LeafPhotoA_2025-09-09 11_37_29.182-05_00_0.png,2,2.0,2.176183893287398
2787_LeafPhotoA_2025-09-09 11_37_59.982,PI534118,3,2787_LeafPhotoA_2025-09-09 11_37_59.982-05_00_0.png,2,2.5,2.318316062704757
2788_LeafPhotoA_2025-09-09 11_35_53.537,PI656040,3,2788_LeafPhotoA_2025-09-09 11_35_53.537-05_00_0.png,1,2.5,2.391823584662556
2789_LeafPhotoA_2025-09-09 11_32_09.812,PI534147,2,2789_LeafPhotoA_2025-09-09 11_32_09.812-05_00_0.png,2,2.0,2.042308851378778
2789_LeafPhotoA_2025-09-09 11_33_29.860,PI534147,2,2789_LeafPhotoA_2025-09-09 11_33_29.860-05_00_0.png,2,3.0,2.3655638922064885
2790_LeafPhotoA_2025-09-09 11_29_13.511,PI597979,3,2790_LeafPhotoA_2025-09-09 11_29_13.511-05_00_0.png,2,2.5,2.392829832151268
2790_LeafPhotoA_2025-09-09 11_29_36.154,PI597979,3,2790_LeafPhotoA_2025-09-09 11_29_36.154-05_00_0.png,2,2.5,2.2685923713839053
2791_LeafPhotoA_2025-09-09 11_24_06.766,PI533771,2,2791_LeafPhotoA_2025-09-09 11_24_06.766-05_00_0.png,2,3.5,2.5391085111260114
2791_LeafPhotoA_2025-09-09 11_24_33.408,PI533771,2,2791_LeafPhotoA_2025-09-09 11_24_33.408-05_00_0.png,2,2.75,2.7161444824055483
2791_LeafPhotoA_2025-09-09 11_25_15.281,PI533771,2,2791_LeafPhotoA_2025-09-09 11_25_15.281-05_00_0.png,1,3.0,2.3286272373419616
2792_LeafPhotoA_2025-09-09 11_21_24.578,PI533858,4,2792_LeafPhotoA_2025-09-09 11_21_24.578-05_00_0.png,2,1.25,1.8122872036718012
2792_LeafPhotoA_2025-09-09 11_23_03.034,PI533858,4,2792_LeafPhotoA_2025-09-09 11_23_03.034-05_00_0.png,2,1.5,1.6599895774783349
2793_LeafPhotoA_2025-09-09 11_18_40.595,PI656027,3,2793_LeafPhotoA_2025-09-09 11_18_40.595-05_00_0.png,2,2.0,2.0520243961454723
2793_LeafPhotoA_2025-09-09 11_19_19.936,PI656027,3,2793_LeafPhotoA_2025-09-09 11_19_19.936-05_00_0.png,2,1.5,2.024010682051374
2794_LeafPhotoA_2025-09-09 11_15_18.380,PI534136,5,2794_LeafPhotoA_2025-09-09 11_15_18.380-05_00_0.png,2,1.5,1.6290316637744398
2794_LeafPhotoA_2025-09-09 11_16_08.016,PI534136,5,2794_LeafPhotoA_2025-09-09 11_16_08.016-05_00_0.png,2,2.0,1.775247923537591
2795_LeafPhotoA_2025-09-09 11_12_26.633,PI564163,1,2795_LeafPhotoA_2025-09-09 11_12_26.633-05_00_0.png,2,1.0,2.0224571008609904
2795_LeafPhotoA_2025-09-09 11_13_55.902,PI564163,1,2795_LeafPhotoA_2025-09-09 11_13_55.902-05_00_0.png,2,2.0,1.7699919101562496
2796_LeafPhotoA_2025-09-09 11_08_23.415,SC0150,2,2796_LeafPhotoA_2025-09-09 11_08_23.415-05_00_0.png,2,2.0,2.251796393790998
2796_LeafPhotoA_2025-09-09 11_09_54.572,SC0150,2,2796_LeafPhotoA_2025-09-09 11_09_54.572-05_00_0.png,2,1.5,2.2336269763759846
2796_LeafPhotoA_2025-09-09 11_10_28.008,SC0150,2,2796_LeafPhotoA_2025-09-09 11_10_28.008-05_00_0.png,2,2.0,2.058695654828646
2797_LeafPhotoA_2025-09-09 11_03_59.681,PI576337,5,2797_LeafPhotoA_2025-09-09 11_03_59.681-05_00_0.png,1,3.5,2.568152179197653
2798_LeafPhotoA_2025-09-09 11_01_30.478,SC1119,2,2798_LeafPhotoA_2025-09-09 11_01_30.478-05_00_0.png,2,2.0,2.2707720201007477
2798_LeafPhotoA_2025-09-09 11_02_03.304,SC1119,2,2798_LeafPhotoA_2025-09-09 11_02_03.304-05_00_0.png,2,2.0,1.9819038605819268
2800_LeafPhotoA_2025-09-09 10_56_35.461,PI564163,1,2800_LeafPhotoA_2025-09-09 10_56_35.461-05_00_0.png,2,2.0,1.7831266187763117
2800_LeafPhotoA_2025-09-09 10_57_07.937,PI564163,1,2800_LeafPhotoA_2025-09-09 10_57_07.937-05_00_0.png,2,1.0,1.666802558614919
2801_LeafPhotoA_2025-09-09 10_08_13.653,PI533986,4,2801_LeafPhotoA_2025-09-09 10_08_13.653-05_00_0.png,2,2.5,2.1658866522656477
2801_LeafPhotoA_2025-09-09 10_08_16.405,PI533986,4,2801_LeafPhotoA_2025-09-09 10_08_16.405-05_00_0.png,2,1.5,2.17678834944403
2801_LeafPhotoA_2025-09-09 10_08_49.510,PI533986,4,2801_LeafPhotoA_2025-09-09 10_08_49.510-05_00_0.png,1,3.0,2.6426646089183383
2802_LeafPhotoA_2025-09-09 10_09_17.916,PI656012,1,2802_LeafPhotoA_2025-09-09 10_09_17.916-05_00_0.png,2,2.0,2.0344335067972663
2802_LeafPhotoA_2025-09-09 10_10_24.476,PI656012,1,2802_LeafPhotoA_2025-09-09 10_10_24.476-05_00_0.png,2,2.25,2.166622457971282
2803_LeafPhotoA_2025-09-09 10_11_32.298,PI656016,3,2803_LeafPhotoA_2025-09-09 10_11_32.298-05_00_0.png,2,2.0,1.8501025745644926
2805_LeafPhotoA_2025-09-09 10_12_57.980,SC0631,3,2805_LeafPhotoA_2025-09-09 10_12_57.980-05_00_0.png,2,1.5,1.7721250618972895
2806_LeafPhotoA_2025-09-09 10_14_07.822,PI564163,1,2806_LeafPhotoA_2025-09-09 10_14_07.822-05_00_0.png,2,2.5,2.1438188163925624
2806_LeafPhotoA_2025-09-09 10_14_28.933,PI564163,1,2806_LeafPhotoA_2025-09-09 10_14_28.933-05_00_0.png,2,1.5,1.9641698008201736
2806_LeafPhotoA_2025-09-09 10_14_53.350,PI564163,1,2806_LeafPhotoA_2025-09-09 10_14_53.350-05_00_0.png,2,2.5,1.8007361474963792
2807_LeafPhotoA_2025-09-09 10_15_13.179,PI597957,2,2807_LeafPhotoA_2025-09-09 10_15_13.179-05_00_0.png,2,2.5,1.8980541572250544
2807_LeafPhotoA_2025-09-09 10_15_33.932,PI597957,2,2807_LeafPhotoA_2025-09-09 10_15_33.932-05_00_0.png,2,3.0,2.3766358046072757
2808_LeafPhotoA_2025-09-09 10_16_50.324,PI655994,2,2808_LeafPhotoA_2025-09-09 10_16_50.324-05_00_0.png,2,2.0,1.9184318091703105
2809_LeafPhotoA_2025-09-09 10_18_24.611,PI598069,2,2809_LeafPhotoA_2025-09-09 10_18_24.611-05_00_0.png,2,1.0,1.9505706962926035
2809_LeafPhotoA_2025-09-09 10_19_02.584,PI598069,2,2809_LeafPhotoA_2025-09-09 10_19_02.584-05_00_0.png,2,1.0,2.3403437519437897
2810_LeafPhotoA_2025-09-09 10_20_53.087,PI655972,3,2810_LeafPhotoA_2025-09-09 10_20_53.087-05_00_0.png,1,2.0,1.9138821656907044
2811_LeafPhotoA_2025-09-09 10_21_27.594,PI656044,2,2811_LeafPhotoA_2025-09-09 10_21_27.594-05_00_0.png,2,1.0,1.5810803188268236
2811_LeafPhotoA_2025-09-09 10_21_52.940,PI656044,2,2811_LeafPhotoA_2025-09-09 10_21_52.940-05_00_0.png,2,1.0,1.7409872285947412
2811_LeafPhotoA_2025-09-09 10_22_16.773,PI656044,2,2811_LeafPhotoA_2025-09-09 10_22_16.773-05_00_0.png,2,1.0,1.5833103212093644
2812_LeafPhotoA_2025-09-09 10_22_55.766,PI533978,2,2812_LeafPhotoA_2025-09-09 10_22_55.766-05_00_0.png,2,3.0,2.8236612561307823
2812_LeafPhotoA_2025-09-09 10_23_14.511,PI533978,2,2812_LeafPhotoA_2025-09-09 10_23_14.511-05_00_0.png,2,3.0,2.5648455346562082
2812_LeafPhotoA_2025-09-09 10_23_49.001,PI533978,2,2812_LeafPhotoA_2025-09-09 10_23_49.001-05_00_0.png,2,2.0,1.9655895548702238
2813_LeafPhotoA_2025-09-09 10_24_11.025,PI533752,2,2813_LeafPhotoA_2025-09-09 10_24_11.025-05_00_0.png,2,1.5,2.0229400203420367
2813_LeafPhotoA_2025-09-09 10_24_25.691,PI533752,2,2813_LeafPhotoA_2025-09-09 10_24_25.691-05_00_0.png,2,2.0,1.6082240442843179
2814_LeafPhotoA_2025-09-09 10_25_44.101,PI597950,4,2814_LeafPhotoA_2025-09-09 10_25_44.101-05_00_0.png,2,3.25,3.3326657830355524
2815_LeafPhotoA_2025-09-09 10_26_56.411,PI564163,1,2815_LeafPhotoA_2025-09-09 10_26_56.411-05_00_0.png,2,2.0,1.7116133692692566
2816_LeafPhotoA_2025-09-09 10_27_56.787,PI533820,1,2816_LeafPhotoA_2025-09-09 10_27_56.787-05_00_0.png,2,2.5,2.1004648014801903
2816_LeafPhotoA_2025-09-09 10_28_13.960,PI533820,1,2816_LeafPhotoA_2025-09-09 10_28_13.960-05_00_0.png,2,2.0,1.91724799519121
2817_LeafPhotoA_2025-09-09 10_29_25.768,PI534115,3,2817_LeafPhotoA_2025-09-09 10_29_25.768-05_00_0.png,2,1.0,1.6326236685678168
2817_LeafPhotoA_2025-09-09 10_29_27.945,PI534115,3,2817_LeafPhotoA_2025-09-09 10_29_27.945-05_00_0.png,2,1.0,1.6421900892651793
2818_LeafPhotoA_2025-09-09 10_30_07.956,PI656054,1,2818_LeafPhotoA_2025-09-09 10_30_07.956-05_00_0.png,2,2.0,2.120558390010304
2818_LeafPhotoA_2025-09-09 10_30_50.378,PI656054,1,2818_LeafPhotoA_2025-09-09 10_30_50.378-05_00_0.png,2,1.0,1.5692977104339811
2820_LeafPhotoA_2025-09-09 10_32_42.261,PI533878,3,2820_LeafPhotoA_2025-09-09 10_32_42.261-05_00_0.png,1,2.5,2.408945244397507
2821_LeafPhotoA_2025-09-09 10_34_08.388,PI655971,3,2821_LeafPhotoA_2025-09-09 10_34_08.388-05_00_0.png,2,3.0,2.108190324077631
2821_LeafPhotoA_2025-09-09 10_34_27.626,PI655971,3,2821_LeafPhotoA_2025-09-09 10_34_27.626-05_00_0.png,2,2.0,2.00318979203446
2821_LeafPhotoA_2025-09-09 10_34_49.622,PI655971,3,2821_LeafPhotoA_2025-09-09 10_34_49.622-05_00_0.png,2,2.0,2.0102759787525386
2822_LeafPhotoA_2025-09-09 10_35_15.302,PI655975,2,2822_LeafPhotoA_2025-09-09 10_35_15.302-05_00_0.png,1,2.5,1.810027355052982
2822_LeafPhotoA_2025-09-09 10_35_16.906,PI655975,2,2822_LeafPhotoA_2025-09-09 10_35_16.906-05_00_0.png,1,1.0,1.837471328618171
2822_LeafPhotoA_2025-09-09 10_36_00.143,PI655975,2,2822_LeafPhotoA_2025-09-09 10_36_00.143-05_00_0.png,1,1.0,1.676303264378112
2823_LeafPhotoA_2025-09-09 10_36_28.299,PI656056,5,2823_LeafPhotoA_2025-09-09 10_36_28.299-05_00_0.png,2,2.0,1.7296367442255598
2823_LeafPhotoA_2025-09-09 10_36_54.593,PI656056,5,2823_LeafPhotoA_2025-09-09 10_36_54.593-05_00_0.png,2,2.0,1.721876978672678
2823_LeafPhotoA_2025-09-09 10_37_18.413,PI656056,5,2823_LeafPhotoA_2025-09-09 10_37_18.413-05_00_0.png,1,1.5,1.7560915129010128
2824_LeafPhotoA_2025-09-09 10_37_53.818,PI576331,1,2824_LeafPhotoA_2025-09-09 10_37_53.818-05_00_0.png,2,4.0,3.3118480479182337
2825_LeafPhotoA_2025-09-09 10_40_26.007,PI533928,2,2825_LeafPhotoA_2025-09-09 10_40_26.007-05_00_0.png,1,2.5,2.5086364434660218
2825_LeafPhotoA_2025-09-09 10_41_01.791,PI533928,2,2825_LeafPhotoA_2025-09-09 10_41_01.791-05_00_0.png,2,1.5,1.9301299519529849
2826_LeafPhotoA_2025-09-09 10_41_32.330,PI597971,2,2826_LeafPhotoA_2025-09-09 10_41_32.330-05_00_0.png,2,1.5,1.6828301676554855
2826_LeafPhotoA_2025-09-09 10_41_51.874,PI597971,2,2826_LeafPhotoA_2025-09-09 10_41_51.874-05_00_0.png,2,2.0,1.8235039812080982
2826_LeafPhotoA_2025-09-09 10_42_31.280,PI597971,2,2826_LeafPhotoA_2025-09-09 10_42_31.280-05_00_0.png,2,2.0,2.2976895740353553
2827_LeafPhotoA_2025-09-09 10_43_35.236,PI534036,4,2827_LeafPhotoA_2025-09-09 10_43_35.236-05_00_0.png,2,2.0,1.8018741978631114
2827_LeafPhotoA_2025-09-09 10_43_49.887,PI534036,4,2827_LeafPhotoA_2025-09-09 10_43_49.887-05_00_0.png,2,2.5,1.8946630492926837
2828_LeafPhotoA_2025-09-09 10_44_34.263,PI533965,5,2828_LeafPhotoA_2025-09-09 10_44_34.263-05_00_0.png,2,1.5,1.8545071600894611
2828_LeafPhotoA_2025-09-09 10_44_50.138,PI533965,5,2828_LeafPhotoA_2025-09-09 10_44_50.138-05_00_0.png,2,1.5,1.9122662097940077
2828_LeafPhotoA_2025-09-09 10_45_10.386,PI533965,5,2828_LeafPhotoA_2025-09-09 10_45_10.386-05_00_0.png,2,1.0,1.8764401377954998
2829_LeafPhotoA_2025-09-09 10_45_51.800,PI533921,5,2829_LeafPhotoA_2025-09-09 10_45_51.800-05_00_0.png,2,2.5,2.0466702516263577
2830_LeafPhotoA_2025-09-09 10_46_44.993,PI533853,3,2830_LeafPhotoA_2025-09-09 10_46_44.993-05_00_0.png,2,1.5,2.1083632602821263
2831_LeafPhotoA_2025-09-09 10_47_36.937,PI595719,2,2831_LeafPhotoA_2025-09-09 10_47_36.937-05_00_0.png,1,3.5,2.5859768935766754
2831_LeafPhotoA_2025-09-09 10_48_02.713,PI595719,2,2831_LeafPhotoA_2025-09-09 10_48_02.713-05_00_0.png,2,3.5,2.3477047216401052
2832_LeafPhotoA_2025-09-09 10_48_51.187,PI533790,5,2832_LeafPhotoA_2025-09-09 10_48_51.187-05_00_0.png,2,3.0,2.814248661752051
2832_LeafPhotoA_2025-09-09 10_49_50.291,PI533790,5,2832_LeafPhotoA_2025-09-09 10_49_50.291-05_00_0.png,2,3.5,2.744181917636124
2833_LeafPhotoA_2025-09-09 10_50_33.812,PI533907,2,2833_LeafPhotoA_2025-09-09 10_50_33.812-05_00_0.png,2,1.25,1.858581537219768
2833_LeafPhotoA_2025-09-09 10_51_02.314,PI533907,2,2833_LeafPhotoA_2025-09-09 10_51_02.314-05_00_0.png,2,1.0,1.9660342777720736
2834_LeafPhotoA_2025-09-09 10_57_48.809,PI533805,5,2834_LeafPhotoA_2025-09-09 10_57_48.809-05_00_0.png,2,3.0,2.604464522065625
2834_LeafPhotoA_2025-09-09 10_58_05.266,PI533805,5,2834_LeafPhotoA_2025-09-09 10_58_05.266-05_00_0.png,2,2.5,2.3024427753941095
2834_LeafPhotoA_2025-09-09 10_58_21.581,PI533805,5,2834_LeafPhotoA_2025-09-09 10_58_21.581-05_00_0.png,2,3.75,2.877418366750828
2835_LeafPhotoA_2025-09-09 10_58_38.330,PI534066,5,2835_LeafPhotoA_2025-09-09 10_58_38.330-05_00_0.png,2,3.0,2.3494847801061325
2836_LeafPhotoA_2025-09-09 10_59_32.833,SC0871,4,2836_LeafPhotoA_2025-09-09 10_59_32.833-05_00_0.png,2,3.0,2.9014091708579537
2836_LeafPhotoA_2025-09-09 10_59_48.765,SC0871,4,2836_LeafPhotoA_2025-09-09 10_59_48.765-05_00_0.png,2,4.0,3.4241346344069137
2837_LeafPhotoA_2025-09-09 11_00_43.918,PI533985,2,2837_LeafPhotoA_2025-09-09 11_00_43.918-05_00_0.png,1,2.5,2.1046991019305965
2837_LeafPhotoA_2025-09-09 11_00_45.073,PI533985,2,2837_LeafPhotoA_2025-09-09 11_00_45.073-05_00_0.png,1,3.0,2.0879402022354667
2837_LeafPhotoA_2025-09-09 11_01_03.664,PI533985,2,2837_LeafPhotoA_2025-09-09 11_01_03.664-05_00_0.png,2,3.0,2.2506985037693052
2837_LeafPhotoA_2025-09-09 11_01_19.106,PI533985,2,2837_LeafPhotoA_2025-09-09 11_01_19.106-05_00_0.png,1,3.0,2.142155000927918
2838_LeafPhotoA_2025-09-09 11_02_19.761,PI576341,3,2838_LeafPhotoA_2025-09-09 11_02_19.761-05_00_0.png,2,2.0,2.2097871909983424
2838_LeafPhotoA_2025-09-09 11_02_35.747,PI576341,3,2838_LeafPhotoA_2025-09-09 11_02_35.747-05_00_0.png,2,2.5,2.2849201522293545
2839_LeafPhotoA_2025-09-09 11_03_04.637,PI564163,1,2839_LeafPhotoA_2025-09-09 11_03_04.637-05_00_0.png,2,2.5,1.826518623829015
2839_LeafPhotoA_2025-09-09 11_03_31.822,PI564163,1,2839_LeafPhotoA_2025-09-09 11_03_31.822-05_00_0.png,2,2.5,1.800759048051591
2839_LeafPhotoA_2025-09-09 11_03_57.990,PI564163,1,2839_LeafPhotoA_2025-09-09 11_03_57.990-05_00_0.png,2,3.0,2.1001903774925066
2841_LeafPhotoA_2025-09-09 11_05_42.082,SC0314,5,2841_LeafPhotoA_2025-09-09 11_05_42.082-05_00_0.png,2,1.5,2.168809417846085
2842_LeafPhotoA_2025-09-09 11_06_58.814,PI595699,4,2842_LeafPhotoA_2025-09-09 11_06_58.814-05_00_0.png,2,2.0,1.8119597609015077
2842_LeafPhotoA_2025-09-09 11_07_18.943,PI595699,4,2842_LeafPhotoA_2025-09-09 11_07_18.943-05_00_0.png,2,2.5,1.9568491869274092
2843_LeafPhotoA_2025-09-09 11_07_54.202,PI576367,1,2843_LeafPhotoA_2025-09-09 11_07_54.202-05_00_0.png,2,2.25,2.6000894406719754
2845_LeafPhotoA_2025-09-09 11_15_58.910,PI656117,1,2845_LeafPhotoA_2025-09-09 11_15_58.910-05_00_0.png,2,1.0,1.8182029250986613
2846_LeafPhotoA_2025-09-09 11_16_50.935,PI533988,1,2846_LeafPhotoA_2025-09-09 11_16_50.935-05_00_0.png,2,1.5,1.8886192324189914
2846_LeafPhotoA_2025-09-09 11_16_52.182,PI533988,1,2846_LeafPhotoA_2025-09-09 11_16_52.182-05_00_0.png,2,1.5,1.9157854779860775
2846_LeafPhotoA_2025-09-09 11_17_12.295,PI533988,1,2846_LeafPhotoA_2025-09-09 11_17_12.295-05_00_0.png,2,2.5,1.7579043147492481
2847_LeafPhotoA_2025-09-09 11_17_36.980,PI533756,3,2847_LeafPhotoA_2025-09-09 11_17_36.980-05_00_0.png,2,1.5,2.0460970158599183
2848_LeafPhotoA_2025-09-09 11_18_47.375,SC0458,3,2848_LeafPhotoA_2025-09-09 11_18_47.375-05_00_0.png,2,2.0,1.6688806300876473
2848_LeafPhotoA_2025-09-09 11_18_50.031,SC0458,3,2848_LeafPhotoA_2025-09-09 11_18_50.031-05_00_0.png,2,2.5,1.6798616237363584
2848_LeafPhotoA_2025-09-09 11_19_03.958,SC0458,3,2848_LeafPhotoA_2025-09-09 11_19_03.958-05_00_0.png,2,1.5,1.8321771329373508
2849_LeafPhotoA_2025-09-09 11_20_03.180,PI533936,2,2849_LeafPhotoA_2025-09-09 11_20_03.180-05_00_0.png,1,1.5,1.9812626085376166
2849_LeafPhotoA_2025-09-09 11_20_05.317,PI533936,2,2849_LeafPhotoA_2025-09-09 11_20_05.317-05_00_0.png,1,2.0,1.9365640423253865
2850_LeafPhotoA_2025-09-09 11_21_12.569,PI576344,3,2850_LeafPhotoA_2025-09-09 11_21_12.569-05_00_0.png,2,3.5,2.6429708340982425
2850_LeafPhotoA_2025-09-09 11_21_37.450,PI576344,3,2850_LeafPhotoA_2025-09-09 11_21_37.450-05_00_0.png,1,3.0,2.898973777751161
2852_LeafPhotoA_2025-09-09 15_03_30.678,PI655999,1,2852_LeafPhotoA_2025-09-09 15_03_30.678-05_00_0.png,2,1.5,2.083278380177154
2852_LeafPhotoA_2025-09-09 15_03_44.065,PI655999,1,2852_LeafPhotoA_2025-09-09 15_03_44.065-05_00_0.png,2,1.5,2.157279592599828
2852_LeafPhotoA_2025-09-09 15_03_56.830,PI655999,1,2852_LeafPhotoA_2025-09-09 15_03_56.830-05_00_0.png,2,1.0,1.886130851698118
2853_LeafPhotoA_2025-09-09 15_02_42.867,PI656002,3,2853_LeafPhotoA_2025-09-09 15_02_42.867-05_00_0.png,2,2.0,1.6300202848537209
2853_LeafPhotoA_2025-09-09 15_02_56.940,PI656002,3,2853_LeafPhotoA_2025-09-09 15_02_56.940-05_00_0.png,2,1.5,1.730851030493558
2853_LeafPhotoA_2025-09-09 15_03_12.660,PI656002,3,2853_LeafPhotoA_2025-09-09 15_03_12.660-05_00_0.png,2,2.0,1.783051377974488
2854_LeafPhotoA_2025-09-09 15_01_54.120,PI576339,4,2854_LeafPhotoA_2025-09-09 15_01_54.120-05_00_0.png,2,1.5,1.8320425000223388
2854_LeafPhotoA_2025-09-09 15_02_12.395,PI576339,4,2854_LeafPhotoA_2025-09-09 15_02_12.395-05_00_0.png,2,1.0,1.7020928875733832
2854_LeafPhotoA_2025-09-09 15_02_28.031,PI576339,4,2854_LeafPhotoA_2025-09-09 15_02_28.031-05_00_0.png,2,1.5,2.067545571197594
2855_LeafPhotoA_2025-09-09 15_00_51.775,PI533923,3,2855_LeafPhotoA_2025-09-09 15_00_51.775-05_00_0.png,2,2.0,2.0166912897327776
2855_LeafPhotoA_2025-09-09 15_01_16.505,PI533923,3,2855_LeafPhotoA_2025-09-09 15_01_16.505-05_00_0.png,2,3.0,2.5847564944423342
2855_LeafPhotoA_2025-09-09 15_01_32.569,PI533923,3,2855_LeafPhotoA_2025-09-09 15_01_32.569-05_00_0.png,2,2.5,2.3944920995472003
2858_LeafPhotoA_2025-09-09 14_57_55.895,PI534112,4,2858_LeafPhotoA_2025-09-09 14_57_55.895-05_00_0.png,2,1.0,1.751928566658228
2858_LeafPhotoA_2025-09-09 14_58_17.179,PI534112,4,2858_LeafPhotoA_2025-09-09 14_58_17.179-05_00_0.png,2,2.0,1.7966221378531182
2858_LeafPhotoA_2025-09-09 15_00_14.634,PI534112,4,2858_LeafPhotoA_2025-09-09 15_00_14.634-05_00_0.png,2,1.0,1.683700507596763
2860_LeafPhotoA_2025-09-09 14_56_33.247,PI564163,1,2860_LeafPhotoA_2025-09-09 14_56_33.247-05_00_0.png,2,1.25,1.7069185768004942
2860_LeafPhotoA_2025-09-09 14_56_58.266,PI564163,1,2860_LeafPhotoA_2025-09-09 14_56_58.266-05_00_0.png,2,1.0,2.171981105112571
2861_LeafPhotoA_2025-09-09 14_55_15.426,SC0092,4,2861_LeafPhotoA_2025-09-09 14_55_15.426-05_00_0.png,1,1.0,1.717087957847537
2861_LeafPhotoA_2025-09-09 14_55_29.768,SC0092,4,2861_LeafPhotoA_2025-09-09 14_55_29.768-05_00_0.png,2,2.0,1.863993089854332
2861_LeafPhotoA_2025-09-09 14_56_05.273,SC0092,4,2861_LeafPhotoA_2025-09-09 14_56_05.273-05_00_0.png,2,2.0,1.9562572243986236
2862_LeafPhotoA_2025-09-09 14_54_22.638,PI595728,3,2862_LeafPhotoA_2025-09-09 14_54_22.638-05_00_0.png,2,2.5,2.320465180478138
2862_LeafPhotoA_2025-09-09 14_54_36.677,PI595728,3,2862_LeafPhotoA_2025-09-09 14_54_36.677-05_00_0.png,2,1.75,2.3309054188085665
2862_LeafPhotoA_2025-09-09 14_54_57.602,PI595728,3,2862_LeafPhotoA_2025-09-09 14_54_57.602-05_00_0.png,2,2.5,2.372595211409476
2863_LeafPhotoA_2025-09-09 14_53_23.187,PI534083,4,2863_LeafPhotoA_2025-09-09 14_53_23.187-05_00_0.png,2,3.0,2.8597461446190544
2863_LeafPhotoA_2025-09-09 14_53_58.289,PI534083,4,2863_LeafPhotoA_2025-09-09 14_53_58.289-05_00_0.png,2,3.0,2.7313016302711732
2864_LeafPhotoA_2025-09-09 14_52_22.635,PI534125,3,2864_LeafPhotoA_2025-09-09 14_52_22.635-05_00_0.png,2,2.0,1.9548160762609605
2864_LeafPhotoA_2025-09-09 14_52_43.386,PI534125,3,2864_LeafPhotoA_2025-09-09 14_52_43.386-05_00_0.png,2,2.0,2.317547905172884
2867_LeafPhotoA_2025-09-09 14_50_15.954,PI540816,5,2867_LeafPhotoA_2025-09-09 14_50_15.954-05_00_0.png,2,2.5,2.176744625217211
2867_LeafPhotoA_2025-09-09 14_50_34.297,PI540816,5,2867_LeafPhotoA_2025-09-09 14_50_34.297-05_00_0.png,2,1.5,2.0460646667406848
2867_LeafPhotoA_2025-09-09 14_50_50.648,PI540816,5,2867_LeafPhotoA_2025-09-09 14_50_50.648-05_00_0.png,2,2.5,2.468757358841762
2868_LeafPhotoA_2025-09-09 14_49_22.419,PI533964,4,2868_LeafPhotoA_2025-09-09 14_49_22.419-05_00_0.png,2,2.0,1.7125497564441068
2868_LeafPhotoA_2025-09-09 14_49_37.155,PI533964,4,2868_LeafPhotoA_2025-09-09 14_49_37.155-05_00_0.png,2,1.0,1.8741444475695443
2868_LeafPhotoA_2025-09-09 14_49_55.962,PI533964,4,2868_LeafPhotoA_2025-09-09 14_49_55.962-05_00_0.png,2,1.5,1.6934904653761267
2869_LeafPhotoA_2025-09-09 14_48_30.620,PI564163,1,2869_LeafPhotoA_2025-09-09 14_48_30.620-05_00_0.png,2,1.0,1.4833583203522402
2869_LeafPhotoA_2025-09-09 14_48_44.251,PI564163,1,2869_LeafPhotoA_2025-09-09 14_48_44.251-05_00_0.png,2,1.5,1.6599657079609604
2869_LeafPhotoA_2025-09-09 14_48_58.455,PI564163,1,2869_LeafPhotoA_2025-09-09 14_48_58.455-05_00_0.png,2,3.0,2.4569390707128402
2870_LeafPhotoA_2025-09-09 14_47_54.163,SC0266,3,2870_LeafPhotoA_2025-09-09 14_47_54.163-05_00_0.png,2,2.5,2.477735294220041
2871_LeafPhotoA_2025-09-09 14_46_47.592,PI534091,5,2871_LeafPhotoA_2025-09-09 14_46_47.592-05_00_0.png,2,4.0,3.0127092853397035
2871_LeafPhotoA_2025-09-09 14_47_06.075,PI534091,5,2871_LeafPhotoA_2025-09-09 14_47_06.075-05_00_0.png,2,3.5,2.9851746113530813
2871_LeafPhotoA_2025-09-09 14_47_23.331,PI534091,5,2871_LeafPhotoA_2025-09-09 14_47_23.331-05_00_0.png,2,2.5,2.484305835186963
2872_LeafPhotoA_2025-09-09 14_45_34.832,PI656059,1,2872_LeafPhotoA_2025-09-09 14_45_34.832-05_00_0.png,2,1.0,1.7182937612347648
2872_LeafPhotoA_2025-09-09 14_46_07.324,PI656059,1,2872_LeafPhotoA_2025-09-09 14_46_07.324-05_00_0.png,2,1.5,1.5826731357992443
2872_LeafPhotoA_2025-09-09 14_46_31.841,PI656059,1,2872_LeafPhotoA_2025-09-09 14_46_31.841-05_00_0.png,2,1.0,1.7210634748422793
2873_LeafPhotoA_2025-09-09 14_44_40.818,PI564163,1,2873_LeafPhotoA_2025-09-09 14_44_40.818-05_00_0.png,2,1.0,1.8079684370465767
2873_LeafPhotoA_2025-09-09 14_44_59.997,PI564163,1,2873_LeafPhotoA_2025-09-09 14_44_59.997-05_00_0.png,1,1.0,1.675350808902799
2876_LeafPhotoA_2025-09-09 14_43_15.675,PI534094,1,2876_LeafPhotoA_2025-09-09 14_43_15.675-05_00_0.png,2,1.75,2.5110802238185017
2876_LeafPhotoA_2025-09-09 14_43_31.946,PI534094,1,2876_LeafPhotoA_2025-09-09 14_43_31.946-05_00_0.png,2,1.5,1.988718003776556
2876_LeafPhotoA_2025-09-09 14_43_48.364,PI534094,1,2876_LeafPhotoA_2025-09-09 14_43_48.364-05_00_0.png,2,2.5,2.0625667696884666
2877_LeafPhotoA_2025-09-09 14_42_21.535,PI534024,4,2877_LeafPhotoA_2025-09-09 14_42_21.535-05_00_0.png,2,1.0,1.7833850095735457
2877_LeafPhotoA_2025-09-09 14_42_42.800,PI534024,4,2877_LeafPhotoA_2025-09-09 14_42_42.800-05_00_0.png,1,2.0,1.7742145999242849
2877_LeafPhotoA_2025-09-09 14_42_55.104,PI534024,4,2877_LeafPhotoA_2025-09-09 14_42_55.104-05_00_0.png,2,1.25,1.6779264778726184
2878_LeafPhotoA_2025-09-09 14_41_14.790,PI533818,2,2878_LeafPhotoA_2025-09-09 14_41_14.790-05_00_0.png,2,2.5,1.9846871128232169
2878_LeafPhotoA_2025-09-09 14_41_26.142,PI533818,2,2878_LeafPhotoA_2025-09-09 14_41_26.142-05_00_0.png,2,3.5,2.6662648719113378
2879_LeafPhotoA_2025-09-09 14_38_38.388,PI533962,3,2879_LeafPhotoA_2025-09-09 14_38_38.388-05_00_0.png,2,2.5,2.017003896284845
2882_LeafPhotoA_2025-09-09 14_08_42.942,PI533993,4,2882_LeafPhotoA_2025-09-09 14_08_42.942-05_00_0.png,2,1.5,1.9234398976700544
2882_LeafPhotoA_2025-09-09 14_09_03.698,PI533993,4,2882_LeafPhotoA_2025-09-09 14_09_03.698-05_00_0.png,2,2.0,1.7698504721467467
2882_LeafPhotoA_2025-09-09 14_09_31.481,PI533993,4,2882_LeafPhotoA_2025-09-09 14_09_31.481-05_00_0.png,2,2.5,2.0278062156496772
2883_LeafPhotoA_2025-09-09 14_07_57.385,PI533755,5,2883_LeafPhotoA_2025-09-09 14_07_57.385-05_00_0.png,2,2.0,2.187130618354431
2883_LeafPhotoA_2025-09-09 14_08_10.558,PI533755,5,2883_LeafPhotoA_2025-09-09 14_08_10.558-05_00_0.png,2,1.5,2.2104748581646176
2883_LeafPhotoA_2025-09-09 14_08_23.684,PI533755,5,2883_LeafPhotoA_2025-09-09 14_08_23.684-05_00_0.png,2,2.5,2.035834777994573
2884_LeafPhotoA_2025-09-09 14_07_17.861,PI534059,2,2884_LeafPhotoA_2025-09-09 14_07_17.861-05_00_0.png,2,3.0,2.6371076305230705
2884_LeafPhotoA_2025-09-09 14_07_29.398,PI534059,2,2884_LeafPhotoA_2025-09-09 14_07_29.398-05_00_0.png,2,3.0,2.612647206220049
2884_LeafPhotoA_2025-09-09 14_07_40.879,PI534059,2,2884_LeafPhotoA_2025-09-09 14_07_40.879-05_00_0.png,2,1.5,2.092945814506756
2885_LeafPhotoA_2025-09-09 14_06_34.264,PI564163,1,2885_LeafPhotoA_2025-09-09 14_06_34.264-05_00_0.png,2,1.0,1.791836316770338
2885_LeafPhotoA_2025-09-09 14_06_49.236,PI564163,1,2885_LeafPhotoA_2025-09-09 14_06_49.236-05_00_0.png,2,1.0,1.9681348518040205
2886_LeafPhotoA_2025-09-09 14_04_21.298,PI595748,2,2886_LeafPhotoA_2025-09-09 14_04_21.298-05_00_0.png,2,2.0,1.9617540370947626
2886_LeafPhotoA_2025-09-09 14_04_40.696,PI595748,2,2886_LeafPhotoA_2025-09-09 14_04_40.696-05_00_0.png,2,2.5,2.297917231611697
2886_LeafPhotoA_2025-09-09 14_04_59.993,PI595748,2,2886_LeafPhotoA_2025-09-09 14_04_59.993-05_00_0.png,2,1.5,2.333114588425045
2887_LeafPhotoA_2025-09-09 14_02_57.914,PI533970,5,2887_LeafPhotoA_2025-09-09 14_02_57.914-05_00_0.png,2,3.0,2.4733848650823598
2887_LeafPhotoA_2025-09-09 14_03_16.714,PI533970,5,2887_LeafPhotoA_2025-09-09 14_03_16.714-05_00_0.png,2,2.5,2.3007732025241716
2887_LeafPhotoA_2025-09-09 14_03_46.022,PI533970,5,2887_LeafPhotoA_2025-09-09 14_03_46.022-05_00_0.png,1,2.5,2.4389903369179367
2891_LeafPhotoA_2025-09-09 14_01_28.259,PI533872,2,2891_LeafPhotoA_2025-09-09 14_01_28.259-05_00_0.png,2,1.75,2.1745548689115126
2891_LeafPhotoA_2025-09-09 14_01_42.403,PI533872,2,2891_LeafPhotoA_2025-09-09 14_01_42.403-05_00_0.png,2,1.0,1.9406465953234269
2891_LeafPhotoA_2025-09-09 14_01_54.403,PI533872,2,2891_LeafPhotoA_2025-09-09 14_01_54.403-05_00_0.png,1,1.5,2.128040895557669
2892_LeafPhotoA_2025-09-09 14_00_39.299,PI533842,5,2892_LeafPhotoA_2025-09-09 14_00_39.299-05_00_0.png,2,2.0,2.0248360875617717
2892_LeafPhotoA_2025-09-09 14_00_52.477,PI533842,5,2892_LeafPhotoA_2025-09-09 14_00_52.477-05_00_0.png,2,1.0,1.7149682720840485
2892_LeafPhotoA_2025-09-09 14_01_08.419,PI533842,5,2892_LeafPhotoA_2025-09-09 14_01_08.419-05_00_0.png,1,1.5,1.661059879727254
2893_LeafPhotoA_2025-09-09 13_59_49.093,PI534166,4,2893_LeafPhotoA_2025-09-09 13_59_49.093-05_00_0.png,2,2.25,2.477417206551835
2893_LeafPhotoA_2025-09-09 14_00_04.504,PI534166,4,2893_LeafPhotoA_2025-09-09 14_00_04.504-05_00_0.png,2,2.5,2.328160518663053
2894_LeafPhotoA_2025-09-09 13_58_11.834,PI597949,5,2894_LeafPhotoA_2025-09-09 13_58_11.834-05_00_0.png,2,2.5,2.074614171163804
2894_LeafPhotoA_2025-09-09 13_58_25.011,PI597949,5,2894_LeafPhotoA_2025-09-09 13_58_25.011-05_00_0.png,2,3.0,2.3545214127595444
2896_LeafPhotoA_2025-09-09 13_57_11.270,PI561073,4,2896_LeafPhotoA_2025-09-09 13_57_11.270-05_00_0.png,2,1.5,1.757168726705653
2897_LeafPhotoA_2025-09-09 13_55_49.813,PI655979,1,2897_LeafPhotoA_2025-09-09 13_55_49.813-05_00_0.png,1,1.25,1.8423511157218968
2897_LeafPhotoA_2025-09-09 13_56_14.252,PI655979,1,2897_LeafPhotoA_2025-09-09 13_56_14.252-05_00_0.png,2,1.5,1.944734893249992
2897_LeafPhotoA_2025-09-09 13_56_47.306,PI655979,1,2897_LeafPhotoA_2025-09-09 13_56_47.306-05_00_0.png,1,1.5,1.8921018849378728
2898_LeafPhotoA_2025-09-09 13_54_48.485,PI597967,3,2898_LeafPhotoA_2025-09-09 13_54_48.485-05_00_0.png,2,1.0,1.7445730949540992
2898_LeafPhotoA_2025-09-09 13_55_01.926,PI597967,3,2898_LeafPhotoA_2025-09-09 13_55_01.926-05_00_0.png,2,1.0,1.8114822302463836
2898_LeafPhotoA_2025-09-09 13_55_23.491,PI597967,3,2898_LeafPhotoA_2025-09-09 13_55_23.491-05_00_0.png,1,1.5,1.8470503527087918
2900_LeafPhotoA_2025-09-09 13_53_40.957,PI655973,5,2900_LeafPhotoA_2025-09-09 13_53_40.957-05_00_0.png,2,2.0,1.8042313980213873
2900_LeafPhotoA_2025-09-09 13_54_06.492,PI655973,5,2900_LeafPhotoA_2025-09-09 13_54_06.492-05_00_0.png,2,3.0,2.069918729511802
2900_LeafPhotoA_2025-09-09 13_54_18.858,PI655973,5,2900_LeafPhotoA_2025-09-09 13_54_18.858-05_00_0.png,2,2.5,1.8546359454075534
2901_LeafPhotoA_2025-09-09 16_12_49.325,PI533908,4,2901_LeafPhotoA_2025-09-09 16_12_49.325-05_00_0.png,2,2.0,2.1807780792360805
2902_LeafPhotoA_2025-09-09 16_14_17.420,PI564163,1,2902_LeafPhotoA_2025-09-09 16_14_17.420-05_00_0.png,2,1.5,1.9215099234594641
2902_LeafPhotoA_2025-09-09 16_15_16.673,PI564163,1,2902_LeafPhotoA_2025-09-09 16_15_16.673-05_00_0.png,2,1.25,1.6765643894268658
2903_LeafPhotoA_2025-09-09 16_19_58.490,PI534117,3,2903_LeafPhotoA_2025-09-09 16_19_58.490-05_00_0.png,2,3.0,2.8290582086104807
2903_LeafPhotoA_2025-09-09 16_20_23.657,PI534117,3,2903_LeafPhotoA_2025-09-09 16_20_23.657-05_00_0.png,2,2.5,2.266080698485523
2904_LeafPhotoA_2025-09-09 16_21_17.468,PI595716,1,2904_LeafPhotoA_2025-09-09 16_21_17.468-05_00_0.png,2,2.0,1.8235516136719874
2904_LeafPhotoA_2025-09-09 16_22_22.034,PI595716,1,2904_LeafPhotoA_2025-09-09 16_22_22.034-05_00_0.png,2,1.5,1.8469832845424219
2905_LeafPhotoA_2025-09-09 16_22_51.700,PI534076,3,2905_LeafPhotoA_2025-09-09 16_22_51.700-05_00_0.png,1,2.5,2.0491046370882198
2905_LeafPhotoA_2025-09-09 16_23_07.677,PI534076,3,2905_LeafPhotoA_2025-09-09 16_23_07.677-05_00_0.png,2,2.5,2.0440163148572967
2905_LeafPhotoA_2025-09-09 16_23_24.410,PI534076,3,2905_LeafPhotoA_2025-09-09 16_23_24.410-05_00_0.png,2,3.0,2.695856010367711
2906_LeafPhotoA_2025-09-09 16_24_18.555,PI642998,5,2906_LeafPhotoA_2025-09-09 16_24_18.555-05_00_0.png,2,1.75,2.5929538147754068
2906_LeafPhotoA_2025-09-09 16_24_40.953,PI642998,5,2906_LeafPhotoA_2025-09-09 16_24_40.953-05_00_0.png,2,2.0,2.619862660005589
2907_LeafPhotoA_2025-09-09 16_25_30.178,PI534028,3,2907_LeafPhotoA_2025-09-09 16_25_30.178-05_00_0.png,2,1.5,1.7476595698345354
2907_LeafPhotoA_2025-09-09 16_26_24.193,PI534028,3,2907_LeafPhotoA_2025-09-09 16_26_24.193-05_00_0.png,2,2.5,2.397520858020244
2908_LeafPhotoA_2025-09-09 16_26_44.978,PI533999,3,2908_LeafPhotoA_2025-09-09 16_26_44.978-05_00_0.png,2,3.0,2.5991918596014245
2908_LeafPhotoA_2025-09-09 16_27_08.906,PI533999,3,2908_LeafPhotoA_2025-09-09 16_27_08.906-05_00_0.png,2,2.25,2.5507720602999453
2908_LeafPhotoA_2025-09-09 16_27_32.937,PI533999,3,2908_LeafPhotoA_2025-09-09 16_27_32.937-05_00_0.png,2,2.0,2.2219612960115684
2910_LeafPhotoA_2025-09-09 16_29_06.349,PI564163,1,2910_LeafPhotoA_2025-09-09 16_29_06.349-05_00_0.png,2,2.0,1.8975314112194965
2910_LeafPhotoA_2025-09-09 16_29_52.886,PI564163,1,2910_LeafPhotoA_2025-09-09 16_29_52.886-05_00_0.png,2,1.5,1.8267825686096235
2911_LeafPhotoA_2025-09-09 16_30_21.225,PI597960,1,2911_LeafPhotoA_2025-09-09 16_30_21.225-05_00_0.png,2,2.5,2.1823696121658993
2912_LeafPhotoA_2025-09-09 16_32_02.377,PI564163,1,2912_LeafPhotoA_2025-09-09 16_32_02.377-05_00_0.png,1,2.5,1.9174286463568733
2914_LeafPhotoA_2025-09-09 16_33_56.135,PI534027,4,2914_LeafPhotoA_2025-09-09 16_33_56.135-05_00_0.png,2,4.0,2.8672242166384074
2914_LeafPhotoA_2025-09-09 16_34_30.069,PI534027,4,2914_LeafPhotoA_2025-09-09 16_34_30.069-05_00_0.png,2,3.0,3.099234883466639
2914_LeafPhotoA_2025-09-09 16_34_44.640,PI534027,4,2914_LeafPhotoA_2025-09-09 16_34_44.640-05_00_0.png,2,3.75,3.158622997356531
2916_LeafPhotoA_2025-09-09 16_36_27.915,PI576422,1,2916_LeafPhotoA_2025-09-09 16_36_27.915-05_00_0.png,1,3.0,2.453802010573885
2916_LeafPhotoA_2025-09-09 16_36_45.008,PI576422,1,2916_LeafPhotoA_2025-09-09 16_36_45.008-05_00_0.png,2,2.0,2.0344397634242313
2916_LeafPhotoA_2025-09-09 16_37_06.863,PI576422,1,2916_LeafPhotoA_2025-09-09 16_37_06.863-05_00_0.png,2,2.5,2.70188308227401
2917_LeafPhotoA_2025-09-09 16_37_43.830,PI597968,4,2917_LeafPhotoA_2025-09-09 16_37_43.830-05_00_0.png,1,3.5,2.801053309714882
2917_LeafPhotoA_2025-09-09 16_38_04.615,PI597968,4,2917_LeafPhotoA_2025-09-09 16_38_04.615-05_00_0.png,2,1.75,2.3372758302219805
2917_LeafPhotoA_2025-09-09 16_38_36.775,PI597968,4,2917_LeafPhotoA_2025-09-09 16_38_36.775-05_00_0.png,2,2.5,2.2077764019573927
2918_LeafPhotoA_2025-09-09 16_39_22.605,PI533838,2,2918_LeafPhotoA_2025-09-09 16_39_22.605-05_00_0.png,2,1.5,2.104645759728371
2919_LeafPhotoA_2025-09-09 16_43_20.270,PI564163,1,2919_LeafPhotoA_2025-09-09 16_43_20.270-05_00_0.png,2,1.5,1.7645372324375812
2919_LeafPhotoA_2025-09-09 16_43_36.577,PI564163,1,2919_LeafPhotoA_2025-09-09 16_43_36.577-05_00_0.png,2,1.5,1.8169449286450299
2919_LeafPhotoA_2025-09-09 16_43_55.086,PI564163,1,2919_LeafPhotoA_2025-09-09 16_43_55.086-05_00_0.png,2,2.5,2.0647122946123893
2920_LeafPhotoA_2025-09-09 16_44_18.640,PI533750,3,2920_LeafPhotoA_2025-09-09 16_44_18.640-05_00_0.png,2,1.0,1.72929326948923
2920_LeafPhotoA_2025-09-09 16_44_34.502,PI533750,3,2920_LeafPhotoA_2025-09-09 16_44_34.502-05_00_0.png,2,1.0,1.6165791477213372
2920_LeafPhotoA_2025-09-09 16_44_53.862,PI533750,3,2920_LeafPhotoA_2025-09-09 16_44_53.862-05_00_0.png,2,2.5,1.813550672507187
2921_LeafPhotoA_2025-09-09 16_45_28.965,PI595744,2,2921_LeafPhotoA_2025-09-09 16_45_28.965-05_00_0.png,2,2.5,2.112216015697355
2921_LeafPhotoA_2025-09-09 16_45_30.784,PI595744,2,2921_LeafPhotoA_2025-09-09 16_45_30.784-05_00_0.png,2,2.5,2.126686528563778
2921_LeafPhotoA_2025-09-09 16_45_48.220,PI595744,2,2921_LeafPhotoA_2025-09-09 16_45_48.220-05_00_0.png,2,1.5,2.0876909924642235
2921_LeafPhotoA_2025-09-09 16_46_07.607,PI595744,2,2921_LeafPhotoA_2025-09-09 16_46_07.607-05_00_0.png,2,2.5,2.28945559353894
2922_LeafPhotoA_2025-09-09 16_47_07.203,PI656093,3,2922_LeafPhotoA_2025-09-09 16_47_07.203-05_00_0.png,2,2.5,1.9918899917261899
2922_LeafPhotoA_2025-09-09 16_48_00.490,PI656093,3,2922_LeafPhotoA_2025-09-09 16_48_00.490-05_00_0.png,2,2.0,2.1382512936592715
2923_LeafPhotoA_2025-09-09 16_48_21.302,SC0343,5,2923_LeafPhotoA_2025-09-09 16_48_21.302-05_00_0.png,2,2.5,2.556409191932504
2923_LeafPhotoA_2025-09-09 16_48_42.436,SC0343,5,2923_LeafPhotoA_2025-09-09 16_48_42.436-05_00_0.png,2,2.5,2.361983682403766
2924_LeafPhotoA_2025-09-09 16_47_26.716,PI576426,4,2924_LeafPhotoA_2025-09-09 16_47_26.716-05_00_0.png,1,1.0,1.7952007848092322
2924_LeafPhotoA_2025-09-09 16_47_41.111,PI576426,4,2924_LeafPhotoA_2025-09-09 16_47_41.111-05_00_0.png,2,2.0,1.8630106252278829
2924_LeafPhotoA_2025-09-09 16_47_53.684,PI576426,4,2924_LeafPhotoA_2025-09-09 16_47_53.684-05_00_0.png,2,1.5,1.8259931684275066
2925_LeafPhotoA_2025-09-09 16_46_08.157,PI564163,1,2925_LeafPhotoA_2025-09-09 16_46_08.157-05_00_0.png,2,2.0,1.7067247143773185
2925_LeafPhotoA_2025-09-09 16_46_25.796,PI564163,1,2925_LeafPhotoA_2025-09-09 16_46_25.796-05_00_0.png,2,1.0,1.674949535941477
2925_LeafPhotoA_2025-09-09 16_46_45.681,PI564163,1,2925_LeafPhotoA_2025-09-09 16_46_45.681-05_00_0.png,2,1.5,1.6228603195630122
2926_LeafPhotoA_2025-09-09 16_44_50.981,PI534070,1,2926_LeafPhotoA_2025-09-09 16_44_50.981-05_00_0.png,2,3.0,3.0127078882739804
2926_LeafPhotoA_2025-09-09 16_45_06.330,PI534070,1,2926_LeafPhotoA_2025-09-09 16_45_06.330-05_00_0.png,2,3.0,2.869794918857615
2926_LeafPhotoA_2025-09-09 16_45_28.527,PI534070,1,2926_LeafPhotoA_2025-09-09 16_45_28.527-05_00_0.png,2,3.0,2.6610098023159083
2927_LeafPhotoA_2025-09-09 16_43_37.393,PI595724,3,2927_LeafPhotoA_2025-09-09 16_43_37.393-05_00_0.png,2,2.0,1.7526206247248286
2927_LeafPhotoA_2025-09-09 16_43_50.624,PI595724,3,2927_LeafPhotoA_2025-09-09 16_43_50.624-05_00_0.png,2,3.0,2.5828554859032113
2927_LeafPhotoA_2025-09-09 16_44_20.130,PI595724,3,2927_LeafPhotoA_2025-09-09 16_44_20.130-05_00_0.png,2,2.5,2.0367908076742345
2928_LeafPhotoA_2025-09-09 16_42_37.897,PI564163,1,2928_LeafPhotoA_2025-09-09 16_42_37.897-05_00_0.png,2,1.0,1.928990007533832
2928_LeafPhotoA_2025-09-09 16_42_58.362,PI564163,1,2928_LeafPhotoA_2025-09-09 16_42_58.362-05_00_0.png,2,1.5,1.6817358850686797
2928_LeafPhotoA_2025-09-09 16_43_19.406,PI564163,1,2928_LeafPhotoA_2025-09-09 16_43_19.406-05_00_0.png,2,2.5,1.7036974744761946
2929_LeafPhotoA_2025-09-09 16_40_00.443,PI533972,4,2929_LeafPhotoA_2025-09-09 16_40_00.443-05_00_0.png,2,2.5,2.205078613164227
2929_LeafPhotoA_2025-09-09 16_40_12.575,PI533972,4,2929_LeafPhotoA_2025-09-09 16_40_12.575-05_00_0.png,2,2.0,2.0177252860422192
2929_LeafPhotoA_2025-09-09 16_41_26.129,PI533972,4,2929_LeafPhotoA_2025-09-09 16_41_26.129-05_00_0.png,2,1.5,2.1500980105410163
2930_LeafPhotoA_2025-09-09 16_38_52.735,PI533758,1,2930_LeafPhotoA_2025-09-09 16_38_52.735-05_00_0.png,2,3.0,2.2337840672572393
2930_LeafPhotoA_2025-09-09 16_39_06.657,PI533758,1,2930_LeafPhotoA_2025-09-09 16_39_06.657-05_00_0.png,2,2.0,2.019344679353067
2930_LeafPhotoA_2025-09-09 16_39_31.864,PI533758,1,2930_LeafPhotoA_2025-09-09 16_39_31.864-05_00_0.png,2,2.5,2.355120695717992
2931_LeafPhotoA_2025-09-09 16_37_41.914,PI534138,5,2931_LeafPhotoA_2025-09-09 16_37_41.914-05_00_0.png,1,2.0,2.0015706901230974
2931_LeafPhotoA_2025-09-09 16_37_54.160,PI534138,5,2931_LeafPhotoA_2025-09-09 16_37_54.160-05_00_0.png,2,3.0,2.324798396207097
2931_LeafPhotoA_2025-09-09 16_38_16.363,PI534138,5,2931_LeafPhotoA_2025-09-09 16_38_16.363-05_00_0.png,2,2.0,2.328343423815463
2932_LeafPhotoA_2025-09-09 16_36_44.096,PI534104,2,2932_LeafPhotoA_2025-09-09 16_36_44.096-05_00_0.png,2,2.0,1.9800964455624137
2932_LeafPhotoA_2025-09-09 16_37_01.603,PI534104,2,2932_LeafPhotoA_2025-09-09 16_37_01.603-05_00_0.png,2,3.0,2.458296332815308
2932_LeafPhotoA_2025-09-09 16_37_19.747,PI534104,2,2932_LeafPhotoA_2025-09-09 16_37_19.747-05_00_0.png,2,2.5,2.2584034659159102
2933_LeafPhotoA_2025-09-09 16_35_09.095,PI595739,3,2933_LeafPhotoA_2025-09-09 16_35_09.095-05_00_0.png,1,1.0,1.9462479836003113
2933_LeafPhotoA_2025-09-09 16_35_43.009,PI595739,3,2933_LeafPhotoA_2025-09-09 16_35_43.009-05_00_0.png,1,1.0,1.9465717937329399
2933_LeafPhotoA_2025-09-09 16_35_56.335,PI595739,3,2933_LeafPhotoA_2025-09-09 16_35_56.335-05_00_0.png,1,2.0,1.871731731599848
2934_LeafPhotoA_2025-09-09 16_34_35.076,PI533960,4,2934_LeafPhotoA_2025-09-09 16_34_35.076-05_00_0.png,2,2.0,2.150565982951732
2934_LeafPhotoA_2025-09-09 16_34_47.888,PI533960,4,2934_LeafPhotoA_2025-09-09 16_34_47.888-05_00_0.png,2,2.5,2.0842598851645033
2935_LeafPhotoA_2025-09-09 16_33_20.557,PI576400,5,2935_LeafPhotoA_2025-09-09 16_33_20.557-05_00_0.png,2,2.0,1.9776433520398315
2935_LeafPhotoA_2025-09-09 16_33_34.724,PI576400,5,2935_LeafPhotoA_2025-09-09 16_33_34.724-05_00_0.png,2,1.5,1.8147906064523707
2935_LeafPhotoA_2025-09-09 16_33_59.373,PI576400,5,2935_LeafPhotoA_2025-09-09 16_33_59.373-05_00_0.png,2,1.0,1.6176751737946895
2937_LeafPhotoA_2025-09-09 16_32_19.810,SC0400,5,2937_LeafPhotoA_2025-09-09 16_32_19.810-05_00_0.png,2,2.0,2.103667538419183
2937_LeafPhotoA_2025-09-09 16_32_32.846,SC0400,5,2937_LeafPhotoA_2025-09-09 16_32_32.846-05_00_0.png,2,1.5,2.0271172853371633
2937_LeafPhotoA_2025-09-09 16_32_48.737,SC0400,5,2937_LeafPhotoA_2025-09-09 16_32_48.737-05_00_0.png,2,2.5,1.9825859117781868
2938_LeafPhotoA_2025-09-09 16_31_33.993,SC1023,1,2938_LeafPhotoA_2025-09-09 16_31_33.993-05_00_0.png,2,3.5,3.1984911818022357
2938_LeafPhotoA_2025-09-09 16_31_49.085,SC1023,1,2938_LeafPhotoA_2025-09-09 16_31_49.085-05_00_0.png,2,3.0,2.9281945042127933
2938_LeafPhotoA_2025-09-09 16_32_02.951,SC1023,1,2938_LeafPhotoA_2025-09-09 16_32_02.951-05_00_0.png,1,3.0,2.8062705917473623
2939_LeafPhotoA_2025-09-09 16_30_52.388,PI533987,3,2939_LeafPhotoA_2025-09-09 16_30_52.388-05_00_0.png,1,2.0,2.2396548223667008
2939_LeafPhotoA_2025-09-09 16_31_18.809,PI533987,3,2939_LeafPhotoA_2025-09-09 16_31_18.809-05_00_0.png,1,2.0,2.3091415452140716
2940_LeafPhotoA_2025-09-09 16_30_13.533,PI533913,5,2940_LeafPhotoA_2025-09-09 16_30_13.533-05_00_0.png,2,2.5,1.8127176662299196
2940_LeafPhotoA_2025-09-09 16_30_26.327,PI533913,5,2940_LeafPhotoA_2025-09-09 16_30_26.327-05_00_0.png,2,2.5,2.483377837778024
2941_LeafPhotoA_2025-09-09 16_28_44.280,PI564163,1,2941_LeafPhotoA_2025-09-09 16_28_44.280-05_00_0.png,2,1.25,1.8199764949180477
2941_LeafPhotoA_2025-09-09 16_28_59.691,PI564163,1,2941_LeafPhotoA_2025-09-09 16_28_59.691-05_00_0.png,2,2.5,1.8913091252917664
2941_LeafPhotoA_2025-09-09 16_29_21.629,PI564163,1,2941_LeafPhotoA_2025-09-09 16_29_21.629-05_00_0.png,2,1.5,1.8749432401623396
2942_LeafPhotoA_2025-09-09 16_27_26.746,PI533828,4,2942_LeafPhotoA_2025-09-09 16_27_26.746-05_00_0.png,2,2.75,2.4500950390553715
2942_LeafPhotoA_2025-09-09 16_27_44.669,PI533828,4,2942_LeafPhotoA_2025-09-09 16_27_44.669-05_00_0.png,2,2.25,1.8847403652376156
2942_LeafPhotoA_2025-09-09 16_28_15.119,PI533828,4,2942_LeafPhotoA_2025-09-09 16_28_15.119-05_00_0.png,2,3.0,2.8672348792547333
2944_LeafPhotoA_2025-09-09 16_26_04.577,SC0287,4,2944_LeafPhotoA_2025-09-09 16_26_04.577-05_00_0.png,2,2.0,2.259041725201613
2944_LeafPhotoA_2025-09-09 16_26_32.815,SC0287,4,2944_LeafPhotoA_2025-09-09 16_26_32.815-05_00_0.png,2,2.0,2.0789311822315124
2944_LeafPhotoA_2025-09-09 16_26_45.347,SC0287,4,2944_LeafPhotoA_2025-09-09 16_26_45.347-05_00_0.png,2,2.0,2.1931194957207802
2945_LeafPhotoA_2025-09-09 16_25_09.044,PI534017,3,2945_LeafPhotoA_2025-09-09 16_25_09.044-05_00_0.png,2,2.5,2.19796390733487
2945_LeafPhotoA_2025-09-09 16_25_42.400,PI534017,3,2945_LeafPhotoA_2025-09-09 16_25_42.400-05_00_0.png,2,2.5,2.4185551589850967
2946_LeafPhotoA_2025-09-09 16_24_18.391,PI533769,3,2946_LeafPhotoA_2025-09-09 16_24_18.391-05_00_0.png,2,3.0,2.5728570883121478
2946_LeafPhotoA_2025-09-09 16_24_34.125,PI533769,3,2946_LeafPhotoA_2025-09-09 16_24_34.125-05_00_0.png,2,3.0,2.31254540158336
2946_LeafPhotoA_2025-09-09 16_24_45.870,PI533769,3,2946_LeafPhotoA_2025-09-09 16_24_45.870-05_00_0.png,2,3.5,2.682657423586469
2947_LeafPhotoA_2025-09-09 16_23_20.019,SC0582,4,2947_LeafPhotoA_2025-09-09 16_23_20.019-05_00_0.png,2,2.5,2.178699671597108
2947_LeafPhotoA_2025-09-09 16_23_43.498,SC0582,4,2947_LeafPhotoA_2025-09-09 16_23_43.498-05_00_0.png,2,3.0,2.3652240773212396
2947_LeafPhotoA_2025-09-09 16_23_57.838,SC0582,4,2947_LeafPhotoA_2025-09-09 16_23_57.838-05_00_0.png,2,2.5,2.405142802342999
2948_LeafPhotoA_2025-09-09 16_22_18.781,PI533834,3,2948_LeafPhotoA_2025-09-09 16_22_18.781-05_00_0.png,2,1.5,2.3993295021992473
2948_LeafPhotoA_2025-09-09 16_22_43.434,PI533834,3,2948_LeafPhotoA_2025-09-09 16_22_43.434-05_00_0.png,2,2.5,2.3277148104949785
2949_LeafPhotoA_2025-09-09 16_21_26.314,PI533969,2,2949_LeafPhotoA_2025-09-09 16_21_26.314-05_00_0.png,2,1.75,2.25854449363497
2949_LeafPhotoA_2025-09-09 16_21_45.401,PI533969,2,2949_LeafPhotoA_2025-09-09 16_21_45.401-05_00_0.png,2,2.5,1.9855369982896465
2950_LeafPhotoA_2025-09-09 16_20_26.713,PI576338,3,2950_LeafPhotoA_2025-09-09 16_20_26.713-05_00_0.png,1,1.5,1.8417704910227248
2950_LeafPhotoA_2025-09-09 16_20_43.306,PI576338,3,2950_LeafPhotoA_2025-09-09 16_20_43.306-05_00_0.png,2,2.5,2.1747194921539625
2950_LeafPhotoA_2025-09-09 16_20_58.442,PI576338,3,2950_LeafPhotoA_2025-09-09 16_20_58.442-05_00_0.png,2,2.0,2.14546165617089
2951_LeafPhotoA_2025-09-09 15_53_42.031,PI534061,4,2951_LeafPhotoA_2025-09-09 15_53_42.031-05_00_0.png,1,1.5,2.150285605302416
2951_LeafPhotoA_2025-09-09 15_54_00.848,PI534061,4,2951_LeafPhotoA_2025-09-09 15_54_00.848-05_00_0.png,2,2.0,2.237821732977633
2951_LeafPhotoA_2025-09-09 15_54_19.559,PI534061,4,2951_LeafPhotoA_2025-09-09 15_54_19.559-05_00_0.png,2,2.5,2.0563240086979153
2952_LeafPhotoA_2025-09-09 15_55_24.127,PI533997,5,2952_LeafPhotoA_2025-09-09 15_55_24.127-05_00_0.png,2,2.5,2.285308076255863
2952_LeafPhotoA_2025-09-09 15_56_06.421,PI533997,5,2952_LeafPhotoA_2025-09-09 15_56_06.421-05_00_0.png,2,3.0,2.1567670351520967
2953_LeafPhotoA_2025-09-09 15_56_42.626,PI534128,1,2953_LeafPhotoA_2025-09-09 15_56_42.626-05_00_0.png,1,3.0,2.7118151730590863
2953_LeafPhotoA_2025-09-09 15_57_04.962,PI534128,1,2953_LeafPhotoA_2025-09-09 15_57_04.962-05_00_0.png,2,1.5,2.343104995265282
2956_LeafPhotoA_2025-09-09 15_59_30.545,PI655997,5,2956_LeafPhotoA_2025-09-09 15_59_30.545-05_00_0.png,2,1.5,2.123232970074301
2956_LeafPhotoA_2025-09-09 15_59_48.571,PI655997,5,2956_LeafPhotoA_2025-09-09 15_59_48.571-05_00_0.png,2,1.5,2.140567646061037
2957_LeafPhotoA_2025-09-09 16_00_50.634,PI534139,5,2957_LeafPhotoA_2025-09-09 16_00_50.634-05_00_0.png,2,2.25,2.5022452795825796
2957_LeafPhotoA_2025-09-09 16_01_36.267,PI534139,5,2957_LeafPhotoA_2025-09-09 16_01_36.267-05_00_0.png,2,2.0,2.755254149927393
2958_LeafPhotoA_2025-09-09 16_03_05.962,PI576393,5,2958_LeafPhotoA_2025-09-09 16_03_05.962-05_00_0.png,2,3.0,2.63780519366326
2958_LeafPhotoA_2025-09-09 16_03_21.913,PI576393,5,2958_LeafPhotoA_2025-09-09 16_03_21.913-05_00_0.png,2,1.25,2.0079579027067425
2958_LeafPhotoA_2025-09-09 16_03_36.451,PI576393,5,2958_LeafPhotoA_2025-09-09 16_03_36.451-05_00_0.png,2,2.0,2.2221901993584146
2959_LeafPhotoA_2025-09-09 16_03_58.698,PI576418,4,2959_LeafPhotoA_2025-09-09 16_03_58.698-05_00_0.png,2,3.0,2.6587181943443556
2959_LeafPhotoA_2025-09-09 16_04_11.610,PI576418,4,2959_LeafPhotoA_2025-09-09 16_04_11.610-05_00_0.png,2,2.5,2.4748271006534774
2959_LeafPhotoA_2025-09-09 16_04_31.379,PI576418,4,2959_LeafPhotoA_2025-09-09 16_04_31.379-05_00_0.png,2,2.0,2.318557627989701
2960_LeafPhotoA_2025-09-09 16_04_57.542,PI576329,4,2960_LeafPhotoA_2025-09-09 16_04_57.542-05_00_0.png,2,2.0,1.9807970909239976
2960_LeafPhotoA_2025-09-09 16_05_15.179,PI576329,4,2960_LeafPhotoA_2025-09-09 16_05_15.179-05_00_0.png,2,2.5,1.9659082047811174
2960_LeafPhotoA_2025-09-09 16_05_27.861,PI576329,4,2960_LeafPhotoA_2025-09-09 16_05_27.861-05_00_0.png,2,1.0,1.6264655161036932
2961_LeafPhotoA_2025-09-09 16_06_14.434,PI533955,5,2961_LeafPhotoA_2025-09-09 16_06_14.434-05_00_0.png,2,2.5,2.191278936661225
2961_LeafPhotoA_2025-09-09 16_06_39.264,PI533955,5,2961_LeafPhotoA_2025-09-09 16_06_39.264-05_00_0.png,2,2.0,2.0771977693049006
2962_LeafPhotoA_2025-09-09 16_07_02.844,PI576336,5,2962_LeafPhotoA_2025-09-09 16_07_02.844-05_00_0.png,2,2.0,2.481833782982582
2962_LeafPhotoA_2025-09-09 16_07_20.971,PI576336,5,2962_LeafPhotoA_2025-09-09 16_07_20.971-05_00_0.png,2,2.5,2.349066017725297
2962_LeafPhotoA_2025-09-09 16_07_33.642,PI576336,5,2962_LeafPhotoA_2025-09-09 16_07_33.642-05_00_0.png,2,2.5,2.263633584555091
2963_LeafPhotoA_2025-09-09 16_08_06.194,PI576430,2,2963_LeafPhotoA_2025-09-09 16_08_06.194-05_00_0.png,2,3.0,2.657541320392715
2963_LeafPhotoA_2025-09-09 16_08_32.339,PI576430,2,2963_LeafPhotoA_2025-09-09 16_08_32.339-05_00_0.png,1,3.0,2.6429906788311883
2963_LeafPhotoA_2025-09-09 16_08_49.827,PI576430,2,2963_LeafPhotoA_2025-09-09 16_08_49.827-05_00_0.png,2,2.5,2.521875080127667
2964_LeafPhotoA_2025-09-09 16_09_30.529,PI564163,1,2964_LeafPhotoA_2025-09-09 16_09_30.529-05_00_0.png,2,3.0,2.001371193721642
2964_LeafPhotoA_2025-09-09 16_09_48.358,PI564163,1,2964_LeafPhotoA_2025-09-09 16_09_48.358-05_00_0.png,1,3.5,2.7364665836587085
2965_LeafPhotoA_2025-09-09 16_10_16.858,PI533998,3,2965_LeafPhotoA_2025-09-09 16_10_16.858-05_00_0.png,2,1.75,2.0363789010507416
2965_LeafPhotoA_2025-09-09 16_10_37.025,PI533998,3,2965_LeafPhotoA_2025-09-09 16_10_37.025-05_00_0.png,2,3.0,2.2893809247780594
2965_LeafPhotoA_2025-09-09 16_10_52.399,PI533998,3,2965_LeafPhotoA_2025-09-09 16_10_52.399-05_00_0.png,1,2.0,2.1840370592173497
2966_LeafPhotoA_2025-09-09 16_11_18.553,SC0191,3,2966_LeafPhotoA_2025-09-09 16_11_18.553-05_00_0.png,2,3.0,2.5893564831651066
2966_LeafPhotoA_2025-09-09 16_11_42.576,SC0191,3,2966_LeafPhotoA_2025-09-09 16_11_42.576-05_00_0.png,2,2.5,2.356178450283898
2966_LeafPhotoA_2025-09-09 16_12_00.911,SC0191,3,2966_LeafPhotoA_2025-09-09 16_12_00.911-05_00_0.png,2,1.0,2.0154691134104845
2967_LeafPhotoA_2025-09-09 16_12_26.608,PI564163,1,2967_LeafPhotoA_2025-09-09 16_12_26.608-05_00_0.png,1,1.0,1.6501514718568844
2967_LeafPhotoA_2025-09-09 16_12_43.654,PI564163,1,2967_LeafPhotoA_2025-09-09 16_12_43.654-05_00_0.png,1,2.5,2.2420926458435146
2967_LeafPhotoA_2025-09-09 16_12_56.640,PI564163,1,2967_LeafPhotoA_2025-09-09 16_12_56.640-05_00_0.png,2,1.5,2.0290591456214675
2967_LeafPhotoA_2025-09-09 16_12_57.667,PI564163,1,2967_LeafPhotoA_2025-09-09 16_12_57.667-05_00_0.png,2,2.0,2.0547092545316925
2968_LeafPhotoA_2025-09-09 16_13_21.412,PI533847,1,2968_LeafPhotoA_2025-09-09 16_13_21.412-05_00_0.png,2,2.5,2.0560904236983655
2968_LeafPhotoA_2025-09-09 16_13_39.949,PI533847,1,2968_LeafPhotoA_2025-09-09 16_13_39.949-05_00_0.png,2,3.0,2.570396082027669
2968_LeafPhotoA_2025-09-09 16_13_56.537,PI533847,1,2968_LeafPhotoA_2025-09-09 16_13_56.537-05_00_0.png,2,1.5,1.9303271833660853
2969_LeafPhotoA_2025-09-09 16_14_28.384,PI533931,3,2969_LeafPhotoA_2025-09-09 16_14_28.384-05_00_0.png,2,2.5,2.2874603569001053
2969_LeafPhotoA_2025-09-09 16_14_45.311,PI533931,3,2969_LeafPhotoA_2025-09-09 16_14_45.311-05_00_0.png,2,3.5,3.4460898466468453
2969_LeafPhotoA_2025-09-09 16_15_07.526,PI533931,3,2969_LeafPhotoA_2025-09-09 16_15_07.526-05_00_0.png,1,4.0,3.655940587227571
2970_LeafPhotoA_2025-09-09 16_15_37.477,PI576402,3,2970_LeafPhotoA_2025-09-09 16_15_37.477-05_00_0.png,2,3.0,2.442353010961088
2970_LeafPhotoA_2025-09-09 16_17_01.331,PI576402,3,2970_LeafPhotoA_2025-09-09 16_17_01.331-05_00_0.png,1,1.25,2.0919033006291357
2970_LeafPhotoA_2025-09-09 16_17_33.602,PI576402,3,2970_LeafPhotoA_2025-09-09 16_17_33.602-05_00_0.png,2,2.0,2.097381360499865
2971_LeafPhotoA_2025-09-09 16_17_58.581,PI656079,4,2971_LeafPhotoA_2025-09-09 16_17_58.581-05_00_0.png,2,3.0,2.589563868716423
2971_LeafPhotoA_2025-09-09 16_18_13.019,PI656079,4,2971_LeafPhotoA_2025-09-09 16_18_13.019-05_00_0.png,2,2.5,2.1062411742110685
2971_LeafPhotoA_2025-09-09 16_18_50.026,PI656079,4,2971_LeafPhotoA_2025-09-09 16_18_50.026-05_00_0.png,2,2.5,2.189422540548546
2972_LeafPhotoA_2025-09-09 16_19_24.514,BTx645,2,2972_LeafPhotoA_2025-09-09 16_19_24.514-05_00_0.png,2,3.0,2.308546399608949
2972_LeafPhotoA_2025-09-09 16_19_38.095,BTx645,2,2972_LeafPhotoA_2025-09-09 16_19_38.095-05_00_0.png,2,1.0,1.5995787940989181
2972_LeafPhotoA_2025-09-09 16_19_51.973,BTx645,2,2972_LeafPhotoA_2025-09-09 16_19_51.973-05_00_0.png,2,1.5,1.961572651049287
2973_LeafPhotoA_2025-09-09 16_20_26.404,PI595710,2,2973_LeafPhotoA_2025-09-09 16_20_26.404-05_00_0.png,2,3.0,2.26693295884193
2973_LeafPhotoA_2025-09-09 16_21_29.645,PI595710,2,2973_LeafPhotoA_2025-09-09 16_21_29.645-05_00_0.png,1,2.5,2.616681820941785
2973_LeafPhotoA_2025-09-09 16_21_58.030,PI595710,2,2973_LeafPhotoA_2025-09-09 16_21_58.030-05_00_0.png,1,3.0,2.527141601938708
2974_LeafPhotoA_2025-09-09 16_22_34.046,PI534093,3,2974_LeafPhotoA_2025-09-09 16_22_34.046-05_00_0.png,2,4.5,3.9657934523821874
2974_LeafPhotoA_2025-09-09 16_23_04.095,PI534093,3,2974_LeafPhotoA_2025-09-09 16_23_04.095-05_00_0.png,2,3.25,3.023869769825621
2974_LeafPhotoA_2025-09-09 16_23_39.964,PI534093,3,2974_LeafPhotoA_2025-09-09 16_23_39.964-05_00_0.png,2,3.0,2.74456794209256
2975_LeafPhotoA_2025-09-09 16_24_07.497,SC0236,2,2975_LeafPhotoA_2025-09-09 16_24_07.497-05_00_0.png,2,1.75,2.5041770118614393
2975_LeafPhotoA_2025-09-09 16_24_31.832,SC0236,2,2975_LeafPhotoA_2025-09-09 16_24_31.832-05_00_0.png,1,3.5,3.179078719622747
2975_LeafPhotoA_2025-09-09 16_25_05.783,SC0236,2,2975_LeafPhotoA_2025-09-09 16_25_05.783-05_00_0.png,1,1.5,2.3304179892779335
2976_LeafPhotoA_2025-09-09 16_25_40.894,PI533797,2,2976_LeafPhotoA_2025-09-09 16_25_40.894-05_00_0.png,2,2.5,2.374455328396769
2976_LeafPhotoA_2025-09-09 16_25_55.191,PI533797,2,2976_LeafPhotoA_2025-09-09 16_25_55.191-05_00_0.png,2,2.0,2.2681411521297106
2976_LeafPhotoA_2025-09-09 16_26_25.764,PI533797,2,2976_LeafPhotoA_2025-09-09 16_26_25.764-05_00_0.png,2,2.5,2.1876203752911474
2977_LeafPhotoA_2025-09-09 16_27_20.581,PI533803,4,2977_LeafPhotoA_2025-09-09 16_27_20.581-05_00_0.png,2,2.5,2.670530353610743
2977_LeafPhotoA_2025-09-09 16_27_35.646,PI533803,4,2977_LeafPhotoA_2025-09-09 16_27_35.646-05_00_0.png,2,2.5,2.514102535282917
2977_LeafPhotoA_2025-09-09 16_27_56.364,PI533803,4,2977_LeafPhotoA_2025-09-09 16_27_56.364-05_00_0.png,2,2.5,3.0838776946200466
2978_LeafPhotoA_2025-09-09 16_28_25.306,PI533871,4,2978_LeafPhotoA_2025-09-09 16_28_25.306-05_00_0.png,2,1.5,2.372318646885665
2978_LeafPhotoA_2025-09-09 16_29_45.519,PI533871,4,2978_LeafPhotoA_2025-09-09 16_29_45.519-05_00_0.png,2,2.0,2.6694161454601453
2978_LeafPhotoA_2025-09-09 16_30_23.291,PI533871,4,2978_LeafPhotoA_2025-09-09 16_30_23.291-05_00_0.png,2,2.0,2.548366971469148
2979_LeafPhotoA_2025-09-09 16_30_46.157,PI533909,4,2979_LeafPhotoA_2025-09-09 16_30_46.157-05_00_0.png,2,2.0,2.1163259258425176
2979_LeafPhotoA_2025-09-09 16_31_00.348,PI533909,4,2979_LeafPhotoA_2025-09-09 16_31_00.348-05_00_0.png,2,1.5,1.9499380472500958
2979_LeafPhotoA_2025-09-09 16_31_17.706,PI533909,4,2979_LeafPhotoA_2025-09-09 16_31_17.706-05_00_0.png,2,2.5,1.954570657615734
2980_LeafPhotoA_2025-09-09 16_31_45.145,PI533856,1,2980_LeafPhotoA_2025-09-09 16_31_45.145-05_00_0.png,1,3.0,2.4962596880261763
2980_LeafPhotoA_2025-09-09 16_32_05.590,PI533856,1,2980_LeafPhotoA_2025-09-09 16_32_05.590-05_00_0.png,2,3.5,2.679741827187717
2980_LeafPhotoA_2025-09-09 16_32_28.053,PI533856,1,2980_LeafPhotoA_2025-09-09 16_32_28.053-05_00_0.png,2,2.5,2.433521109639737
2981_LeafPhotoA_2025-09-09 16_33_03.761,PI656033,5,2981_LeafPhotoA_2025-09-09 16_33_03.761-05_00_0.png,1,2.5,2.455578557681948
2981_LeafPhotoA_2025-09-09 16_33_40.081,PI656033,5,2981_LeafPhotoA_2025-09-09 16_33_40.081-05_00_0.png,2,1.0,2.2156595673478074
2981_LeafPhotoA_2025-09-09 16_34_00.438,PI656033,5,2981_LeafPhotoA_2025-09-09 16_34_00.438-05_00_0.png,1,2.5,2.9380680272969726
2982_LeafPhotoA_2025-09-09 16_34_38.081,PI534031,4,2982_LeafPhotoA_2025-09-09 16_34_38.081-05_00_0.png,2,2.5,2.0779422402685457
2982_LeafPhotoA_2025-09-09 16_34_58.351,PI534031,4,2982_LeafPhotoA_2025-09-09 16_34_58.351-05_00_0.png,1,2.5,1.8573692439451255
2982_LeafPhotoA_2025-09-09 16_35_17.361,PI534031,4,2982_LeafPhotoA_2025-09-09 16_35_17.361-05_00_0.png,2,2.5,1.9258934596051958
2983_LeafPhotoA_2025-09-09 16_35_43.161,PI576362,1,2983_LeafPhotoA_2025-09-09 16_35_43.161-05_00_0.png,2,3.0,2.2394737986023276
2983_LeafPhotoA_2025-09-09 16_35_57.602,PI576362,1,2983_LeafPhotoA_2025-09-09 16_35_57.602-05_00_0.png,2,2.0,2.2243986430608484
2983_LeafPhotoA_2025-09-09 16_36_16.682,PI576362,1,2983_LeafPhotoA_2025-09-09 16_36_16.682-05_00_0.png,1,2.0,2.2144405238572054
2985_LeafPhotoA_2025-09-09 16_37_41.283,PI533967,3,2985_LeafPhotoA_2025-09-09 16_37_41.283-05_00_0.png,2,1.5,1.8614023162667441
2985_LeafPhotoA_2025-09-09 16_38_03.634,PI533967,3,2985_LeafPhotoA_2025-09-09 16_38_03.634-05_00_0.png,1,1.5,1.7424779722347883
2985_LeafPhotoA_2025-09-09 16_38_24.477,PI533967,3,2985_LeafPhotoA_2025-09-09 16_38_24.477-05_00_0.png,2,1.0,1.7929848807526023
2986_LeafPhotoA_2025-09-09 16_38_56.583,PI534141,2,2986_LeafPhotoA_2025-09-09 16_38_56.583-05_00_0.png,2,2.5,2.5674994552634103
2986_LeafPhotoA_2025-09-09 16_39_14.642,PI534141,2,2986_LeafPhotoA_2025-09-09 16_39_14.642-05_00_0.png,2,3.0,2.5593218181108326
2986_LeafPhotoA_2025-09-09 16_39_35.391,PI534141,2,2986_LeafPhotoA_2025-09-09 16_39_35.391-05_00_0.png,2,3.0,2.3643588453935687
2987_LeafPhotoA_2025-09-09 16_40_03.236,PI534101,5,2987_LeafPhotoA_2025-09-09 16_40_03.236-05_00_0.png,2,2.0,1.9070169949828115
2987_LeafPhotoA_2025-09-09 16_40_23.227,PI534101,5,2987_LeafPhotoA_2025-09-09 16_40_23.227-05_00_0.png,2,2.5,2.1319565118785953
2987_LeafPhotoA_2025-09-09 16_40_49.606,PI534101,5,2987_LeafPhotoA_2025-09-09 16_40_49.606-05_00_0.png,2,2.5,1.7438706731900424
2989_LeafPhotoA_2025-09-09 16_42_08.693,SC0521,4,2989_LeafPhotoA_2025-09-09 16_42_08.693-05_00_0.png,2,3.5,3.3031192672276575
2989_LeafPhotoA_2025-09-09 16_42_37.958,SC0521,4,2989_LeafPhotoA_2025-09-09 16_42_37.958-05_00_0.png,2,3.0,3.222041048594939
2989_LeafPhotoA_2025-09-09 16_43_00.199,SC0521,4,2989_LeafPhotoA_2025-09-09 16_43_00.199-05_00_0.png,2,3.0,2.9554429870224403
2990_LeafPhotoA_2025-09-09 16_43_23.725,PI534042,3,2990_LeafPhotoA_2025-09-09 16_43_23.725-05_00_0.png,2,2.5,2.7394860800272745
2990_LeafPhotoA_2025-09-09 16_43_41.243,PI534042,3,2990_LeafPhotoA_2025-09-09 16_43_41.243-05_00_0.png,2,4.0,3.028874474932764
2990_LeafPhotoA_2025-09-09 16_43_59.306,PI534042,3,2990_LeafPhotoA_2025-09-09 16_43_59.306-05_00_0.png,2,3.0,2.720222480520561
2991_LeafPhotoA_2025-09-09 16_44_34.559,PI533854,4,2991_LeafPhotoA_2025-09-09 16_44_34.559-05_00_0.png,2,2.25,2.169698777261181
2991_LeafPhotoA_2025-09-09 16_44_58.562,PI533854,4,2991_LeafPhotoA_2025-09-09 16_44_58.562-05_00_0.png,1,3.0,2.7808798079049444
2991_LeafPhotoA_2025-09-09 16_45_25.826,PI533854,4,2991_LeafPhotoA_2025-09-09 16_45_25.826-05_00_0.png,2,2.5,2.590858939982874
2992_LeafPhotoA_2025-09-09 16_45_59.148,PI534011,5,2992_LeafPhotoA_2025-09-09 16_45_59.148-05_00_0.png,2,1.5,2.0789749955007637
2992_LeafPhotoA_2025-09-09 16_46_15.202,PI534011,5,2992_LeafPhotoA_2025-09-09 16_46_15.202-05_00_0.png,2,2.0,2.3779578069216534
2992_LeafPhotoA_2025-09-09 16_46_31.136,PI534011,5,2992_LeafPhotoA_2025-09-09 16_46_31.136-05_00_0.png,2,2.25,2.6196057494981355
2992_LeafPhotoA_2025-09-09 16_46_47.466,PI534011,5,2992_LeafPhotoA_2025-09-09 16_46_47.466-05_00_0.png,2,1.5,2.2494113644126847
2993_LeafPhotoA_2025-09-09 16_47_15.469,PI576381,5,2993_LeafPhotoA_2025-09-09 16_47_15.469-05_00_0.png,2,2.0,2.1339466852961744
2993_LeafPhotoA_2025-09-09 16_47_35.076,PI576381,5,2993_LeafPhotoA_2025-09-09 16_47_35.076-05_00_0.png,2,1.5,1.8026122553403572
2993_LeafPhotoA_2025-09-09 16_47_51.394,PI576381,5,2993_LeafPhotoA_2025-09-09 16_47_51.394-05_00_0.png,2,1.5,2.0464074940809005
2994_LeafPhotoA_2025-09-09 16_48_26.336,PI576432,2,2994_LeafPhotoA_2025-09-09 16_48_26.336-05_00_0.png,2,3.0,2.3520400573516502
2994_LeafPhotoA_2025-09-09 16_48_43.554,PI576432,2,2994_LeafPhotoA_2025-09-09 16_48_43.554-05_00_0.png,2,2.5,2.6174292063379863
2994_LeafPhotoA_2025-09-09 16_49_02.106,PI576432,2,2994_LeafPhotoA_2025-09-09 16_49_02.106-05_00_0.png,2,2.5,2.4142993184025623
2995_LeafPhotoA_2025-09-09 16_49_56.517,PI576363,2,2995_LeafPhotoA_2025-09-09 16_49_56.517-05_00_0.png,2,2.5,2.3005775169304696
2995_LeafPhotoA_2025-09-09 16_50_10.941,PI576363,2,2995_LeafPhotoA_2025-09-09 16_50_10.941-05_00_0.png,2,2.5,2.5873914765682415
2995_LeafPhotoA_2025-09-09 16_50_30.918,PI576363,2,2995_LeafPhotoA_2025-09-09 16_50_30.918-05_00_0.png,2,1.5,2.1159650455471497
2997_LeafPhotoA_2025-09-09 16_52_04.218,PI656042,2,2997_LeafPhotoA_2025-09-09 16_52_04.218-05_00_0.png,2,2.5,1.5310261993835315
2997_LeafPhotoA_2025-09-09 16_52_26.912,PI656042,2,2997_LeafPhotoA_2025-09-09 16_52_26.912-05_00_0.png,2,2.0,1.6766410955396303
2997_LeafPhotoA_2025-09-09 16_52_44.374,PI656042,2,2997_LeafPhotoA_2025-09-09 16_52_44.374-05_00_0.png,2,2.5,1.9147333975901102
2998_LeafPhotoA_2025-09-09 16_53_06.164,SC0713,4,2998_LeafPhotoA_2025-09-09 16_53_06.164-05_00_0.png,2,3.0,2.469638971060761
2998_LeafPhotoA_2025-09-09 16_53_27.666,SC0713,4,2998_LeafPhotoA_2025-09-09 16_53_27.666-05_00_0.png,2,1.0,3.039439592756956
2998_LeafPhotoA_2025-09-09 16_53_48.298,SC0713,4,2998_LeafPhotoA_2025-09-09 16_53_48.298-05_00_0.png,2,3.0,2.6368571130752634
2999_LeafPhotoA_2025-09-09 16_54_09.800,PI534050,2,2999_LeafPhotoA_2025-09-09 16_54_09.800-05_00_0.png,2,1.5,2.679599221451172
2999_LeafPhotoA_2025-09-09 16_54_48.280,PI534050,2,2999_LeafPhotoA_2025-09-09 16_54_48.280-05_00_0.png,2,1.25,1.9447736997264844
2999_LeafPhotoA_2025-09-09 16_55_04.325,PI534050,2,2999_LeafPhotoA_2025-09-09 16_55_04.325-05_00_0.png,1,2.0,2.28422958722215
5001_LeafPhotoA_2025-09-09 16_54_05.915,PI544069,1,5001_LeafPhotoA_2025-09-09 16_54_05.915-05_00_0.png,2,3.0,2.713723931217933
5001_LeafPhotoA_2025-09-09 16_54_24.724,PI544069,1,5001_LeafPhotoA_2025-09-09 16_54_24.724-05_00_0.png,2,3.0,2.5127805441239985
5002_LeafPhotoA_2025-09-09 16_52_56.147,PI601554,4,5002_LeafPhotoA_2025-09-09 16_52_56.147-05_00_0.png,1,2.5,2.2136343780391874
5003_LeafPhotoA_2025-09-09 15_52_05.539,Fill (Exclude),2,5003_LeafPhotoA_2025-09-09 15_52_05.539-05_00_0.png,2,2.5,2.027139924165476
5003_LeafPhotoA_2025-09-09 15_52_33.594,Fill (Exclude),2,5003_LeafPhotoA_2025-09-09 15_52_33.594-05_00_0.png,2,2.0,2.12223644476385
5004_LeafPhotoA_2025-09-09 15_54_54.669,PI555457,2,5004_LeafPhotoA_2025-09-09 15_54_54.669-05_00_0.png,2,1.5,1.7611286590449333
5004_LeafPhotoA_2025-09-09 15_55_39.378,PI555457,2,5004_LeafPhotoA_2025-09-09 15_55_39.378-05_00_0.png,2,2.0,1.5977011319568148
5004_LeafPhotoA_2025-09-09 15_56_28.732,PI555457,2,5004_LeafPhotoA_2025-09-09 15_56_28.732-05_00_0.png,2,1.5,1.853847794579969
5006_LeafPhotoA_2025-09-09 16_00_08.315,Fill (Exclude),2,5006_LeafPhotoA_2025-09-09 16_00_08.315-05_00_0.png,2,2.0,1.8834590691359514
5006_LeafPhotoA_2025-09-09 16_00_49.089,Fill (Exclude),2,5006_LeafPhotoA_2025-09-09 16_00_49.089-05_00_0.png,2,2.5,2.100748312184299
5006_LeafPhotoA_2025-09-09 16_01_39.048,Fill (Exclude),2,5006_LeafPhotoA_2025-09-09 16_01_39.048-05_00_0.png,2,1.25,1.8187661385728449
5007_LeafPhotoA_2025-09-09 16_02_41.830,PI601555,5,5007_LeafPhotoA_2025-09-09 16_02_41.830-05_00_0.png,2,2.5,2.440659794245097
5007_LeafPhotoA_2025-09-09 16_03_28.672,PI601555,5,5007_LeafPhotoA_2025-09-09 16_03_28.672-05_00_0.png,2,1.5,1.9621185453967638
5007_LeafPhotoA_2025-09-09 16_04_07.687,PI601555,5,5007_LeafPhotoA_2025-09-09 16_04_07.687-05_00_0.png,2,2.5,2.7744451351440205
5008_LeafPhotoA_2025-09-09 16_05_27.813,PI554650,2,5008_LeafPhotoA_2025-09-09 16_05_27.813-05_00_0.png,2,2.0,2.1309118405137184
5008_LeafPhotoA_2025-09-09 16_06_06.742,PI554650,2,5008_LeafPhotoA_2025-09-09 16_06_06.742-05_00_0.png,2,2.0,1.9496958744098725
5008_LeafPhotoA_2025-09-09 16_06_40.356,PI554650,2,5008_LeafPhotoA_2025-09-09 16_06_40.356-05_00_0.png,2,1.25,2.0584219676737106
5009_LeafPhotoA_2025-09-09 16_08_07.304,PI594355,5,5009_LeafPhotoA_2025-09-09 16_08_07.304-05_00_0.png,1,2.0,2.0132252987702857
5009_LeafPhotoA_2025-09-09 16_08_39.148,PI594355,5,5009_LeafPhotoA_2025-09-09 16_08_39.148-05_00_0.png,2,1.75,2.121431564484323
5009_LeafPhotoA_2025-09-09 16_09_18.180,PI594355,5,5009_LeafPhotoA_2025-09-09 16_09_18.180-05_00_0.png,2,2.0,1.8515595253356776
5010_LeafPhotoA_2025-09-09 16_10_38.483,PI574407,3,5010_LeafPhotoA_2025-09-09 16_10_38.483-05_00_0.png,2,3.0,2.399973584674758
5010_LeafPhotoA_2025-09-09 16_12_11.860,PI574407,3,5010_LeafPhotoA_2025-09-09 16_12_11.860-05_00_0.png,2,1.25,1.751063041677915
5010_LeafPhotoA_2025-09-09 16_13_16.205,PI574407,3,5010_LeafPhotoA_2025-09-09 16_13_16.205-05_00_0.png,2,2.0,1.7303228888864441
5011_LeafPhotoA_2025-09-09 16_14_00.630,Fill (Exclude),2,5011_LeafPhotoA_2025-09-09 16_14_00.630-05_00_0.png,2,1.0,1.7717368527115418
5011_LeafPhotoA_2025-09-09 16_14_58.369,Fill (Exclude),2,5011_LeafPhotoA_2025-09-09 16_14_58.369-05_00_0.png,2,1.5,1.6950904182300714
5011_LeafPhotoA_2025-09-09 16_15_48.428,Fill (Exclude),2,5011_LeafPhotoA_2025-09-09 16_15_48.428-05_00_0.png,2,1.75,2.1994517131072606
5012_LeafPhotoA_2025-09-09 16_16_24.799,Fill (Exclude),2,5012_LeafPhotoA_2025-09-09 16_16_24.799-05_00_0.png,1,1.5,1.6522259527900625
5012_LeafPhotoA_2025-09-09 16_16_59.197,Fill (Exclude),2,5012_LeafPhotoA_2025-09-09 16_16_59.197-05_00_0.png,2,2.0,1.9660118546851322
5012_LeafPhotoA_2025-09-09 16_17_52.855,Fill (Exclude),2,5012_LeafPhotoA_2025-09-09 16_17_52.855-05_00_0.png,2,1.5,2.023563333621735
5013_LeafPhotoA_2025-09-09 16_18_38.533,Fill (Exclude),2,5013_LeafPhotoA_2025-09-09 16_18_38.533-05_00_0.png,2,1.0,1.8607213842833397
5013_LeafPhotoA_2025-09-09 16_19_10.228,Fill (Exclude),2,5013_LeafPhotoA_2025-09-09 16_19_10.228-05_00_0.png,2,2.5,1.7583598702034902
5013_LeafPhotoA_2025-09-09 16_19_37.480,Fill (Exclude),2,5013_LeafPhotoA_2025-09-09 16_19_37.480-05_00_0.png,2,1.0,1.5725744245636002
5014_LeafPhotoA_2025-09-09 16_20_31.482,PI613610,2,5014_LeafPhotoA_2025-09-09 16_20_31.482-05_00_0.png,2,1.75,1.754126334318307
5014_LeafPhotoA_2025-09-09 16_21_14.771,PI613610,2,5014_LeafPhotoA_2025-09-09 16_21_14.771-05_00_0.png,2,1.5,2.178458185978432
5014_LeafPhotoA_2025-09-09 16_21_36.548,PI613610,2,5014_LeafPhotoA_2025-09-09 16_21_36.548-05_00_0.png,2,2.5,1.6265337742014288
5015_LeafPhotoA_2025-09-09 16_22_07.686,PI554654,3,5015_LeafPhotoA_2025-09-09 16_22_07.686-05_00_0.png,2,2.5,2.19284652730303
5015_LeafPhotoA_2025-09-09 16_22_45.406,PI554654,3,5015_LeafPhotoA_2025-09-09 16_22_45.406-05_00_0.png,2,2.0,1.9845766259806918
5015_LeafPhotoA_2025-09-09 16_24_18.485,PI554654,3,5015_LeafPhotoA_2025-09-09 16_24_18.485-05_00_0.png,2,1.0,1.8406697980011018
5016_LeafPhotoA_2025-09-09 16_24_50.932,PI562623,2,5016_LeafPhotoA_2025-09-09 16_24_50.932-05_00_0.png,2,1.0,1.7761253041388017
5016_LeafPhotoA_2025-09-09 16_25_22.793,PI562623,2,5016_LeafPhotoA_2025-09-09 16_25_22.793-05_00_0.png,2,2.0,1.7860826384603965
5016_LeafPhotoA_2025-09-09 16_26_24.822,PI562623,2,5016_LeafPhotoA_2025-09-09 16_26_24.822-05_00_0.png,2,1.5,1.8396262701584516
5017_LeafPhotoA_2025-09-09 16_27_45.615,PI554646,3,5017_LeafPhotoA_2025-09-09 16_27_45.615-05_00_0.png,1,2.5,2.5284142920707704
5017_LeafPhotoA_2025-09-09 16_28_08.818,PI554646,3,5017_LeafPhotoA_2025-09-09 16_28_08.818-05_00_0.png,2,2.0,2.351297021352228
5018_LeafPhotoA_2025-09-09 16_28_39.040,PI606788,3,5018_LeafPhotoA_2025-09-09 16_28_39.040-05_00_0.png,2,2.0,1.7123316179214827
5018_LeafPhotoA_2025-09-09 16_29_03.355,PI606788,3,5018_LeafPhotoA_2025-09-09 16_29_03.355-05_00_0.png,2,1.0,1.8081264539402024
5018_LeafPhotoA_2025-09-09 16_30_02.554,PI606788,3,5018_LeafPhotoA_2025-09-09 16_30_02.554-05_00_0.png,2,1.0,1.7165660173474007
5019_LeafPhotoA_2025-09-09 16_30_54.216,PI596332,2,5019_LeafPhotoA_2025-09-09 16_30_54.216-05_00_0.png,2,1.5,2.0011507699923925
5019_LeafPhotoA_2025-09-09 16_31_34.300,PI596332,2,5019_LeafPhotoA_2025-09-09 16_31_34.300-05_00_0.png,2,2.0,1.8199713138195883
5019_LeafPhotoA_2025-09-09 16_32_30.738,PI596332,2,5019_LeafPhotoA_2025-09-09 16_32_30.738-05_00_0.png,2,2.0,1.8555484221969438
5020_LeafPhotoA_2025-09-09 16_33_30.269,PI596567,3,5020_LeafPhotoA_2025-09-09 16_33_30.269-05_00_0.png,2,1.5,2.0792657556389007
5020_LeafPhotoA_2025-09-09 16_33_57.896,PI596567,3,5020_LeafPhotoA_2025-09-09 16_33_57.896-05_00_0.png,2,1.5,1.8128908547713363
5020_LeafPhotoA_2025-09-09 16_34_35.421,PI596567,3,5020_LeafPhotoA_2025-09-09 16_34_35.421-05_00_0.png,2,2.0,1.8823145358178817
5020_LeafPhotoA_2025-09-09 16_35_38.882,PI596567,3,5020_LeafPhotoA_2025-09-09 16_35_38.882-05_00_0.png,2,2.5,1.9352273031528178
5021_LeafPhotoA_2025-09-09 16_37_05.057,PI601557,1,5021_LeafPhotoA_2025-09-09 16_37_05.057-05_00_0.png,2,1.75,1.9142989014185123
5021_LeafPhotoA_2025-09-09 16_37_59.169,PI601557,1,5021_LeafPhotoA_2025-09-09 16_37_59.169-05_00_0.png,1,1.0,1.8175797896615116
5021_LeafPhotoA_2025-09-09 16_38_25.311,PI601557,1,5021_LeafPhotoA_2025-09-09 16_38_25.311-05_00_0.png,2,2.5,1.8402879953782678
5022_LeafPhotoA_2025-09-09 16_39_23.130,PI561926,4,5022_LeafPhotoA_2025-09-09 16_39_23.130-05_00_0.png,2,1.5,1.6836359432288142
5022_LeafPhotoA_2025-09-09 16_39_49.815,PI561926,4,5022_LeafPhotoA_2025-09-09 16_39_49.815-05_00_0.png,2,2.5,1.7612132780177772
5022_LeafPhotoA_2025-09-09 16_40_09.193,PI561926,4,5022_LeafPhotoA_2025-09-09 16_40_09.193-05_00_0.png,2,1.5,1.7322467672484907
5023_LeafPhotoA_2025-09-09 16_41_18.662,PI613611,5,5023_LeafPhotoA_2025-09-09 16_41_18.662-05_00_0.png,2,3.5,2.8381925232490253
5024_LeafPhotoA_2025-09-09 16_42_57.588,Fill (Exclude),2,5024_LeafPhotoA_2025-09-09 16_42_57.588-05_00_0.png,2,2.0,1.8706864949998268
5024_LeafPhotoA_2025-09-09 16_43_46.058,Fill (Exclude),2,5024_LeafPhotoA_2025-09-09 16_43_46.058-05_00_0.png,2,1.5,1.9013909847502766
5024_LeafPhotoA_2025-09-09 16_44_42.173,Fill (Exclude),2,5024_LeafPhotoA_2025-09-09 16_44_42.173-05_00_0.png,2,2.5,2.3854996801699233
5025_LeafPhotoA_2025-09-09 16_45_32.356,PI554648,2,5025_LeafPhotoA_2025-09-09 16_45_32.356-05_00_0.png,2,2.0,1.717415356951807
5025_LeafPhotoA_2025-09-09 16_45_57.960,PI554648,2,5025_LeafPhotoA_2025-09-09 16_45_57.960-05_00_0.png,2,2.5,1.944967937751909
5025_LeafPhotoA_2025-09-09 16_46_18.869,PI554648,2,5025_LeafPhotoA_2025-09-09 16_46_18.869-05_00_0.png,2,1.0,1.7875272755911413
5026_LeafPhotoA_2025-09-09 16_46_53.991,PI602599,2,5026_LeafPhotoA_2025-09-09 16_46_53.991-05_00_0.png,2,1.5,1.9999519365505574
5026_LeafPhotoA_2025-09-09 16_47_17.086,PI602599,2,5026_LeafPhotoA_2025-09-09 16_47_17.086-05_00_0.png,2,3.5,2.186826536569992
5026_LeafPhotoA_2025-09-09 16_47_54.280,PI602599,2,5026_LeafPhotoA_2025-09-09 16_47_54.280-05_00_0.png,2,1.5,1.6041268385480751
5027_LeafPhotoA_2025-09-09 16_48_30.065,PI574398,5,5027_LeafPhotoA_2025-09-09 16_48_30.065-05_00_0.png,2,1.5,2.0322315191425746
5027_LeafPhotoA_2025-09-09 16_49_22.665,PI574398,5,5027_LeafPhotoA_2025-09-09 16_49_22.665-05_00_0.png,2,1.0,1.8140015555873734
5027_LeafPhotoA_2025-09-09 16_50_06.776,PI574398,5,5027_LeafPhotoA_2025-09-09 16_50_06.776-05_00_0.png,2,1.0,1.5046370845893866
5028_LeafPhotoA_2025-09-09 16_50_56.210,PI613613,5,5028_LeafPhotoA_2025-09-09 16_50_56.210-05_00_0.png,2,3.0,2.089954989118495
5028_LeafPhotoA_2025-09-09 16_51_40.743,PI613613,5,5028_LeafPhotoA_2025-09-09 16_51_40.743-05_00_0.png,2,2.5,2.144114667737282
5028_LeafPhotoA_2025-09-09 16_52_02.474,PI613613,5,5028_LeafPhotoA_2025-09-09 16_52_02.474-05_00_0.png,2,2.25,2.6505785911201585
5029_LeafPhotoA_2025-09-09 16_52_43.123,PI619402,4,5029_LeafPhotoA_2025-09-09 16_52_43.123-05_00_0.png,2,1.25,1.7693096633994672
5029_LeafPhotoA_2025-09-09 16_53_03.125,PI619402,4,5029_LeafPhotoA_2025-09-09 16_53_03.125-05_00_0.png,2,1.5,1.7924141873853292
5029_LeafPhotoA_2025-09-09 16_53_32.045,PI619402,4,5029_LeafPhotoA_2025-09-09 16_53_32.045-05_00_0.png,2,3.0,1.9655479909559828
5030_LeafPhotoA_2025-09-09 16_55_05.294,PI605724,2,5030_LeafPhotoA_2025-09-09 16_55_05.294-05_00_0.png,2,1.25,1.9038425040436195
5030_LeafPhotoA_2025-09-09 16_55_31.747,PI605724,2,5030_LeafPhotoA_2025-09-09 16_55_31.747-05_00_0.png,2,1.0,2.0466340926995796
5030_LeafPhotoA_2025-09-09 16_56_37.930,PI605724,2,5030_LeafPhotoA_2025-09-09 16_56_37.930-05_00_0.png,2,1.0,1.8153221385463303
5031_LeafPhotoA_2025-09-09 16_57_35.057,PI543247,5,5031_LeafPhotoA_2025-09-09 16_57_35.057-05_00_0.png,2,1.25,1.8859619761043918
5031_LeafPhotoA_2025-09-09 16_57_57.212,PI543247,5,5031_LeafPhotoA_2025-09-09 16_57_57.212-05_00_0.png,2,2.5,1.9155827169321418
5031_LeafPhotoA_2025-09-09 16_58_56.953,PI543247,5,5031_LeafPhotoA_2025-09-09 16_58_56.953-05_00_0.png,2,2.0,2.0003827618018466
5032_LeafPhotoA_2025-09-09 16_59_35.795,PI601415,4,5032_LeafPhotoA_2025-09-09 16_59_35.795-05_00_0.png,2,2.5,1.7683264894612596
5032_LeafPhotoA_2025-09-09 17_00_16.718,PI601415,4,5032_LeafPhotoA_2025-09-09 17_00_16.718-05_00_0.png,2,1.0,1.6957339062199834
5032_LeafPhotoA_2025-09-09 17_00_38.020,PI601415,4,5032_LeafPhotoA_2025-09-09 17_00_38.020-05_00_0.png,2,1.0,1.637218266891775
5033_LeafPhotoA_2025-09-09 17_01_28.819,PI554649,1,5033_LeafPhotoA_2025-09-09 17_01_28.819-05_00_0.png,1,1.5,1.7581744888182644
5033_LeafPhotoA_2025-09-09 17_02_00.210,PI554649,1,5033_LeafPhotoA_2025-09-09 17_02_00.210-05_00_0.png,2,2.0,1.7036511560425354
5033_LeafPhotoA_2025-09-09 17_03_14.855,PI554649,1,5033_LeafPhotoA_2025-09-09 17_03_14.855-05_00_0.png,2,1.0,1.7168408840359006
5034_LeafPhotoA_2025-09-09 17_04_40.934,PI603983,5,5034_LeafPhotoA_2025-09-09 17_04_40.934-05_00_0.png,2,2.0,2.1339117579127573
5034_LeafPhotoA_2025-09-09 17_05_27.126,PI603983,5,5034_LeafPhotoA_2025-09-09 17_05_27.126-05_00_0.png,2,1.5,1.943906620353568
5034_LeafPhotoA_2025-09-09 17_06_37.694,PI603983,5,5034_LeafPhotoA_2025-09-09 17_06_37.694-05_00_0.png,2,1.0,1.7096286621648114
5035_LeafPhotoA_2025-09-09 17_07_12.804,PI574397,2,5035_LeafPhotoA_2025-09-09 17_07_12.804-05_00_0.png,2,2.5,1.914138191999671
5035_LeafPhotoA_2025-09-09 17_07_40.324,PI574397,2,5035_LeafPhotoA_2025-09-09 17_07_40.324-05_00_0.png,2,2.5,1.8628531765979768
5035_LeafPhotoA_2025-09-09 17_08_04.130,PI574397,2,5035_LeafPhotoA_2025-09-09 17_08_04.130-05_00_0.png,2,1.5,1.8749993637508755
5036_LeafPhotoA_2025-09-09 17_09_05.761,Fill (Exclude),2,5036_LeafPhotoA_2025-09-09 17_09_05.761-05_00_0.png,2,1.5,1.7289417882760094
5036_LeafPhotoA_2025-09-09 17_09_44.541,Fill (Exclude),2,5036_LeafPhotoA_2025-09-09 17_09_44.541-05_00_0.png,2,1.5,1.8801538767927093
5036_LeafPhotoA_2025-09-09 17_10_48.634,Fill (Exclude),2,5036_LeafPhotoA_2025-09-09 17_10_48.634-05_00_0.png,2,2.0,1.9328146020189596
5037_LeafPhotoA_2025-09-09 17_11_08.319,PI601744,4,5037_LeafPhotoA_2025-09-09 17_11_08.319-05_00_0.png,2,2.5,2.1058745351333403
5037_LeafPhotoA_2025-09-09 17_11_33.036,PI601744,4,5037_LeafPhotoA_2025-09-09 17_11_33.036-05_00_0.png,2,2.0,2.1997969993456845
5038_LeafPhotoA_2025-09-09 17_10_03.443,PI605725,3,5038_LeafPhotoA_2025-09-09 17_10_03.443-05_00_0.png,2,1.5,1.7564046499056751
5038_LeafPhotoA_2025-09-09 17_10_21.519,PI605725,3,5038_LeafPhotoA_2025-09-09 17_10_21.519-05_00_0.png,2,2.5,2.3438560965351902
5038_LeafPhotoA_2025-09-09 17_10_38.713,PI605725,3,5038_LeafPhotoA_2025-09-09 17_10_38.713-05_00_0.png,2,2.0,1.8937041164504664
5039_LeafPhotoA_2025-09-09 17_08_48.537,PI601743,4,5039_LeafPhotoA_2025-09-09 17_08_48.537-05_00_0.png,1,3.0,2.2979686664706978
5039_LeafPhotoA_2025-09-09 17_09_08.178,PI601743,4,5039_LeafPhotoA_2025-09-09 17_09_08.178-05_00_0.png,2,1.5,1.9401948241569658
5039_LeafPhotoA_2025-09-09 17_09_28.755,PI601743,4,5039_LeafPhotoA_2025-09-09 17_09_28.755-05_00_0.png,2,2.5,1.9862708767700736
5040_LeafPhotoA_2025-09-09 17_07_36.438,PI605723,3,5040_LeafPhotoA_2025-09-09 17_07_36.438-05_00_0.png,2,2.0,1.7936127044709922
5040_LeafPhotoA_2025-09-09 17_08_03.933,PI605723,3,5040_LeafPhotoA_2025-09-09 17_08_03.933-05_00_0.png,2,2.0,2.400329318730091
5041_LeafPhotoA_2025-09-09 17_06_35.509,PI601756,4,5041_LeafPhotoA_2025-09-09 17_06_35.509-05_00_0.png,2,2.0,2.3171421029037607
5041_LeafPhotoA_2025-09-09 17_06_49.187,PI601756,4,5041_LeafPhotoA_2025-09-09 17_06_49.187-05_00_0.png,2,2.0,2.0173401038858367
5041_LeafPhotoA_2025-09-09 17_07_10.859,PI601756,4,5041_LeafPhotoA_2025-09-09 17_07_10.859-05_00_0.png,2,1.5,1.9825802298406818
5042_LeafPhotoA_2025-09-09 17_05_12.378,PI613612,5,5042_LeafPhotoA_2025-09-09 17_05_12.378-05_00_0.png,2,2.5,2.038198646940099
5042_LeafPhotoA_2025-09-09 17_05_31.983,PI613612,5,5042_LeafPhotoA_2025-09-09 17_05_31.983-05_00_0.png,2,2.0,2.1481374787922785
5042_LeafPhotoA_2025-09-09 17_06_07.317,PI613612,5,5042_LeafPhotoA_2025-09-09 17_06_07.317-05_00_0.png,2,2.5,2.132915307445103
5043_LeafPhotoA_2025-09-09 17_04_13.828,Fill (Exclude),2,5043_LeafPhotoA_2025-09-09 17_04_13.828-05_00_0.png,2,2.0,2.200430463594659
5043_LeafPhotoA_2025-09-09 17_04_14.649,Fill (Exclude),2,5043_LeafPhotoA_2025-09-09 17_04_14.649-05_00_0.png,2,2.0,2.2251095061441184
5043_LeafPhotoA_2025-09-09 17_04_31.274,Fill (Exclude),2,5043_LeafPhotoA_2025-09-09 17_04_31.274-05_00_0.png,2,2.5,1.8328501571326528
5043_LeafPhotoA_2025-09-09 17_04_50.370,Fill (Exclude),2,5043_LeafPhotoA_2025-09-09 17_04_50.370-05_00_0.png,2,1.5,1.6580678525255466
5044_LeafPhotoA_2025-09-09 17_02_55.243,PI543243,3,5044_LeafPhotoA_2025-09-09 17_02_55.243-05_00_0.png,2,2.5,2.037873860956833
5044_LeafPhotoA_2025-09-09 17_03_36.589,PI543243,3,5044_LeafPhotoA_2025-09-09 17_03_36.589-05_00_0.png,2,3.0,2.202504542178955
5045_LeafPhotoA_2025-09-09 17_01_44.217,PI601556,3,5045_LeafPhotoA_2025-09-09 17_01_44.217-05_00_0.png,2,1.25,1.6791407784526937
5045_LeafPhotoA_2025-09-09 17_02_01.598,PI601556,3,5045_LeafPhotoA_2025-09-09 17_02_01.598-05_00_0.png,2,1.5,1.6615545162817091
5045_LeafPhotoA_2025-09-09 17_02_15.843,PI601556,3,5045_LeafPhotoA_2025-09-09 17_02_15.843-05_00_0.png,2,2.0,1.8737389008744194
5046_LeafPhotoA_2025-09-09 17_00_34.523,PI601553,2,5046_LeafPhotoA_2025-09-09 17_00_34.523-05_00_0.png,2,1.5,1.864115003570671
5046_LeafPhotoA_2025-09-09 17_00_49.541,PI601553,2,5046_LeafPhotoA_2025-09-09 17_00_49.541-05_00_0.png,2,1.0,1.6046463584897221
5046_LeafPhotoA_2025-09-09 17_01_05.973,PI601553,2,5046_LeafPhotoA_2025-09-09 17_01_05.973-05_00_0.png,2,1.5,1.73188862595496
5047_LeafPhotoA_2025-09-09 16_58_30.449,Fill (Exclude),2,5047_LeafPhotoA_2025-09-09 16_58_30.449-05_00_0.png,2,2.5,2.235855052000213
5047_LeafPhotoA_2025-09-09 17_00_01.993,Fill (Exclude),2,5047_LeafPhotoA_2025-09-09 17_00_01.993-05_00_0.png,2,3.0,2.1139906519268727
5048_LeafPhotoA_2025-09-09 16_57_15.379,PI601716,4,5048_LeafPhotoA_2025-09-09 16_57_15.379-05_00_0.png,2,2.0,2.2919815871016262
5048_LeafPhotoA_2025-09-09 16_57_33.651,PI601716,4,5048_LeafPhotoA_2025-09-09 16_57_33.651-05_00_0.png,2,3.0,1.934307284352213
5048_LeafPhotoA_2025-09-09 16_57_53.768,PI601716,4,5048_LeafPhotoA_2025-09-09 16_57_53.768-05_00_0.png,2,3.0,2.3289717668328853
5049_LeafPhotoA_2025-09-09 16_56_07.067,PI602600,4,5049_LeafPhotoA_2025-09-09 16_56_07.067-05_00_0.png,2,2.5,2.2255913942062824
5049_LeafPhotoA_2025-09-09 16_56_25.601,PI602600,4,5049_LeafPhotoA_2025-09-09 16_56_25.601-05_00_0.png,2,2.0,2.100514081445516
5049_LeafPhotoA_2025-09-09 16_56_41.381,PI602600,4,5049_LeafPhotoA_2025-09-09 16_56_41.381-05_00_0.png,2,2.5,1.6870250425926394
5050_LeafPhotoA_2025-09-09 16_55_09.306,PI601721,2,5050_LeafPhotoA_2025-09-09 16_55_09.306-05_00_0.png,1,2.5,1.9889585708879085
5050_LeafPhotoA_2025-09-09 16_55_24.289,PI601721,2,5050_LeafPhotoA_2025-09-09 16_55_24.289-05_00_0.png,2,1.5,1.899176211935208
5050_LeafPhotoA_2025-09-09 16_55_37.483,PI601721,2,5050_LeafPhotoA_2025-09-09 16_55_37.483-05_00_0.png,2,2.0,1.675137285715337
6001_LeafPhotoA_2025-09-09 17_14_22.845,PI601716,4,6001_LeafPhotoA_2025-09-09 17_14_22.845-05_00_0.png,2,2.5,1.916627300588989
6001_LeafPhotoA_2025-09-09 17_14_40.807,PI601716,4,6001_LeafPhotoA_2025-09-09 17_14_40.807-05_00_0.png,2,2.0,2.062448433066333
6001_LeafPhotoA_2025-09-09 17_15_10.205,PI601716,4,6001_LeafPhotoA_2025-09-09 17_15_10.205-05_00_0.png,2,2.0,3.0315784058412327
6002_LeafPhotoA_2025-09-09 17_12_27.854,Fill (Exclude),2,6002_LeafPhotoA_2025-09-09 17_12_27.854-05_00_0.png,2,2.0,1.8835129337359404
6002_LeafPhotoA_2025-09-09 17_13_20.306,Fill (Exclude),2,6002_LeafPhotoA_2025-09-09 17_13_20.306-05_00_0.png,2,2.5,1.979227477887125
6002_LeafPhotoA_2025-09-09 17_13_49.958,Fill (Exclude),2,6002_LeafPhotoA_2025-09-09 17_13_49.958-05_00_0.png,2,1.5,1.8671853484949208
6004_LeafPhotoA_2025-09-09 17_09_42.097,SC0027,3,6004_LeafPhotoA_2025-09-09 17_09_42.097-05_00_0.png,2,1.5,1.8756465175653037
6004_LeafPhotoA_2025-09-09 17_10_24.106,SC0027,3,6004_LeafPhotoA_2025-09-09 17_10_24.106-05_00_0.png,2,1.5,2.107386318842701
6005_LeafPhotoA_2025-09-09 17_08_17.026,PI534057,2,6005_LeafPhotoA_2025-09-09 17_08_17.026-05_00_0.png,2,2.0,2.315116967651641
6005_LeafPhotoA_2025-09-09 17_08_32.780,PI534057,2,6005_LeafPhotoA_2025-09-09 17_08_32.780-05_00_0.png,2,2.5,2.39587925821303
6005_LeafPhotoA_2025-09-09 17_09_01.522,PI534057,2,6005_LeafPhotoA_2025-09-09 17_09_01.522-05_00_0.png,1,1.5,1.9719840393833359
6006_LeafPhotoA_2025-09-09 17_06_53.712,PI656092,2,6006_LeafPhotoA_2025-09-09 17_06_53.712-05_00_0.png,2,1.5,1.7514595377156816
6006_LeafPhotoA_2025-09-09 17_07_18.097,PI656092,2,6006_LeafPhotoA_2025-09-09 17_07_18.097-05_00_0.png,2,3.0,2.28644211098821
6007_LeafPhotoA_2025-09-09 17_05_57.172,Fill (Exclude),2,6007_LeafPhotoA_2025-09-09 17_05_57.172-05_00_0.png,2,1.0,1.6187356504005104
6007_LeafPhotoA_2025-09-09 17_06_24.525,Fill (Exclude),2,6007_LeafPhotoA_2025-09-09 17_06_24.525-05_00_0.png,1,2.0,1.6134776856619666
6008_LeafPhotoA_2025-09-09 17_03_23.640,PI601556,3,6008_LeafPhotoA_2025-09-09 17_03_23.640-05_00_0.png,2,1.5,1.7904478312902778
6008_LeafPhotoA_2025-09-09 17_03_49.237,PI601556,3,6008_LeafPhotoA_2025-09-09 17_03_49.237-05_00_0.png,2,1.25,1.804067068213195
6008_LeafPhotoA_2025-09-09 17_04_17.476,PI601556,3,6008_LeafPhotoA_2025-09-09 17_04_17.476-05_00_0.png,2,2.0,1.7341273254594525
6009_LeafPhotoA_2025-09-09 17_01_55.280,PI601555,5,6009_LeafPhotoA_2025-09-09 17_01_55.280-05_00_0.png,2,2.5,2.3519901945654005
6009_LeafPhotoA_2025-09-09 17_02_18.695,PI601555,5,6009_LeafPhotoA_2025-09-09 17_02_18.695-05_00_0.png,2,3.0,2.620826125396075
6009_LeafPhotoA_2025-09-09 17_02_53.371,PI601555,5,6009_LeafPhotoA_2025-09-09 17_02_53.371-05_00_0.png,2,2.0,2.0036522386473385
6010_LeafPhotoA_2025-09-09 17_00_41.812,Fill (Exclude),2,6010_LeafPhotoA_2025-09-09 17_00_41.812-05_00_0.png,2,2.5,1.7005349508485148
6010_LeafPhotoA_2025-09-09 17_01_22.660,Fill (Exclude),2,6010_LeafPhotoA_2025-09-09 17_01_22.660-05_00_0.png,2,1.25,1.7441413892117634
6011_LeafPhotoA_2025-09-09 16_58_30.608,PI601553,2,6011_LeafPhotoA_2025-09-09 16_58_30.608-05_00_0.png,2,1.5,1.806767809854242
6011_LeafPhotoA_2025-09-09 16_58_56.697,PI601553,2,6011_LeafPhotoA_2025-09-09 16_58_56.697-05_00_0.png,2,1.0,1.6436717009099209
6011_LeafPhotoA_2025-09-09 16_59_32.153,PI601553,2,6011_LeafPhotoA_2025-09-09 16_59_32.153-05_00_0.png,1,1.0,1.6868281364009783
6012_LeafPhotoA_2025-09-09 16_57_05.352,PI603983,5,6012_LeafPhotoA_2025-09-09 16_57_05.352-05_00_0.png,2,1.5,1.8059215817817462
6012_LeafPhotoA_2025-09-09 16_57_21.679,PI603983,5,6012_LeafPhotoA_2025-09-09 16_57_21.679-05_00_0.png,2,1.0,1.623332983246973
6012_LeafPhotoA_2025-09-09 16_57_45.126,PI603983,5,6012_LeafPhotoA_2025-09-09 16_57_45.126-05_00_0.png,2,2.5,2.0377385522281677
6013_LeafPhotoA_2025-09-09 16_55_44.021,PI554650,2,6013_LeafPhotoA_2025-09-09 16_55_44.021-05_00_0.png,2,1.25,1.8342813279758061
6013_LeafPhotoA_2025-09-09 16_56_02.230,PI554650,2,6013_LeafPhotoA_2025-09-09 16_56_02.230-05_00_0.png,2,1.25,1.9300240562590378
6013_LeafPhotoA_2025-09-09 16_56_40.988,PI554650,2,6013_LeafPhotoA_2025-09-09 16_56_40.988-05_00_0.png,2,1.5,1.9432861864778337
6014_LeafPhotoA_2025-09-09 16_54_25.553,PI543243,3,6014_LeafPhotoA_2025-09-09 16_54_25.553-05_00_0.png,2,1.5,2.003742851442287
6014_LeafPhotoA_2025-09-09 16_54_50.169,PI543243,3,6014_LeafPhotoA_2025-09-09 16_54_50.169-05_00_0.png,2,1.5,1.8886486318324494
6014_LeafPhotoA_2025-09-09 16_55_20.029,PI543243,3,6014_LeafPhotoA_2025-09-09 16_55_20.029-05_00_0.png,2,2.0,1.8576246202286146
6015_LeafPhotoA_2025-09-09 16_51_57.556,Fill (Exclude),2,6015_LeafPhotoA_2025-09-09 16_51_57.556-05_00_0.png,2,2.5,1.9979505034895668
6016_LeafPhotoA_2025-09-09 16_48_44.576,PI606788,3,6016_LeafPhotoA_2025-09-09 16_48_44.576-05_00_0.png,1,1.5,1.9595783619479035
6016_LeafPhotoA_2025-09-09 16_49_23.408,PI606788,3,6016_LeafPhotoA_2025-09-09 16_49_23.408-05_00_0.png,2,1.0,1.7086613988741215
6016_LeafPhotoA_2025-09-09 16_51_25.872,PI606788,3,6016_LeafPhotoA_2025-09-09 16_51_25.872-05_00_0.png,2,1.0,1.7283491597310143
6017_LeafPhotoA_2025-09-09 16_47_10.661,PI554648,2,6017_LeafPhotoA_2025-09-09 16_47_10.661-05_00_0.png,2,2.0,1.8170671050695832
6017_LeafPhotoA_2025-09-09 16_47_31.103,PI554648,2,6017_LeafPhotoA_2025-09-09 16_47_31.103-05_00_0.png,2,1.0,1.8114306109079472
6017_LeafPhotoA_2025-09-09 16_48_02.296,PI554648,2,6017_LeafPhotoA_2025-09-09 16_48_02.296-05_00_0.png,2,1.75,2.2204863905484657
6017_LeafPhotoA_2025-09-09 16_48_04.736,PI554648,2,6017_LeafPhotoA_2025-09-09 16_48_04.736-05_00_0.png,2,2.5,2.215160181762252
6018_LeafPhotoA_2025-09-09 16_45_47.719,PI562623,2,6018_LeafPhotoA_2025-09-09 16_45_47.719-05_00_0.png,2,1.5,1.8214182403799755
6018_LeafPhotoA_2025-09-09 16_46_05.626,PI562623,2,6018_LeafPhotoA_2025-09-09 16_46_05.626-05_00_0.png,2,1.0,1.7156142117028443
6018_LeafPhotoA_2025-09-09 16_46_19.898,PI562623,2,6018_LeafPhotoA_2025-09-09 16_46_19.898-05_00_0.png,2,1.25,1.6691610698248918
6019_LeafPhotoA_2025-09-09 16_44_38.365,PI619402,4,6019_LeafPhotoA_2025-09-09 16_44_38.365-05_00_0.png,2,1.5,1.7075536745117623
6019_LeafPhotoA_2025-09-09 16_44_54.643,PI619402,4,6019_LeafPhotoA_2025-09-09 16_44_54.643-05_00_0.png,2,2.5,1.8511696720515896
6019_LeafPhotoA_2025-09-09 16_45_18.944,PI619402,4,6019_LeafPhotoA_2025-09-09 16_45_18.944-05_00_0.png,2,1.5,2.3033834987681705
6020_LeafPhotoA_2025-09-09 16_43_31.839,Fill (Exclude),2,6020_LeafPhotoA_2025-09-09 16_43_31.839-05_00_0.png,2,2.0,1.771215102176161
6020_LeafPhotoA_2025-09-09 16_43_52.229,Fill (Exclude),2,6020_LeafPhotoA_2025-09-09 16_43_52.229-05_00_0.png,2,1.5,1.762936945275979
6020_LeafPhotoA_2025-09-09 16_44_10.933,Fill (Exclude),2,6020_LeafPhotoA_2025-09-09 16_44_10.933-05_00_0.png,2,1.5,1.5812513799141612
6021_LeafPhotoA_2025-09-09 16_41_49.289,PI544069,1,6021_LeafPhotoA_2025-09-09 16_41_49.289-05_00_0.png,2,2.5,2.5806201048355417
6021_LeafPhotoA_2025-09-09 16_42_19.648,PI544069,1,6021_LeafPhotoA_2025-09-09 16_42_19.648-05_00_0.png,2,3.5,2.425456217057722
6021_LeafPhotoA_2025-09-09 16_42_47.946,PI544069,1,6021_LeafPhotoA_2025-09-09 16_42_47.946-05_00_0.png,2,3.0,2.6163413857047093
6022_LeafPhotoA_2025-09-09 16_39_40.952,Fill (Exclude),2,6022_LeafPhotoA_2025-09-09 16_39_40.952-05_00_0.png,2,2.5,2.0936034962803918
6022_LeafPhotoA_2025-09-09 16_40_07.051,Fill (Exclude),2,6022_LeafPhotoA_2025-09-09 16_40_07.051-05_00_0.png,2,2.0,1.7252307238483593
6022_LeafPhotoA_2025-09-09 16_40_43.421,Fill (Exclude),2,6022_LeafPhotoA_2025-09-09 16_40_43.421-05_00_0.png,2,1.5,1.5732275894389645
6023_LeafPhotoA_2025-09-09 16_38_12.155,PI574407,3,6023_LeafPhotoA_2025-09-09 16_38_12.155-05_00_0.png,2,2.5,1.7804335731764274
6023_LeafPhotoA_2025-09-09 16_38_39.420,PI574407,3,6023_LeafPhotoA_2025-09-09 16_38_39.420-05_00_0.png,2,2.5,1.8010476648451588
6023_LeafPhotoA_2025-09-09 16_39_07.292,PI574407,3,6023_LeafPhotoA_2025-09-09 16_39_07.292-05_00_0.png,2,1.5,1.8060326965229534
6024_LeafPhotoA_2025-09-09 16_36_43.765,PI601744,4,6024_LeafPhotoA_2025-09-09 16_36_43.765-05_00_0.png,2,3.0,2.254840251526937
6024_LeafPhotoA_2025-09-09 16_37_26.263,PI601744,4,6024_LeafPhotoA_2025-09-09 16_37_26.263-05_00_0.png,2,1.5,2.07849266537556
6025_LeafPhotoA_2025-09-09 16_35_27.637,PI605723,3,6025_LeafPhotoA_2025-09-09 16_35_27.637-05_00_0.png,1,2.0,2.3583228131782175
6025_LeafPhotoA_2025-09-09 16_35_46.802,PI605723,3,6025_LeafPhotoA_2025-09-09 16_35_46.802-05_00_0.png,1,1.5,2.3452809933718033
6025_LeafPhotoA_2025-09-09 16_36_06.554,PI605723,3,6025_LeafPhotoA_2025-09-09 16_36_06.554-05_00_0.png,2,2.5,2.041042382716082
6026_LeafPhotoA_2025-09-09 16_34_00.070,PI543247,5,6026_LeafPhotoA_2025-09-09 16_34_00.070-05_00_0.png,2,2.5,1.6799296492873284
6026_LeafPhotoA_2025-09-09 16_34_32.295,PI543247,5,6026_LeafPhotoA_2025-09-09 16_34_32.295-05_00_0.png,1,1.5,1.7141739488295218
6026_LeafPhotoA_2025-09-09 16_35_01.025,PI543247,5,6026_LeafPhotoA_2025-09-09 16_35_01.025-05_00_0.png,2,2.0,1.916432527671367
6027_LeafPhotoA_2025-09-09 16_32_39.056,PI605726,1,6027_LeafPhotoA_2025-09-09 16_32_39.056-05_00_0.png,2,2.5,1.9566573476265132
6027_LeafPhotoA_2025-09-09 16_32_57.658,PI605726,1,6027_LeafPhotoA_2025-09-09 16_32_57.658-05_00_0.png,2,2.5,2.1980761774038458
6027_LeafPhotoA_2025-09-09 16_33_32.836,PI605726,1,6027_LeafPhotoA_2025-09-09 16_33_32.836-05_00_0.png,2,2.0,2.1585816332181076
6028_LeafPhotoA_2025-09-09 16_31_20.804,Fill (Exclude),2,6028_LeafPhotoA_2025-09-09 16_31_20.804-05_00_0.png,2,1.5,1.9708493080934908
6028_LeafPhotoA_2025-09-09 16_31_47.400,Fill (Exclude),2,6028_LeafPhotoA_2025-09-09 16_31_47.400-05_00_0.png,2,2.0,1.6688266960843268
6028_LeafPhotoA_2025-09-09 16_32_11.308,Fill (Exclude),2,6028_LeafPhotoA_2025-09-09 16_32_11.308-05_00_0.png,2,2.0,2.267506829248003
6029_LeafPhotoA_2025-09-09 16_30_34.819,PI602600,4,6029_LeafPhotoA_2025-09-09 16_30_34.819-05_00_0.png,2,2.0,2.070927669491458
6029_LeafPhotoA_2025-09-09 16_30_57.172,PI602600,4,6029_LeafPhotoA_2025-09-09 16_30_57.172-05_00_0.png,2,2.5,2.319891820372181
6030_LeafPhotoA_2025-09-09 16_28_59.875,PI601415,4,6030_LeafPhotoA_2025-09-09 16_28_59.875-05_00_0.png,2,1.5,1.5894203178647537
6030_LeafPhotoA_2025-09-09 16_29_23.370,PI601415,4,6030_LeafPhotoA_2025-09-09 16_29_23.370-05_00_0.png,2,2.0,1.7984824658281593
6030_LeafPhotoA_2025-09-09 16_29_46.899,PI601415,4,6030_LeafPhotoA_2025-09-09 16_29_46.899-05_00_0.png,2,2.0,1.851569559573769
6031_LeafPhotoA_2025-09-09 16_27_08.654,PI596567,3,6031_LeafPhotoA_2025-09-09 16_27_08.654-05_00_0.png,2,1.5,1.7347265922261772
6031_LeafPhotoA_2025-09-09 16_27_36.309,PI596567,3,6031_LeafPhotoA_2025-09-09 16_27_36.309-05_00_0.png,2,2.5,1.9322502658057852
6032_LeafPhotoA_2025-09-09 16_25_35.723,PI605725,3,6032_LeafPhotoA_2025-09-09 16_25_35.723-05_00_0.png,2,1.0,1.8913380678433198
6032_LeafPhotoA_2025-09-09 16_26_01.816,PI605725,3,6032_LeafPhotoA_2025-09-09 16_26_01.816-05_00_0.png,2,2.0,1.7273823569504196
6032_LeafPhotoA_2025-09-09 16_26_29.121,PI605725,3,6032_LeafPhotoA_2025-09-09 16_26_29.121-05_00_0.png,2,1.0,1.7255715580170743
6032_LeafPhotoA_2025-09-09 16_26_31.835,PI605725,3,6032_LeafPhotoA_2025-09-09 16_26_31.835-05_00_0.png,2,1.0,1.7519549950881705
6033_LeafPhotoA_2025-09-09 16_23_06.280,PI596332,2,6033_LeafPhotoA_2025-09-09 16_23_06.280-05_00_0.png,2,2.5,1.9439032017912756
6033_LeafPhotoA_2025-09-09 16_23_40.350,PI596332,2,6033_LeafPhotoA_2025-09-09 16_23_40.350-05_00_0.png,2,1.5,1.915423299705915
6034_LeafPhotoA_2025-09-09 16_21_16.069,PI555457,2,6034_LeafPhotoA_2025-09-09 16_21_16.069-05_00_0.png,2,2.5,1.7263895918806427
6034_LeafPhotoA_2025-09-09 16_21_58.079,PI555457,2,6034_LeafPhotoA_2025-09-09 16_21_58.079-05_00_0.png,2,2.5,1.78682418463164
6034_LeafPhotoA_2025-09-09 16_22_18.571,PI555457,2,6034_LeafPhotoA_2025-09-09 16_22_18.571-05_00_0.png,2,1.5,1.833160207305379
6035_LeafPhotoA_2025-09-09 16_19_18.972,PI601721,2,6035_LeafPhotoA_2025-09-09 16_19_18.972-05_00_0.png,2,2.0,1.914653267822433
6035_LeafPhotoA_2025-09-09 16_19_41.324,PI601721,2,6035_LeafPhotoA_2025-09-09 16_19_41.324-05_00_0.png,2,1.5,1.598001862730009
6035_LeafPhotoA_2025-09-09 16_20_16.113,PI601721,2,6035_LeafPhotoA_2025-09-09 16_20_16.113-05_00_0.png,2,1.5,1.6676982737106716
6036_LeafPhotoA_2025-09-09 16_17_27.908,PI574397,2,6036_LeafPhotoA_2025-09-09 16_17_27.908-05_00_0.png,2,1.5,1.9656163655087944
6036_LeafPhotoA_2025-09-09 16_18_12.663,PI574397,2,6036_LeafPhotoA_2025-09-09 16_18_12.663-05_00_0.png,2,2.0,1.954695901516893
6036_LeafPhotoA_2025-09-09 16_18_38.992,PI574397,2,6036_LeafPhotoA_2025-09-09 16_18_38.992-05_00_0.png,2,2.5,2.099311048252843
6037_LeafPhotoA_2025-09-09 16_16_18.893,Fill (Exclude),2,6037_LeafPhotoA_2025-09-09 16_16_18.893-05_00_0.png,2,2.0,1.77004142983967
6037_LeafPhotoA_2025-09-09 16_16_47.656,Fill (Exclude),2,6037_LeafPhotoA_2025-09-09 16_16_47.656-05_00_0.png,2,2.0,1.702047747927112
6038_LeafPhotoA_2025-09-09 16_13_18.326,PI613613,5,6038_LeafPhotoA_2025-09-09 16_13_18.326-05_00_0.png,2,3.0,2.843523212361251
6038_LeafPhotoA_2025-09-09 16_14_10.977,PI613613,5,6038_LeafPhotoA_2025-09-09 16_14_10.977-05_00_0.png,1,3.0,2.652372461917741
6039_LeafPhotoA_2025-09-09 16_11_47.089,PI554646,3,6039_LeafPhotoA_2025-09-09 16_11_47.089-05_00_0.png,2,3.0,2.4788115925977525
6039_LeafPhotoA_2025-09-09 16_12_47.394,PI554646,3,6039_LeafPhotoA_2025-09-09 16_12_47.394-05_00_0.png,2,3.0,2.7397829982865174
6040_LeafPhotoA_2025-09-09 16_09_58.058,PI613612,5,6040_LeafPhotoA_2025-09-09 16_09_58.058-05_00_0.png,2,2.5,2.176387507116253
6040_LeafPhotoA_2025-09-09 16_10_33.353,PI613612,5,6040_LeafPhotoA_2025-09-09 16_10_33.353-05_00_0.png,2,1.5,2.066901599840649
6040_LeafPhotoA_2025-09-09 16_10_34.394,PI613612,5,6040_LeafPhotoA_2025-09-09 16_10_34.394-05_00_0.png,2,2.5,2.102899794287051
6040_LeafPhotoA_2025-09-09 16_11_19.557,PI613612,5,6040_LeafPhotoA_2025-09-09 16_11_19.557-05_00_0.png,2,2.0,2.060151681552639
6041_LeafPhotoA_2025-09-09 16_08_13.957,PI602599,2,6041_LeafPhotoA_2025-09-09 16_08_13.957-05_00_0.png,2,2.0,1.5757481110596907
6041_LeafPhotoA_2025-09-09 16_08_32.350,PI602599,2,6041_LeafPhotoA_2025-09-09 16_08_32.350-05_00_0.png,2,1.5,1.570161928419233
6041_LeafPhotoA_2025-09-09 16_09_11.708,PI602599,2,6041_LeafPhotoA_2025-09-09 16_09_11.708-05_00_0.png,2,2.5,1.686212022320429
6042_LeafPhotoA_2025-09-09 16_06_35.024,PI554649,1,6042_LeafPhotoA_2025-09-09 16_06_35.024-05_00_0.png,2,1.25,2.013934902840719
6042_LeafPhotoA_2025-09-09 16_07_34.766,PI554649,1,6042_LeafPhotoA_2025-09-09 16_07_34.766-05_00_0.png,2,1.5,1.6423660487158809
6043_LeafPhotoA_2025-09-09 16_04_16.208,PI605724,2,6043_LeafPhotoA_2025-09-09 16_04_16.208-05_00_0.png,2,2.0,2.4156179169893255
6043_LeafPhotoA_2025-09-09 16_04_58.355,PI605724,2,6043_LeafPhotoA_2025-09-09 16_04_58.355-05_00_0.png,2,1.75,2.1194643123192485
6043_LeafPhotoA_2025-09-09 16_06_03.616,PI605724,2,6043_LeafPhotoA_2025-09-09 16_06_03.616-05_00_0.png,2,2.0,2.097381935424881
6044_LeafPhotoA_2025-09-09 16_03_00.837,PI601557,1,6044_LeafPhotoA_2025-09-09 16_03_00.837-05_00_0.png,2,1.5,2.2263724541546326
6044_LeafPhotoA_2025-09-09 16_03_43.942,PI601557,1,6044_LeafPhotoA_2025-09-09 16_03_43.942-05_00_0.png,2,1.5,2.144780694213515
6045_LeafPhotoA_2025-09-09 16_01_24.061,PI613611,5,6045_LeafPhotoA_2025-09-09 16_01_24.061-05_00_0.png,2,3.5,2.79655762598255
6045_LeafPhotoA_2025-09-09 16_01_49.612,PI613611,5,6045_LeafPhotoA_2025-09-09 16_01_49.612-05_00_0.png,2,2.0,2.418401523455284
6045_LeafPhotoA_2025-09-09 16_02_20.802,PI613611,5,6045_LeafPhotoA_2025-09-09 16_02_20.802-05_00_0.png,2,3.0,2.915516727460416
6046_LeafPhotoA_2025-09-09 15_59_52.522,PI554654,3,6046_LeafPhotoA_2025-09-09 15_59_52.522-05_00_0.png,2,1.0,1.9620174595432907
6046_LeafPhotoA_2025-09-09 16_00_23.298,PI554654,3,6046_LeafPhotoA_2025-09-09 16_00_23.298-05_00_0.png,2,2.5,1.9651122615007814
6046_LeafPhotoA_2025-09-09 16_00_26.173,PI554654,3,6046_LeafPhotoA_2025-09-09 16_00_26.173-05_00_0.png,2,2.0,1.9388503078132493
6046_LeafPhotoA_2025-09-09 16_00_49.626,PI554654,3,6046_LeafPhotoA_2025-09-09 16_00_49.626-05_00_0.png,2,2.5,1.966994068764727
6047_LeafPhotoA_2025-09-09 15_58_15.285,PI594355,5,6047_LeafPhotoA_2025-09-09 15_58_15.285-05_00_0.png,2,2.0,1.6593918839528685
6047_LeafPhotoA_2025-09-09 15_58_39.641,PI594355,5,6047_LeafPhotoA_2025-09-09 15_58_39.641-05_00_0.png,2,1.5,1.8046923655120248
6047_LeafPhotoA_2025-09-09 15_59_00.070,PI594355,5,6047_LeafPhotoA_2025-09-09 15_59_00.070-05_00_0.png,2,2.0,1.9021678908991855
6048_LeafPhotoA_2025-09-09 15_56_42.727,PI574398,5,6048_LeafPhotoA_2025-09-09 15_56_42.727-05_00_0.png,2,2.0,1.9158607693511933
6048_LeafPhotoA_2025-09-09 15_57_01.049,PI574398,5,6048_LeafPhotoA_2025-09-09 15_57_01.049-05_00_0.png,2,2.0,1.6954552754296655
6048_LeafPhotoA_2025-09-09 15_57_43.525,PI574398,5,6048_LeafPhotoA_2025-09-09 15_57_43.525-05_00_0.png,2,1.0,2.1486040057771225
6049_LeafPhotoA_2025-09-09 15_54_47.227,PI561926,4,6049_LeafPhotoA_2025-09-09 15_54_47.227-05_00_0.png,2,1.0,1.7331159551383406
6049_LeafPhotoA_2025-09-09 15_55_31.935,PI561926,4,6049_LeafPhotoA_2025-09-09 15_55_31.935-05_00_0.png,2,1.5,1.9321869463536552
6049_LeafPhotoA_2025-09-09 15_56_09.732,PI561926,4,6049_LeafPhotoA_2025-09-09 15_56_09.732-05_00_0.png,2,1.0,1.6540721856145235
6050_LeafPhotoA_2025-09-09 15_53_25.398,PI601756,4,6050_LeafPhotoA_2025-09-09 15_53_25.398-05_00_0.png,2,1.5,2.2646953910500836
6050_LeafPhotoA_2025-09-09 15_53_46.186,PI601756,4,6050_LeafPhotoA_2025-09-09 15_53_46.186-05_00_0.png,2,2.5,1.9442982476877686
6050_LeafPhotoA_2025-09-09 15_54_06.626,PI601756,4,6050_LeafPhotoA_2025-09-09 15_54_06.626-05_00_0.png,2,2.0,2.0313364783715584
9129_LeafPhotoNotesA_2025-09-08 08_59_11.284,Fill (Exclude),2,9129_LeafPhotoNotesA_2025-09-08 08_59_11.284-05_00_0.png,1,1.5,2.0447962867925766
9129_LeafPhotoNotesA_2025-09-08 08_59_47.156,Fill (Exclude),2,9129_LeafPhotoNotesA_2025-09-08 08_59_47.156-05_00_0.png,2,1.5,1.8719598439378828
9129_LeafPhotoNotesA_2025-09-08 09_00_07.500,Fill (Exclude),2,9129_LeafPhotoNotesA_2025-09-08 09_00_07.500-05_00_0.png,2,1.0,1.8203651841284154
9259_LeafPhotoA_2025-09-08 12_06_51.840,Fill (Exclude),2,9259_LeafPhotoA_2025-09-08 12_06_51.840-05_00_0.png,2,1.0,1.719607819135196
9259_LeafPhotoA_2025-09-08 12_07_10.872,Fill (Exclude),2,9259_LeafPhotoA_2025-09-08 12_07_10.872-05_00_0.png,2,1.5,1.6373062960981764
9260_LeafPhotoA_2025-09-08 12_05_42.943,Fill (Exclude),2,9260_LeafPhotoA_2025-09-08 12_05_42.943-05_00_0.png,2,2.5,1.8206326154643322
9260_LeafPhotoA_2025-09-08 12_05_57.503,Fill (Exclude),2,9260_LeafPhotoA_2025-09-08 12_05_57.503-05_00_0.png,2,1.0,1.4439875871865282
9260_LeafPhotoA_2025-09-08 12_06_19.285,Fill (Exclude),2,9260_LeafPhotoA_2025-09-08 12_06_19.285-05_00_0.png,2,2.0,1.498196175874619
9351_LeafPhotoA_2025-09-09 17_07_25.532,Fill (Exclude),2,9351_LeafPhotoA_2025-09-09 17_07_25.532-05_00_0.png,2,1.25,1.7845605360371588
9351_LeafPhotoA_2025-09-09 17_07_37.530,Fill (Exclude),2,9351_LeafPhotoA_2025-09-09 17_07_37.530-05_00_0.png,2,1.0,1.707725716649032
9351_LeafPhotoA_2025-09-09 17_08_11.021,Fill (Exclude),2,9351_LeafPhotoA_2025-09-09 17_08_11.021-05_00_0.png,2,1.5,1.8769847641568185
9351_LeafPhotoA_2025-09-09 17_08_21.018,Fill (Exclude),2,9351_LeafPhotoA_2025-09-09 17_08_21.018-05_00_0.png,2,1.0,1.8564785247741042
9353_LeafPhotoA_2025-09-09 15_50_42.685,Fill (Exclude),2,9353_LeafPhotoA_2025-09-09 15_50_42.685-05_00_0.png,2,3.0,2.594507070698212
9353_LeafPhotoA_2025-09-09 15_52_14.635,Fill (Exclude),2,9353_LeafPhotoA_2025-09-09 15_52_14.635-05_00_0.png,2,2.5,2.41805406535544
9353_LeafPhotoA_2025-09-09 15_52_48.229,Fill (Exclude),2,9353_LeafPhotoA_2025-09-09 15_52_48.229-05_00_0.png,2,3.5,2.4616514627631365
9354_LeafPhotoA_2025-09-09 16_55_46.656,Fill (Exclude),2,9354_LeafPhotoA_2025-09-09 16_55_46.656-05_00_0.png,1,3.0,2.3095974175772107
9354_LeafPhotoA_2025-09-09 16_56_00.197,Fill (Exclude),2,9354_LeafPhotoA_2025-09-09 16_56_00.197-05_00_0.png,2,2.0,1.714854087800852
9354_LeafPhotoA_2025-09-09 16_56_13.356,Fill (Exclude),2,9354_LeafPhotoA_2025-09-09 16_56_13.356-05_00_0.png,2,1.5,1.758489992775114
