feature,mean_feature_importance,sd_feature_importance,min_feature_importance,max_feature_importance,rank
embedding_std_274,0.023487683170142125,0.002887595100081843,0.01959456334324625,0.026248489192263122,1
embedding_std_633,0.017545183641365685,0.0015430534579743789,0.014836943010928036,0.018660680090401695,2
embedding_std_343,0.016581983739625904,0.0037374296424509297,0.011468872851402825,0.02138542174251394,3
embedding_std_743,0.015261480527509048,0.0014774417441129415,0.013233545080200044,0.017073476141836033,4
embedding_mean_534,0.014485629488230997,0.003347269827624268,0.010128281570532256,0.01805062186429197,5
embedding_std_438,0.013379768703188216,0.0017781635352583426,0.01065718728525253,0.015454219957665154,6
embedding_mean_1007,0.012171537823177083,0.0006403917798259154,0.011507863309158504,0.012832142531424548,7
embedding_std_111,0.011843627852369424,0.0023217509069682505,0.0091615304918535,0.014770783995757692,8
embedding_std_580,0.0105281517333896,0.0028167221518046997,0.006711848234774466,0.014536381803033155,9
embedding_std_136,0.010098053091843114,0.0005860203259943459,0.009443592087125894,0.010714438418079356,10
embedding_std_467,0.009930316336154101,0.002448707020767671,0.007843323859313123,0.013853771110020029,11
embedding_mean_168,0.009832406452866722,0.001435567059049562,0.008301774569454362,0.011919941351542432,12
embedding_mean_274,0.009788529564158118,0.0023790694781049525,0.007622692070076541,0.01302779698552679,13
embedding_mean_1010,0.00963022351046216,0.00169894918231261,0.008247108912205276,0.01231191349371553,14
embedding_mean_626,0.009338438748674604,0.0011576307607538616,0.007654459536074612,0.010791879614936795,15
embedding_std_3,0.008715596007120557,0.0003276223677365114,0.008460552098315768,0.009250383916651759,16
embedding_std_621,0.008659920325195157,0.002246218732552437,0.006234283645732928,0.012145795128365607,17
embedding_std_496,0.008572576654398515,0.0029579472445070793,0.004616678359529191,0.012231176045524685,18
embedding_std_817,0.00807908198132078,0.0011088012398866006,0.006289463511757947,0.009305335970428041,19
embedding_std_161,0.008035313345316776,0.0012971367176829727,0.006511601983839568,0.009508932538683264,20
embedding_mean_26,0.007775829328473739,0.0016788069267860547,0.006212289498099214,0.010471962323971408,21
embedding_mean_865,0.007477536675071598,0.0012201822278677496,0.006089585357810858,0.008759690113249473,22
embedding_std_247,0.007091892134648545,0.00183392450533498,0.0038584686590613913,0.008220862113323858,23
embedding_mean_1017,0.006620150136076727,0.0009482692969800928,0.005306075613186756,0.0073281773044295215,24
embedding_std_18,0.005946596001310965,0.0020584340089628097,0.0044346100641460265,0.009449405437379661,25
embedding_mean_889,0.0058061226227126604,0.0006114631841179259,0.005173772641231169,0.006631445582465354,26
embedding_mean_111,0.005728251725485464,0.0011424666540275144,0.004309540528044991,0.007151671655164829,27
embedding_std_135,0.005723430756685873,0.0011970856528403147,0.004206439414510623,0.007130491707435705,28
embedding_std_29,0.005526468257658847,0.001082883160948891,0.004253706184531871,0.007017620896405317,29
embedding_std_794,0.005446777128773509,0.001786160741931228,0.0036012220627546997,0.00831866536950444,30
embedding_mean_717,0.005426381131779979,0.0017241162267614934,0.00373838023287414,0.00799489311221484,31
embedding_mean_595,0.0054097887919136774,0.0005929273070457589,0.004673770802461833,0.006274924129039024,32
embedding_std_216,0.005187421390654274,0.0008880806422348768,0.004165698707548428,0.006474581946568603,33
embedding_mean_204,0.005177239309641674,0.0005221004357125957,0.004461157466310061,0.005919031218455395,34
embedding_mean_426,0.005171930592897154,0.0010522809278154768,0.004033870106257188,0.006283590858051576,35
embedding_mean_359,0.004959976614679153,0.0018921720398977775,0.002435329338056917,0.006842389051194748,36
embedding_mean_440,0.004831613405430209,0.00143017654871285,0.003621879758459337,0.00685731773823148,37
embedding_mean_547,0.004788272289800831,0.0008147085489118175,0.003975117278735557,0.005957245264476665,38
embedding_mean_456,0.004437778212210788,0.00037797734102912295,0.003979938226266779,0.004857928061979156,39
embedding_mean_565,0.004351385522522252,0.0010817789671127504,0.002422072400166575,0.004918301674415116,40
embedding_mean_242,0.004129968243813795,0.00085107749790871,0.00325875137645341,0.005159169626623771,41
embedding_mean_991,0.004116828660921902,0.0006544847806382838,0.0035939735829384205,0.00486202827746274,42
embedding_std_955,0.003955138185208938,0.0012401805832401044,0.002812645879296968,0.00576307222396975,43
embedding_mean_11,0.003807845421723867,0.0013365403404176897,0.0026658947674057533,0.0060850946441786,44
embedding_std_182,0.003767262957844917,0.0007297827443140635,0.003075890820387883,0.004989383432347605,45
embedding_mean_971,0.0037288489103138533,0.0005468888680634554,0.003165409754741765,0.004358887801069348,46
embedding_mean_374,0.003707751414383658,0.0007930003373300254,0.0027732148588899106,0.004960885832704592,47
embedding_mean_439,0.003618866778119173,0.0003510071104278063,0.003151624763769123,0.004035357905255342,48
embedding_mean_185,0.003557097036854378,0.0011732594483293674,0.0022820776320072846,0.0053079541404051885,49
embedding_std_2,0.0035452737397087875,0.000480682498988819,0.0027264581113709643,0.0039448381453726575,50
embedding_mean_283,0.0034600913162748047,0.0004255021320909205,0.003036581742575294,0.003981519689971181,51
embedding_mean_653,0.0034090975518101404,0.0005827362291575287,0.0030774293890241055,0.00444830736605584,52
embedding_mean_864,0.003340452250545207,0.00046513529264868056,0.002827100939898287,0.004046252280338601,53
embedding_std_815,0.003325418767976348,0.0010731942209458226,0.0019118385972408136,0.004657941641752308,54
embedding_mean_288,0.0031259774798533257,0.00037859104140416293,0.0025956802145979214,0.00346164057278621,55
embedding_mean_783,0.0031156975586136603,0.0010882352961722615,0.0014682767290628666,0.004419858078102536,56
embedding_mean_592,0.003043156843499998,0.00026371371676871193,0.0027464288374712455,0.003351530839204588,57
embedding_mean_422,0.0030203053542012083,0.0003343726603578036,0.0025365842189292447,0.00336649010718297,58
embedding_mean_107,0.0029996488580693046,0.0005168605359579897,0.002599487161422742,0.0039027709587042742,59
embedding_std_1007,0.0029865552079504894,0.00047349273997259313,0.002492195253135149,0.0035019068678530363,60
embedding_mean_384,0.0029681920384219433,0.0008420101266871866,0.002211120787752749,0.004081173294200754,61
embedding_std_691,0.002954734114247396,0.0006237889401867671,0.002245491040727752,0.0036583810238787593,62
embedding_std_336,0.002897520281416169,0.0006648320203588542,0.0019308087494207282,0.0036519424737438606,63
embedding_std_763,0.002878804625053886,0.0014547315434481798,0.0017691523237697263,0.005398668721786034,64
embedding_std_975,0.0028425443916747454,0.0004945909091849626,0.002175429778618459,0.0034735647465730874,65
embedding_std_828,0.0027689524332062715,0.0006157275827754485,0.001953732694551938,0.0035887933836731786,66
embedding_mean_629,0.0027621736521067893,0.0005982246536572582,0.0023437425647764173,0.0038029562275211735,67
embedding_mean_368,0.0027220444692412768,0.00032042578974969397,0.002343839061085362,0.003222379187385344,68
embedding_std_265,0.0026214047905900274,0.0006647383349891169,0.0018238381156473885,0.0036300782027898965,69
embedding_mean_691,0.0025959316353793504,0.00038948828466870404,0.002094190280933503,0.003093935698519994,70
embedding_mean_112,0.002582516525957839,0.0006664271781796424,0.0017502247435948709,0.0034935849149545966,71
embedding_mean_620,0.0025707510406323903,0.0002685183619358331,0.002321235048403506,0.003000939558346254,72
embedding_std_10,0.002515163594268374,0.000518300100225137,0.001946000300916529,0.0031576679246269044,73
embedding_std_386,0.002505137455474946,0.0010809915037781367,0.0017076636418229805,0.004388584483854818,74
embedding_std_50,0.002477111016215629,0.000303911419502052,0.0020566922979388274,0.002816487870505274,75
embedding_mean_974,0.002450640089562256,0.0007220940996655457,0.0017084208296487238,0.0034776691211655646,76
embedding_mean_633,0.002444640447551199,0.00047904358630341984,0.0017743781166632943,0.0030203002788078944,77
embedding_mean_826,0.00235164345877614,0.000851248825860441,0.0017631650408173243,0.0038093571198057406,78
embedding_mean_642,0.0023460982892300887,0.0006572834928628813,0.0016580845312700802,0.0033786862677623384,79
embedding_std_368,0.0023459947399748914,0.0005104964043362248,0.00166766333111858,0.0029493450973870085,80
embedding_mean_317,0.002337798731797429,0.000460805703808005,0.0018876546646538425,0.002990151674131685,81
embedding_std_626,0.002302468505730051,0.0006891003408522892,0.0014919784888596836,0.0033798103956022216,82
embedding_mean_710,0.0023013072996183647,0.00037317700434191483,0.0018167483380445266,0.002659195540782076,83
embedding_mean_376,0.002267511933266103,0.0004730231492873188,0.0017322138896125718,0.0029789390709325865,84
embedding_std_591,0.0022173315563835576,0.0009875443009780534,0.001011629830646467,0.003310450513914241,85
embedding_mean_467,0.002194057721402761,0.00019889331670673225,0.001951559223819031,0.0024288221997819707,86
embedding_mean_130,0.0021909159182340173,0.001009776209708096,0.0012270489249478415,0.003847751390925444,87
embedding_std_13,0.0021425029826316853,0.00045796106981747765,0.0017599491117947608,0.0029355180778270944,88
embedding_std_254,0.0021038582442340073,0.000264319194758162,0.0018049818058359368,0.0024052450019868155,89
embedding_std_110,0.0020523004045560392,0.000565973012480192,0.0012289031705566382,0.0026979164864475024,90
embedding_std_245,0.0020421728565068772,0.0005399794747077431,0.0014613335411127431,0.0028858770088054844,91
embedding_std_620,0.001961844735098625,0.0009629221103242485,0.0007242182296293658,0.003422436292608456,92
embedding_mean_97,0.001918824068152137,0.0004472568094415341,0.001376258156089949,0.0024972537886318595,93
embedding_mean_821,0.0019006509527839568,0.0004141232561357823,0.0015489505767772175,0.0023766844912346554,94
embedding_std_122,0.001839362021334658,0.00038177364643285415,0.0014941986384765901,0.002285139509302766,95
embedding_std_297,0.0018267377056114579,0.0002488948117305343,0.001566929287978948,0.0022386730638527153,96
embedding_std_547,0.0018207228281819422,0.0005262481085727221,0.0013566251909159252,0.0026785523957312952,97
embedding_mean_636,0.0017891510203758368,0.0006407220789817622,0.0012346766997627758,0.0028979664590050224,98
embedding_std_909,0.0017603399898694437,0.0004751962686751473,0.0012590958690098899,0.002395352085568925,99
embedding_std_204,0.0017595803370629045,0.00035020385182538204,0.0012663669892372393,0.0022222652258787365,100
embedding_mean_986,0.001738818703070436,0.00015617934500438145,0.0015738723199449527,0.0019425065135568959,101
embedding_std_288,0.0017360182038484745,0.0002266489614036143,0.0014607339154355922,0.002054335183465329,102
embedding_std_598,0.0016836263674496227,0.0004331953789998136,0.001224599699596487,0.0022964663680249803,103
embedding_mean_362,0.0016804947463763917,0.00038092553331726795,0.001098103789509829,0.002116259933365321,104
embedding_std_715,0.001668372559841405,0.000353010254724855,0.0012969427233469899,0.0022363251625327992,105
embedding_std_904,0.0016381723179845077,0.0002477670691268397,0.0012602816170655074,0.0018618408044687206,106
embedding_std_510,0.0016369040914454979,0.0003581741983216094,0.001362479325913947,0.0022541187715761097,107
embedding_mean_438,0.001617335291378997,0.00023972917656567286,0.0012746635218394114,0.0018996287847759643,108
embedding_mean_18,0.0016107701066444247,0.0002870386552077746,0.00136131144390886,0.0019677555837120096,109
embedding_std_667,0.001570498653876844,0.00030120109906828604,0.0011896042448371294,0.0020175629415943603,110
embedding_mean_755,0.0015367499255999931,0.00039488886025782616,0.0010602715252566997,0.002053663585471207,111
embedding_mean_600,0.001519722926507545,0.0003851519460510389,0.0011690283064379355,0.002085300783577182,112
embedding_mean_917,0.0014949936248388111,0.0003224177735666059,0.0009562531089320462,0.0017559685167681763,113
embedding_std_545,0.0014846217250070162,0.00030157547071878133,0.0011194814098304815,0.0018524599266086105,114
embedding_mean_487,0.0014758567460968464,0.00025704337628894747,0.0011697686734704878,0.0018310384098941446,115
embedding_std_168,0.0014689690369349613,0.000243049841419715,0.0012467709003483546,0.001845754581039606,116
embedding_mean_836,0.0014683298753166703,0.0002620234603794695,0.0011933561135493629,0.0017941612648958865,117
embedding_std_1019,0.00145095476936682,0.0004563815012213181,0.0009772778897572788,0.002032756931552091,118
embedding_mean_662,0.0014390272784790797,0.00019096588777790298,0.001248241951058522,0.001703336121073284,119
embedding_mean_689,0.0013945664976467006,0.0005072546662317766,0.0008353705940441588,0.0022114096744826088,120
embedding_std_921,0.001377714737539296,0.0006668387881940362,0.0007536007214279632,0.0023079313359758926,121
embedding_mean_843,0.0013621696804283834,0.0006917976372670724,0.0006169797658153998,0.0022598283842762456,122
embedding_mean_910,0.001322339195358128,0.000647836159309566,0.0003493531891662578,0.0021672532750745457,123
embedding_mean_815,0.0013149723181300594,0.0003810912371141517,0.0009643279153397704,0.0019522691211548053,124
embedding_std_956,0.0013021165324071673,0.0005726574542728393,0.0006420922662490655,0.001906298025220468,125
embedding_mean_715,0.001250579251272442,7.79080713598302e-05,0.0011511839354432824,0.0013437852612295435,126
embedding_std_396,0.001250293983473387,0.00042215384648273675,0.0008572746479626812,0.0019362791008617649,127
embedding_mean_955,0.0012480295949013176,0.00014288342694476224,0.001079498341465904,0.0014617285987883943,128
embedding_mean_1013,0.0012461111144886267,0.00019368894206462931,0.0010642908550623034,0.0015435631659836493,129
embedding_mean_828,0.0012424910651514592,0.0003098095527655001,0.00099171067649472,0.001772543186040435,130
embedding_mean_243,0.0012422906438273487,0.000615168638706661,0.0008208318625765492,0.00227736993794518,131
embedding_std_497,0.0012312888856703121,0.00035366713894502015,0.0006283419083213394,0.0015445200029241535,132
embedding_mean_985,0.0012272538971432102,0.00020713560726523566,0.0010094709533927696,0.0015061741303529664,133
embedding_std_4,0.0012267290165074302,0.00040654315239134476,0.0006411155883259095,0.0016641998104305147,134
embedding_std_211,0.0012164312956246283,0.0002554054515619969,0.0009923676198149074,0.0015744948068553263,135
embedding_std_441,0.0012146528571916075,0.00038177824659623794,0.0008220704683360258,0.0017216380378776376,136
embedding_std_810,0.0012115181065572636,0.00037131894389790736,0.0006784956689634403,0.0015772288707855855,137
embedding_mean_956,0.0012031424731059224,0.00040175685960250373,0.0009117094141548274,0.0018486474765764397,138
embedding_mean_522,0.0011896953558970297,0.000405423945491614,0.000733783508795443,0.0016429759484744223,139
embedding_mean_216,0.0011857693045044932,0.00018590799747231028,0.0009018859948131249,0.0014050820853037827,140
embedding_mean_859,0.0011618496597018226,0.00022111101249812243,0.0009483976917305842,0.001531876461266585,141
embedding_mean_117,0.0011542303811235414,0.00034671679658976876,0.00079111107166034,0.0016043604650514886,142
embedding_mean_8,0.0011511983592027149,4.606096906142879e-05,0.0010757284876999602,0.0011945988646932272,143
embedding_mean_494,0.0011354331111188222,0.0003665371469172171,0.0008556579189755848,0.001589379661677858,144
embedding_mean_610,0.0011235277067652048,0.00016366444184592264,0.0008937535636660089,0.0013013112402894998,145
embedding_std_951,0.0011233555982314597,0.00038864495522739957,0.0007380052833328904,0.0016417087633449423,146
embedding_std_359,0.001102423390351692,0.0001412760941091923,0.000943494995953255,0.001310122110958829,147
embedding_std_837,0.001097376019268278,0.0002229403351614126,0.0007625634585270032,0.0013767709451091173,148
embedding_mean_325,0.0010933636056510404,0.0002796452924758824,0.0008873124265152262,0.001574899410750893,149
embedding_std_736,0.0010799794985505416,0.00023733323082426132,0.0007666662491000664,0.0013944545251983404,150
embedding_mean_638,0.0010693646168626202,0.00010153537191757781,0.0009222369579002203,0.0011834041467358293,151
embedding_mean_697,0.0010602436586857659,0.0002520119179584343,0.0006539413519941708,0.0013074129737420215,152
embedding_mean_80,0.0010465577509353205,0.0003581155275192536,0.0006837057385956036,0.0016395558150875964,153
embedding_std_439,0.001043349828143633,0.00014243661809250195,0.0009382661472262552,0.0012931119406897544,154
embedding_mean_124,0.0010397352419676364,0.0002291717817608113,0.000819400271743676,0.0013996354645631722,155
embedding_std_965,0.0010357373840938016,0.0003921098498951331,0.0006315225497663428,0.0016695072281927002,156
embedding_mean_454,0.0010244166413384981,0.00013193227054855003,0.0009043577029998823,0.0011756395375771519,157
embedding_std_190,0.0010237596095255615,0.00026762301178785296,0.0008255422498393231,0.001488363714119656,158
embedding_mean_12,0.001022617876602274,0.0003774169829764316,0.0008004008249739075,0.001694413461398243,159
embedding_std_138,0.0010159883532549038,0.00018288805673150898,0.0007558297044883366,0.0012480116354417529,160
embedding_mean_861,0.001005831298788612,0.0003485208305071524,0.000542748289875719,0.0015221786926254135,161
embedding_std_650,0.001000388503493721,0.00034905944182009324,0.0004946613015817708,0.001347614484368147,162
embedding_mean_244,0.0009953052515492536,0.0004435989368626774,0.0005421762637876441,0.0016556046919577458,163
embedding_std_361,0.0009945970348095787,0.00023981302398658427,0.0006838690379895354,0.0013223849626653622,164
embedding_mean_1021,0.0009925107983172038,0.0004111065645234361,0.0005254896541573435,0.0015302077723084117,165
embedding_mean_259,0.0009890260376093298,0.00023144918727638854,0.0006307151987233105,0.001199166662977242,166
embedding_mean_23,0.0009847010054017742,0.0003289240928428945,0.000656423574401791,0.0014177307786235585,167
embedding_mean_135,0.0009807724915701656,0.00024397330345667478,0.0006688989361250184,0.001225613432624841,168
embedding_mean_978,0.0009702796287326496,0.0002690607908676973,0.0006308359639582895,0.0012841469420168624,169
embedding_std_392,0.000969214086155343,7.977260643764036e-05,0.0008462526275171549,0.0010429266424629977,170
embedding_mean_813,0.0009617543239019231,0.0002074745598092953,0.0007000832103974719,0.001258563275411615,171
embedding_mean_817,0.0009613398921992106,0.00014137507384590994,0.0008125333156088853,0.001162612817709715,172
embedding_std_1009,0.00095988564185694,0.00031100390753492125,0.0004935048157819088,0.001292408644313281,173
embedding_mean_496,0.0009199118820222271,0.000360013202583492,0.00028816701939891014,0.0011891004255871105,174
embedding_std_96,0.0009164007748192756,0.0001451460622954295,0.0007371002192688298,0.0011106220127615552,175
embedding_mean_1008,0.0009050843536509671,0.00022164708096941688,0.0007099598871803076,0.0012546042313238495,176
embedding_std_56,0.0009024241660133886,0.00015630482957730487,0.0006931236071374123,0.0010544413217958978,177
embedding_std_418,0.0008938064735464666,0.0003682196766527262,0.0005848331897821002,0.0015011885597880532,178
embedding_mean_750,0.0008934341982447892,0.00016253611341006112,0.0006346909605907061,0.0010830199410743694,179
embedding_mean_756,0.0008861021869918148,0.0002824742826220173,0.0005991009416441522,0.0013483496121250132,180
embedding_mean_390,0.0008849809239357095,0.00028751613744547094,0.0005393448164199013,0.001165953543847829,181
embedding_std_846,0.000884794081419397,0.00015052962584770056,0.0007079798460973134,0.0010133557101542111,182
embedding_mean_136,0.0008827302321824722,0.0002215310101679168,0.0006424794255277397,0.001100541471908916,183
embedding_std_678,0.0008762795492634571,0.00015520012022530877,0.0006682828013002398,0.001055652521904558,184
embedding_std_610,0.0008742649783802499,0.00017756372267619798,0.0005657343189892998,0.000992504240627077,185
embedding_std_63,0.0008689124680012052,0.0003637086855173159,0.0005401282713273475,0.001412867287653516,186
embedding_std_440,0.0008626230992667408,9.15012273854744e-05,0.0007194571439904503,0.0009732426757017633,187
embedding_mean_16,0.0008592732314324353,0.00019108238477919483,0.0006315863531401205,0.0011533895434062927,188
embedding_mean_729,0.0008464658144262443,0.00011881782509968324,0.0007136324308194896,0.0009926016371398034,189
embedding_std_721,0.0008415935486257561,0.00028772364862475117,0.0005252184304889768,0.0011480418494323847,190
embedding_std_839,0.0008407963276097221,0.00011728859812162096,0.0006468010956819731,0.0009380696316390499,191
embedding_mean_529,0.000837363543228796,0.00028218234462734437,0.0005367727652733662,0.001215654416422353,192
embedding_mean_277,0.0008334979015587154,0.0004489654396588613,0.0005002953700046365,0.0016090317107216206,193
embedding_std_553,0.0008202013378380161,0.00014513857535449336,0.0006953615352961372,0.0010429708114931204,194
embedding_mean_806,0.0008173908829174302,9.920439466866442e-05,0.0007185496539780981,0.0009477379734617026,195
embedding_mean_502,0.0008163043777983877,0.00041605093625503596,0.0004049865731113443,0.0014911833182650245,196
embedding_mean_830,0.0008162683105887696,0.0003234205274188487,0.0003889826439619248,0.0011869927926272247,197
embedding_std_73,0.0008135964326212415,0.00021023258197863594,0.0005463183928653726,0.001110293475757707,198
embedding_mean_881,0.000808039225919522,0.00023313212934287868,0.00045093722836592594,0.0010870437172808287,199
embedding_mean_773,0.0008054194345588628,0.00023608839429679673,0.0005200617193323923,0.0011293604733836216,200
embedding_std_6,0.0008029536859956901,0.00022501260279493215,0.0006028510892879628,0.0010563267211216077,201
embedding_std_655,0.0007909684746507051,0.00029953907079269574,0.00041164411368509825,0.0012414052957399324,202
embedding_mean_437,0.0007894768903303204,0.00018280978163050227,0.000588332011022698,0.0010227690013655537,203
embedding_mean_32,0.0007704449944869869,0.0001716220101593414,0.000525811124850059,0.0009658919146121982,204
embedding_mean_761,0.0007669553111575339,0.0001991195340534454,0.00048343877243400244,0.0009462996760927983,205
embedding_std_889,0.0007650096069104528,8.651946019800018e-05,0.0006669538529907286,0.0008797012806529352,206
embedding_mean_810,0.0007645362447547075,0.00025192724528959434,0.00038601613613376413,0.0009999642885927388,207
embedding_std_381,0.0007582999435726888,0.00016429695038705993,0.0005619197105173823,0.0009479568041790443,208
embedding_std_797,0.0007572173654718854,0.0001597454123760038,0.0006056076088510765,0.0009926680262314503,209
embedding_mean_247,0.0007561447886463657,0.00013887813572823542,0.0005622955194228237,0.0008920131916280497,210
embedding_mean_211,0.0007537628429229359,0.00024696727456405645,0.0004840879208555733,0.0011206489130858636,211
embedding_std_437,0.0007526373186943496,0.00026535035806936645,0.0005021053505837598,0.0010447547884440383,212
embedding_std_143,0.000748221210931029,0.0002047155228707319,0.0005926581530836037,0.0010419707701761994,213
embedding_mean_997,0.0007478876996969591,0.00011200753646468715,0.0006562585146565964,0.0009429269452105905,214
embedding_mean_59,0.000743245116763403,0.00019170763780202793,0.0004096560516539498,0.0008828583783038438,215
embedding_mean_571,0.0007376490815572095,0.00024008458654028002,0.00048082311754259443,0.001132465206419587,216
embedding_std_134,0.0007376010285870221,0.0002726264647871891,0.0005079195456758301,0.0010999178145308082,217
embedding_mean_123,0.0007347172303198921,0.00037010507081923884,0.00029395216895239075,0.0013082822792116538,218
embedding_mean_282,0.0007339075563055225,0.0002724667608402615,0.0005527938589353196,0.001211166072362057,219
embedding_mean_923,0.0007302867929840526,0.00022235593008887122,0.0005240011341746626,0.0009932292000735148,220
embedding_std_710,0.00072887892066979,0.00026118987867165,0.0004828707216655709,0.0011605273600844561,221
embedding_mean_88,0.0007275276011180899,0.00020654631023505696,0.0005081639786176044,0.0010516229853234384,222
embedding_std_952,0.0007226480883237187,0.0002843393266925912,0.0004885335863315355,0.0011935338606191732,223
embedding_mean_281,0.0007192834271601142,0.00012924395516419432,0.0005273000493062306,0.0008907525640477955,224
embedding_std_263,0.0007186500986328753,5.8260527443294343e-05,0.00062051609074612,0.0007682555769737876,225
embedding_std_903,0.0007169199882428211,0.00027008668352911563,0.0004297675531206099,0.0009801440147937616,226
embedding_mean_265,0.0007150420090119434,0.00019943927956901178,0.00047992067693794255,0.0009658731195850828,227
embedding_mean_134,0.0007069841669961605,0.00023055247190577563,0.00047189995268501726,0.0010522553961741312,228
embedding_mean_1019,0.0007065243573970478,8.059182643620063e-05,0.0005963260130888906,0.0008095646415140239,229
embedding_mean_901,0.0007008733079621158,7.241291680124208e-05,0.0006120549744588157,0.0007770726012271437,230
embedding_mean_393,0.0006998861987280107,0.00014755258506613607,0.0004556977166631941,0.0008237556507400237,231
embedding_std_864,0.0006988816914133471,0.00015331108119601313,0.0005935817176663746,0.000969904739071843,232
embedding_mean_493,0.0006886376290290564,0.00011985730667562184,0.0004824226747244293,0.0007835087819464256,233
embedding_std_734,0.0006835696483015201,0.000300513807686644,0.00045228927027890915,0.0011775607526488658,234
embedding_mean_819,0.0006819669632280792,0.0001909609343387032,0.0004394048346965735,0.0008850359647207417,235
embedding_std_713,0.0006811695346729989,0.0001159645488301887,0.0005367809656189943,0.0008403608700953599,236
embedding_mean_441,0.000681089819883677,0.00016063605053772705,0.0005696678310842894,0.000928369399363522,237
embedding_mean_718,0.0006804222930208034,0.00010897087778241018,0.0005323302126268026,0.0007979233010420176,238
embedding_mean_937,0.000675779910049306,0.00020540194909760814,0.00038166175560256017,0.0008597946333033554,239
embedding_mean_871,0.0006749009779942012,0.00014181286779031745,0.00046337290822629114,0.0008169228028856293,240
embedding_mean_257,0.0006734053871586802,0.00016134315374340417,0.000465290619083907,0.0009160155802113832,241
embedding_std_612,0.0006691777348561934,0.00015831560498327945,0.00046261653848925227,0.0008491673216136613,242
embedding_mean_556,0.0006641028761706011,0.0002520788505492311,0.0003535342946620485,0.0010003980783725797,243
embedding_mean_656,0.0006614295851559414,0.00021332945374210523,0.0003728490819141384,0.0008601337518655188,244
embedding_mean_631,0.0006595810977720463,6.445529884427587e-05,0.0005961393585282395,0.0007480033276470842,245
embedding_mean_760,0.0006521526639821818,8.032348534087618e-05,0.0005368852785479429,0.0007493562551171188,246
embedding_std_1010,0.0006498582940161624,0.00015483960637206783,0.0005027749879691021,0.0008789315863230176,247
embedding_mean_233,0.0006462657354529279,0.00017572903199771905,0.00037929750949410485,0.0008143538492210247,248
embedding_std_681,0.0006429668849953294,0.00023201292048949146,0.0004668645143910284,0.00104565099602305,249
embedding_std_194,0.0006408303383173061,0.00015337232845909804,0.00047725956041194396,0.0008256141096221262,250
embedding_std_784,0.0006279744739159392,0.00021280565689968788,0.000407287300505265,0.0009666480448955023,251
embedding_mean_323,0.000625065320506063,0.0002579992111433763,0.0003767155725240834,0.001046489574401569,252
embedding_mean_73,0.0006225703866110107,0.00026476126496400557,0.00037078379856537644,0.0010199785700294927,253
embedding_mean_108,0.0006217993929859469,0.0002788036232003828,0.00030305552633568407,0.0009065412780565803,254
embedding_mean_182,0.0006207121991269714,0.00013980470662953428,0.00042210316081426615,0.0007269170146942217,255
embedding_std_415,0.0006204415570174435,0.00022824960179814745,0.0003247600103270574,0.0009395857483772681,256
embedding_std_1017,0.0006185136457968192,0.00015318975545433562,0.0004759428947544336,0.0008553894748890469,257
embedding_mean_153,0.000618141515489378,4.6277121969537244e-05,0.0005570727242605477,0.0006742949606390856,258
embedding_std_869,0.0006164100822585668,0.0003356716067417938,0.00039488192924867695,0.0012082703578489347,259
embedding_mean_411,0.0006143034529567864,0.00018226891297585848,0.00047374468324033015,0.0009294116941832193,260
embedding_std_411,0.0006107178567302848,0.00010928163813577685,0.000465980606254439,0.0007331582718223731,261
embedding_mean_497,0.000607519513318613,0.00014430307106781836,0.00046225222296346645,0.0008295067115743457,262
embedding_mean_566,0.0005980823999786414,8.978397402100138e-05,0.0005033535372445195,0.0007098171664610989,263
embedding_mean_525,0.0005936244673559862,0.00012920933000925587,0.0004559862348423726,0.0007408781345897018,264
embedding_std_566,0.0005878737101649822,0.0001290160748066129,0.0004243786645630456,0.000746659512911054,265
embedding_std_11,0.0005763843974851404,5.9800312359508054e-05,0.0005076809067245662,0.0006538639465090213,266
embedding_mean_920,0.0005758359299716748,9.835436868065746e-05,0.0004558838977517702,0.0006824152410409588,267
embedding_mean_310,0.0005701201637976592,0.0001671658158050729,0.0003401834333740417,0.0007712380841543395,268
embedding_std_83,0.0005686204825747889,4.0400622818141617e-05,0.0005194426410007906,0.0006093863388855782,269
embedding_std_201,0.0005681124458327896,0.00010579182877319908,0.0004281335247948822,0.0006780552530266296,270
embedding_std_243,0.0005616087168102418,7.683609963374245e-05,0.0004548795316380229,0.0006475959131356958,271
embedding_mean_1020,0.0005536239576060904,0.0001271629317898339,0.00044584899980115776,0.000756624972639798,272
embedding_std_410,0.0005531959666553899,5.848430775725228e-05,0.00047200129677574753,0.0006262977470619164,273
embedding_mean_260,0.0005523918383874679,9.176401938579768e-05,0.0004650242474001773,0.0006857212002196075,274
embedding_std_425,0.0005507871446215815,0.0001355153114161418,0.0004319004423594147,0.00077203455313702,275
embedding_mean_1018,0.0005501115319706374,0.00022869105467979286,0.00022877766475911185,0.0008274440185049931,276
embedding_std_80,0.0005457207258322619,0.0001441741237818932,0.00029536671564660776,0.0006665469847970736,277
embedding_mean_377,0.0005453931011564644,7.385366963186805e-05,0.00048361326904759196,0.000635877376906241,278
embedding_mean_774,0.0005405963434409681,8.536525328818094e-05,0.00043907598894707243,0.0006716866925784895,279
embedding_std_512,0.0005396266342917758,0.00011997003574706536,0.00041871800773984457,0.0006791016337706375,280
embedding_mean_13,0.0005393543432348422,0.00014537470840147464,0.0004291077963373933,0.000780893680432942,281
embedding_mean_588,0.0005380114198326194,7.364013230189219e-05,0.0004240057138463131,0.0006184616678735275,282
embedding_mean_249,0.000537111997964003,0.00017939087696314243,0.0003755053464096593,0.0007975704928030781,283
embedding_mean_627,0.0005352191761900081,0.00013032279420126545,0.0003349912052140158,0.0006479128263955304,284
embedding_mean_850,0.000534281737022018,0.0001427849213144885,0.0004326995981876361,0.0007755034404429989,285
embedding_mean_387,0.0005341948505114059,0.00010840320463865124,0.00043659485093664217,0.0006957443505179146,286
embedding_mean_24,0.00053212002375894,0.00014753821194100664,0.0003592921450547668,0.0007537819968147719,287
embedding_mean_794,0.0005315478768231945,6.105597774302819e-05,0.00044424800725590893,0.000600224248115948,288
embedding_mean_725,0.0005271964125248375,0.00018764326327623245,0.00030489014804537787,0.0007695535263653933,289
embedding_mean_663,0.0005269136117641244,0.0001461500308919014,0.00038727046612467895,0.0007688855703183707,290
embedding_std_312,0.000525691338870246,3.981596791963672e-05,0.000491038534469062,0.0005862671437406871,291
embedding_std_267,0.0005242835205448767,0.00010366873857927915,0.0004150428714189897,0.0006572925724053614,292
embedding_std_543,0.0005193248910005554,0.0001589458208446368,0.00030141419468137276,0.0007412551812235986,293
embedding_mean_882,0.0005173398874834545,5.2037621129943374e-05,0.00045666158706189435,0.0005830041100481243,294
embedding_std_600,0.0005142342220071936,0.00013607800543174678,0.0003051024898846057,0.0006817651838476157,295
embedding_mean_1011,0.000512501430192594,9.523221901405272e-05,0.00040294678170813415,0.0006075343704263658,296
embedding_std_826,0.0005122797724734056,9.85823988479948e-05,0.00036083341100432207,0.0006055023923572456,297
embedding_std_450,0.0005076105303502802,0.00014567681026891844,0.00031966483317210986,0.0006382246974655196,298
embedding_std_616,0.0005003852109508487,0.00013282947447128894,0.00029753772630010785,0.0006565692066558533,299
embedding_mean_372,0.0004998122544089401,0.00012609694905108495,0.00032261277040914886,0.0006758704294668831,300
embedding_std_517,0.000498202262321397,7.597815381360786e-05,0.0004291966766885066,0.0006249070573226494,301
embedding_mean_226,0.0004965617676233498,0.00011623255735022997,0.00042235818406870907,0.000701334068587686,302
embedding_mean_1,0.0004935652371751679,0.00022348165066661362,0.000274180045441609,0.000824655997175766,303
embedding_std_213,0.0004901159467772095,4.5245663087492024e-05,0.000446852579407786,0.0005613580891147653,304
embedding_mean_434,0.0004887077959654853,8.797793761707375e-05,0.0003733639704396256,0.0005900241276061141,305
embedding_mean_457,0.0004884485936160682,0.00018636920490973036,0.00025782992708857404,0.0007786582211846585,306
embedding_mean_273,0.0004884399485202673,4.985267538919583e-05,0.00044111720916794884,0.0005619695619935541,307
embedding_std_940,0.00048736267077601213,1.2437603415327385e-05,0.0004734495480327515,0.0005052783087215549,308
embedding_mean_743,0.000486389514117997,7.648656329983471e-05,0.00038051871702937,0.0005770263878370086,309
embedding_mean_898,0.00048468754261279235,0.00014029975764923763,0.00031132113198628766,0.0006739654405332555,310
embedding_std_624,0.00048301738394438895,0.00016034277569016258,0.0003562471932507993,0.0007258711433473021,311
embedding_std_531,0.00047768598126850535,0.00017564560526643744,0.0003463345431067084,0.0007794524927139092,312
embedding_mean_77,0.0004731152147231337,8.628965550685076e-05,0.00035790354480507894,0.0006011917712081329,313
embedding_std_597,0.00047123101680383677,3.097385384153456e-05,0.00044797944034233236,0.0005194676681283178,314
embedding_mean_381,0.0004707083270687054,7.613497608213234e-05,0.00039488577725890804,0.0005764985270058646,315
embedding_mean_767,0.00046749434432309423,0.00013100666138092396,0.00038163486832463024,0.000694642384029593,316
embedding_mean_625,0.0004674075322112935,8.431687486319413e-05,0.0003878846802518521,0.0005989794226554415,317
embedding_std_405,0.0004649288632300857,6.266738232238477e-05,0.0003769729331958243,0.0005490492313873992,318
embedding_mean_587,0.0004618563025163407,0.00023828135156857966,0.00028132507636104837,0.0008745951572272592,319
embedding_mean_50,0.00046138203732190157,9.581703063859276e-05,0.000359931067487233,0.0006184627371611696,320
embedding_mean_925,0.00046114985942041374,3.3489299400837385e-05,0.0004278931128386527,0.0005139388898529826,321
embedding_std_876,0.0004578927128604035,9.641945431843602e-05,0.0003750202804170318,0.0006110817705385394,322
embedding_std_578,0.0004562036798847377,0.00014996749449529634,0.0003008444089420166,0.0006957122725067249,323
embedding_mean_880,0.00044652770985140704,0.0001510815242258327,0.00022899817517828492,0.0006008696112648693,324
embedding_std_653,0.0004440447877814865,0.00010852066412881695,0.0002910077306891708,0.0005763968737632417,325
embedding_mean_569,0.0004425949078347642,0.00015630503907059165,0.00026034110744865743,0.0006745606186067986,326
embedding_std_87,0.00044046647483332314,3.3604835936355786e-05,0.0004174575291957744,0.0004988276399208201,327
embedding_mean_370,0.0004398084465556274,9.4457979041325e-05,0.00035173970300913745,0.0005925776394558745,328
embedding_std_807,0.000439200800860247,0.0001874216593496406,0.00028493886974190305,0.000728978047707525,329
embedding_std_915,0.0004389127912079071,3.5967240859951405e-05,0.0004103998930081713,0.0005002116282114523,330
embedding_mean_442,0.0004384560061535987,0.00010752863175093213,0.0003050302764178262,0.0005736999921962647,331
embedding_mean_747,0.000437523210321881,9.576107258765349e-05,0.00028470503808176605,0.0005254251926091188,332
embedding_std_504,0.0004348720291773172,8.76550037831835e-05,0.0003201883798064347,0.0005569401317980358,333
embedding_std_988,0.0004346733836946471,9.063701154084051e-05,0.0003545139740066026,0.000590745729838244,334
embedding_mean_617,0.0004336883382753453,3.96045796129179e-05,0.0003749624912744552,0.000479410078462399,335
embedding_std_1016,0.0004328634890833199,5.851253425503323e-05,0.0003335528712019609,0.0004851620735968828,336
embedding_std_385,0.00043043746618340203,7.528918790143493e-05,0.00034373772601746467,0.0005201842223670857,337
embedding_std_406,0.00043014956276878037,7.309605695420037e-05,0.0003318315799895965,0.0005346156130955092,338
embedding_std_663,0.0004249176352240725,0.00010589342896014953,0.00030709705959905507,0.0005086257880448871,339
embedding_mean_450,0.00042105629106127106,0.00011780990287409542,0.00026583690590503944,0.0005897614002855203,340
embedding_mean_332,0.00041793442823769846,0.00012880747418216252,0.0002885840143109442,0.0006301467971447779,341
embedding_mean_492,0.0004173730234449592,8.403321883875564e-05,0.0003464614947620248,0.0005594159424812815,342
embedding_mean_678,0.0004149611108155614,0.0001225975377058733,0.00028117338557744954,0.0005893344255742815,343
embedding_mean_775,0.0004117816729131962,0.00014150548487319508,0.0002771706563085546,0.0006397491541066387,344
embedding_mean_159,0.00041075423680390335,7.747086331687834e-05,0.0003221941806770775,0.0005047775200124827,345
embedding_std_727,0.0004092257001088357,7.942225612680083e-05,0.0002780462896643389,0.0004698252163472219,346
embedding_std_604,0.00040918404609580793,0.00013926779997312008,0.00025330794742247145,0.0006133084018937945,347
embedding_std_249,0.0004084998334891421,5.154886123908009e-05,0.00032268780743440574,0.00044355506367739326,348
embedding_std_260,0.000403634796613028,9.55542183631383e-05,0.0002562993563668764,0.0005004809083777407,349
embedding_std_479,0.0004019451234509927,0.00010787375565203487,0.00028198045815290546,0.0005596295908676563,350
embedding_std_275,0.0004018661670589103,8.187725560235774e-05,0.0003029802036927632,0.0004932521654655591,351
embedding_std_836,0.00039593992356975777,5.163166624880013e-05,0.0003150357130573155,0.0004533658500039366,352
embedding_mean_392,0.00039563913597147424,8.907696409783677e-05,0.0002693642538544195,0.0005193787708733292,353
embedding_std_592,0.0003954397365360804,0.00013332641554193286,0.00023805686485290378,0.0005244499667731412,354
embedding_std_22,0.00039471810907110535,9.169788394017784e-05,0.00026445859692755764,0.0004911632287128236,355
embedding_std_811,0.00039316468553249404,3.998992886260866e-05,0.00034851676553340386,0.000457320165327957,356
embedding_mean_276,0.0003917419423811617,6.938313925005076e-05,0.00027942450127503885,0.00044284898168377667,357
embedding_mean_516,0.00039055623074316526,9.055739870949971e-05,0.0003163841179142519,0.0005436616777754767,358
embedding_mean_39,0.0003880986229536363,3.636248901200793e-05,0.0003553446661707639,0.00044959983875499603,359
embedding_std_830,0.0003880764450148266,0.00020285978902766726,0.00012380210960849058,0.0006555330215052211,360
embedding_std_894,0.0003858057114505304,0.00011065576659241488,0.0002512434088448108,0.0005271426517026208,361
embedding_std_471,0.0003852523865356896,9.877105268147858e-05,0.00021372026081139218,0.0004671174075543343,362
embedding_std_752,0.0003846520851680498,6.446197518348506e-05,0.0002756846930982109,0.0004422603790920342,363
embedding_mean_41,0.0003846273547459745,5.774220408382761e-05,0.000315208336132371,0.0004428084830664448,364
embedding_std_244,0.00038408689012180635,0.000115956282111442,0.00026257419465429004,0.0005086634033742887,365
embedding_mean_837,0.00038379753435340317,0.00010289144782308474,0.00021798765561404588,0.00048252613388093926,366
embedding_mean_429,0.0003829545452573355,6.482024686148456e-05,0.00028089370615818796,0.00045852197090921125,367
embedding_mean_343,0.00038195243387767746,2.7398046302298334e-05,0.00035717936424289437,0.000426416332121006,368
embedding_mean_1004,0.0003806080292514875,0.0001830068229106093,0.00023866190412115922,0.0006772051236594519,369
embedding_std_1018,0.00037964008621125254,6.002102675418515e-05,0.000308798430793605,0.00043745919729504127,370
embedding_mean_737,0.00037928100076148704,3.0028704023997677e-05,0.0003400474985608725,0.0004223935835140983,371
embedding_std_86,0.0003785563027365181,5.567356862912466e-05,0.00030961953312454334,0.000452271315733128,372
embedding_std_525,0.0003779565209562824,0.00016859497266038937,0.00022294767703584243,0.0005938258252668348,373
embedding_std_32,0.00037498829713824666,6.98238850147677e-05,0.0002753126482810204,0.00045864291334187266,374
embedding_mean_624,0.0003747209157455915,9.401327567169655e-05,0.000268521519468988,0.0005090804295105264,375
embedding_mean_876,0.0003699216108982879,4.9511139252465164e-05,0.00030759220762440766,0.00042627781630936063,376
embedding_mean_342,0.00036978309507692663,0.00011468448564654478,0.0002091665095327715,0.00048482275787564363,377
embedding_mean_1016,0.00036950845604230386,6.768663814655014e-05,0.00028968423732329455,0.0004444620681202342,378
embedding_mean_970,0.00036797752912496326,0.00015883450449323083,0.00023982727723977998,0.0006138112025712692,379
embedding_mean_944,0.00036701824987242135,7.245936410230585e-05,0.0002515303035679313,0.00043480090960095196,380
embedding_mean_148,0.00036661602965291457,7.786977599830469e-05,0.0002743143333012355,0.0004786036134058997,381
embedding_mean_101,0.0003666017723524646,9.353661288559657e-05,0.00021508530175648894,0.0004693202831796389,382
embedding_mean_601,0.00036628975484848884,7.854512653309202e-05,0.00028962429439795707,0.00047907303347536874,383
embedding_mean_731,0.00036399351068847774,2.7480337050951444e-05,0.00033365023187621723,0.00038553438917876976,384
embedding_std_865,0.0003615093813448182,3.049578115367796e-05,0.0003185608527429004,0.00039781035309155433,385
embedding_std_422,0.0003610194134344068,0.00012843141531508826,0.0002076861617245862,0.0005580467970394709,386
embedding_mean_532,0.0003601678428446473,9.59218775918599e-05,0.00022272641456234332,0.00046054051921729286,387
embedding_mean_388,0.0003597819971407622,4.846418514972068e-05,0.000301755255074568,0.00042097509150411063,388
embedding_mean_322,0.0003596816588336044,7.328657809254392e-05,0.00027473140084284016,0.000465784845855764,389
embedding_mean_962,0.00035916338212983517,6.120858825197036e-05,0.00030849467771011706,0.0004585318180625921,390
embedding_mean_946,0.00035911790782693775,6.278415711351857e-05,0.00028435924003001125,0.00042928069435034625,391
embedding_mean_580,0.0003590743434173572,0.00010415651584029643,0.00020403077025254223,0.0004931016519408906,392
embedding_mean_796,0.00035891441466326585,6.378963110508675e-05,0.00028999892408226543,0.0004237050242052841,393
embedding_mean_863,0.00035708970572212944,7.657217872187608e-05,0.0002402556848176512,0.00042706567805989693,394
embedding_mean_61,0.0003563302336327821,0.00011838789193871815,0.00018561858254092904,0.0004665237598580186,395
embedding_mean_463,0.00035300898611292095,8.462486614218465e-05,0.0002266174467753742,0.00043045748621833684,396
embedding_mean_190,0.0003498394282046154,0.00013617488298296363,0.0001877157708778281,0.0005448520712464837,397
embedding_mean_409,0.00034918619227304685,8.623512589987583e-05,0.00022438373276174086,0.0004629071419494758,398
embedding_mean_96,0.0003452616196094697,6.280752130479501e-05,0.0002514054418015724,0.00040147852329253163,399
embedding_mean_318,0.0003446507315190649,0.00010957609447874294,0.0002479306796225037,0.0005207717257889716,400
embedding_std_730,0.000342470827376531,1.8639589740296577e-05,0.00032031051169844536,0.000366965701065041,401
embedding_mean_361,0.0003423186373202929,8.183700487572525e-05,0.0002093625699705577,0.00040867534362957813,402
embedding_mean_919,0.00034189684432904435,9.786843926576008e-05,0.0002659285639857542,0.00049930373072911,403
embedding_std_126,0.0003417227774842237,3.990200986197919e-05,0.00027547392628971066,0.0003735018912835094,404
embedding_mean_616,0.0003411466127076555,3.420544632106709e-05,0.0002872200962348596,0.0003704656178426933,405
embedding_mean_597,0.00034082598538443594,9.299360157127216e-05,0.00021089501999258436,0.0004539146479746618,406
embedding_std_388,0.0003401459920637975,6.347348296246168e-05,0.0002548492270918486,0.0004180014432617131,407
embedding_mean_801,0.000338873847020837,0.0001727157968045428,0.00021010847379111805,0.0006319302705297846,408
embedding_std_93,0.00033765291968774434,7.092216704576712e-05,0.00023185513420003284,0.0004041382330267767,409
embedding_mean_945,0.0003369774047320467,0.0001478159226335877,0.00024333168271216345,0.0005964704292719663,410
embedding_std_463,0.0003358844470334561,6.491850245421545e-05,0.00022372595380551187,0.00039168730884419327,411
embedding_std_141,0.00033449475073514285,4.5064800197000696e-05,0.0002600591310913749,0.0003722017857247206,412
embedding_mean_823,0.00033426698481049655,0.0001169984280393841,0.00021887818807663832,0.00048321447867711746,413
embedding_mean_171,0.0003341940330050281,8.307895652226209e-05,0.0002444191875974367,0.0004590346116563217,414
embedding_mean_504,0.000333688827370878,4.6982536116810077e-05,0.00027870139227389795,0.0004083845375162628,415
embedding_std_409,0.00033340444075710983,3.6696612955289555e-05,0.000294266539940962,0.0003908947428004571,416
embedding_mean_483,0.00033315378435327107,0.00011672071238159476,0.00022360411712014545,0.0004996332196803505,417
embedding_mean_398,0.0003324114503878469,9.457079038560051e-05,0.0002558681892972426,0.0004969415361187878,418
embedding_mean_15,0.0003323687712491104,0.00012057368720415147,0.00016178934785559797,0.0004600374449612059,419
embedding_mean_1006,0.0003318980511598512,0.00010207971776832913,0.00022130431133565669,0.0004955061645237916,420
embedding_mean_443,0.000331758315329191,8.41886821632179e-05,0.00023503881921711474,0.00046438836416978665,421
embedding_mean_462,0.0003297154803515574,4.35769004423024e-05,0.00028116443467291917,0.00038218507528716924,422
embedding_std_200,0.00032815507573878537,7.103695848409944e-05,0.0002547715351265845,0.0004164254712426634,423
embedding_mean_145,0.0003272629909460697,3.161614848423384e-05,0.0002930331900644328,0.0003586912183691411,424
embedding_std_844,0.0003248533245116537,8.472840949035103e-05,0.00023334082911726547,0.00042556980672892167,425
embedding_std_549,0.0003241601988100194,6.541363828742861e-05,0.00024806837991118,0.00041869282775039787,426
embedding_mean_174,0.0003233842748952208,7.211225803966272e-05,0.0002566842878421539,0.000441731050371178,427
embedding_mean_807,0.0003232189791462807,7.898043795902832e-05,0.00022585396082722384,0.00041382144230536695,428
embedding_mean_337,0.0003225859686465769,4.3205223448007944e-05,0.00027923574864713985,0.00038346509062876387,429
embedding_mean_64,0.00032162925179576786,7.810739824505744e-05,0.0002465524721224357,0.0004437365163045158,430
embedding_std_273,0.0003216157044559093,8.859736307138915e-05,0.00022122593814522898,0.000440860425900646,431
embedding_mean_176,0.0003216118811333298,0.00011386610527395478,0.00017725711732507134,0.0004527260363626101,432
embedding_std_832,0.00032145323431927327,7.631349007423277e-05,0.0002272379759380034,0.0004201075800590827,433
embedding_mean_45,0.00032138699542032316,4.323232560873258e-05,0.00025774792435924714,0.0003788318965192327,434
embedding_mean_151,0.0003212917108913179,6.798434469730431e-05,0.00020866220920025006,0.0003878851496603623,435
embedding_mean_208,0.0003202547701606843,5.938228204855422e-05,0.00026045053404809857,0.00040307949261834936,436
embedding_mean_30,0.0003200927342821854,7.764333217575411e-05,0.00025112634452938506,0.0004454214143722846,437
embedding_mean_611,0.00031891312389695014,5.6796173975053686e-05,0.00024697080878389685,0.00039192233979676116,438
embedding_mean_517,0.00031852319332488456,0.00011375227513116949,0.00022479734044282527,0.000499071826890074,439
embedding_mean_34,0.00031805793561546987,6.11612553250549e-05,0.0002612655338147732,0.000414578351125503,440
embedding_mean_14,0.0003179130748054407,6.546914094426607e-05,0.0002321391776045679,0.00040157734369980513,441
embedding_mean_524,0.0003178652894589939,2.8027107586336156e-05,0.00027076748081568527,0.000340210241399848,442
embedding_std_857,0.00031780290682695045,9.627075920327669e-05,0.00021207792946194835,0.00042780237450190374,443
embedding_mean_555,0.00031313030630407976,9.992136942866871e-05,0.0002402432832495003,0.000485193084855974,444
embedding_mean_498,0.00031182418686943045,5.6362570976187256e-05,0.0002472954488735755,0.00037519062123675455,445
embedding_mean_995,0.00031054071985504395,0.00011434090235664628,0.00015700653462845976,0.0004357720032953664,446
embedding_std_33,0.0003100542751185076,4.7764107793449235e-05,0.00026343775761670737,0.00037119260576155713,447
embedding_std_541,0.0003098094562630267,2.837277946403432e-05,0.0002816426721838772,0.00035557981557013965,448
embedding_mean_992,0.00030837574481615927,5.086844045874041e-05,0.00024387735514621206,0.0003636502180470691,449
embedding_mean_448,0.00030757482443625225,0.00011196589934905401,0.0002209930403436344,0.0004958575284611577,450
embedding_std_842,0.0003074962552747108,5.619728294320372e-05,0.0002449395812573147,0.0003969098704218078,451
embedding_mean_728,0.00030696586732620947,0.00011516087722238788,0.0002272977211334393,0.0005075178414164309,452
embedding_mean_654,0.000305918918891036,5.742351034757433e-05,0.00023538069858836775,0.0003679047256373498,453
embedding_std_104,0.0003058487638530155,6.39698176840599e-05,0.0002140980923870016,0.00038430522162291,454
embedding_mean_993,0.000305580282739025,8.526708399087587e-05,0.0001913770408352409,0.0004261594183334884,455
embedding_mean_225,0.00030440285778108943,3.853070864782627e-05,0.0002601344953229121,0.000363015746275059,456
embedding_mean_713,0.0003031193151585777,5.793633127712289e-05,0.000244396874666141,0.00039060695272513034,457
embedding_mean_939,0.0003030662118574591,0.00010037643089981392,0.00023129842875618204,0.0004759164345982193,458
embedding_mean_738,0.00030270349086033933,4.4701065465589646e-05,0.00023435225427246849,0.0003482870867716176,459
embedding_mean_495,0.00030088570803008387,7.573590765257473e-05,0.000216309334189223,0.00040266684997382693,460
embedding_std_571,0.0003004361162060835,5.2034483060965886e-05,0.00021927001099743073,0.0003596087945192637,461
embedding_mean_883,0.0003003009572556754,3.7117333366351536e-05,0.00024206737938076278,0.00034525674076660735,462
embedding_std_947,0.00030027875373420863,9.594868506793878e-05,0.0001812156119080825,0.0003902481169546017,463
embedding_mean_300,0.0003002029359031813,0.00011013370739744632,0.00018581200761093178,0.00047505177385477354,464
embedding_mean_892,0.00030013536583387024,0.00010245525477658647,0.00018932848990898786,0.00045259014878251403,465
embedding_mean_67,0.0002999529721589976,2.8068483987605604e-05,0.0002659774526682845,0.00033693462955347635,466
embedding_mean_348,0.0002992340083533797,0.00010094974657644624,0.0001761376853122212,0.00042502823120477455,467
embedding_mean_118,0.0002990911269354632,0.00011542889337127495,0.00020434803508217285,0.0004962665228161798,468
embedding_std_962,0.0002990657168020719,5.2389760955545296e-05,0.0002210334382430019,0.0003667408591982573,469
embedding_std_276,0.00029835318730254805,8.567699606876154e-05,0.0001996057807599206,0.0003846729169660234,470
embedding_mean_508,0.00029773735015012576,0.00010302972555601173,0.00018554762931481062,0.0004259893490947537,471
embedding_std_169,0.0002969884283491302,6.420986279540639e-05,0.00023833039760285556,0.0004046568588205758,472
embedding_std_304,0.0002966404552854843,4.792977693423155e-05,0.00021519963239748468,0.00033594364556134554,473
embedding_mean_699,0.00029626369381790553,3.696499925116378e-05,0.00023909313857154954,0.0003249330829161303,474
embedding_mean_706,0.0002961990860106502,7.442980702478862e-05,0.0002253590066542314,0.0004111152921229927,475
embedding_std_524,0.0002959362913838528,6.292780633638311e-05,0.0002300943029467174,0.0003844310697898284,476
embedding_mean_278,0.00029592820528396126,9.513657183081412e-05,0.00021390867013201307,0.00045221426255963077,477
embedding_mean_42,0.0002954778188995426,0.0001405794382446552,0.0001758282048102504,0.0005334399444140924,478
embedding_std_996,0.000295413900258765,7.830344357139564e-05,0.0001894989040886063,0.0003751025116481548,479
embedding_std_177,0.0002907201373763675,6.641429729006381e-05,0.00024298511917317234,0.00040787500303662074,480
embedding_std_328,0.00029069385942004036,8.19728960914523e-05,0.00020787176621672396,0.00039758794328255534,481
embedding_std_217,0.00029063847107903566,5.8848735295144734e-05,0.00019132560615760523,0.00033396022342426635,482
embedding_std_698,0.0002906285590026046,6.46404332992771e-05,0.00023953875022376988,0.00040338383779166866,483
embedding_mean_143,0.0002902738894120241,7.161049412415094e-05,0.00022694710254625281,0.00039410157531865713,484
embedding_mean_701,0.0002897448305976731,7.024824861617613e-05,0.00019398541566488387,0.0003669891652640465,485
embedding_std_219,0.000288388609385806,0.00010878117342796107,0.0001926467981582607,0.00047330706447783216,486
embedding_std_812,0.0002876681687328228,0.00013296186767432718,0.0001397257770011318,0.0004997259142467075,487
embedding_mean_271,0.0002867421890755563,1.7187617334812972e-05,0.0002658112436364518,0.0003133740460506437,488
embedding_mean_468,0.00028616002652767056,4.216153682425737e-05,0.00022204296863955579,0.0003225848840005574,489
embedding_mean_0,0.0002860606563274728,7.441775665683611e-05,0.00020089638996798246,0.0003850925799688434,490
embedding_std_166,0.0002857681780719107,0.00012610133734814575,0.00015067913250584996,0.00044630196885889136,491
embedding_std_840,0.0002849764343748968,2.9798725742399e-05,0.00024291535287536393,0.000324627004490322,492
embedding_mean_237,0.0002842174018702352,0.00015859937966512287,0.00012628705747911974,0.0005488578477053796,493
embedding_mean_125,0.0002839015724762228,0.00010655390609801289,0.00020337542843263922,0.00046376261645818983,494
embedding_mean_435,0.00028380529756903575,3.556705833974621e-05,0.000235306575872352,0.00033334987605241,495
embedding_std_534,0.00028262956112044585,9.404601371045833e-05,0.00013710282419024888,0.0003867832137493614,496
embedding_std_499,0.0002823108932050237,6.097042005698607e-05,0.00021296352468225404,0.0003568592099722994,497
embedding_std_227,0.0002818044320292214,6.470729087294914e-05,0.0002053390875302952,0.000351691502621493,498
embedding_mean_553,0.0002816978191881376,9.651650852513878e-05,0.00017777297052438463,0.00044084791613512264,499
embedding_std_987,0.0002813640927455942,4.8549761392596905e-05,0.00021967922797626457,0.00034397263997585877,500
embedding_mean_263,0.00028132414569418247,6.559427110387922e-05,0.0001943973118347175,0.00037549394290031454,501
embedding_std_500,0.00028096558104845175,4.766967508396568e-05,0.0002041407837904907,0.00032658320045976915,502
embedding_std_938,0.0002807700019692331,3.436540129476643e-05,0.00023814644587648187,0.00031813170792463106,503
embedding_std_913,0.00028021692277662016,5.272377709525235e-05,0.00020484636125488133,0.0003454033961761171,504
embedding_mean_824,0.0002797566165794634,6.377412672476896e-05,0.00021096603246559527,0.00038455642045674796,505
embedding_std_69,0.00027949010695361477,2.3476688955355423e-05,0.0002535463515005233,0.0002998917630629717,506
embedding_std_353,0.00027915110673791907,5.965650253247259e-05,0.000175860716148584,0.00032434552075875277,507
embedding_std_39,0.00027896736132676037,4.8541635182634885e-05,0.00020446392955658722,0.00033788050483667576,508
embedding_std_848,0.00027883741960901836,6.653355274161085e-05,0.0002105560046627015,0.00038945294303863393,509
embedding_mean_86,0.00027866460887467136,5.7639765914548135e-05,0.00019995249441686448,0.00034651118406878753,510
embedding_std_731,0.00027865126247808114,6.921545290263264e-05,0.00017719276108387925,0.0003480421786022521,511
embedding_std_107,0.00027844382590660343,0.00011273638142607914,0.00018246665635983074,0.0004572309079300599,512
embedding_mean_328,0.00027839084910059945,4.196661922245381e-05,0.00021741069529138227,0.000320530997563317,513
embedding_std_424,0.0002778948593295043,7.635528079696204e-05,0.0001535309909973492,0.00034399429021060617,514
embedding_mean_212,0.00027545115874480323,5.5605008353687954e-05,0.00022129222418419385,0.0003457712070530322,515
embedding_mean_686,0.00027531186345325934,6.565512614062123e-05,0.0001665098056555391,0.0003291825971266086,516
embedding_mean_943,0.0002749266491180636,4.620439161973587e-05,0.00020113646182967496,0.00032820815498104246,517
embedding_mean_802,0.00027361214056724026,6.699902163081362e-05,0.00019180277043877924,0.00035978259041731915,518
embedding_mean_966,0.00027345203750788225,3.3941526372015954e-05,0.00022333989536024837,0.0003176140341992839,519
embedding_mean_577,0.000272628137107902,7.127500451379446e-05,0.0001751872600546772,0.0003519958813008144,520
embedding_mean_3,0.00027232755560379853,5.898653045609264e-05,0.00021216202281791846,0.00036466626579860305,521
embedding_mean_129,0.00027194434368676913,5.795557846571339e-05,0.0001839699423814134,0.0003352230524434324,522
embedding_std_131,0.00027091116354636046,2.4128361087664093e-05,0.00024031190712411757,0.00029892671462878814,523
embedding_std_303,0.00027021233104869175,7.421277597507323e-05,0.00016174741573928,0.0003461398348340958,524
embedding_std_660,0.00027001778429858604,8.65793972321581e-05,0.00015476787430485076,0.00036011532914164394,525
embedding_std_1023,0.00026962934195899814,3.7606255313978664e-05,0.00022819693414820392,0.0003295176011404672,526
embedding_mean_591,0.0002695628578231758,0.00010109845109056638,0.000110207334138821,0.00037817333624556404,527
embedding_std_555,0.00026953328158091524,4.98812722941202e-05,0.00020635261026999175,0.0003252204831929405,528
embedding_mean_470,0.0002693042169710539,7.2509669627983e-05,0.00019863497176914334,0.0003626688588269667,529
embedding_mean_357,0.00026863553725875726,0.0001792239575914109,0.00012910897804793673,0.0005810796865866261,530
embedding_std_220,0.0002685005827304372,6.494417831631434e-05,0.00015763754009672393,0.0003243327574772331,531
embedding_mean_650,0.00026819384577143337,5.781337025213085e-05,0.00020057642169069313,0.00034182993117979146,532
embedding_mean_132,0.0002678909115096477,6.907736510076032e-05,0.00020539831740928392,0.0003688786710811465,533
embedding_std_560,0.0002677927069578916,6.846462914492023e-05,0.00015223301122828327,0.0003191395682573024,534
embedding_std_98,0.00026760682478143703,5.763390885974045e-05,0.00019538055816249267,0.00034749059349768724,535
embedding_mean_365,0.0002675939986354858,6.18024522731617e-05,0.00017367990224897718,0.0003373497444240599,536
embedding_std_986,0.00026676883174618117,4.24345244932448e-05,0.00023440171372468682,0.0003351401224852919,537
embedding_mean_75,0.00026668078056387584,7.805036376011829e-05,0.00016493904905494805,0.00036377078911593023,538
embedding_std_582,0.00026654937083872034,4.52382425369551e-05,0.00022668334978456742,0.0003285693467430477,539
embedding_std_539,0.0002657314762069077,3.3990958679605026e-05,0.00021234235925039044,0.00030262022588035996,540
embedding_std_146,0.00026557998277967323,4.305950614404181e-05,0.00019727648640631808,0.000313935895714281,541
embedding_mean_770,0.0002648692695962489,2.636977466471261e-05,0.000221603929461334,0.0002892175824944068,542
embedding_mean_324,0.00026478293797467897,4.5837738475095014e-05,0.00019988478910779628,0.000305034815383522,543
embedding_mean_1009,0.00026454460749638416,3.629384579436658e-05,0.00021865100115693283,0.00030031818836410913,544
embedding_std_502,0.0002644946987322157,8.775419945518627e-05,0.00018832116646461559,0.00038294722737005775,545
embedding_std_786,0.00026444163515041265,8.884645790907727e-05,0.0001253821895308902,0.000354617554305973,546
embedding_mean_102,0.0002643868947166841,7.186141269325293e-05,0.00015244233811072402,0.0003319707070538561,547
embedding_std_43,0.00026361429197844355,8.274570926086043e-05,0.00016294331361833123,0.000383325698904815,548
embedding_mean_172,0.00026214496462812495,7.424411774858955e-05,0.00014804801876133183,0.00034795653526739265,549
embedding_mean_150,0.00026184715885213354,4.096888700137924e-05,0.00021802119008107015,0.00030912841296944834,550
embedding_std_248,0.00026154129377931355,8.211348994933024e-05,0.0001489225700786897,0.0003697106082395115,551
embedding_std_762,0.0002614210421256942,5.772969995935435e-05,0.00017906410098658185,0.0003203529419704959,552
embedding_mean_2,0.0002613775678739933,5.480667707892734e-05,0.0001989544271246039,0.00034871286497382444,553
embedding_std_390,0.00026127345345573896,4.873812130568204e-05,0.0001860456746868518,0.0003035838912842061,554
embedding_std_770,0.0002611944128199471,4.444531792704867e-05,0.00020658015134156517,0.00032901259333554823,555
embedding_std_349,0.00026105887771685996,5.097966354001756e-05,0.00017390376722482395,0.00030510617675273325,556
embedding_mean_841,0.00026038089314143304,6.58007881883624e-05,0.000155702028054799,0.0003385884817623497,557
embedding_mean_94,0.00026018825802025947,1.9880226935071947e-05,0.00024367082997223732,0.00029283823352677503,558
embedding_std_630,0.00026009885861650065,6.436519600964509e-05,0.0002050997344400951,0.0003693692540848949,559
embedding_mean_19,0.0002579561695463248,6.443823979201367e-05,0.00019015983905560626,0.0003410412054611075,560
embedding_mean_868,0.000256386069514669,4.4472575626286895e-05,0.00018879311946577758,0.00029832152284693056,561
embedding_mean_695,0.0002563145310808874,6.230699476201978e-05,0.00016527476865492292,0.00032930961179178863,562
embedding_mean_585,0.0002562640459355992,2.512731370509395e-05,0.00023365295213977034,0.0002928473403228621,563
embedding_std_498,0.0002555013546552419,7.070009699190172e-05,0.00019139458707243426,0.00037187172993297877,564
embedding_std_849,0.00025542662687182095,7.88602633907546e-05,0.0001580362417466188,0.0003689046425638045,565
embedding_std_802,0.0002552214193274325,5.2294935732227086e-05,0.00018975286034083978,0.0003161858611221036,566
embedding_std_434,0.0002550088124574545,4.061430422957543e-05,0.00020839069879146212,0.0003062234096163631,567
embedding_std_922,0.0002548801898079272,8.211355099464126e-05,0.00011765671079564049,0.00032864242404237167,568
embedding_std_703,0.0002544360910941301,4.02036272898591e-05,0.00018730134243222395,0.0002885352228784391,569
embedding_std_968,0.0002543180841304204,7.208136437262787e-05,0.0001776263609961387,0.00036116305825256365,570
embedding_std_694,0.0002537749006087379,4.923913145993603e-05,0.00019967511427741955,0.00033013444274786587,571
embedding_std_228,0.0002528114927582218,3.86721942262431e-05,0.00022189421848141288,0.0003185619851962374,572
embedding_std_148,0.0002524701409764475,6.022149910727494e-05,0.00017515092989196633,0.0003393589571988014,573
embedding_mean_418,0.00025209694151986684,2.2680524790275905e-05,0.00022799305795741622,0.00027953264488197977,574
embedding_std_453,0.0002514922645547624,4.3306686339868235e-05,0.0002102148464843914,0.0003213787866009492,575
embedding_std_961,0.00025143985031118274,8.005301717247705e-05,0.00016009952650347678,0.0003507043575792741,576
embedding_std_106,0.0002506841401605505,5.736972593895804e-05,0.00019466067947211956,0.0003306287429984801,577
embedding_mean_928,0.00025014678968517947,4.5443189316849474e-05,0.00019110696302271493,0.00030192287425532166,578
embedding_mean_941,0.00024954450323772827,8.431913256601915e-05,0.00017172116955722956,0.00038937794674699606,579
embedding_mean_110,0.00024907531822726113,2.164835289594295e-05,0.000219432626250007,0.00027474655225286754,580
embedding_std_325,0.00024888484907706283,7.110848915359519e-05,0.00018534967586529162,0.0003559492731159178,581
embedding_std_54,0.0002485265026526372,7.774579913957607e-05,0.0001373249870983334,0.00033839378790643257,582
embedding_std_642,0.0002484958426963599,3.648709986827748e-05,0.0002017606050412038,0.00028254201363182873,583
embedding_std_242,0.0002477396934507392,3.418991345183535e-05,0.00020578412383451234,0.0002933579061101912,584
embedding_mean_967,0.0002471279363705457,5.297517820331766e-05,0.00016103904870300523,0.00029785477782373225,585
embedding_std_318,0.0002468550140473758,5.491527774601813e-05,0.00016817831319866048,0.0003064755172403962,586
embedding_mean_811,0.000246064907856213,3.477161084767175e-05,0.00019243033094619826,0.00027879548457165583,587
embedding_mean_286,0.0002458393151979157,6.19682857691045e-05,0.0001701965676391063,0.0003278066217034278,588
embedding_mean_543,0.00024407314210400438,4.243055416805984e-05,0.00020226625666899936,0.0003080118720104622,589
embedding_std_348,0.00024358479587928487,7.088013698665479e-05,0.00017132893387447585,0.0003414878899643588,590
embedding_std_280,0.00024342803467458443,5.427792747095804e-05,0.000168529682968195,0.0002987187840194742,591
embedding_mean_139,0.0002432578233930979,4.391217933943058e-05,0.0002051452366991263,0.00030224283000267714,592
embedding_std_374,0.00024284194819600507,6.326229562880199e-05,0.00018982561290501596,0.00035153343697392797,593
embedding_std_230,0.00024237791206016928,3.35930303566416e-05,0.00019212826170211618,0.0002745240170680188,594
embedding_mean_664,0.00024231437848132808,7.060245092680195e-05,0.00017821496635801734,0.00034799198723103067,595
embedding_std_775,0.0002421912488218594,3.3091314384244704e-05,0.00020962306584789537,0.00029249518552256415,596
embedding_mean_983,0.00024215783795605606,7.44577964726974e-05,0.00012897864824930425,0.0003117864059187214,597
embedding_mean_602,0.00024208992422946807,5.243480686550338e-05,0.00017637617795747396,0.0002966149332426575,598
embedding_mean_740,0.00024155471427578113,4.247625879775732e-05,0.0002009865529552231,0.0002981821824585743,599
embedding_std_808,0.00024106456898326419,8.981115732230046e-05,0.00013496832864359803,0.00034043923938783,600
embedding_std_419,0.0002407254006249087,6.13791960046353e-05,0.00019061618332377723,0.0003337821954762941,601
embedding_std_145,0.00024056973447972646,8.699899192085274e-05,0.00010986715557671562,0.00033906290724219364,602
embedding_std_170,0.0002404822907155606,4.754320022617882e-05,0.00018458231673644347,0.00029216316156832807,603
embedding_mean_994,0.0002401589403030267,6.127266636425034e-05,0.00017456379601369853,0.0003314892821838817,604
embedding_mean_848,0.00023968528907757498,9.256748995512668e-05,0.00013919602907543245,0.0003915608067622159,605
embedding_mean_643,0.00023953016223682844,5.650861217066302e-05,0.00016340345019657528,0.0003085838469411726,606
embedding_mean_510,0.0002395154094869034,8.894613495689506e-05,0.00014672152844384575,0.00037281140063264996,607
embedding_mean_927,0.00023946537010581295,5.1946171871992137e-05,0.00016322449015059829,0.0002968590082909597,608
embedding_std_491,0.00023930368699105588,6.634394489291415e-05,0.0001421506831575271,0.0003172520325015379,609
embedding_mean_958,0.00023926053689356285,6.439088517345549e-05,0.00017319223734497247,0.00033139986281953356,610
embedding_mean_989,0.00023853291110965377,4.121818136065802e-05,0.0001879440278103172,0.00029151379510167035,611
embedding_mean_146,0.00023835899249884462,3.2686546100659734e-05,0.00018976278529197758,0.0002771152627527451,612
embedding_mean_479,0.0002372246420190639,6.800568110568555e-05,0.000134664613894503,0.00032027244835474165,613
embedding_mean_842,0.000236976998446662,5.6525477635931605e-05,0.00017748815796858136,0.000328214108121499,614
embedding_mean_195,0.00023661947854925408,7.644937327016234e-05,0.00017872424310803035,0.0003685112662279801,615
embedding_mean_296,0.0002364684016729189,6.458728074106791e-05,0.00016567064450256566,0.00031678906066912315,616
embedding_std_750,0.00023645759248413145,7.613704664120298e-05,0.00011005526006103395,0.0003088221475001736,617
embedding_std_629,0.0002363344491708883,7.239125574353569e-05,0.00012621559130635137,0.0003108926306886073,618
embedding_std_676,0.00023605485727301633,7.540748833732403e-05,0.00011951076357816809,0.00032257013856221324,619
embedding_mean_839,0.0002358323882394035,3.7513436025893124e-05,0.00017673662180085414,0.00026920849946855305,620
embedding_mean_138,0.0002357275382551041,4.454488209782357e-05,0.0001826960787651372,0.00028661236824331225,621
embedding_mean_887,0.0002353844005668311,3.733250409380891e-05,0.00019012121707452767,0.0002848690709368441,622
embedding_mean_766,0.00023502965438636556,5.8382926366968186e-05,0.00015428491065473673,0.00031437876337920016,623
embedding_mean_981,0.00023489968979130177,5.4510562745577525e-05,0.00017340928274531524,0.00030359795896861677,624
embedding_mean_904,0.0002343789929826378,2.141792075781947e-05,0.00020817539322522284,0.0002650512338266938,625
embedding_mean_745,0.00023416371993760743,8.740163463465864e-05,0.00014697257100611334,0.00035557458061522175,626
embedding_std_958,0.00023382344539394213,5.150914537051925e-05,0.00017097801569874917,0.0002858102506661932,627
embedding_mean_857,0.00023345642703370313,5.78420162226373e-05,0.00016513035188309554,0.00030985425071074137,628
embedding_mean_193,0.00023333036916074328,8.732861517526866e-05,0.00011502673960455656,0.0003104908745132033,629
embedding_mean_851,0.00023293448089260787,8.881121251115792e-05,0.00013760773923621758,0.00032372971137812045,630
embedding_std_176,0.0002319688635585983,5.247436318388237e-05,0.00015435913167898026,0.0003006327924259423,631
embedding_mean_292,0.00023179916473466876,2.2719890831513046e-05,0.0002069257024068955,0.0002593132279326923,632
embedding_std_158,0.00023130790966940573,5.465202240368542e-05,0.00018682328002995647,0.0003180704540838615,633
embedding_mean_92,0.00023117817544568263,3.7811432191581915e-05,0.00019408628596727563,0.0002859753152636965,634
embedding_std_92,0.00023083706347841885,4.116173828563941e-05,0.0001985497429140435,0.0002979028200574845,635
embedding_std_233,0.000230415318415071,4.617995866078446e-05,0.00016009493307894397,0.00027549412273957766,636
embedding_std_954,0.00023040034990304948,6.916744030228976e-05,0.00013263016694903563,0.00030801987888635175,637
embedding_std_198,0.00023036209104996896,7.823183754604035e-05,0.00011801139221039588,0.00033550615563889984,638
embedding_std_818,0.00022963053974437033,1.94980021821917e-05,0.0002049714869284259,0.00025000402742361786,639
embedding_std_761,0.00022955906968299126,6.466331515136369e-05,0.0001349056744235737,0.00030521150263136893,640
embedding_mean_641,0.0002290345040135573,3.509209207303552e-05,0.00019076016912900426,0.0002772937270168974,641
embedding_mean_506,0.00022894904682236065,4.0801575003326126e-05,0.00015961685776477022,0.00026400355524668355,642
embedding_mean_596,0.00022885903865715803,4.1977905454275645e-05,0.00017522627799092163,0.00028038898423807295,643
embedding_mean_33,0.0002287256998636269,0.0001019376687799421,0.00012275381610271017,0.00034387983289967025,644
embedding_mean_70,0.0002286057709207509,3.0539419714037614e-05,0.00020712805610787345,0.00028165253522878514,645
embedding_std_370,0.00022807862114541223,3.784109983547934e-05,0.00017247054567666903,0.00026734363238998957,646
embedding_std_969,0.00022793161698626265,5.387585358799768e-05,0.00014597831131948758,0.0002764036234222983,647
embedding_std_436,0.00022775945811737613,5.221454828677144e-05,0.00015173506826217633,0.00029337618774764824,648
embedding_mean_157,0.00022750726516817095,5.392745173016602e-05,0.000175384706113114,0.0003027640173682511,649
embedding_mean_427,0.00022712471182415403,3.906422408087682e-05,0.00018292092766835814,0.0002808082613119259,650
embedding_std_64,0.00022655874520231207,8.779765763700468e-05,0.00014855909391780386,0.000353345910946022,651
embedding_mean_909,0.00022638664291544787,3.675747548123894e-05,0.0001827122592932455,0.0002748107676214354,652
embedding_std_992,0.0002256467053987509,5.017817252845827e-05,0.00014551566439125895,0.00027144226774196125,653
embedding_mean_549,0.00022545214853285085,5.472162177408625e-05,0.00018425503190914024,0.00031903772208177007,654
embedding_std_490,0.00022522854169406857,6.338100073506371e-05,0.00012233437854468096,0.00029134069524109913,655
embedding_mean_963,0.00022496640160338428,5.762494357720311e-05,0.00014079965893607895,0.00029619547398086613,656
embedding_mean_66,0.00022495661417670085,6.945532673746637e-05,0.00014292935119724064,0.00029818163968934035,657
embedding_std_99,0.00022485915383384402,5.071370017893445e-05,0.00015681032720904134,0.00028644198300338964,658
embedding_mean_781,0.00022431624252335284,2.9998187921709826e-05,0.00017593856592092522,0.00025224637621093076,659
embedding_std_765,0.0002243138327177003,8.396818765098158e-05,0.00011060377951794298,0.0003247692740514245,660
embedding_mean_131,0.0002242804789980691,7.64757416559699e-05,0.0001079441862759559,0.0003132514267037752,661
embedding_mean_199,0.00022412008145702758,6.949670076446447e-05,0.00013773949051654568,0.0003291185143614114,662
embedding_std_420,0.0002239985862633259,6.198064243987583e-05,0.00014198552190357715,0.0002925376324731803,663
embedding_mean_480,0.00022385938913603928,5.163571431174819e-05,0.00015236128369780939,0.00028851592393661795,664
embedding_mean_355,0.00022358545668926664,6.465031918758738e-05,0.000144760014926454,0.00030001867798008623,665
embedding_mean_658,0.0002231717630531926,8.264935398792087e-05,0.00014815694938623484,0.00035935519744383,666
embedding_mean_188,0.0002227544839438535,7.161510438986963e-05,0.00014221806231045486,0.0003350647295325361,667
embedding_mean_241,0.00022262552975960086,1.5110813333466949e-05,0.00020075608194584555,0.00023678056665177568,668
embedding_mean_430,0.00022227817210574235,5.001980785043663e-05,0.00018038746703224215,0.0003009685174468401,669
embedding_mean_251,0.00022175793226588496,3.601377223019012e-05,0.00016358906501799604,0.00025060667466039093,670
embedding_std_366,0.00022170976612375303,4.353526237991565e-05,0.0001748771454486716,0.00028638248132103355,671
embedding_std_402,0.00022139534638697216,6.728054089847603e-05,0.00016671347389874644,0.00033831358838397536,672
embedding_std_845,0.00022121582911183206,2.8582677979876547e-05,0.0001845636831586822,0.0002526078051260275,673
embedding_mean_105,0.0002211845091577639,6.768007536460356e-05,0.00015539019617022686,0.0003027616128096211,674
embedding_mean_538,0.00022058210753558646,2.414290386108707e-05,0.00018885140755500198,0.0002558038590851213,675
embedding_std_17,0.0002200665761202108,6.33414356537156e-05,0.00016559587983249854,0.00031289350317816446,676
embedding_std_926,0.00021964005772380247,3.3784829487094375e-05,0.00018197828716404432,0.00026578544043521135,677
embedding_std_1005,0.00021961980244658016,7.692456648780851e-05,0.00010159628466832702,0.00031087885848611943,678
embedding_mean_203,0.00021941605226824616,0.00010491688625230633,0.00015529282919855982,0.00040608512058988463,679
embedding_mean_768,0.00021892924242198665,4.763057979672159e-05,0.0001787977457740335,0.0002914873433904011,680
embedding_std_596,0.0002186174748613975,2.077913830078661e-05,0.00020168113139210108,0.00024672661513033844,681
embedding_std_1020,0.00021845379324624694,3.289085259677947e-05,0.00016713913539148975,0.00025603671822628467,682
embedding_std_1011,0.00021819999923969698,4.4449652198567085e-05,0.000146965358343714,0.00026060232045820747,683
embedding_std_279,0.0002181362862011942,3.711517123646981e-05,0.00017492771215686843,0.00027398911272066297,684
embedding_mean_161,0.00021795419060508181,4.85783849839547e-05,0.00015467362390675149,0.0002848145727937611,685
embedding_mean_364,0.00021759952582540006,6.36948997914128e-05,0.00017151868762774284,0.0003263765784135578,686
embedding_std_74,0.00021712899518913707,8.152625561353719e-05,0.00015054007907598565,0.00035791211449570263,687
embedding_std_716,0.00021634412376320212,3.363517352467328e-05,0.00018705232577983765,0.00027298518647105935,688
embedding_mean_621,0.00021611620660233333,3.611598463618104e-05,0.00017736596935147013,0.0002602912403043817,689
embedding_mean_162,0.00021595541810175758,3.036659535937602e-05,0.0001762660890711401,0.0002469936608445503,690
embedding_mean_623,0.00021575812813348413,3.310053372417167e-05,0.000175380681734806,0.00026198952836125407,691
embedding_mean_990,0.00021558547752050975,5.451412720972567e-05,0.00018123012412815822,0.00031033986516870623,692
embedding_std_88,0.00021546040944456137,5.912548371951465e-05,0.00013111207157318145,0.0002981259830408651,693
embedding_std_883,0.00021533824995908992,6.898417505745913e-05,0.00014375656750578657,0.00030190917563104676,694
embedding_mean_835,0.00021514826261977127,0.00010137400741213537,0.00011114747117150994,0.0003540882102813284,695
embedding_mean_191,0.00021490449200515043,6.194028578164579e-05,0.00012757005515969644,0.00030141655344171606,696
embedding_std_151,0.000214533072707258,3.7742596109700534e-05,0.00017136572432672987,0.00027162449497192487,697
embedding_std_959,0.00021435796324963135,4.58847972805792e-05,0.00014501114956653864,0.0002589022656559271,698
embedding_mean_316,0.00021434057713977487,2.5556425691240264e-05,0.0001887973569593292,0.00024990267366558705,699
embedding_mean_840,0.0002140585574995707,2.0810421296521295e-05,0.00019509909437193877,0.000243282913681219,700
embedding_std_634,0.00021397104795458903,3.466445620191184e-05,0.00018126983870877917,0.00026155974200793884,701
embedding_std_577,0.0002137722279947539,4.099172075776746e-05,0.00016097628967168113,0.00025282362169799186,702
embedding_std_501,0.0002134988308227958,4.8002857813220866e-05,0.0001702038400726649,0.0002832644942128026,703
embedding_std_709,0.00021318155524316677,3.7601228047682675e-05,0.00016362778470836994,0.00025563289403829044,704
embedding_std_704,0.00021286089851363558,2.8665048275999454e-05,0.00017615761595474015,0.0002393813443924556,705
embedding_mean_301,0.0002123011689468444,2.0639464056961637e-05,0.0001901150432025139,0.0002461314008435205,706
embedding_mean_358,0.00021229264425792535,6.072529700728924e-05,0.00013516677039700068,0.00029477577677968083,707
embedding_mean_93,0.00021216784125934366,3.813515997330247e-05,0.0001566098691826338,0.00026367475834942686,708
embedding_mean_373,0.00021213634796601625,6.167506061821463e-05,0.0001625446209359756,0.00030455931977796315,709
embedding_std_289,0.00021197151889295744,6.967153995438627e-05,9.853422775295013e-05,0.0002783647002849633,710
embedding_std_362,0.0002114742472665407,3.8658868377786773e-05,0.00017115220227111331,0.0002567154493958603,711
embedding_std_209,0.00021132103301391034,2.128166211381481e-05,0.00017562254873902179,0.0002283792711497956,712
embedding_std_174,0.00021115949453802096,5.9339294635258617e-05,0.00010622191009893282,0.00025054998065158926,713
embedding_mean_459,0.0002106890728454754,4.003145806577649e-05,0.00016356466272628078,0.0002604173639735338,714
embedding_mean_720,0.00021042907628996462,7.180640419715922e-05,9.707613997344534e-05,0.00028506115783679867,715
embedding_mean_340,0.00021029905081742595,7.168205345014479e-05,0.00010163674138877984,0.00030338160770072793,716
embedding_std_261,0.0002099661838934389,3.915360259984014e-05,0.00016602773800422852,0.00027206120535712674,717
embedding_mean_790,0.00020984086318152415,5.1611822799762254e-05,0.00013596296276139675,0.0002629836614439567,718
embedding_std_720,0.00020947172813329316,4.593172555173318e-05,0.000157084869693804,0.00027365803968821433,719
embedding_mean_408,0.00020936576113086324,3.930544129431238e-05,0.0001500713642815181,0.0002606337592581833,720
embedding_std_690,0.0002090823551006201,4.633827450963213e-05,0.00015297660506661994,0.0002771270860379113,721
embedding_std_967,0.0002088528286140365,4.375889068430892e-05,0.00014064252122963436,0.00024949338718529657,722
embedding_mean_56,0.00020858895001260174,2.720789205213502e-05,0.00016985409938079723,0.0002398049398848249,723
embedding_std_821,0.0002084375803453959,5.159436399348089e-05,0.00013179018097337085,0.00025901145517467027,724
embedding_mean_407,0.0002079982419533802,4.3538997391472244e-05,0.0001520346281260828,0.00025096757440854406,725
embedding_std_658,0.00020771862060607144,6.12044151455721e-05,0.00014157472646809827,0.00030782509827099406,726
embedding_std_378,0.00020748492588073048,6.11017773915821e-05,0.00010121632284777917,0.0002502004847373887,727
embedding_std_95,0.00020738382796793125,6.232936133782326e-05,0.00012090605934808314,0.0002683358026196987,728
embedding_std_550,0.00020716256236774823,6.48691939189446e-05,0.000138190875085182,0.000303761277764451,729
embedding_std_806,0.00020674406921843206,2.5767500638126454e-05,0.00016457594420108738,0.0002302544466146716,730
embedding_std_476,0.00020670432331364644,9.805833947860263e-05,0.00010017290472738757,0.00033568301535167,731
embedding_std_183,0.00020661616929013322,3.327166448447486e-05,0.00016798891522859662,0.0002535399653432285,732
embedding_mean_43,0.00020636607329987147,3.899312185130673e-05,0.00016171468032467873,0.0002684134811729454,733
embedding_std_373,0.00020616790595419328,5.042646282098074e-05,0.00013377835276651663,0.00026848829259837564,734
embedding_mean_546,0.00020581842577346838,5.5823187569065515e-05,0.00014365108988825587,0.000282850229313767,735
embedding_std_8,0.0002057723523845679,5.0442039581071184e-05,0.00014717029665538723,0.00024364488267419207,736
embedding_std_152,0.00020572057213671244,6.165769839562105e-05,0.0001374382839402952,0.0002879250628826712,737
embedding_std_937,0.0002055968825200507,4.943413399227225e-05,0.00011790886191534207,0.00023331208981351516,738
embedding_mean_82,0.00020542071173060647,4.428519658857999e-05,0.000147996808062305,0.00027009279963736895,739
embedding_mean_115,0.00020535947829783416,3.762578381512888e-05,0.00016861912573523644,0.0002637519004981348,740
embedding_std_853,0.00020533418595035458,4.5556610236800885e-05,0.00013527797172612732,0.00024755416510584033,741
embedding_std_835,0.00020501498499233607,3.9127463879649015e-05,0.00014926886288903053,0.0002533288466167924,742
embedding_std_654,0.0002049973522629701,3.431713770450368e-05,0.00017521902825342066,0.00024303101344315647,743
embedding_std_475,0.00020495981486403245,7.922948226696399e-05,0.00012158378735368547,0.0002874721803018687,744
embedding_mean_22,0.00020489551668886327,4.5158345597520406e-05,0.0001542280427765909,0.0002566796263666261,745
embedding_mean_512,0.00020459144786015283,5.3431310204743014e-05,0.00015655005507717254,0.00029375233930941036,746
embedding_std_796,0.00020432400986476637,7.693627642409898e-05,0.0001281463306483444,0.00032730111330574516,747
embedding_mean_649,0.00020356615740988425,6.112064939495564e-05,0.000164131461715245,0.00030997765898604126,748
embedding_mean_648,0.00020348596830370327,3.79555942184909e-05,0.00014767437425873266,0.0002466870489464969,749
embedding_std_154,0.00020321034136306263,3.270153274962715e-05,0.00015509461549147668,0.00023615929767175823,750
embedding_mean_380,0.00020267764001693651,5.083983745470319e-05,0.0001421443340063596,0.00026500816803638944,751
embedding_std_356,0.00020235096746425396,3.7630233864496715e-05,0.00016273822491700126,0.00025604941914838744,752
embedding_mean_458,0.00020234879353086193,5.7769999783373205e-05,0.00010646173751052465,0.00025125822202566985,753
embedding_std_590,0.00020212672250982926,6.816800284485245e-05,0.00013601219019187757,0.0003164404085285996,754
embedding_mean_856,0.00020203690254159374,1.8665717137719707e-05,0.00017832493339569347,0.00022195904697085153,755
embedding_std_931,0.00020199036595681935,4.25829364236833e-05,0.00015487339520041843,0.0002665650038537414,756
embedding_mean_140,0.00020170482371618348,4.541967246423007e-05,0.00013975145940521585,0.00026678347892147765,757
embedding_mean_425,0.00020162167902397417,5.577978834058384e-05,0.00012952019440640807,0.00025998093132684495,758
embedding_mean_38,0.00020106866217797168,5.9793375317146646e-05,0.0001040008355121201,0.0002596938411562455,759
embedding_mean_1000,0.00020092896681613123,5.147028289635449e-05,0.00011916794244066414,0.0002544465883489524,760
embedding_std_942,0.00020086555251125495,4.877246112177712e-05,0.00011855911816097687,0.00024258165719542196,761
embedding_std_671,0.0002005795753751892,5.197881546217176e-05,0.00011174724038686251,0.00024821649337531683,762
embedding_std_509,0.0002002646026586418,4.7079754468670665e-05,0.00012974075948875267,0.00025347355417318937,763
embedding_mean_733,0.00020023667914125537,4.687641678713023e-05,0.0001284765022870102,0.00024275930270530835,764
embedding_mean_91,0.00020016295618121145,6.084302170557804e-05,0.00011083412021911329,0.0002709817531448623,765
embedding_mean_312,0.00019962078427046312,5.056884958238073e-05,0.00013230995080373037,0.00025450835662993963,766
embedding_std_155,0.00019946989740776054,4.181785239664266e-05,0.00013649673212615807,0.00024019709949593037,767
embedding_mean_582,0.00019940095009196237,6.522100902977815e-05,0.00010671557326783888,0.0002800366613820169,768
embedding_std_223,0.00019913122258326333,3.3949888157348065e-05,0.0001643804441399826,0.00023960359475040885,769
embedding_std_207,0.00019906552878459592,2.6376915766160314e-05,0.00016282488296554462,0.0002350929781168705,770
embedding_std_65,0.00019887051715875665,3.91960999056476e-05,0.0001474036144493478,0.00024200871554568376,771
embedding_std_163,0.00019818580166413522,4.864548359563785e-05,0.00012402418660598742,0.00024800597190551856,772
embedding_mean_780,0.0001980022207904649,6.539946976313283e-05,0.00013658850657808082,0.00030873946679479193,773
embedding_std_569,0.0001976505371541501,4.056731524535567e-05,0.0001388259306760866,0.0002523236273391656,774
embedding_mean_214,0.00019752174115627183,3.367588845040294e-05,0.00014281470839202834,0.00023310216428110213,775
embedding_mean_906,0.00019737847353674135,5.400380382890942e-05,0.00011356480601592468,0.00025346066206672767,776
embedding_mean_682,0.00019732476574749937,0.00012514802908645438,9.720958594954268e-05,0.00041511301671672777,777
embedding_std_722,0.000197008295060494,5.3329119530531906e-05,0.0001491778759571237,0.00028778273618163187,778
embedding_std_776,0.0001969879390973032,4.523474940031015e-05,0.00015354008000895242,0.00027036367793311256,779
embedding_mean_183,0.00019689778203128887,2.655153813366269e-05,0.00015937446475323727,0.0002224801527161641,780
embedding_std_15,0.00019670953120997148,4.1419582808462173e-05,0.00013229251263078922,0.0002372359584047389,781
embedding_mean_217,0.00019651351206063477,3.198526954370437e-05,0.0001518863485793666,0.00022478175650980265,782
embedding_mean_911,0.00019646598569214067,5.4077135091250006e-05,0.00012502888521651417,0.00024039429457166966,783
embedding_std_611,0.00019623188375031566,6.133117126958448e-05,0.00010462093272770076,0.00027570248341777696,784
embedding_mean_897,0.00019621354693868148,3.267589722753176e-05,0.00014963501632715213,0.00023283059525037328,785
embedding_std_321,0.00019589669616747345,4.141548775384376e-05,0.00012692009562527025,0.0002319618050993169,786
embedding_mean_716,0.00019583533903510234,2.185671473213995e-05,0.00016941880803820501,0.00021859464811405343,787
embedding_std_301,0.00019573058450925588,4.452230919438385e-05,0.0001426842281267236,0.00023865771031030821,788
embedding_mean_197,0.00019568420885367733,5.1454041185846595e-05,0.00011259992851078009,0.0002382688059797809,789
embedding_std_974,0.00019559083723759367,5.173041759620042e-05,0.00013948385407906144,0.0002543884840190089,790
embedding_mean_228,0.0001948912503588703,4.294744218829626e-05,0.00012092223708293459,0.00022775938082182146,791
embedding_std_813,0.00019469206553599975,4.3884912035309493e-05,0.00014588077231509114,0.0002614126130712337,792
embedding_std_252,0.00019463360475809353,4.770512970460946e-05,0.000133315271804244,0.00026233863455962575,793
embedding_mean_877,0.00019463179776450126,2.6115328908751536e-05,0.00017681260593469244,0.00023833018006098636,794
embedding_mean_378,0.00019451871503500999,4.1532681952521195e-05,0.00012289688047491758,0.00022594992681640745,795
embedding_std_852,0.00019416762231133525,4.75266839751141e-05,0.0001282411905807019,0.00023927914203850483,796
embedding_mean_1014,0.00019376905974425787,6.155364463935569e-05,0.00012477719797764292,0.0002819158342319149,797
embedding_std_24,0.0001936572334813701,3.703229155547607e-05,0.00016851904210342863,0.0002557864049272466,798
embedding_mean_486,0.00019340239224937514,3.66768841645259e-05,0.00013518664313428888,0.00022755754080926155,799
embedding_std_782,0.00019324839455114087,3.5572688918059024e-05,0.00014025679426612597,0.00023491641518996593,800
embedding_mean_558,0.00019305945165408795,2.914540816892491e-05,0.0001554737372127045,0.00022939159487477513,801
embedding_std_234,0.00019277861261882,6.19496810705357e-05,0.0001282714870604652,0.00028414658623838736,802
embedding_std_51,0.00019200638576416585,2.8670169352979477e-05,0.00014815047681755644,0.0002242937919779132,803
embedding_std_25,0.00019172418091911654,3.1708719710537906e-05,0.0001531408176005643,0.00023208136268238982,804
embedding_std_699,0.00019158142851528193,2.087940090451113e-05,0.00016607262814739992,0.0002242071952157335,805
embedding_mean_702,0.00019125007806602138,5.382646532559978e-05,0.00013591597831673452,0.00026069141056972873,806
embedding_mean_722,0.00019123973694013815,5.410806967569159e-05,0.00012003280764565122,0.00026909667892660116,807
embedding_mean_420,0.00019078928381625535,6.41411872420483e-05,0.00012544185502217189,0.0002906235645375371,808
embedding_mean_169,0.0001906709881429183,1.97368999490801e-05,0.00016775451006958173,0.00021563183331133824,809
embedding_std_998,0.00019060338244762486,2.531872847346138e-05,0.00015386047658770628,0.00022074399965467075,810
embedding_mean_844,0.00019036192328661253,2.9207491497903073e-05,0.00015701940455532836,0.00023587886150747793,811
embedding_mean_787,0.00019016387696328308,5.3508653466085906e-05,0.00014080913923436944,0.0002686357316708056,812
embedding_mean_526,0.00018989803468998515,3.162440876500956e-05,0.00013700022491706972,0.00021878226425254337,813
embedding_mean_415,0.00018950214735799986,3.465144082244803e-05,0.00014623388603815756,0.00022566608994526577,814
embedding_mean_167,0.000189387634557967,3.9157116304756676e-05,0.00013607421088899949,0.0002318892187400204,815
embedding_std_895,0.00018888175681630367,5.943093943035e-05,0.00011580106459496329,0.0002705648866238623,816
embedding_std_980,0.00018869955901205978,4.9376658885339995e-05,0.00013009960050364621,0.00023472737030699877,817
embedding_mean_968,0.00018863530487499776,3.948588310221513e-05,0.00014991053294020527,0.00023626061566239158,818
embedding_mean_62,0.00018853522001350105,4.140735732297715e-05,0.00013739904847466123,0.00024967951630072905,819
embedding_std_160,0.00018837369990621695,3.927947952368126e-05,0.0001489279025267411,0.00023972866420565736,820
embedding_std_295,0.00018835728343476773,3.524270495114425e-05,0.0001300992246530904,0.000220633603544431,821
embedding_mean_903,0.0001883169032380306,5.728230453041528e-05,0.0001220790330072834,0.00027118429225778763,822
embedding_mean_890,0.00018803655166411683,2.659838767043101e-05,0.00016104998978860041,0.00023109240686007595,823
embedding_mean_270,0.0001874245973456774,6.629523821175711e-05,8.835975914830756e-05,0.0002675988058079619,824
embedding_mean_825,0.0001867563576902446,5.084237423644115e-05,0.0001440556497963115,0.0002565191245830456,825
embedding_std_764,0.0001867485781573738,7.275170762995245e-05,8.960159393807514e-05,0.0002742498845332329,826
embedding_std_1022,0.00018617114163428064,6.078264165922952e-05,0.00012306623075380315,0.0002756234882036945,827
embedding_std_414,0.0001861665275743743,3.694945772949607e-05,0.00013947022019823873,0.00023443989599401119,828
embedding_std_1014,0.00018596911131613518,3.3853259748470694e-05,0.000153873682680111,0.00022294838000859953,829
embedding_std_299,0.0001856061715730069,3.1292376512321786e-05,0.0001392487766021181,0.00021749932442624562,830
embedding_std_495,0.00018560196682293516,6.991116707604441e-05,0.00012225339798339958,0.0002978992781629747,831
embedding_std_508,0.00018552825661469403,1.8209171043451187e-05,0.00016878261768033496,0.00021422357282687468,832
embedding_mean_69,0.0001854915768518002,3.2500519622430205e-05,0.00013793959194136301,0.00022138337667483346,833
embedding_std_30,0.000185406253945063,8.198758412830977e-05,9.146421993157307e-05,0.00031404664512416243,834
embedding_mean_902,0.0001853803636710847,2.4297511076566458e-05,0.00015247207526992044,0.0002162248003740968,835
embedding_mean_410,0.00018529360958267457,4.9964105661434746e-05,0.00012040092251999475,0.00022621896897253687,836
embedding_mean_449,0.00018496330607691448,4.454726281479449e-05,0.00010712951318250361,0.0002148463056523502,837
embedding_mean_385,0.0001849085140705321,1.4536842294260367e-05,0.00017078310813239427,0.000205708641249791,838
embedding_std_928,0.00018476169721090446,3.975227502289818e-05,0.000127600549667509,0.000217988264923783,839
embedding_std_417,0.00018475027378348651,4.929372515357617e-05,0.00010888923100755932,0.0002337289014322488,840
embedding_mean_709,0.00018474368496384589,5.232553200131035e-05,0.00010380734080409154,0.00022966025796584177,841
embedding_std_932,0.00018463050525163857,3.6552899023669086e-05,0.00013395607982544217,0.000230140695902272,842
embedding_mean_269,0.00018459378490333082,3.913765684463332e-05,0.00013804884461141197,0.00024378136111045297,843
embedding_mean_221,0.00018439383881093302,6.989553439114373e-05,0.00012267904862899208,0.00029456577682335076,844
embedding_mean_356,0.00018436269471123898,3.8185489925703564e-05,0.00013585809966044468,0.0002297958356298221,845
embedding_std_306,0.0001841078843149263,4.1140390258787243e-05,0.0001310885366131677,0.00023213128643545633,846
embedding_std_23,0.00018380187320669988,2.755060310835055e-05,0.0001484608228663198,0.000225480300277452,847
embedding_std_739,0.00018377778857084636,5.9841195484176486e-05,9.979213017186703e-05,0.00026578104869038883,848
embedding_std_638,0.0001837602180694131,5.486628958335835e-05,0.00012046220945346775,0.0002683817683535463,849
embedding_mean_160,0.00018364893529433882,3.8781215353086065e-05,0.00011670075408006512,0.0002099576765696942,850
embedding_std_656,0.0001835646064570006,6.749104714241974e-05,0.00011108209269299878,0.0002849819932886106,851
embedding_mean_302,0.00018337885336902718,5.433809897954484e-05,0.00010515396667921861,0.0002558019274795298,852
embedding_mean_667,0.00018336297346628662,3.336186989785165e-05,0.00014972704835248524,0.0002325138651867689,853
embedding_mean_255,0.00018319173714256314,1.8382027675652834e-05,0.00015463284786671396,0.00020299481572490002,854
embedding_mean_307,0.0001831582393039552,8.347140277769856e-05,7.598968112551171e-05,0.0003090258245437061,855
embedding_mean_416,0.00018313763026621904,4.2041238687132904e-05,0.0001138370880307138,0.00022755709586362618,856
embedding_std_648,0.0001831286010546972,5.091946722600067e-05,0.00010321032866275978,0.0002373012252108667,857
embedding_mean_914,0.00018302908605689745,2.967204330564142e-05,0.00014143616670510306,0.00021268373231121446,858
embedding_std_920,0.00018288571894700028,1.952230497133291e-05,0.00015672210686766333,0.00021136146126543264,859
embedding_std_701,0.00018282125193659418,4.8826623958457496e-05,0.00011710286192000556,0.00024129153838054588,860
embedding_mean_833,0.00018225378151305827,6.475523611224712e-05,8.562703655603236e-05,0.00025544418061372516,861
embedding_std_474,0.0001821117670296129,1.7017646981858885e-05,0.00015381983665362488,0.00019706869322357767,862
embedding_std_911,0.00018192269656614417,2.9997987890217927e-05,0.00014046578058040093,0.00022163160359462203,863
embedding_mean_305,0.00018175321734978074,4.519187029075383e-05,0.00010584423465655208,0.0002212169220890153,864
embedding_mean_754,0.00018173632192730187,6.131546458123048e-05,0.00010010331585930129,0.00026446274403278046,865
embedding_std_1006,0.0001816282276581226,2.270012035601785e-05,0.00015651890328236584,0.00020604701299350682,866
embedding_mean_366,0.00018158433960297805,5.4444402920954816e-05,0.00010057994069753789,0.00024879406681575463,867
embedding_mean_491,0.00018157089860143332,6.658971790338092e-05,9.19986129406566e-05,0.0002596711026042896,868
embedding_std_352,0.0001814328067120955,2.0046000539684922e-05,0.00014822915932415472,0.00019543906526740674,869
embedding_mean_158,0.00018140477101546068,6.504845747817584e-05,8.979986806063322e-05,0.00026411620665245145,870
embedding_mean_9,0.00018125343197146075,2.153033198841847e-05,0.00015959294419158704,0.00020451764764372316,871
embedding_mean_593,0.00018116667337490674,2.688610521834963e-05,0.00015684297976210586,0.00021020059595452324,872
embedding_mean_383,0.00018098296468986637,8.78714310511985e-05,6.98487952589742e-05,0.00027580266736038187,873
embedding_std_62,0.0001804572927510334,4.625931461961763e-05,0.00012867999586867545,0.00023598282161895094,874
embedding_std_310,0.00018037486937738976,5.13698252153761e-05,0.00012678858593958255,0.0002486522904155965,875
embedding_mean_574,0.0001803617195591516,3.732374871810724e-05,0.00013108457475378843,0.00022050235748900893,876
embedding_mean_186,0.00018022184966083759,2.127870821807149e-05,0.0001493903882364136,0.00019858869052046327,877
embedding_mean_655,0.00017991053204318618,1.905100400098544e-05,0.00015735555080822564,0.00020374794101524028,878
embedding_std_890,0.00017988437223722415,3.33727686223509e-05,0.0001303731764355302,0.00021560742950781846,879
embedding_std_294,0.00017962061217725934,6.163543526300449e-05,0.0001188829824067807,0.00028357178980507566,880
embedding_mean_417,0.0001795021529986695,6.568536615083156e-05,0.00010971653161082884,0.000277072805041862,881
embedding_std_112,0.00017942386926224292,3.9464661183492966e-05,0.00012953224781424348,0.00023300190791301388,882
embedding_std_661,0.00017887096983429073,4.3512412736922675e-05,0.00013171593324437498,0.00023773836031596408,883
embedding_std_898,0.00017836532191220066,3.423267694079041e-05,0.00013898074242714477,0.00021360253604004887,884
embedding_std_129,0.00017828206451502484,4.654202617341579e-05,0.00013596244056782676,0.0002527792005549612,885
embedding_std_492,0.0001779054485493297,3.3524689459602385e-05,0.00014147519313068653,0.00022237167682460555,886
embedding_std_627,0.0001778727880611545,8.523560667815309e-05,6.65367437735591e-05,0.0003054517358113077,887
embedding_std_603,0.00017708603009798115,4.904402901013113e-05,0.00011542527057676668,0.00022956622091547548,888
embedding_mean_707,0.0001769820703587936,2.3540925239361836e-05,0.00014882016018184457,0.00019935188114592438,889
embedding_mean_696,0.0001769017163325369,5.015377790661251e-05,0.00010773096360290599,0.00023760981891549746,890
embedding_std_943,0.0001768173019796294,5.775607548978311e-05,0.00010708313091411839,0.0002382552228287252,891
embedding_mean_501,0.00017680856261150023,4.7798871983265086e-05,0.00012690993829859705,0.0002559345628451171,892
embedding_std_238,0.00017673651739764587,4.885843401286344e-05,0.00011160652022561049,0.0002478127161296072,893
embedding_std_36,0.0001766844429230135,2.3162706774747136e-05,0.00015302783141626388,0.00020672562256739306,894
embedding_mean_99,0.00017659603887346494,3.3904734853995565e-05,0.0001424379190897152,0.00023090689834878822,895
embedding_mean_712,0.0001762793002991621,3.5780553935262866e-05,0.00013601204642658472,0.00021954000357954828,896
embedding_std_221,0.00017615464278747375,5.447486437336665e-05,8.535772490361496e-05,0.0002206318698497511,897
embedding_std_602,0.00017608291671096515,4.8177280871051104e-05,9.606683565820537e-05,0.00021687701170335273,898
embedding_std_258,0.00017597490749036597,3.773103335005775e-05,0.00011756998616463312,0.00022062885593235684,899
embedding_mean_397,0.00017595843825538173,2.1686196668946813e-05,0.00014666433553157677,0.00019851522480295765,900
embedding_mean_177,0.0001756866167748528,2.9798778855799267e-05,0.00012484362614810396,0.0001981144247515284,901
embedding_mean_960,0.00017530823649082797,6.3251071484382e-05,9.091179562706477e-05,0.00026304927215057303,902
embedding_mean_375,0.000175063036106847,2.1477625809749505e-05,0.00015543174061232387,0.00020888925992127949,903
embedding_std_643,0.00017497589405821866,3.1872703512373386e-05,0.0001277790591165843,0.00020916477947751402,904
embedding_std_866,0.00017473515667109084,1.694853710828204e-05,0.00015127105416033355,0.00018927138992303852,905
embedding_std_192,0.0001746458871014791,3.742186674824087e-05,0.00013864818369381366,0.00023009439955633859,906
embedding_std_1013,0.0001745865638264304,3.4430192076395907e-05,0.0001339295926971816,0.0002187205804558134,907
embedding_mean_254,0.00017435549069381529,3.1730375370731456e-05,0.00013417412527717154,0.00022263239813559373,908
embedding_mean_606,0.0001743394998963649,2.3348326916751642e-05,0.0001432681308810548,0.0001929573835937989,909
embedding_std_309,0.0001743171582718851,2.445130635852059e-05,0.00013384247134449822,0.00019645380752830597,910
embedding_mean_640,0.0001742771201702842,5.1483038554998144e-05,8.647543797816911e-05,0.00021563666892364928,911
embedding_std_483,0.00017416780328576926,5.6747573164389564e-05,9.781137127399919e-05,0.00025610764942633497,912
embedding_mean_181,0.0001741544925203434,5.4041030454864447e-05,0.00011820555968030747,0.00024356557946752253,913
embedding_std_700,0.00017370338698391487,1.7963830295509352e-05,0.00015308078180615933,0.00019193864922572974,914
embedding_std_487,0.00017368135948364277,4.291883622127325e-05,0.00011694574241924134,0.00023573324606448445,915
embedding_mean_198,0.00017320072671122032,8.772256672322965e-05,9.814079291681079e-05,0.00032338887975730333,916
embedding_std_939,0.00017259190506116557,4.762345564984844e-05,9.928736512487108e-05,0.00021712930566320112,917
embedding_mean_404,0.00017258361161333178,5.804706094895569e-05,9.008316679121011e-05,0.00023966536591637282,918
embedding_mean_915,0.0001725157676054423,2.551058804706333e-05,0.00014239228713739063,0.00020778822835514508,919
embedding_std_990,0.00017248758808406615,1.9546431484291316e-05,0.00014364400716816887,0.00019707102636851625,920
embedding_mean_173,0.00017237815456561584,5.8652262024010325e-05,7.929748863238513e-05,0.00022447055915871743,921
embedding_std_132,0.0001722601147384572,4.236955610631665e-05,0.00013566638133916464,0.00023364541959574825,922
embedding_std_308,0.00017184211306900868,3.159262951937965e-05,0.00012710739787926206,0.00021100625494064842,923
embedding_mean_144,0.00017179582765327575,2.5842734282822236e-05,0.00013197271050370053,0.00019617597085680918,924
embedding_std_801,0.00017174952390662732,7.31033602529731e-05,0.00010017158673477086,0.00029510938814555253,925
embedding_std_133,0.00017148379314220458,4.824806048950468e-05,0.00010143464613195586,0.00022900663470732996,926
embedding_std_614,0.00017127222376078002,4.5745440232571775e-05,0.00011641261425794427,0.00023377688992800265,927
embedding_mean_869,0.0001711969026933788,4.196076839233206e-05,0.00011576555802809311,0.0002334636647861668,928
embedding_std_601,0.00017107313263968756,1.3497804591822712e-05,0.00015233751537627944,0.00018476279690524437,929
embedding_std_971,0.00017100792931956532,3.859181565169524e-05,0.0001300300773567474,0.00021192942540421104,930
embedding_std_455,0.00017100514515404163,5.5538053118697553e-05,0.00012344112881847483,0.0002581032889018867,931
embedding_mean_732,0.00017092878179820442,5.4264725467013856e-05,8.582503467907103e-05,0.0002315352290492786,932
embedding_std_27,0.00017061504827131554,2.112631865600447e-05,0.0001451803440597318,0.00020320588067975688,933
embedding_std_20,0.0001706141678510483,2.0982372532294072e-05,0.0001461730590302423,0.00019440002984869034,934
embedding_mean_900,0.00017052954687965283,1.3183391202517042e-05,0.00015600213330544944,0.00018665180290392604,935
embedding_mean_563,0.00017048220747469193,4.3117569261908703e-05,0.00010343691894210238,0.00022171373461911764,936
embedding_std_546,0.00017043549444248856,5.344906910105211e-05,0.00011182834695074171,0.0002579385632215999,937
embedding_mean_942,0.00017038565375911287,1.933443082431124e-05,0.00015046604336235064,0.00019978607855990302,938
embedding_std_448,0.0001701362270139361,2.78807653569962e-05,0.00013832669447857673,0.00020993482011934903,939
embedding_std_688,0.00017004827416199886,2.9343295013355538e-05,0.00012219237988710165,0.00019660682632049702,940
embedding_mean_847,0.00016990007847503358,1.8472345595202387e-05,0.00013732809941093514,0.00018039555138150368,941
embedding_mean_395,0.00016967019274613326,7.654757875852758e-05,7.653020390430356e-05,0.00028618335397839756,942
embedding_std_977,0.00016957050894134186,3.183099267366905e-05,0.00012024995325177899,0.0001991160775776382,943
embedding_std_142,0.00016924077948670134,3.390443598371645e-05,0.00010986959570144072,0.00019130877571515582,944
embedding_std_570,0.00016918166071199726,3.4772720069661455e-05,0.00013245029734337222,0.00022329540213263945,945
embedding_std_235,0.00016915470203464903,2.630100917303706e-05,0.0001325019751674835,0.00020020764485096244,946
embedding_std_9,0.00016915309420718083,6.817545902598824e-05,8.994612957869636e-05,0.0002772364916412739,947
embedding_mean_84,0.00016899655502953853,3.817901115878146e-05,0.00012300074887351486,0.00022826237701573668,948
embedding_mean_694,0.00016899620077268326,2.9191201896823555e-05,0.00014412901786631946,0.0002156347648301768,949
embedding_std_91,0.0001689729143324823,6.42046418181338e-05,7.2457599654808e-05,0.00024512941848475983,950
embedding_mean_907,0.00016879515305149117,3.868753223504629e-05,0.00011968234990225859,0.0002042838557580044,951
embedding_std_416,0.0001687493134866835,4.621240422463235e-05,9.481241780074661e-05,0.00022226806404253605,952
embedding_std_744,0.00016859865075781924,1.5699482962849184e-05,0.00014813975601649088,0.00018622478989085192,953
embedding_std_31,0.00016835981081051457,3.861417816207221e-05,0.00011423502714826717,0.00020062785505797488,954
embedding_std_460,0.0001683168954169237,2.156017371341244e-05,0.00014262039803195151,0.00020135909834910294,955
embedding_mean_838,0.00016819600954496645,2.624142893408425e-05,0.00013486348930051914,0.00020193512375900222,956
embedding_mean_266,0.0001681655035066851,4.631519635633162e-05,9.869852506481505e-05,0.00022160083571707114,957
embedding_std_172,0.00016779320674438765,6.709826262070219e-05,9.607777035917295e-05,0.00027511123293687235,958
embedding_std_651,0.0001677707488374626,2.28549551694858e-05,0.00012869773104581052,0.00018361818105398696,959
embedding_mean_752,0.00016729740765059298,2.815924793196288e-05,0.0001302283623463403,0.00019833068867925813,960
embedding_std_187,0.00016720903758182096,6.091424869937393e-05,6.730021525979516e-05,0.00023270195897140294,961
embedding_std_210,0.00016718354024410566,3.0536553166144584e-05,0.00011666996368300361,0.00018823915434949644,962
embedding_std_733,0.00016715716546916262,2.484725373207877e-05,0.00012492506817202845,0.0001868449791794797,963
embedding_std_892,0.00016679064040600136,4.739055780953086e-05,8.24838285084241e-05,0.00019604267713187572,964
embedding_mean_778,0.00016670581836386675,2.7687147561161262e-05,0.00014206931214741242,0.0002016831238315675,965
embedding_mean_742,0.00016667673908506684,3.841914669526444e-05,0.0001203791526775623,0.00022470461352530998,966
embedding_mean_267,0.00016663983255085503,4.630887353331233e-05,8.610747733727045e-05,0.00019904008927152913,967
embedding_std_732,0.00016641145615433947,2.598601209006994e-05,0.00013274322327685325,0.0002009689341944962,968
embedding_std_350,0.00016636777339517763,2.9714525350702902e-05,0.00012503293137992275,0.00020831776619497245,969
embedding_std_790,0.00016629951346967963,3.904817820124311e-05,0.00012592700796477965,0.0002118170981653125,970
embedding_mean_264,0.00016615677833708162,4.63664688652228e-05,9.731189758986183e-05,0.00021529276942957204,971
embedding_mean_253,0.00016613292603766798,3.2246638144165077e-05,0.0001321748792775278,0.00021318457813072534,972
embedding_std_300,0.00016609521070305608,3.366446411256914e-05,0.00011152377345038536,0.00019618911512902292,973
embedding_std_618,0.00016604461054058582,5.2050450504986226e-05,7.880877094847354e-05,0.00021709204144333517,974
embedding_mean_232,0.00016597256039889327,3.710361942205766e-05,0.00011762201960586158,0.00022203012997859043,975
embedding_std_58,0.00016592917960762328,5.28875537681972e-05,8.306297320957396e-05,0.00023028333592506445,976
embedding_mean_335,0.00016586258691793804,4.331855429069495e-05,0.00010819779596345611,0.00021721187777730137,977
embedding_mean_478,0.00016575039870910766,3.8466633814123344e-05,0.00012151896002748387,0.00020429604239023837,978
embedding_std_94,0.00016573875252150541,3.3624778577726496e-05,0.00011700222002473516,0.0002027544352022323,979
embedding_std_572,0.00016568020082668596,2.8136725074039068e-05,0.00013765092070393064,0.000207253909485077,980
embedding_mean_854,0.0001656404337140114,4.1857097173660295e-05,9.871840079201553e-05,0.00021100154477609584,981
embedding_mean_584,0.0001655981626077489,2.1957519733918565e-05,0.0001421996478162477,0.00019159572735185862,982
embedding_std_875,0.00016558789568158245,1.3707180393466025e-05,0.0001539449341349687,0.00018863516840097528,983
embedding_std_257,0.00016545607484130974,2.6284093138111753e-05,0.0001242982089520277,0.0001961144714148041,984
embedding_std_454,0.00016517410601068144,2.89852623371576e-05,0.00012323513833043946,0.00019718586644408307,985
embedding_mean_155,0.00016507737811271417,5.026984513008555e-05,0.00010430744997668883,0.0002383246304368382,986
embedding_std_264,0.00016504831732915573,4.974841186155066e-05,0.00010659726099958472,0.00023251061483470253,987
embedding_mean_306,0.00016503110131963093,4.6395429530959404e-05,9.543702914639793e-05,0.00022209411616279379,988
embedding_mean_10,0.0001647664420569421,4.769757301274968e-05,0.00010849629851576023,0.0002299750111288278,989
embedding_mean_200,0.0001647355911708976,3.6625002828404925e-05,0.00012658227631006318,0.00020865395692519842,990
embedding_mean_1012,0.00016453365273724034,0.00010055229083504865,6.610002058480406e-05,0.0003333680339800806,991
embedding_std_933,0.00016415866846759285,4.702094070490643e-05,8.425249754930188e-05,0.0002084931393719209,992
embedding_mean_98,0.0001640054510112841,2.410608501118056e-05,0.00012946541990887587,0.00019175489771496447,993
embedding_mean_540,0.0001639938159427441,5.649208233745932e-05,6.501849155547526e-05,0.00020756635611445177,994
embedding_mean_163,0.00016393751910525098,4.4197822481716506e-05,0.00010745733996599464,0.0002001908299346484,995
embedding_std_164,0.00016390888634480123,5.192117537533421e-05,0.00011329266758455789,0.00023857788196845854,996
embedding_mean_386,0.00016371122062208606,2.0117387261471223e-05,0.00013385625343907386,0.00018633166470054838,997
embedding_std_489,0.00016344019421472714,3.8386564060156515e-05,0.0001047466484536304,0.00020982057316527506,998
embedding_mean_345,0.00016325182800855197,1.7622988514802045e-05,0.00014797331564211154,0.00018760099075005524,999
embedding_mean_47,0.00016321341586687056,5.63851797784987e-05,9.070747118816613e-05,0.00023833654132630064,1000
embedding_mean_445,0.0001631959920199958,4.962160493522494e-05,9.361156174218503e-05,0.00023098388940783417,1001
embedding_std_423,0.00016293829398975022,3.628356646228195e-05,0.00010710516230445048,0.0002084553800623183,1002
embedding_std_532,0.00016292447851873836,4.519329568423618e-05,8.976171729395963e-05,0.00020362718874032142,1003
embedding_mean_979,0.00016290825995172393,3.9910186444714894e-05,9.38660821538602e-05,0.0001938285880972189,1004
embedding_std_822,0.0001628899433983725,4.245993875500101e-05,9.528355162803228e-05,0.00021302382724072144,1005
embedding_std_882,0.0001626203209030817,4.284733938040141e-05,0.00011423802365387084,0.00022781572887993457,1006
embedding_mean_452,0.00016254150644601567,2.7120046773753197e-05,0.00011706795567241553,0.000189593219207536,1007
embedding_std_914,0.0001624739810335858,3.9724118254375274e-05,0.00010414905289167662,0.0002116139823794726,1008
embedding_std_72,0.00016244079041223314,6.237585893348705e-05,6.973060142588278e-05,0.0002428513275821022,1009
embedding_mean_57,0.0001623753942812298,3.9060669781430454e-05,0.00010869327832952659,0.00020295735189330386,1010
embedding_std_632,0.00016237357553910303,3.486088146055229e-05,0.00010757858865120077,0.00019899755575543507,1011
embedding_mean_424,0.00016231607409108352,1.147440219459948e-05,0.0001508807569780918,0.00017687174726329803,1012
embedding_std_139,0.00016226130833556568,5.002119819782065e-05,8.676665680081575e-05,0.00022260176663358187,1013
embedding_std_251,0.00016189991996462197,4.295135034241914e-05,8.744048364032442e-05,0.00019399392268646626,1014
embedding_mean_784,0.00016177806208309548,5.5542592642969345e-05,8.266462780418415e-05,0.00022956695762244491,1015
embedding_std_55,0.00016174691408851573,6.535479138776712e-05,7.092931908053926e-05,0.00022820861921129938,1016
embedding_std_78,0.00016168776372205005,1.3897442535808282e-05,0.00014476329175323914,0.0001784464127022018,1017
embedding_mean_708,0.00016165285330514597,4.002163943572546e-05,9.371400868706995e-05,0.0001964228691866025,1018
embedding_mean_913,0.0001614121030073514,2.2676214155703334e-05,0.0001254418514756268,0.00018067565014828383,1019
embedding_mean_673,0.0001611414320790562,2.7621035395181986e-05,0.00013570348618964235,0.00019131022231207626,1020
embedding_std_735,0.00016112347940943207,2.342231563919589e-05,0.00013178593114503224,0.00018917910405973168,1021
embedding_std_205,0.0001610756255334704,2.65013121622159e-05,0.00013286857083983047,0.00020125537820797764,1022
embedding_std_334,0.0001606846963170023,4.155230920815859e-05,9.414034611718642e-05,0.0002041406505484778,1023
embedding_mean_533,0.0001606775368615569,5.011933862910679e-05,7.978294332032478e-05,0.00020285351275303547,1024
embedding_std_575,0.0001605463602261582,3.054870956080714e-05,0.00011115480084587994,0.0001914999238145703,1025
embedding_mean_765,0.0001604184836374967,4.2441425346406496e-05,8.889548559175842e-05,0.00019831589474661189,1026
embedding_mean_727,0.00016012504404067974,4.822931706605658e-05,0.0001044479735394985,0.00023309512079239267,1027
embedding_std_887,0.00016008772509993534,2.805226872172606e-05,0.0001260872956101196,0.00019668250850705797,1028
embedding_std_400,0.00016004520775116698,3.946643904570408e-05,9.126345946837263e-05,0.00019156229757366622,1029
embedding_std_485,0.0001599837569937264,6.300379034873126e-05,8.867060140299838e-05,0.00025617669050118525,1030
embedding_mean_683,0.00015993380940721775,4.123513208736021e-05,9.032701206780924e-05,0.0001988270366055514,1031
embedding_std_28,0.00015990796342796158,2.421946823401734e-05,0.000119391453283056,0.00018435060506352577,1032
embedding_std_993,0.00015987253187337691,1.898424253776119e-05,0.0001403807639167123,0.00018382910482587649,1033
embedding_std_389,0.00015978147646762087,4.4423541793061713e-05,8.581031324738416e-05,0.00020117834142181732,1034
embedding_mean_405,0.00015973055588324603,6.494644630132636e-05,9.219334716795498e-05,0.0002608833407099304,1035
embedding_std_873,0.0001596097227534508,3.629655289963407e-05,0.0001083337873037445,0.00020012841415712742,1036
embedding_std_48,0.00015959205096855044,3.87361399603795e-05,0.00010606060417942104,0.0001970864875691348,1037
embedding_std_827,0.00015953422536741765,2.4447634075479593e-05,0.0001221187814534837,0.00018139129204576193,1038
embedding_mean_976,0.00015930442933117153,7.471961080989462e-05,4.421363918374988e-05,0.0002528375008529699,1039
embedding_mean_344,0.00015923396407638282,3.682786764695354e-05,0.00011576064054182958,0.00021243021413424828,1040
embedding_mean_922,0.00015920936972620454,2.7416701556353802e-05,0.00011687558642609877,0.00018017331589045333,1041
embedding_mean_104,0.00015914729975996606,3.279286504410706e-05,0.00010358821512423598,0.00018402192109478072,1042
embedding_std_562,0.00015894300460574337,2.942270214637776e-05,0.00011565061709868635,0.00018994301879742,1043
embedding_mean_951,0.00015880882919067733,3.2626931230153837e-05,0.000119979012253104,0.0001951602207210923,1044
embedding_std_59,0.00015863892702025313,1.1392843711577977e-05,0.0001495522114371363,0.0001739597273377882,1045
embedding_std_706,0.0001584950195025148,7.706374843888839e-06,0.0001454765302778715,0.0001633090993890889,1046
embedding_std_40,0.0001584675470560894,5.498958857275655e-05,6.692811493129967e-05,0.00020840928424460157,1047
embedding_mean_461,0.00015844760175312263,5.5572149149491513e-05,0.00010943766537167374,0.000246998055425056,1048
embedding_mean_764,0.00015835670916588537,3.092566046097724e-05,0.00012033468290185825,0.00019568366173200555,1049
embedding_std_338,0.0001582146562575352,5.0668232499356305e-05,8.176706015107973e-05,0.00021245953243026228,1050
embedding_mean_175,0.00015817226369966545,4.160827506104803e-05,9.116838582590832e-05,0.0002039950024795637,1051
embedding_mean_245,0.00015817094086359083,4.257236891869133e-05,0.00010945144972834612,0.00022603440982902064,1052
embedding_mean_562,0.00015817060148918497,3.411648048265213e-05,0.00011281458100224125,0.00020670418528086283,1053
embedding_std_536,0.00015807070411000132,4.656840340329766e-05,9.73996370750038e-05,0.00019578601928740258,1054
embedding_mean_262,0.00015803300330735284,5.2866660158654086e-05,0.0001049752035114663,0.0002457550673030676,1055
embedding_std_1021,0.00015792057514433578,1.883337612969911e-05,0.0001392198745238815,0.00018494253281777214,1056
embedding_std_61,0.0001578144395893667,6.668343648311323e-05,9.818390279457042e-05,0.0002505130016551009,1057
embedding_mean_229,0.00015776957805050345,6.716981873232675e-05,8.549266081875014e-05,0.0002499767842826883,1058
embedding_std_609,0.00015766467707500504,5.660908679558522e-05,9.330918233224876e-05,0.00024132887004385705,1059
embedding_mean_531,0.00015766415054664854,4.222924261919407e-05,8.220354267971283e-05,0.00017904129662195325,1060
embedding_mean_908,0.00015766007447259875,4.8459938827270995e-05,7.562808992797432e-05,0.00020088296849163706,1061
embedding_mean_949,0.00015758081767225954,2.752659985939861e-05,0.00011425888756503333,0.00018634835498826735,1062
embedding_mean_690,0.00015749546798797588,5.9151036578009654e-05,9.249108028461346e-05,0.0002515478180661752,1063
embedding_std_430,0.00015747842512064746,3.2151113407632424e-05,0.00010680846469238372,0.0001832646379480807,1064
embedding_mean_875,0.00015745966759081058,4.1407807920530477e-05,8.895297973641398e-05,0.00019707080554959625,1065
embedding_mean_539,0.0001574056136181455,2.0758901000673267e-05,0.00012314133732179642,0.0001772832084100295,1066
embedding_mean_589,0.0001572736391928431,3.295224465842955e-05,0.00010459105029803839,0.0001950223860963764,1067
embedding_std_195,0.00015722342368923065,5.080886264497163e-05,7.232612164744545e-05,0.00020670805957326958,1068
embedding_mean_433,0.00015713317606770458,2.435538961946668e-05,0.00012414600755211415,0.00018882751208814438,1069
embedding_std_124,0.00015708369313614118,4.6283837401584345e-05,9.191176785246154e-05,0.0002103137925460922,1070
embedding_mean_921,0.00015691448219565097,1.5989302092301822e-05,0.0001323690435985378,0.0001728065962160226,1071
embedding_std_878,0.0001568114281884088,6.970904980289712e-05,8.096708452805894e-05,0.00026936812366364955,1072
embedding_std_137,0.00015680715618710846,4.9898915620051664e-05,9.987844940336493e-05,0.00021084919660619404,1073
embedding_mean_536,0.00015666736929216278,2.8906727519818596e-05,0.00010654108242709871,0.00017991205932169695,1074
embedding_mean_812,0.0001565037650129289,3.1880904837540275e-05,0.00012712005287296947,0.0002057616879873422,1075
embedding_std_97,0.0001562582415585758,4.270805359215643e-05,9.090484765781026e-05,0.00019840460430391773,1076
embedding_std_5,0.0001561372294892202,4.9839586707095635e-05,9.059808660102732e-05,0.0002309592473063259,1077
embedding_std_1008,0.00015595122857414029,3.1366373171595036e-05,0.0001214297786729264,0.00020423574385711738,1078
embedding_std_792,0.00015590454173749975,2.6130078157793553e-05,0.00011430460048405471,0.00018165601159353428,1079
embedding_std_995,0.00015587965832298845,2.1526019505462495e-05,0.00013389963992356072,0.00018066708802188852,1080
embedding_std_552,0.00015587038914763096,3.661480441511266e-05,0.00011838908163009942,0.00019659869127903678,1081
embedding_mean_83,0.0001556235432741161,4.715674885527806e-05,8.956996062203806e-05,0.00020990481278283457,1082
embedding_std_503,0.0001556171084157167,2.4630355234859042e-05,0.00011949084525096134,0.00017583203499711288,1083
embedding_std_262,0.00015551268207698258,4.863321148644487e-05,8.430324475955527e-05,0.00020820935970714127,1084
embedding_std_723,0.00015549743571611105,7.37458239558375e-05,6.756312948710991e-05,0.000271886182562468,1085
embedding_std_351,0.00015542224396746483,3.48067396562876e-05,0.0001047404508663015,0.00020257408546278324,1086
embedding_std_674,0.0001553365688939838,4.401454717202121e-05,0.0001135960807741594,0.00022961141632998417,1087
embedding_mean_447,0.00015532584026661263,3.7530713358913717e-05,0.00012126634958780175,0.00021144206703980906,1088
embedding_mean_51,0.00015530426894316845,3.47669543556366e-05,9.878475671890882e-05,0.00018805448801283652,1089
embedding_std_930,0.00015528444341617905,3.011146749258871e-05,0.00011290285372100848,0.00018356742037249773,1090
embedding_std_769,0.0001552549525188461,2.2570925744561774e-05,0.00012130804933207213,0.0001778333851281587,1091
embedding_std_413,0.00015523833939095987,5.161537375584904e-05,0.00010030190911334598,0.0002169511808542111,1092
embedding_std_625,0.00015522304648692598,3.1325713893549096e-05,0.00011625926512966663,0.00018627894514071974,1093
embedding_std_950,0.00015519785556865237,3.0926476465584775e-05,0.00011405392470246368,0.0001960417820546442,1094
embedding_std_724,0.0001550975224572336,3.6127578939873914e-05,0.00010983280911932827,0.00020975532276326306,1095
embedding_std_568,0.000155072975204561,4.446439617575107e-05,9.247779222984785e-05,0.0002131279306769164,1096
embedding_std_896,0.0001550426532766454,3.371119513200114e-05,0.0001013203629862687,0.00019062141626593004,1097
embedding_std_740,0.00015502924155447843,2.32957870479326e-05,0.00012244273386188492,0.0001851678040536034,1098
embedding_std_991,0.0001549939176060124,4.931732145396548e-05,9.432932147833862e-05,0.0002114270692478247,1099
embedding_mean_58,0.00015497861164996395,4.9681374610763546e-05,7.386872343591598e-05,0.0002075646675974915,1100
embedding_mean_453,0.00015495048697624386,3.241051312065489e-05,0.00010682608177473364,0.00019419663864398407,1101
embedding_std_380,0.00015494317273276217,6.490758799902589e-05,7.474125272213264e-05,0.00025337199081437945,1102
embedding_std_816,0.00015493943677248766,2.6955832855276744e-05,0.00012059591407201532,0.00019443705297214007,1103
embedding_mean_215,0.00015487654423155733,6.461410661826634e-05,9.369754077942473e-05,0.00026342439628983336,1104
embedding_std_565,0.00015471730391932245,4.678111803462345e-05,0.00010663046258049428,0.00022922804077119794,1105
embedding_std_376,0.0001545865699504738,7.521987745004509e-05,7.956551525818802e-05,0.0002767591322634842,1106
embedding_std_199,0.00015457777266571215,8.481487137514614e-05,6.742587315211463e-05,0.00029574862458696464,1107
embedding_std_144,0.00015432386174109959,5.3061200155246746e-05,0.00010162458784638218,0.00024138020546259428,1108
embedding_std_800,0.00015412906387716213,5.309008190762754e-05,8.260087693473331e-05,0.0002307268473587227,1109
embedding_mean_681,0.00015373231987182576,3.548540179505086e-05,9.949704550528701e-05,0.00018815837432249226,1110
embedding_std_102,0.00015367774352404776,3.7044564323058016e-05,0.00010895667741234726,0.0001993579318843032,1111
embedding_std_605,0.00015365387295405606,3.668205482382634e-05,9.462162853118641e-05,0.00019068281357121361,1112
embedding_std_538,0.00015355654988645316,6.128846393381343e-05,5.397216062858459e-05,0.00021917845745129735,1113
embedding_std_891,0.00015352385038285696,3.0418850093043528e-05,0.00012096901331851254,0.00019335990886507862,1114
embedding_std_518,0.00015350144115982932,4.890181836489698e-05,6.645595588050504e-05,0.0001801945851229566,1115
embedding_std_707,0.00015339040589696745,5.0705117890234206e-05,7.42919212983955e-05,0.00021223568528354285,1116
embedding_std_114,0.00015334828337093613,2.6598023811322185e-05,0.00011725325486339675,0.00019036978710605128,1117
embedding_std_371,0.0001532420230571278,6.251727889515867e-05,7.012462602204995e-05,0.00023991038054079123,1118
embedding_mean_63,0.00015291624920115405,2.1846194279796973e-05,0.00012291112682529868,0.00018412819698984274,1119
embedding_mean_54,0.00015258510610308457,3.572395117811532e-05,9.307001922739707e-05,0.00018733696960532991,1120
embedding_std_464,0.00015233650751328068,7.298313380469678e-05,3.333311530954741e-05,0.00022542228221494884,1121
embedding_std_431,0.00015218275108321665,7.23430626622512e-05,7.020970770132722e-05,0.0002429680146431397,1122
embedding_mean_128,0.00015216631080383248,6.178646304154424e-05,7.336556913415408e-05,0.00023827923676979438,1123
embedding_std_683,0.00015211740202753833,5.033283319957258e-05,6.773870127995516e-05,0.00019515483447099202,1124
embedding_std_281,0.00015202147706925347,3.3342669614194544e-05,9.342378530176486e-05,0.00017599874944957298,1125
embedding_std_226,0.0001519109796445089,4.613141570938137e-05,9.578922949040642e-05,0.00022257235310270702,1126
embedding_std_505,0.00015189449906776316,3.502870792835616e-05,0.00011358364988400046,0.0001914454190162584,1127
embedding_std_241,0.00015184880237542042,4.684785139701542e-05,8.741998286476622e-05,0.00019313959038069878,1128
embedding_mean_293,0.00015183933251614832,3.8856715142753e-05,0.00011791805944412142,0.0002130508306259912,1129
embedding_mean_805,0.0001517406407889748,3.3106450981414354e-05,0.00011356559932109755,0.000189650568700776,1130
embedding_mean_645,0.00015169686622225508,2.485100867513528e-05,0.0001317777381049859,0.0001899844441318701,1131
embedding_std_884,0.00015157512395738687,4.090731079727579e-05,9.42239147009585e-05,0.0002065742217084383,1132
embedding_mean_692,0.00015150515240499392,2.732601617584311e-05,0.00011222346826992441,0.00018501236620162273,1133
embedding_mean_685,0.00015134539944755543,3.0162393926660104e-05,0.00011199836703818486,0.00018464424393015424,1134
embedding_std_326,0.00015132792922178763,2.300450414267803e-05,0.00011591307709799601,0.00017858235926530475,1135
embedding_mean_575,0.00015124929740168566,4.350281731369717e-05,9.365918346795779e-05,0.00019832298948727265,1136
embedding_mean_879,0.000151226471369866,2.1412910562523e-05,0.00011911783798839976,0.00017497606425768478,1137
embedding_std_530,0.0001512212696905602,3.72693926287341e-05,0.000119576769282509,0.0001992863481914065,1138
embedding_mean_714,0.000151069480906706,5.084535690247636e-05,8.686845483577001e-05,0.00019328025071598757,1139
embedding_std_293,0.0001509645264112368,3.242498646428471e-05,9.948289205152928e-05,0.0001842382021350271,1140
embedding_std_686,0.00015077988825130863,4.523018913917658e-05,0.0001005319685005528,0.00019392056801248174,1141
embedding_std_231,0.00015075797337980558,4.0457126084830337e-05,8.453425375344029e-05,0.00019344744106512276,1142
embedding_std_149,0.00015071628180356454,4.6495251628911156e-05,8.207536310672041e-05,0.0002045171811510258,1143
embedding_std_222,0.00015068494351592684,1.8946900698858085e-05,0.0001362358282145148,0.00017319854318295158,1144
embedding_std_941,0.00015054084861672144,4.538806078400588e-05,8.553263262694326e-05,0.00019944602698207086,1145
embedding_std_513,0.00015050027076863988,3.3189076974034335e-05,0.00011059874597921769,0.00018713761815927098,1146
embedding_mean_113,0.00015045522363059323,3.1632823865923214e-05,0.00011965817030165326,0.00018847046113094475,1147
embedding_std_795,0.000150441216958062,5.372247842939567e-05,6.128778902288781e-05,0.00020178292088985194,1148
embedding_mean_820,0.00015041692765347078,3.283619239964055e-05,0.00010032504644911876,0.00018126635730855435,1149
embedding_std_443,0.00015031787576808895,4.6312458056688885e-05,8.674436022647999e-05,0.000211122874940313,1150
embedding_mean_179,0.00015022168775404688,3.855979999772956e-05,0.0001068866136502136,0.00020057054721918803,1151
embedding_std_917,0.0001500667221807339,4.376981507751426e-05,0.00010218401904605003,0.00021762986553441237,1152
embedding_mean_999,0.0001500392289751121,1.5842009708017886e-05,0.0001230221605876113,0.00016495008758113668,1153
embedding_mean_786,0.0001499608867380657,3.232689770352365e-05,0.00011294191895304211,0.00018721978665156845,1154
embedding_std_893,0.0001498977334679015,5.346067387641835e-05,8.088598781263456e-05,0.00021997163861228112,1155
embedding_std_456,0.00014985969220427032,6.853789018694552e-05,6.223180666056138e-05,0.0002541088122942468,1156
embedding_mean_396,0.0001497899010234279,4.609877473404687e-05,7.871204530828202e-05,0.00020439741340500938,1157
embedding_std_341,0.00014974659311687064,3.290529051583398e-05,0.00012416560463359504,0.00020405049287325813,1158
embedding_mean_297,0.00014972569338912733,3.58820130910325e-05,0.00010553490517246359,0.00018762604264334207,1159
embedding_mean_964,0.00014972556953043415,2.1040791364343923e-05,0.00013140983171103354,0.0001760798028813281,1160
embedding_std_856,0.00014971177918728418,4.597901646490695e-05,7.619014614760425e-05,0.00019906659969103424,1161
embedding_std_290,0.00014956090185289976,6.235548459436267e-05,6.308525399800545e-05,0.00023370678537452518,1162
embedding_std_224,0.00014938763273460767,1.9186013990356595e-05,0.00011883372647325135,0.0001713601125234992,1163
embedding_mean_464,0.00014936252949900188,4.252341556434546e-05,9.679683806329363e-05,0.00020239603743099036,1164
embedding_std_615,0.00014920005458618369,3.395199523749135e-05,9.69340126658379e-05,0.0001918223881911348,1165
embedding_mean_845,0.00014891365771088676,3.34454429382225e-05,0.00011014096987471621,0.00018889271033258593,1166
embedding_mean_149,0.00014875584325366574,5.552935429312966e-05,5.536879563935608e-05,0.0002021341927003285,1167
embedding_mean_969,0.00014871991095040637,3.935383191142281e-05,8.092633079845521e-05,0.00018259862469239483,1168
embedding_mean_205,0.00014867917871210819,2.5782289817031063e-05,0.00010444255408146017,0.0001709414256404634,1169
embedding_std_960,0.00014866906748247036,2.225864925000516e-05,0.00012167897426759375,0.0001778175412856504,1170
embedding_mean_557,0.00014864688277232204,6.312685144166021e-05,7.484407341914746e-05,0.0002483054669388259,1171
embedding_mean_1001,0.0001485153126940724,3.035229669501878e-05,0.00011469461370010588,0.00019178407316263905,1172
embedding_std_636,0.0001484862195338538,4.4736797529317394e-05,8.668617039265917e-05,0.00020522016869839327,1173
embedding_mean_814,0.00014846346659462155,4.597399900494015e-05,8.906926465827187e-05,0.00021798284865567652,1174
embedding_std_363,0.00014815897050699336,4.58336428516447e-05,8.13816990685279e-05,0.0002049324237757839,1175
embedding_std_165,0.0001480432438943731,4.261886039137853e-05,9.267422217286448e-05,0.00020735261423654992,1176
embedding_mean_797,0.00014781063393108298,5.076538247411414e-05,8.382667210925078e-05,0.00020553966055858694,1177
embedding_std_946,0.00014769039935347343,2.7641621876685826e-05,0.00010411318488946127,0.0001809826281402942,1178
embedding_std_542,0.00014758973906857706,2.1794103057924565e-05,0.00012278050510435652,0.0001746070764423727,1179
embedding_std_693,0.00014755345705703095,6.404101749050384e-05,7.50669456035426e-05,0.00024985982654799173,1180
embedding_mean_367,0.00014736378827937116,4.262996272406722e-05,8.65981508568884e-05,0.00020540370659414948,1181
embedding_std_664,0.0001473603752489388,1.1996444845275663e-05,0.00012897759903848186,0.0001614760534000322,1182
embedding_mean_831,0.0001472999470065125,5.606930069024481e-05,6.164421563365584e-05,0.00021706151486754628,1183
embedding_mean_853,0.0001472631267178404,2.7159844701794346e-05,0.00010240858536465136,0.00016860732344100085,1184
embedding_std_753,0.00014725653580327242,2.6739448090094254e-05,0.00012166803802335381,0.00018583994983501693,1185
embedding_std_1001,0.00014716870337399732,4.3167754453309066e-05,8.177015544672159e-05,0.00020317629919498992,1186
embedding_std_819,0.00014716285431764885,4.280518693273563e-05,7.208612593961057e-05,0.00018035352502613133,1187
embedding_mean_55,0.00014713036274757496,5.581049301885919e-05,7.484012461383734e-05,0.0002317699441190565,1188
embedding_std_718,0.00014708028381910267,2.4453105838797776e-05,0.00010923163419611247,0.0001763737632437883,1189
embedding_mean_688,0.0001469933440535866,4.008197540592774e-05,8.2478881418103e-05,0.00018404547230770654,1190
embedding_std_38,0.0001469051053520325,6.296623845650779e-05,5.897976457663665e-05,0.00023231086150389383,1191
embedding_mean_614,0.00014689383374839627,4.6309911808755744e-05,8.24483760988557e-05,0.00020382810642393962,1192
embedding_std_804,0.00014688982182169927,7.32112214444104e-05,4.7144880012987666e-05,0.00025236172909868046,1193
embedding_std_181,0.00014678633044268422,3.4590907370367366e-05,9.333527408537142e-05,0.00018129182675488733,1194
embedding_mean_735,0.00014676312463049744,1.6207360754152363e-05,0.0001314861430669303,0.00017109420719872473,1195
embedding_std_976,0.00014671410737351166,4.248506318403512e-05,7.901486010460363e-05,0.00018831109480294732,1196
embedding_std_433,0.0001466346103118699,3.0034683275402286e-05,0.00010898022521221409,0.00017416885223762562,1197
embedding_mean_528,0.00014659512628101387,3.315789994225585e-05,9.117290498046126e-05,0.000179592208284525,1198
embedding_std_669,0.00014657417708941576,4.102335372805752e-05,7.467282918174552e-05,0.00017265463724612967,1199
embedding_mean_475,0.00014655233170257748,3.639911462937135e-05,9.79802192056421e-05,0.0001912459947210238,1200
embedding_std_871,0.00014652160783395468,2.094281891906714e-05,0.00012121151895455308,0.00017935922341245707,1201
embedding_std_286,0.00014635159603152155,4.961546914603166e-05,0.00010151291552484745,0.00022640340825137297,1202
embedding_mean_1023,0.00014634425143133107,2.0693215159108195e-05,0.00012077395922140693,0.00016905314006559433,1203
embedding_mean_573,0.00014630609510691506,5.783725494690376e-05,4.810447303329282e-05,0.0001924998886717037,1204
embedding_mean_918,0.00014614075796135596,3.422803443503997e-05,9.381738227838683e-05,0.0001845531939903235,1205
embedding_std_918,0.00014610759626095907,4.860300384611102e-05,6.843933378143702e-05,0.00018601688567205444,1206
embedding_std_184,0.00014607303776535468,4.8225832473488195e-05,7.534754555121444e-05,0.00020635281361322018,1207
embedding_std_446,0.00014595064831980772,1.80115121347181e-05,0.00012198934600594438,0.00016918369642418725,1208
embedding_std_789,0.00014567140048075847,2.298372228772964e-05,0.00011474812026056311,0.00017468363894152395,1209
embedding_mean_800,0.00014564965553145553,2.6135563025727806e-05,0.00011583329622115133,0.0001749124251819803,1210
embedding_std_672,0.00014554146334206573,2.7332802110581614e-05,0.0001078926245073786,0.00017436053009155225,1211
embedding_std_814,0.00014545572869002998,4.584013208304646e-05,8.712701921565598e-05,0.00021488407225785642,1212
embedding_mean_704,0.00014545368665991706,5.647661956518242e-05,6.469077115518092e-05,0.0002228042355657379,1213
embedding_mean_137,0.00014544191240230793,4.904684580014297e-05,9.525342668968444e-05,0.00020087153992015409,1214
embedding_mean_583,0.0001453967981313795,2.3224962166828897e-05,0.00010921451877292586,0.0001715245993005537,1215
embedding_std_101,0.00014529328501629532,3.658534455811507e-05,8.680396933833191e-05,0.00018592971012978743,1216
embedding_std_121,0.00014505714887655334,3.673740865768198e-05,8.847918595463264e-05,0.00019133160810734572,1217
embedding_mean_661,0.00014504772871912257,4.0042503379888676e-05,8.069552704810728e-05,0.00018778730977584785,1218
embedding_std_851,0.0001449529691981344,2.3569911073460538e-05,0.00011614781602786357,0.00017300999119516467,1219
embedding_std_120,0.00014492580779525976,2.686513913798191e-05,9.805039629305237e-05,0.00016260982556139572,1220
embedding_mean_339,0.00014487800422231995,2.712697631324326e-05,0.00011456379757697896,0.00018850485116162936,1221
embedding_std_212,0.0001448390647336136,4.21272515719798e-05,7.2750425441233e-05,0.00018003342166304732,1222
embedding_std_447,0.00014480581196462902,4.800333621338705e-05,0.00010175560377790002,0.00022699908175213363,1223
embedding_mean_912,0.00014474740930484474,1.3995731362980357e-05,0.00012228399582538726,0.00015481303868518405,1224
embedding_mean_85,0.00014469352026341947,2.9792372396371015e-05,0.00010059142511193597,0.00018173280322985154,1225
embedding_std_60,0.0001445998061679426,3.4950266786743964e-05,9.069253952142166e-05,0.00018327322653864463,1226
embedding_std_850,0.00014459053827915492,5.2916162627932645e-05,7.814548673668415e-05,0.0002184361847853454,1227
embedding_std_528,0.00014451134755096956,3.580540074006441e-05,9.929293117758931e-05,0.00019813386741208101,1228
embedding_mean_792,0.00014449811249574418,2.9334660614502325e-05,9.999214281894809e-05,0.00017291013205288108,1229
embedding_std_843,0.0001444927876679469,3.471404453546173e-05,9.957997394547649e-05,0.000190999495304364,1230
embedding_mean_984,0.0001444220278631492,3.619740021430381e-05,8.860750036815594e-05,0.00018610465841876285,1231
embedding_std_787,0.000144385613618265,3.737063889658214e-05,9.229662809282058e-05,0.00018051861205573176,1232
embedding_std_206,0.00014434308807254238,4.4351471614578996e-05,0.00010453950964086626,0.0002178906360288246,1233
embedding_mean_402,0.00014421814022592565,1.3218887650082878e-05,0.00013546237547823895,0.0001671962330195735,1234
embedding_std_520,0.00014421692155011076,2.309456239835588e-05,0.0001136206834939181,0.00017493954414035223,1235
embedding_mean_194,0.00014419393213624675,4.409298770255977e-05,9.937737568286323e-05,0.00021672023071632088,1236
embedding_std_519,0.00014413856276655998,4.167486792292969e-05,0.00010619144685129344,0.0002091234388584433,1237
embedding_std_970,0.00014413424996192648,2.6127555412861898e-05,0.0001233883151087378,0.00018740598214458078,1238
embedding_std_935,0.00014411182486411765,4.977450307420359e-05,7.192411532469978e-05,0.00019755197620999312,1239
embedding_mean_239,0.00014408402036931214,3.334012062749604e-05,9.54454663486946e-05,0.00018548024339748662,1240
embedding_std_798,0.00014405822665227442,2.712287826489771e-05,0.0001053383520656418,0.0001781195280469054,1241
embedding_mean_109,0.00014397818111955236,2.3852179887100758e-05,0.00010689931624631999,0.0001657970635700974,1242
embedding_std_383,0.00014389157549964948,3.161938554620713e-05,0.00011422160034231151,0.00019383344841296138,1243
embedding_std_1004,0.00014387202790856003,2.9078135584861133e-05,0.00011234507909041265,0.00018895899041021795,1244
embedding_std_327,0.00014386122807104811,3.652697595031992e-05,0.000109285382976545,0.00020140388408229122,1245
embedding_std_167,0.00014383506362857244,5.750241041571821e-05,6.220333411067172e-05,0.00021488392644902228,1246
embedding_mean_40,0.0001437872723731183,4.384402299005545e-05,6.923957462608221e-05,0.0001836222063012499,1247
embedding_std_870,0.00014367783382241637,5.256157822644796e-05,6.685084485253334e-05,0.00019703358371705285,1248
embedding_mean_599,0.00014362537597425572,2.5114633123538646e-05,0.00010149528977509643,0.00016311095271563439,1249
embedding_std_283,0.00014344138705973142,4.533289401567935e-05,8.62978038595479e-05,0.00021306361251290448,1250
embedding_std_901,0.00014329091331300708,4.3883094134390387e-05,9.386763180879895e-05,0.00018995806339281804,1251
embedding_std_587,0.00014328044762774213,6.051620716940754e-05,7.604658444625529e-05,0.00023773661222933635,1252
embedding_std_449,0.00014327345227450465,4.996572474366164e-05,8.658420927431768e-05,0.00021378396119706746,1253
embedding_std_907,0.00014326008616477278,2.7960525025006455e-05,9.715976268045043e-05,0.00016777129739108159,1254
embedding_std_923,0.00014319196425091515,3.711355533777073e-05,8.84688833323447e-05,0.00017781752926866482,1255
embedding_std_42,0.0001431394562526073,3.46592418459311e-05,9.73126368184268e-05,0.00019490986754043933,1256
embedding_std_395,0.00014304490800317286,4.781685778174481e-05,7.425504332221189e-05,0.00018821611019987706,1257
embedding_mean_141,0.00014295813056167003,3.976382840494349e-05,8.9740854731107e-05,0.00019384165020089084,1258
embedding_std_759,0.00014294394255764102,2.5651748773415252e-05,9.728780301252272e-05,0.00015745587611680636,1259
embedding_mean_894,0.00014292582971848567,3.369491178348664e-05,9.579700154296215e-05,0.00018061010422670089,1260
embedding_std_324,0.00014286731351322956,2.9377771895204327e-05,9.5473017887787e-05,0.0001697958178262212,1261
embedding_std_372,0.0001427329335909925,3.0000561745069847e-05,0.00010011828898162492,0.00018039170657409525,1262
embedding_std_533,0.0001427064783933489,2.6872947225683533e-05,0.00011157536910981272,0.0001741046983216507,1263
embedding_mean_119,0.00014263242567473308,2.96158846467775e-05,0.00010317117158499036,0.00018353904971947388,1264
embedding_std_34,0.00014248723222774643,3.1454138662801816e-05,0.00010473746876238794,0.00018852124941575243,1265
embedding_std_452,0.0001424653359524286,1.9045176773777828e-05,0.00011204290336376726,0.00016042542641059464,1266
embedding_mean_803,0.0001424266433353468,4.043413197779144e-05,8.868916056204115e-05,0.00018556612829268005,1267
embedding_mean_550,0.00014241986799747275,1.6995039486443804e-05,0.00012013087945462531,0.000163907628394249,1268
embedding_std_981,0.00014233013522979636,4.212075962227825e-05,6.98434906309793e-05,0.00017603164407513767,1269
embedding_std_646,0.00014227527438142145,4.07897871698081e-05,9.763576584224583e-05,0.00019126640551329335,1270
embedding_mean_931,0.00014210217012957613,2.5378489135655536e-05,9.977213407110778e-05,0.00016623348914122146,1271
embedding_mean_320,0.00014206158247304692,7.731638141416687e-06,0.00013162791333281212,0.00015105348217449142,1272
embedding_std_459,0.0001420416700570406,4.4060312860195285e-05,8.611691694437019e-05,0.00019322406453221587,1273
embedding_mean_471,0.00014202204250629802,4.890803313228834e-05,5.968499572710632e-05,0.00018753025882665682,1274
embedding_mean_896,0.00014198527302282133,3.941552853969096e-05,9.016761148685795e-05,0.00019698304746002603,1275
embedding_std_329,0.00014195637095260687,2.9236217013897005e-05,9.717171197442098e-05,0.00017765686097395613,1276
embedding_mean_36,0.00014181491030912694,1.5095152707816018e-05,0.0001219572559073508,0.00015694563257271748,1277
embedding_mean_586,0.0001418102309035777,3.584725761339754e-05,8.59873987886862e-05,0.0001812570569417754,1278
embedding_mean_511,0.0001418096943495294,4.1103649759850304e-05,7.460897805890584e-05,0.0001844065854761927,1279
embedding_std_85,0.00014173454867988787,3.328751566902446e-05,9.267139607439773e-05,0.00017587368865731555,1280
embedding_std_944,0.00014166887477148259,5.100167963838717e-05,5.308616787746348e-05,0.00017917526449422462,1281
embedding_mean_886,0.00014160179279810726,2.018448000127317e-05,0.00010887507989363908,0.0001623236639392239,1282
embedding_std_757,0.00014148906544644076,1.983622180749593e-05,0.0001296168349308799,0.00017664360003426572,1283
embedding_std_997,0.000141429896332522,4.83874552732615e-05,6.350826449214706e-05,0.00018446326571789628,1284
embedding_mean_4,0.00014120664488646617,8.860867164958259e-06,0.00012877348227875084,0.0001524515916317063,1285
embedding_std_208,0.00014109352157741528,3.718162246143335e-05,8.586669226426297e-05,0.00018987978170522253,1286
embedding_std_125,0.00014096386419740165,4.602765396796023e-05,7.54685371464445e-05,0.00020443027186655576,1287
embedding_std_277,0.0001408954275794953,4.5691288253491104e-05,8.352732859547371e-05,0.0001823365541505788,1288
embedding_std_369,0.00014083101292068468,4.624619026294713e-05,7.072542543747234e-05,0.0001882497814419653,1289
embedding_mean_222,0.00014064613329583763,1.8852303733254407e-05,0.00011295309350181188,0.0001605492689643337,1290
embedding_std_256,0.00014061781184203747,2.6881770205111863e-05,0.00011951043615820283,0.00018688674512009834,1291
embedding_std_754,0.00014057389392408198,4.568725608191497e-05,7.76934928059838e-05,0.00020027010276778103,1292
embedding_std_282,0.0001405551673859605,2.773017094716858e-05,9.707303240391814e-05,0.0001671625457529228,1293
embedding_std_44,0.00014051339590245415,2.8382566294636184e-05,9.47961613744837e-05,0.00016591485553470363,1294
embedding_mean_469,0.0001403180864894799,2.2352127874671103e-05,0.00011506946064968777,0.0001720612961296801,1295
embedding_mean_308,0.00014030250404400968,3.307806292703108e-05,8.895575159956574e-05,0.00017094736956252673,1296
embedding_mean_29,0.00014029939299099782,1.22662430905687e-05,0.00012195906538344001,0.00015224603738821005,1297
embedding_std_185,0.0001400702527462649,3.1181959052179305e-05,9.325872677473685e-05,0.0001679060292043912,1298
embedding_std_323,0.00013989081248795925,3.2096375352916086e-05,8.717127583061587e-05,0.00016580496544679624,1299
embedding_std_203,0.00013970386098331044,3.1099211619727406e-05,0.00010223410355582801,0.00018483050972895352,1300
embedding_std_444,0.00013966659684084686,3.9013085634289794e-05,8.662217960762421e-05,0.0001791352730052171,1301
embedding_std_67,0.0001395519191355303,1.0352885497939544e-05,0.00012914645366559152,0.00015427343025556657,1302
embedding_mean_37,0.00013949119996484877,4.994434688877203e-05,7.732286488095149e-05,0.00021500937525539807,1303
embedding_mean_545,0.00013948552621109579,4.034639132897667e-05,9.914709774417968e-05,0.0001929839683065931,1304
embedding_std_886,0.00013924049537766248,4.84005440280235e-05,8.859583611998742e-05,0.0001872939068578947,1305
embedding_mean_272,0.0001391391535496227,4.107582989135882e-05,8.08161926283097e-05,0.00017870411173594492,1306
embedding_mean_28,0.00013910197338234682,5.2524944042737904e-05,0.00010027675802986682,0.0002288808309155567,1307
embedding_std_588,0.00013909923338449668,3.255130835269193e-05,9.24378650819866e-05,0.00017303279465343677,1308
embedding_std_472,0.00013901954622700554,3.90407243694276e-05,7.480618911627506e-05,0.0001692093345531339,1309
embedding_std_927,0.0001388335054411561,2.4696956053987485e-05,9.481335905373342e-05,0.00015338006316771636,1310
embedding_std_82,0.00013878528528723583,4.623502899998418e-05,7.581085984554345e-05,0.00020335946524581026,1311
embedding_std_687,0.00013866337919972487,4.24844841899762e-05,8.277308543333094e-05,0.00020101704281283634,1312
embedding_std_79,0.0001386133959371478,4.350520274093107e-05,8.164889722727189e-05,0.0001901885597472611,1313
embedding_mean_394,0.0001385965215908417,4.0900148606451476e-05,8.327066576636731e-05,0.00018023791872903916,1314
embedding_std_652,0.0001385585820010698,3.570527745423551e-05,8.05766464944394e-05,0.00016836485502625455,1315
embedding_std_746,0.00013851498584227612,3.474932713903144e-05,8.724276939838088e-05,0.00018191170066014447,1316
embedding_mean_472,0.00013849099087678412,3.948880022955786e-05,8.544697086663154e-05,0.00018565658411281421,1317
embedding_mean_89,0.00013842897738712044,3.3419841006712865e-05,9.044618925552355e-05,0.00017889940777248757,1318
embedding_mean_935,0.00013841749807818547,4.754210678602114e-05,6.84661305981768e-05,0.0001882814450478951,1319
embedding_std_77,0.00013836361445723338,2.4779209790416956e-05,0.00010427240963979938,0.00016403627655136717,1320
embedding_std_668,0.0001383472696951972,4.4425813179148905e-05,6.516310557844537e-05,0.00017456962263522397,1321
embedding_mean_258,0.00013833354592627227,3.698262240036923e-05,9.860943838887828e-05,0.0001798777883811938,1322
embedding_mean_299,0.00013832999498752734,4.5699753963589184e-05,8.287440571659309e-05,0.00020934578102747397,1323
embedding_mean_938,0.0001382094547336704,2.3038825727313902e-05,0.00011138052996693678,0.00016884611191119472,1324
embedding_std_908,0.00013811661848004187,9.571304192766178e-06,0.000123242927341434,0.00014868543453397886,1325
embedding_mean_72,0.00013808785668953152,4.964015628113012e-05,8.689430026048984e-05,0.0002204337772348066,1326
embedding_mean_327,0.00013806182316476536,3.913640908080882e-05,7.632343642621398e-05,0.00017651390107912768,1327
embedding_mean_164,0.00013800244236794433,2.5164841808556437e-05,9.641719961851425e-05,0.0001601771795244553,1328
embedding_mean_156,0.00013788672269440124,3.644296821816729e-05,8.513982456107602e-05,0.00018730871953822847,1329
embedding_mean_947,0.00013747124397199765,3.9599268290612916e-05,8.387350540568822e-05,0.00018315587078310876,1330
embedding_mean_987,0.000137437120180333,2.3992696700359916e-05,0.00010378997393753638,0.00016118537223629227,1331
embedding_std_766,0.00013724748238699044,2.3763544759889507e-05,0.00010680065279654869,0.00016328820286691845,1332
embedding_mean_579,0.00013722307058326066,3.261066699362483e-05,8.226598550259145e-05,0.00016298517859035755,1333
embedding_std_269,0.0001370905939251168,3.574299861858492e-05,9.300331341948492e-05,0.00019272984746893194,1334
embedding_std_963,0.00013705471606737128,3.715133902640066e-05,8.957968962196385e-05,0.00018783592181125753,1335
embedding_mean_551,0.00013703601545603364,4.5855182336031514e-05,8.346214749732991e-05,0.00020213076345204528,1336
embedding_std_458,0.00013696235540612334,6.473655537523647e-05,5.9695260755788086e-05,0.00023920583767942386,1337
embedding_mean_17,0.00013692965171980222,3.5657335895957954e-05,7.895348655794003e-05,0.00016685345123944556,1338
embedding_std_332,0.00013685734616259338,3.183382641989844e-05,8.24599335015798e-05,0.00016201758715901306,1339
embedding_mean_490,0.00013683421710731955,3.777885396844418e-05,8.731359786347892e-05,0.00019355204169217526,1340
embedding_std_793,0.00013682777795492092,4.002908747294077e-05,9.584403161902859e-05,0.00020030722358328008,1341
embedding_std_191,0.0001367924162777139,4.480879476248823e-05,5.865408400558734e-05,0.0001651803109465355,1342
embedding_mean_852,0.0001367873761952259,3.192888316426962e-05,8.623988235851321e-05,0.0001674099115430089,1343
embedding_std_239,0.00013677140732499423,7.292137235993366e-05,4.643576907855172e-05,0.0002498726098152289,1344
embedding_std_339,0.00013674472577770717,5.112626656122507e-05,7.357848632260147e-05,0.00021657238729840572,1345
embedding_std_747,0.00013654953879905786,3.0081236367480353e-05,9.413473872611754e-05,0.00017168146971663774,1346
embedding_std_140,0.0001365300147445199,2.6558268919406487e-05,9.578960680478593e-05,0.00016854462588048328,1347
embedding_mean_753,0.00013644403829573805,3.227192021525351e-05,8.982277355561852e-05,0.00017519789628666133,1348
embedding_std_398,0.00013640031034051453,2.912873935298193e-05,0.00010074017008074444,0.00018096526757974143,1349
embedding_std_697,0.00013632541805078916,3.258612406616987e-05,8.935506092353742e-05,0.00017939060038518352,1350
embedding_mean_932,0.0001362051004774894,1.4726700005631979e-05,0.00012023857873275616,0.00015102028119202255,1351
embedding_mean_521,0.00013613482122485558,2.7401587983435765e-05,0.00010752965187091436,0.00016671940863201255,1352
embedding_mean_936,0.00013610775572942018,4.916920671655983e-05,9.019254309201062e-05,0.00020958368253643758,1353
embedding_std_774,0.00013602941729194532,4.15077448839012e-05,6.834480810151331e-05,0.00017376637805688246,1354
embedding_std_202,0.00013602896133585213,4.5647334132414105e-05,8.216426975108659e-05,0.00020458839598749617,1355
embedding_mean_295,0.00013596811457357533,2.2691814070510374e-05,0.0001064875835618139,0.0001568962026522289,1356
embedding_std_317,0.00013593698105830604,4.014334068024672e-05,8.614104697330078e-05,0.00017507619046177897,1357
embedding_mean_762,0.00013593283000239186,2.9209234908060137e-05,9.20669904197954e-05,0.0001717367716817834,1358
embedding_mean_965,0.00013566262667759783,4.0518934705419395e-05,8.631944125866474e-05,0.0001913398627710407,1359
embedding_std_377,0.00013557890179362824,2.2064899634005184e-05,0.00010568081610667652,0.00016233021471824609,1360
embedding_std_583,0.00013557365101014542,2.2682456917577837e-05,0.0001011375413646705,0.00016363862001305565,1361
embedding_mean_201,0.00013554722752553392,3.0670236675316474e-05,9.367919898796801e-05,0.00017217566116390476,1362
embedding_mean_60,0.00013543297293993134,2.334905794691573e-05,9.967129760964717e-05,0.00016325227229602076,1363
embedding_mean_219,0.00013542878186985902,5.1477506579141125e-05,5.969673610503097e-05,0.00018903050283063962,1364
embedding_mean_518,0.00013538658367483083,3.077888302920895e-05,9.621846458618054e-05,0.00017829289394263634,1365
embedding_mean_929,0.0001353833039425887,3.164613899265563e-05,8.286601590361274e-05,0.0001616990022472249,1366
embedding_std_109,0.00013538303310532224,3.2372951292561943e-05,7.931111925197283e-05,0.00015989778334986015,1367
embedding_std_196,0.00013522917660308697,1.4662629181227395e-05,0.00011408405156653849,0.00015277022826667817,1368
embedding_std_375,0.0001352010174320779,2.8761860589482382e-05,8.902817362960221e-05,0.00016150705626777638,1369
embedding_mean_180,0.00013519324067291766,3.087245286251243e-05,8.715952245963843e-05,0.00016882795909596018,1370
embedding_std_867,0.0001350208611244786,3.583944477983036e-05,8.655751726406062e-05,0.00017807141241605484,1371
embedding_mean_234,0.00013496569956587527,5.57706887065944e-05,5.309384428960987e-05,0.00018752554617585172,1372
embedding_mean_53,0.00013480548629621114,2.5736693109107623e-05,9.473454173600079e-05,0.00016182663627821992,1373
embedding_mean_127,0.00013480500839630098,4.5499386493072876e-05,7.984815498862134e-05,0.00019894248110270536,1374
embedding_mean_598,0.00013475564613517953,3.474186978100466e-05,8.669567974409621e-05,0.00018476980424995954,1375
embedding_std_469,0.000134744799156467,4.447469243791126e-05,7.080902189189508e-05,0.00018985258349240984,1376
embedding_std_631,0.00013469656482742736,2.852158610456722e-05,8.542600039413022e-05,0.00015560601428308483,1377
embedding_std_742,0.00013453819482473227,2.729632596654367e-05,9.724647581945718e-05,0.00016884961646083596,1378
embedding_mean_403,0.00013452072854579203,2.41832278032276e-05,0.00011165973515683169,0.00017318302741408732,1379
embedding_mean_924,0.00013432541832321992,4.116888282950792e-05,7.718850825771191e-05,0.00017724029589125546,1380
embedding_mean_189,0.00013429062259120314,3.6912582297546906e-05,7.69236235255051e-05,0.00017036103403194746,1381
embedding_mean_227,0.00013423820736508876,3.042597001621194e-05,9.117129461772701e-05,0.00017574449929264242,1382
embedding_std_861,0.00013410767292306082,3.334415420918641e-05,9.751213784521822e-05,0.00017454683326534638,1383
embedding_mean_651,0.00013409740510260772,2.1244065181437828e-05,0.00010527653555786962,0.00016269979303034778,1384
embedding_mean_152,0.00013403268182761566,3.598871799071521e-05,9.19527169970927e-05,0.000174147709840576,1385
embedding_std_521,0.00013398021582085854,2.5608526670194875e-05,9.660607230611963e-05,0.0001682152520930181,1386
embedding_mean_414,0.00013390454194914527,1.8512763332249787e-05,0.00011136018641408944,0.00015742997634598827,1387
embedding_mean_347,0.0001338601432236602,2.766247876343859e-05,9.710468294079629e-05,0.00016221474578267402,1388
embedding_mean_581,0.0001338188320007419,3.536220002615765e-05,8.310767257731379e-05,0.0001647211497574715,1389
embedding_std_737,0.0001337978029969713,2.5322205901510755e-05,0.00010811742445250036,0.00017006777286172328,1390
embedding_mean_804,0.0001337947892100822,1.7510511599010087e-05,0.00010785886720424457,0.00015621434878805522,1391
embedding_mean_1003,0.0001336714696222859,3.978523272569715e-05,7.802358693034301e-05,0.00018672695828353248,1392
embedding_mean_788,0.00013338537241206107,2.1397650710462044e-05,0.0001041415514037796,0.0001542585256456796,1393
embedding_std_1003,0.00013333521763762707,3.4952923200939144e-05,8.269024986941282e-05,0.00017554056588400767,1394
embedding_std_751,0.00013328591570785746,5.698423429414734e-06,0.0001246400222051465,0.00013920530970619463,1395
embedding_std_278,0.00013326011906659936,5.587306187862851e-05,6.573902737532026e-05,0.00020607163792283058,1396
embedding_std_783,0.00013320487886637084,2.693980784130337e-05,9.009109225076293e-05,0.0001613877050948288,1397
embedding_mean_428,0.00013320023726011266,4.740198166829343e-05,5.4433787849283465e-05,0.00018228401638818536,1398
embedding_std_708,0.00013318544355319967,3.742504535655631e-05,9.516447253281115e-05,0.00018623929640135774,1399
embedding_mean_615,0.00013304361892793945,1.8081362149292364e-05,0.00010617502191774571,0.00015168339624494986,1400
embedding_std_644,0.0001330374896899821,3.945550668524726e-05,6.875394254133737e-05,0.000170994605723169,1401
embedding_std_910,0.00013291491474480224,3.702737245304339e-05,8.548070059811399e-05,0.0001679402759558001,1402
embedding_std_924,0.0001328328517037648,4.837687300858619e-05,7.63890830982466e-05,0.00018820514672523815,1403
embedding_std_934,0.00013281703274526554,5.592898388993389e-05,4.959376367529819e-05,0.00020721784726059737,1404
embedding_std_717,0.00013277336180556168,6.204061201679054e-05,7.269358160761818e-05,0.00022214443487220375,1405
embedding_std_237,0.0001327680803163673,5.167791769536527e-05,6.846700431855806e-05,0.00020651257364834555,1406
embedding_std_292,0.0001327121493519634,3.530085439673137e-05,8.693233310951052e-05,0.000176490701724526,1407
embedding_std_599,0.0001326024211400311,4.2279865832097696e-05,5.977432353570388e-05,0.0001606989720208757,1408
embedding_std_529,0.00013245932648346437,1.6086312730552434e-05,0.00011060641819198175,0.00015012365451645885,1409
embedding_mean_400,0.0001324549502347911,4.280713840883316e-05,7.131384076643884e-05,0.00017029767451402813,1410
embedding_std_41,0.00013240094016797984,4.8489732999138975e-05,5.049588501822447e-05,0.0001804690458950472,1411
embedding_std_809,0.00013237072744365057,3.4355623073241844e-05,7.552158394977487e-05,0.0001597659031746546,1412
embedding_mean_746,0.00013236882991028804,6.020072175181713e-05,6.742234273804933e-05,0.00022792957705530575,1413
embedding_mean_608,0.00013231360980085457,3.179876003099543e-05,8.300503796477642e-05,0.00017017091344621342,1414
embedding_std_397,0.00013221031961583427,3.388177520439341e-05,7.484165811201001e-05,0.00016027421856572643,1415
embedding_std_298,0.00013204948783094675,3.057966933463731e-05,7.86159321297657e-05,0.00015478836182842033,1416
embedding_std_978,0.00013203142461267812,5.668645073806933e-05,6.777583165657918e-05,0.00022137175013639158,1417
embedding_std_250,0.0001320051041828584,2.5012797484950476e-05,9.032620121980044e-05,0.00015543902776244631,1418
embedding_std_218,0.0001319989478008188,3.432760633609495e-05,8.743812969890693e-05,0.00016038276125321727,1419
embedding_std_725,0.00013197530378813844,4.371743198955899e-05,7.093293032019437e-05,0.00017471531441282527,1420
embedding_std_117,0.0001319394149446299,2.430789472047787e-05,8.896116757938223e-05,0.00014795449488402832,1421
embedding_mean_313,0.00013183672375786744,4.060175983697346e-05,6.694411480086462e-05,0.00016518935844356543,1422
embedding_mean_65,0.0001317841091673744,3.6107436383116036e-05,8.034846288351098e-05,0.0001741227918702358,1423
embedding_mean_248,0.00013177990304232213,3.116476508230281e-05,7.775939740943179e-05,0.0001543115867197681,1424
embedding_mean_444,0.00013175486197816938,2.269280140484818e-05,9.323978958641607e-05,0.00014987600423324422,1425
embedding_std_872,0.0001316647150716073,2.9071884751624628e-05,9.021565044636807e-05,0.0001654255775145262,1426
embedding_mean_423,0.00013166296470195672,4.160981840313694e-05,6.698987374671848e-05,0.00018118512274749811,1427
embedding_std_358,0.00013163663847410274,3.141943144537629e-05,8.353910578176493e-05,0.00017141634725277252,1428
embedding_mean_436,0.000131624588962528,4.4306157535352655e-05,6.233580728895474e-05,0.00017390109890779213,1429
embedding_mean_499,0.00013159109065670536,3.502005309242779e-05,7.829928904661458e-05,0.00017583767926420183,1430
embedding_std_255,0.0001315796099601165,5.612123045640695e-05,4.8748351739077156e-05,0.00019990099794695043,1431
embedding_mean_619,0.00013157133786669922,3.3391043216819045e-05,8.687383275663795e-05,0.0001669665511586074,1432
embedding_std_645,0.00013149920539073817,4.877173275754032e-05,6.89523777758695e-05,0.00020091226751939084,1433
embedding_std_421,0.00013149591585776956,6.216937426968521e-05,3.460529383680963e-05,0.00019190249712710633,1434
embedding_mean_895,0.0001314271749223754,4.383096243689304e-05,7.464052343212835e-05,0.0001926991848897685,1435
embedding_std_266,0.00013141831027008635,3.274189827042415e-05,9.584344829431325e-05,0.00016296743182291938,1436
embedding_std_595,0.0001311762684650379,2.8694532538595747e-05,9.44060986767746e-05,0.00016983523533227446,1437
embedding_mean_741,0.00013113261323977125,3.5835115961709634e-05,8.135638278603397e-05,0.0001582924125909645,1438
embedding_std_399,0.00013105318960604504,4.01916754150665e-05,7.04468183643656e-05,0.00017848343360022962,1439
embedding_mean_763,0.00013102858195782692,4.794228803586301e-05,6.826247057616365e-05,0.00017667831889305066,1440
embedding_std_162,0.00013101726357054927,4.9156935253086966e-05,6.029039857899759e-05,0.00018878759811434277,1441
embedding_mean_421,0.0001309976459181484,3.634805227712569e-05,8.859722397641575e-05,0.00018857493768929958,1442
embedding_std_745,0.0001309063940461117,2.5315049826030926e-05,9.805694585676112e-05,0.00016373169054635365,1443
embedding_mean_209,0.0001309035895280544,3.7892584755654186e-05,7.814358529375664e-05,0.00016714277553158124,1444
embedding_std_983,0.0001308677169131954,4.929138222053983e-05,7.433269254456051e-05,0.00020430195772251628,1445
embedding_mean_513,0.00013084592424534192,2.892624749426625e-05,9.603552852738485e-05,0.00017189929438792524,1446
embedding_mean_406,0.00013083968829021207,3.075758225309569e-05,8.359920897242762e-05,0.00016474002844875222,1447
embedding_std_71,0.00013083675136894238,2.8908410299931717e-05,9.373047012330517e-05,0.0001577701130394922,1448
embedding_mean_630,0.00013082963700875464,6.064190001894051e-05,6.548474397455197e-05,0.00021984541686030456,1449
embedding_mean_74,0.0001308062357544612,4.711301888493215e-05,6.667726878497239e-05,0.000195953805297337,1450
embedding_std_574,0.00013069331052507866,3.642860576588462e-05,7.396941165186765e-05,0.0001743455706490858,1451
embedding_mean_192,0.0001306298584594646,4.235512810681948e-05,7.232656100768987e-05,0.0001833879938217112,1452
embedding_std_482,0.00013059079402727615,4.1128199323073736e-05,7.034826723061754e-05,0.00018140764694948218,1453
embedding_mean_855,0.00013054341745391513,4.572959037167372e-05,8.29524217124882e-05,0.00018365924135407702,1454
embedding_mean_542,0.00013048823181480775,3.007392956142041e-05,9.075333059968262e-05,0.00017542357828954057,1455
embedding_std_514,0.00013048081491149032,3.17149689476093e-05,8.301716438502966e-05,0.0001707969477199015,1456
embedding_mean_829,0.0001304106915938337,5.9014654548147265e-05,6.818950904197416e-05,0.00022675604538787818,1457
embedding_std_37,0.00013039853375284555,3.568656137234714e-05,6.959892833064136e-05,0.00016404495205613384,1458
embedding_mean_238,0.00013007727425549704,1.1261636772351537e-05,0.00011637494480898361,0.0001438374117397805,1459
embedding_std_357,0.0001299691236197574,4.093719143909991e-05,7.459675326455472e-05,0.00017914887945540077,1460
embedding_std_236,0.00012982220106408515,2.4965761623053232e-05,0.00010251581900199646,0.0001572794370463896,1461
embedding_mean_739,0.00012981632358252042,4.168453993072889e-05,5.9416500771063934e-05,0.00016559734119058262,1462
embedding_mean_341,0.00012980392940574554,4.573762384848534e-05,6.257302685150134e-05,0.00018597010869804645,1463
embedding_mean_170,0.00012976275233862793,3.8562907248391506e-05,6.39690657499873e-05,0.0001599861186919618,1464
embedding_std_157,0.00012968097914312502,2.6769046959873836e-05,0.00010228021037380345,0.00016552598631879882,1465
embedding_std_473,0.00012965058773800131,3.777134913262523e-05,7.063402541815922e-05,0.00016426256736057354,1466
embedding_mean_578,0.00012952905881359912,4.143964854335382e-05,5.6879896609537336e-05,0.00016074782378570476,1467
embedding_std_26,0.00012951804083742447,3.334041940183678e-05,8.380356835819506e-05,0.00017767801419563546,1468
embedding_std_1002,0.00012948537916792472,2.3053076938631008e-05,9.378405771392131e-05,0.00015400377362376056,1469
embedding_mean_646,0.00012947482105982587,3.653085631395796e-05,8.797141797837076e-05,0.0001711963845308164,1470
embedding_mean_567,0.0001293703778550811,4.05296842740025e-05,6.595741528612965e-05,0.00017260824529399357,1471
embedding_std_780,0.0001293518360368819,4.17160193034114e-05,6.0673755975762946e-05,0.0001703773824807055,1472
embedding_std_103,0.00012931712112172926,2.2886707464859804e-05,0.00010109585401987154,0.00015509867978584214,1473
embedding_std_412,0.00012921506347045813,2.0342662365586485e-05,0.00010071917849129897,0.00015168257142301393,1474
embedding_std_335,0.00012918373559666756,3.0041877582656903e-05,7.902804363392608e-05,0.0001526338850104257,1475
embedding_mean_133,0.00012908808404708003,5.053757715661434e-05,7.376242739090983e-05,0.0001992789962831742,1476
embedding_std_702,0.0001290850379591948,3.937768376261847e-05,8.569771410596661e-05,0.00017853253796771597,1477
embedding_std_119,0.0001289825386605734,2.417496962360598e-05,9.789643099652971e-05,0.0001580429425083927,1478
embedding_mean_554,0.00012896989129539837,3.939109457186277e-05,6.64848588737318e-05,0.00016411129111060165,1479
embedding_mean_31,0.00012895071827082944,1.4693749986187293e-05,0.00011158346445386063,0.00014658972852417897,1480
embedding_mean_473,0.0001289264292428808,2.1902058462815736e-05,9.156768940415164e-05,0.00014808498670068585,1481
embedding_std_76,0.00012886185525827633,3.897228850299947e-05,7.869521062142554e-05,0.00017973524820651422,1482
embedding_mean_665,0.00012885166335819433,3.638665175363768e-05,7.131221003221347e-05,0.00016826733730470643,1483
embedding_std_47,0.0001288481771206352,3.612936060800117e-05,8.477774185344313e-05,0.00016207165755322545,1484
embedding_mean_884,0.0001288247243384153,3.882526970814145e-05,6.690964746669608e-05,0.00016700781415866984,1485
embedding_std_756,0.0001287846009689633,3.091710323172305e-05,8.035179240685754e-05,0.00015732178204056656,1486
embedding_std_302,0.00012877897183147642,2.978967739724159e-05,8.05459449549123e-05,0.0001558962667229443,1487
embedding_std_984,0.00012876148751258488,2.476991696851183e-05,8.681455229083424e-05,0.00014999908436976066,1488
embedding_mean_721,0.00012874958224194264,3.666489048504634e-05,8.468963642620915e-05,0.00017033527748985225,1489
embedding_std_270,0.00012865882244120748,3.28497763675065e-05,9.996133309014195e-05,0.00017446578145709473,1490
embedding_std_367,0.00012860386723153518,5.0895766049889734e-05,4.577375129243045e-05,0.00017144678139943928,1491
embedding_mean_872,0.00012848228100634837,3.497186139747696e-05,8.979148211241399e-05,0.00015810717760579302,1492
embedding_std_637,0.00012841526633767617,1.878938131438762e-05,0.0001042988319196589,0.00014777793535660213,1493
embedding_std_526,0.00012839198720220258,2.098727006096149e-05,9.509315585508973e-05,0.00014914579973970577,1494
embedding_std_949,0.00012835267748146644,3.5443223946230015e-05,6.937290442918654e-05,0.00015442985919816981,1495
embedding_mean_700,0.0001283509447777225,2.8017776324053805e-05,8.10695357579367e-05,0.0001472964061261677,1496
embedding_std_171,0.00012824687388329992,3.5626282020352235e-05,6.959430852029302e-05,0.00016112323280470558,1497
embedding_mean_121,0.00012824659521857055,1.93914033628069e-05,9.431213289052458e-05,0.00014299062359511975,1498
embedding_std_445,0.0001282447732659657,3.19911860705256e-05,8.692988037515599e-05,0.0001667239807574997,1499
embedding_std_486,0.00012822367727759296,3.918577360594143e-05,6.976425510474446e-05,0.00017758811850842641,1500
embedding_std_567,0.00012815049501233226,4.8897597430933774e-05,5.9055357948026975e-05,0.0001967743791119232,1501
embedding_std_854,0.0001281032325183607,2.480761388488494e-05,9.497519977537844e-05,0.0001557365106482326,1502
embedding_mean_622,0.00012805352617365203,3.8275149971802814e-05,6.220146100853188e-05,0.00015630948835673844,1503
embedding_std_606,0.0001279303760298466,3.581147438488061e-05,8.397762624513612e-05,0.00018299466726651704,1504
embedding_mean_165,0.00012788673121152272,4.555971708436239e-05,6.861535735006984e-05,0.00018868151384907378,1505
embedding_mean_116,0.00012787301103269247,3.740687181331875e-05,7.207696632029958e-05,0.00016550027925692586,1506
embedding_std_682,0.0001278269958043488,3.296045876526991e-05,7.534916247722894e-05,0.00015630556115018454,1507
embedding_std_81,0.00012777369292047997,3.083751001706054e-05,8.038002323216291e-05,0.00016598094569956925,1508
embedding_mean_236,0.0001277602268089781,4.127613405808381e-05,7.863690041138771e-05,0.0001851278925795866,1509
embedding_std_53,0.00012770947197918183,3.673167193519042e-05,6.966551248875965e-05,0.00016411772205883517,1510
embedding_mean_44,0.0001276751325078867,2.300248716152357e-05,0.00010581404813707194,0.0001627805305066147,1511
embedding_mean_514,0.00012765944777615173,2.875613003542403e-05,9.599055310075249e-05,0.00016509523040682527,1512
embedding_std_831,0.00012764478274427906,2.1167703116455133e-05,0.00010438052654290278,0.00015570744715449143,1513
embedding_std_391,0.00012754016654716133,3.585895782284048e-05,8.207050879638646e-05,0.00017823459947841804,1514
embedding_mean_321,0.00012748085750251622,2.2656761639492727e-05,0.0001032156509167631,0.00016273050220653337,1515
embedding_std_316,0.00012738753518202765,2.34255315921021e-05,9.801165280478758e-05,0.00015291430464632743,1516
embedding_std_12,0.0001273017260135067,4.3440996326734965e-05,6.815783537515297e-05,0.00019011427662601288,1517
embedding_std_945,0.00012727183854319602,1.9681777995875978e-05,0.00010285315417845989,0.0001550829545163772,1518
embedding_mean_346,0.00012707470494511188,2.572946199452323e-05,8.615726007335586e-05,0.00014904250237222154,1519
embedding_std_767,0.0001269221837464659,2.6579808748305173e-05,9.984266925164447e-05,0.00016353398704911494,1520
embedding_mean_509,0.00012692118225915403,2.605458952284454e-05,8.251830472613026e-05,0.00014990603977283574,1521
embedding_mean_561,0.00012690871179317644,4.071463103760007e-05,6.291704950331109e-05,0.00016200341940707802,1522
embedding_std_468,0.00012690615518094848,3.9993297006279896e-05,6.1031600447787654e-05,0.0001577986708196943,1523
embedding_std_726,0.00012686630173944018,2.7946584795235586e-05,8.699019514385826e-05,0.0001596810522894141,1524
embedding_mean_231,0.00012678233149451503,2.6122463792560314e-05,8.806863517933332e-05,0.00015263398100700523,1525
embedding_std_880,0.0001267435496416852,4.131081588518104e-05,5.653405922662358e-05,0.0001604462319553027,1526
embedding_mean_178,0.00012667431623927678,4.540159358733713e-05,7.47004936411245e-05,0.00019464959874918337,1527
embedding_std_675,0.00012665745655551704,1.2838962626585778e-05,0.00011363250352777099,0.00014634728370660182,1528
embedding_std_173,0.00012659571698851675,2.2907677958844337e-05,9.966712970915799e-05,0.000149726397448749,1529
embedding_mean_114,0.0001265264703982783,3.924157832330216e-05,6.548377138620262e-05,0.0001691140862510852,1530
embedding_std_573,0.0001264556278044965,3.7493038402938403e-05,8.810174126517648e-05,0.00018025334099162763,1531
embedding_std_589,0.0001263736859886461,3.890759579628476e-05,7.116747964741596e-05,0.00017919437168745385,1532
embedding_std_46,0.00012633920606931376,2.6647974160649043e-05,8.815165844895464e-05,0.00015604212578574617,1533
embedding_std_581,0.00012626988479229968,1.5645539525185406e-05,0.00011133066426330958,0.00015278263525092217,1534
embedding_mean_505,0.00012626957551082946,1.2240526356859663e-05,0.00010687442661204702,0.00013702928359821335,1535
embedding_mean_613,0.00012626774915470304,3.0495385831610668e-05,8.716588479711499e-05,0.00016109816710147744,1536
embedding_mean_891,0.00012621544988867926,4.376785748243942e-05,6.178337248347033e-05,0.00017558059777441582,1537
embedding_mean_948,0.00012612936503664647,3.398177876883888e-05,7.051332723269539e-05,0.00015516618026070714,1538
embedding_std_130,0.0001260828917672058,2.846607732794415e-05,7.980235657223537e-05,0.00015604901318485055,1539
embedding_mean_973,0.0001260061196680649,5.10052172617801e-05,6.946262504656205e-05,0.00017436801135073952,1540
embedding_std_70,0.0001259389896530707,2.86847085757954e-05,8.631659197258496e-05,0.00015893720602293827,1541
embedding_std_346,0.00012591444764404255,3.269331936422773e-05,7.642790253104422e-05,0.0001575294910292818,1542
embedding_std_480,0.0001259089214917195,2.788256561544811e-05,7.65013225183258e-05,0.00014413558402129073,1543
embedding_std_365,0.00012590891561539718,3.930572865233786e-05,8.054185851013725e-05,0.00017978965355988584,1544
embedding_std_403,0.00012573282406830056,4.615711511003805e-05,4.410023655418337e-05,0.0001531416560248353,1545
embedding_mean_353,0.00012557318656635373,3.32658934948342e-05,7.554257981060781e-05,0.00016642877222082094,1546
embedding_mean_294,0.000125560576970972,2.793004260199336e-05,9.480273294069387e-05,0.00015795584410390362,1547
embedding_std_617,0.00012550227857108075,3.688807576050909e-05,6.218915630813398e-05,0.00015856990238807857,1548
embedding_std_49,0.00012548767135488935,3.077679791856644e-05,7.201472270291866e-05,0.00014792843497985687,1549
embedding_std_712,0.0001254705288405657,2.890565781803141e-05,7.957284142538282e-05,0.00015610268381835432,1550
embedding_mean_570,0.00012541732700651606,5.282549690331653e-05,6.000821891239589e-05,0.00020779595631616868,1551
embedding_std_593,0.0001253687967573674,3.41672745472931e-05,6.776664832962481e-05,0.0001508171394566059,1552
embedding_mean_336,0.00012533869002451388,1.4586320810916446e-05,0.00010392972398767225,0.0001448035696810702,1553
embedding_std_342,0.00012533631674996136,2.077459940284743e-05,9.249190617790724e-05,0.00014408119332198904,1554
embedding_mean_961,0.0001253153463794728,2.2776880758006228e-05,9.962399564485049e-05,0.00015163240299484752,1555
embedding_mean_795,0.00012531472933130478,2.0756791228335996e-05,9.592238838070197e-05,0.00014952223233057258,1556
embedding_std_408,0.0001252493150860196,5.3383263184609834e-05,4.623924010233603e-05,0.00018928109318526118,1557
embedding_std_579,0.00012520521331357604,1.9556067088249277e-05,0.00010229963466786564,0.0001516691068357222,1558
embedding_std_494,0.00012519935469930274,2.945946192743071e-05,7.785833629622336e-05,0.00015151448171099382,1559
embedding_std_689,0.00012518093463304017,1.555666789354461e-05,0.00010567201777855494,0.00014814269428960728,1560
embedding_std_393,0.0001250642088240841,3.048132967132024e-05,9.317913926541446e-05,0.0001694378167494218,1561
embedding_std_912,0.0001250609052146286,4.799838272756572e-05,4.056472563262216e-05,0.0001579338910034436,1562
embedding_std_823,0.00012504016411001156,4.635575023111314e-05,5.1858267773473836e-05,0.00017938880012133065,1563
embedding_std_888,0.0001250231367520864,4.066884330686813e-05,5.831976726805838e-05,0.00016671805543059406,1564
embedding_std_481,0.00012501440086001527,2.4600788479735975e-05,9.498357243426716e-05,0.00015082956419249882,1565
embedding_std_758,0.00012494468242623102,3.22978377569443e-05,7.552950361487828e-05,0.0001650664015929893,1566
embedding_mean_349,0.00012494228102979325,3.9656640555158165e-05,6.436124645873786e-05,0.00016933750037559782,1567
embedding_std_427,0.00012484429585965648,2.4512848079903615e-05,8.133892483996564e-05,0.00013943506480660158,1568
embedding_std_673,0.00012479110197893822,3.087938120857397e-05,7.700328351370165e-05,0.00014876365438833757,1569
embedding_std_461,0.0001247561184500134,3.2529752375165614e-05,7.912853642082337e-05,0.00015164031045055836,1570
embedding_std_1000,0.00012475595326187145,3.725693925110212e-05,5.9002242433056156e-05,0.00014952032661449282,1571
embedding_mean_679,0.0001247179237078593,4.3543136938609974e-05,6.00234394968064e-05,0.00016493877567482358,1572
embedding_mean_791,0.00012465162856017806,2.2948731924152977e-05,9.076535520109014e-05,0.0001537667140887805,1573
embedding_std_705,0.00012460447881517517,3.1237235845174607e-05,7.404179894770547e-05,0.0001463970717356542,1574
embedding_mean_785,0.00012456394124456784,1.9048811897692056e-05,0.00010748812838123363,0.00015677720513557027,1575
embedding_mean_256,0.00012454818582600952,4.2607342836158206e-05,7.005151851816602e-05,0.00017015741808089582,1576
embedding_std_695,0.00012448224356955304,4.02165371542109e-05,7.326984145884556e-05,0.0001646712055899093,1577
embedding_mean_637,0.00012444700109466572,3.085425814387517e-05,8.001979216494052e-05,0.00016547719993593462,1578
embedding_std_773,0.0001244374801589658,2.579070891138006e-05,8.88482425445729e-05,0.00015628139024281902,1579
embedding_std_564,0.00012439266560047946,2.695036533984959e-05,8.030588250418264e-05,0.00015164221987377076,1580
embedding_std_779,0.00012431733630726888,3.9649096879549704e-05,6.010807422559293e-05,0.00015970224119812854,1581
embedding_std_272,0.00012431677647825167,1.2218123717146056e-05,0.00010859425352868292,0.00014058276724598318,1582
embedding_std_322,0.00012422005678788996,2.4757967363318905e-05,9.679841703683927e-05,0.00016298363991303522,1583
embedding_std_379,0.00012420193135647927,2.2994936303727103e-05,8.92512641023802e-05,0.0001504821935499379,1584
embedding_mean_314,0.0001241995184463911,3.409011765201148e-05,7.21311681104416e-05,0.0001570319728803391,1585
embedding_std_859,0.00012411876291191785,1.15397388367783e-05,0.00011043041716338134,0.00013598851438651025,1586
embedding_std_153,0.0001240640200966275,2.9113155467174955e-05,0.00010535958944198827,0.0001753468329691897,1587
embedding_std_540,0.00012391549596056276,6.0592657246288344e-05,5.089836142646744e-05,0.00017316663874864403,1588
embedding_mean_822,0.0001238974213010621,1.877867454155632e-05,0.00010341006347705021,0.00014126437694321036,1589
embedding_std_860,0.00012373896046631187,2.3918120999407028e-05,9.294088307756368e-05,0.00014927708980270402,1590
embedding_mean_954,0.00012372388288381739,4.074842043986068e-05,5.2346051869784174e-05,0.000150414398183602,1591
embedding_mean_154,0.00012369111033188354,5.054373217406898e-05,4.138735913898062e-05,0.00016510339395265768,1592
embedding_mean_703,0.00012367248048734402,4.679512667640117e-05,5.031124986768518e-05,0.00016284688217279507,1593
embedding_std_215,0.00012366086822105946,3.1426811247537266e-05,7.378994713883429e-05,0.00015845345107074824,1594
embedding_std_563,0.00012359325470419992,3.049204961004067e-05,7.864208232471812e-05,0.00016284811001503785,1595
embedding_std_156,0.0001235759086793934,2.6813564080070375e-05,8.383209537993483e-05,0.0001557090484325757,1596
embedding_mean_476,0.0001235585463255967,3.542279102481038e-05,8.298602724920026e-05,0.00017428482501580017,1597
embedding_std_470,0.0001234466202051599,1.2594157951798374e-05,0.00011011407761281839,0.00013599079458547766,1598
embedding_std_90,0.0001234417362318853,3.331019794379426e-05,7.511262861054275e-05,0.0001667445061193879,1599
embedding_mean_6,0.00012336716319339872,3.152678407401609e-05,7.069002140392205e-05,0.00015335207239910978,1600
embedding_mean_926,0.00012336681377175647,3.476346393097168e-05,8.465328140428593e-05,0.00016466711161650823,1601
embedding_mean_657,0.00012335877090054878,4.8888021109222494e-05,6.252535987452181e-05,0.00019012636709015438,1602
embedding_std_337,0.00012335494403906854,3.7364190448346394e-05,6.730756324580472e-05,0.00016185044262614744,1603
embedding_std_728,0.00012333131079626385,3.3023297562822844e-05,7.299972459261851e-05,0.00015327657937767866,1604
embedding_mean_590,0.0001233265246833977,4.321391826926872e-05,6.998829577399097e-05,0.0001859043636383094,1605
embedding_std_320,0.0001232893090814794,3.433881193592793e-05,6.995773116916819e-05,0.00015426862596195913,1606
embedding_std_478,0.00012321860246756723,1.917940016073235e-05,9.335480154911177e-05,0.00014084541331909784,1607
embedding_std_791,0.0001232087092752,3.269017713550198e-05,6.862504145165384e-05,0.00014912300526437572,1608
embedding_mean_298,0.00012310341380096477,2.548043636371567e-05,8.301650139189725e-05,0.00014433069583268232,1609
embedding_mean_669,0.00012307374648203262,3.090808913578847e-05,7.26027790778806e-05,0.00015547172490250704,1610
embedding_std_315,0.0001230443872806712,2.2693560169831556e-05,9.599965717883235e-05,0.00014204427093067256,1611
embedding_mean_166,0.00012291180598937788,3.898103254678115e-05,5.4049499819690746e-05,0.00014873481129119934,1612
embedding_mean_888,0.00012289962166021383,2.9239070410427992e-05,8.36561645412191e-05,0.00015250276330524063,1613
embedding_std_670,0.0001228782555062059,3.7041179618776605e-05,6.21771278781884e-05,0.00015578771109929428,1614
embedding_mean_808,0.00012286054152918974,3.633256254753997e-05,6.232692970994302e-05,0.0001598622019557691,1615
embedding_std_457,0.0001228428348553746,3.7882097888773416e-05,7.223154792901726e-05,0.00015305522997613363,1616
embedding_mean_250,0.0001227827875406067,4.2693015126971134e-05,5.5531870559651406e-05,0.00016445928234860976,1617
embedding_std_964,0.0001227579994663228,3.561532344933547e-05,7.001338849098439e-05,0.0001602697084226827,1618
embedding_std_879,0.00012266767597355423,3.573255291352838e-05,6.457010722477162e-05,0.00015122715943218654,1619
embedding_std_428,0.00012262393639570832,2.9356389694446876e-05,7.223647329845685e-05,0.00014325269509653943,1620
embedding_std_972,0.0001226124609584074,3.253692345030236e-05,7.052251045898595e-05,0.00015451622439174214,1621
embedding_mean_867,0.0001225846491736458,6.136296127960885e-05,5.3527510509251406e-05,0.00021745641353751,1622
embedding_std_340,0.00012258153671734513,3.430789102270173e-05,7.024742090560272e-05,0.0001590138845083839,1623
embedding_std_407,0.00012257856212181126,3.220164369212064e-05,7.04293809326016e-05,0.0001559318356244196,1624
embedding_mean_1005,0.0001225132889189329,2.1201062628932533e-05,8.770110994304052e-05,0.00014017845103075774,1625
embedding_mean_905,0.00012241096490019586,2.9270330592356756e-05,8.623511907216797e-05,0.00015341022690660834,1626
embedding_std_778,0.00012223403817559884,4.3860393267569345e-05,6.612553802931352e-05,0.00018934567349551576,1627
embedding_mean_481,0.00012219383775008454,2.8402247178897142e-05,8.222264185817432e-05,0.00015250627561782783,1628
embedding_std_333,0.00012208759938396957,3.8116886178809396e-05,8.406051344193553e-05,0.000185426355502447,1629
embedding_std_214,0.00012203298267045235,4.4603892531384256e-05,6.990020377300856e-05,0.0001922855492143246,1630
embedding_std_401,0.00012198205816432558,3.8792651931567816e-05,7.662877131076618e-05,0.00016103527590248862,1631
embedding_mean_724,0.00012192491354744172,3.0156683137800814e-05,7.293940728761042e-05,0.00015291813360908074,1632
embedding_std_523,0.00012180699425151762,2.4112276039599475e-05,0.00010016697118577173,0.00015946328733889854,1633
embedding_std_711,0.0001217955731252219,2.6067065340045308e-05,9.203885052680289e-05,0.0001487306027655328,1634
embedding_std_7,0.00012176869970800096,2.8680548741961663e-05,7.744312000906116e-05,0.00015085744415251008,1635
embedding_mean_223,0.00012173045885137668,2.4067497737989044e-05,7.972612112626599e-05,0.0001389516130041474,1636
embedding_mean_419,0.00012166669388232799,3.271836420730527e-05,9.546462619893124e-05,0.00017724528528434031,1637
embedding_mean_874,0.00012145394702944917,4.055016412908034e-05,5.7934019951821944e-05,0.00016107387772090078,1638
embedding_std_355,0.00012136992204495269,3.98887594839782e-05,5.706842044601036e-05,0.00016705281376745061,1639
embedding_std_855,0.0001212805219264161,1.2961217725648154e-05,0.00010083828716708541,0.00013153526434169603,1640
embedding_std_387,0.0001212119884638698,3.350793674549446e-05,8.82267996758805e-05,0.00016651374731033728,1641
embedding_mean_652,0.00012118663995789373,5.3789074666703975e-05,4.8940577875008894e-05,0.00019509065180505655,1642
embedding_mean_309,0.00012118645158005047,1.787184355530229e-05,0.00010208306299155066,0.00014268752621280403,1643
embedding_std_696,0.00012116998976833666,4.156965880533108e-05,5.175842622685771e-05,0.0001556122551992849,1644
embedding_mean_618,0.00012114456588864725,1.8345275154739174e-05,0.00010168595799729591,0.0001423106954252452,1645
embedding_mean_1015,0.00012107159229135812,3.13801908509687e-05,6.571864534076535e-05,0.00014174831481653986,1646
embedding_std_906,0.00012106845434740308,3.7400186597611624e-05,6.017747450792349e-05,0.000149847378816015,1647
embedding_mean_523,0.00012105062417341832,5.730743606225025e-05,4.4412968357167816e-05,0.00020489096513573815,1648
embedding_std_785,0.00012097707381680139,3.178947638280439e-05,6.48227599554397e-05,0.0001404628923729559,1649
embedding_mean_147,0.00012094516041613189,3.716163550378738e-05,6.852377363570855e-05,0.00016725905536549968,1650
embedding_mean_352,0.00012089408476132095,6.386615579958631e-05,4.576106718681891e-05,0.00022191604612508385,1651
embedding_std_561,0.00012088475627099042,2.7423264922957295e-05,7.283839197705132e-05,0.00014054722413327025,1652
embedding_std_364,0.00012082985277401542,1.7650822814350317e-05,9.446690008106515e-05,0.00013792727661768412,1653
embedding_mean_261,0.00012077607585115643,3.385727585036955e-05,7.597571141490658e-05,0.00016706225291381987,1654
embedding_mean_798,0.00012075043909820946,3.928723403188809e-05,6.25056497613636e-05,0.00015942941709773278,1655
embedding_mean_744,0.00012069406391280149,3.7850180920780566e-05,6.795374365594771e-05,0.00016822019530513552,1656
embedding_std_858,0.00012055796070078446,4.15416125756903e-05,4.739612606976398e-05,0.00015009123969202739,1657
embedding_mean_660,0.00012055623318081926,2.5417446513578144e-05,8.525998596751575e-05,0.00014219039793182992,1658
embedding_mean_224,0.00012052719330772853,2.628692951394477e-05,8.531929908233565e-05,0.00015023986364377621,1659
embedding_mean_759,0.00012052008283174685,3.916906045419609e-05,6.344067773600244e-05,0.0001740402034249007,1660
embedding_mean_675,0.00012050619074958898,1.2782470024319318e-05,0.00010876278266093344,0.0001396768121083808,1661
embedding_std_291,0.00012044907938330048,4.2083757625199946e-05,5.032997473282837e-05,0.00016058949911594057,1662
embedding_mean_519,0.00012037499748611257,3.900340337142231e-05,6.644884675169846e-05,0.00015998765605876165,1663
embedding_std_825,0.00012036829255378096,4.160639130443517e-05,5.3085553278669256e-05,0.00015984522717082887,1664
embedding_std_957,0.0001203347148263045,1.8678683346352505e-05,9.874703322238759e-05,0.0001390209357743236,1665
embedding_mean_20,0.00012032193335176677,2.194145235307433e-05,8.313458990102303e-05,0.00014061827357221874,1666
embedding_mean_723,0.00012031036653742428,2.55705346260195e-05,8.003145933452223e-05,0.0001474330801246746,1667
embedding_std_994,0.00012030303520390779,3.279419019409387e-05,7.11483888564213e-05,0.00015853606736105947,1668
embedding_mean_705,0.00012012099751644749,3.1309813968639725e-05,6.527339436448837e-05,0.00014124458789469845,1669
embedding_std_881,0.00012010817938342341,2.8604742951877312e-05,8.474323685730032e-05,0.00015443089678325055,1670
embedding_mean_95,0.00012009782692137862,2.2884683040765278e-05,8.201324902453353e-05,0.00013892518256782092,1671
embedding_std_979,0.00012006970045815635,3.194026049379559e-05,6.780164398887112e-05,0.00015498709769815985,1672
embedding_mean_996,0.00011985030958341363,2.6956279967048318e-05,8.202718583120265e-05,0.00015243772067715636,1673
embedding_mean_291,0.00011984153458408538,4.281589377959433e-05,6.698985205408674e-05,0.00016355903983999816,1674
embedding_std_188,0.00011980407560024673,4.079645633705806e-05,4.9788981719413436e-05,0.00014926554846126058,1675
embedding_std_35,0.0001198013871005984,3.3789900451486755e-05,6.488257060350589e-05,0.00015533773374765014,1676
embedding_std_877,0.0001197719234525132,2.849794895076281e-05,7.377954787623045e-05,0.0001457523345862446,1677
embedding_std_259,0.00011972334686694698,3.211038868532256e-05,6.582083507222139e-05,0.00015032562280884896,1678
embedding_mean_659,0.00011964760509631977,4.0741927774782064e-05,6.854693553279543e-05,0.00017649369471478305,1679
embedding_mean_758,0.00011946717853009202,2.4412958526880355e-05,9.021473156268863e-05,0.0001468047297008233,1680
embedding_std_666,0.00011940050792421219,4.0714965191823604e-05,5.050718401425676e-05,0.00015191180786918552,1681
embedding_mean_635,0.00011937089176502556,2.9041131605221084e-05,7.169502400947297e-05,0.00014971706017951182,1682
embedding_mean_940,0.00011936718833815492,1.8795273928768776e-05,9.893948213920879e-05,0.00014754840748097415,1683
embedding_mean_594,0.00011934306540581489,2.2005286549598753e-05,8.977521097006738e-05,0.0001512574229801965,1684
embedding_std_714,0.00011929280641005216,2.4026622405267777e-05,7.893693853991719e-05,0.00014217720966057498,1685
embedding_mean_210,0.00011923169428593621,2.8669694376232528e-05,9.301366340540504e-05,0.0001655162630264347,1686
embedding_mean_849,0.00011921778583385995,3.404486879891933e-05,7.960655048985412e-05,0.00015790717554031603,1687
embedding_std_847,0.00011918161957401073,2.0702361960196942e-05,9.395192265526776e-05,0.00014745852094816535,1688
embedding_mean_604,0.00011917390530499042,1.3830911842027994e-05,9.520752628477944e-05,0.0001305744252237505,1689
embedding_std_1015,0.00011908562921680373,2.9961517240313057e-05,8.728494531394583e-05,0.00016680832791420225,1690
embedding_mean_333,0.00011905014974480969,2.685194546210809e-05,8.169252917911976e-05,0.00015059431883962057,1691
embedding_mean_959,0.00011899525615493682,3.0460441386447235e-05,9.206019997894585e-05,0.00017092275051505844,1692
embedding_mean_503,0.00011898134925333672,3.263947711087375e-05,7.243456121030986e-05,0.00014823159835131576,1693
embedding_mean_866,0.00011897842207702478,3.8365011499771e-05,5.5732581111663205e-05,0.0001567793469614075,1694
embedding_mean_677,0.00011894872133771654,1.9866225391347468e-05,9.858698678667902e-05,0.000140225598767639,1695
embedding_mean_726,0.00011889809966450075,4.696044009259386e-05,5.879795007035817e-05,0.00018731635240991907,1696
embedding_std_319,0.00011889488154316373,4.271286204680799e-05,5.662168981032453e-05,0.0001769391122069684,1697
embedding_mean_7,0.00011886325899678812,2.805606923989823e-05,7.254724827565644e-05,0.00014361517082511766,1698
embedding_mean_399,0.00011880466574244182,3.200856379235781e-05,8.109497394580993e-05,0.00015064744146466233,1699
embedding_mean_757,0.00011877494360072098,3.2953289316148175e-05,7.110589035547994e-05,0.00015051562335756884,1700
embedding_std_685,0.00011874822014628402,4.176962651252258e-05,4.9041200975929584e-05,0.0001578789236446035,1701
embedding_std_1,0.0001185979990783812,4.345725788208068e-05,6.215398029886732e-05,0.00017311635278209465,1702
embedding_mean_799,0.0001185952268399806,2.465567947652268e-05,8.560224492003571e-05,0.0001503813131967591,1703
embedding_mean_25,0.00011857773099521942,2.3149351936001803e-05,8.338028638518474e-05,0.00014783042261938033,1704
embedding_mean_71,0.00011856765645618309,2.6807659386972784e-05,7.932433569844574e-05,0.00014862220620633554,1705
embedding_std_559,0.0001185052371094155,3.648862427940894e-05,5.7156770947619756e-05,0.00015187932061708448,1706
embedding_std_14,0.0001184799171196352,2.988019899897834e-05,7.497646460057486e-05,0.0001479895454173706,1707
embedding_mean_87,0.00011846787405726945,3.0166712904233292e-05,8.518465250436879e-05,0.00016304048837427847,1708
embedding_std_548,0.00011846285281605874,2.7251975680188284e-05,7.640440704021884e-05,0.00014841651895776157,1709
embedding_mean_609,0.00011834035635825105,3.050058896639576e-05,7.33308508114169e-05,0.00014381775376923949,1710
embedding_mean_218,0.00011833483103225744,4.067798793672772e-05,6.375602781516947e-05,0.00017481584754767737,1711
embedding_std_435,0.00011828799211545986,3.4560108970875415e-05,6.475530072119251e-05,0.00014994584980776676,1712
embedding_mean_350,0.00011823656921421516,2.7835700856248488e-05,7.453307260515164e-05,0.00014306955110723839,1713
embedding_mean_329,0.00011816207395790939,1.756240681179228e-05,9.518182288354517e-05,0.00013259008677301396,1714
embedding_std_544,0.00011812718745348805,5.23418686573736e-05,5.81235469747774e-05,0.0001873153394629767,1715
embedding_std_180,0.00011812214774000388,3.896205389081671e-05,6.205251786498589e-05,0.00017159008221590374,1716
embedding_mean_35,0.00011810960283644145,3.349536441326539e-05,7.543321302302249e-05,0.00015084302868152244,1717
embedding_std_116,0.00011799705796191693,2.955147944259881e-05,8.937371819577665e-05,0.00015331340689745987,1718
embedding_std_777,0.00011799011504383854,3.421967430891254e-05,8.119429321714702e-05,0.0001709722803197571,1719
embedding_mean_899,0.00011795795750165282,3.988387023415634e-05,5.90122887157101e-05,0.00016691368728897005,1720
embedding_std_426,0.0001178467717576713,2.3603798767007443e-05,8.779358042185353e-05,0.00014545397184079453,1721
embedding_mean_671,0.00011775152498104849,3.063179043641048e-05,8.289003632889462e-05,0.0001671478185287819,1722
embedding_std_313,0.00011767863740311749,3.208592883303572e-05,6.858230011268682e-05,0.0001504480546051357,1723
embedding_std_477,0.00011764830772667683,3.803547714244729e-05,5.806405191093901e-05,0.00016085399787733477,1724
embedding_std_57,0.00011762320067767262,3.4160943092312156e-05,5.8425498591537676e-05,0.00014363464430636365,1725
embedding_std_803,0.00011756810914428147,2.3332633034680857e-05,8.806720238201412e-05,0.00014900515447714637,1726
embedding_std_640,0.00011752100009740402,5.0370081856412525e-05,5.343458793320613e-05,0.00019188073900316504,1727
embedding_std_344,0.00011748833291426594,3.92566871372765e-05,5.0239249844829305e-05,0.00014801121678887177,1728
embedding_std_21,0.0001174518383567896,3.551155883385633e-05,6.541096630748973e-05,0.00015753979556421525,1729
embedding_std_66,0.00011737759076427138,1.6869933217124376e-05,9.33268435236137e-05,0.00013638788651130986,1730
embedding_mean_207,0.00011736072587406382,3.545765057591111e-05,7.453766334100057e-05,0.00016373613926167337,1731
embedding_mean_49,0.00011715150608559366,4.017018218579543e-05,6.764457633346342e-05,0.00016305761398100296,1732
embedding_mean_27,0.00011709618656629002,1.6827363217052745e-05,9.707252204544455e-05,0.0001368560691332192,1733
embedding_mean_466,0.00011704498931436776,2.9284269154536596e-05,6.969711199277862e-05,0.00013780634014722086,1734
embedding_std_89,0.00011702789578330944,3.1768906975450863e-05,7.805042793651932e-05,0.00014270313541410622,1735
embedding_mean_379,0.00011690298495151874,3.630683873343862e-05,5.7821693310436325e-05,0.00014776852467702985,1736
embedding_mean_950,0.00011684292126432189,2.830505871191562e-05,6.948090853840566e-05,0.00014355203401546018,1737
embedding_std_1012,0.00011680597562868703,4.163207452233917e-05,5.46030009010764e-05,0.00016519297119356924,1738
embedding_std_622,0.00011671120989751472,3.166173867683256e-05,7.37689171276966e-05,0.00015347566732950196,1739
embedding_mean_304,0.0001165571804136099,1.7185122052068843e-05,8.94289014072543e-05,0.00013391481898496503,1740
embedding_std_360,0.0001164831364350499,3.5134759895295674e-05,6.264346142138746e-05,0.00014853133235204872,1741
embedding_std_576,0.00011638673867619353,4.010778194974461e-05,6.140947250273802e-05,0.00016675090728738613,1742
embedding_std_384,0.00011626780079177083,4.591926553132035e-05,4.722317752814439e-05,0.0001741867110162083,1743
embedding_mean_338,0.00011624072617356845,2.128724788619876e-05,8.63918005670136e-05,0.00014249470184469015,1744
embedding_mean_507,0.0001162347892382239,3.774697536858115e-05,6.22142548609706e-05,0.00015340455802331324,1745
embedding_mean_668,0.00011621825050493628,2.5557970270439086e-05,7.884819510905667e-05,0.0001509513506924731,1746
embedding_mean_315,0.0001161682133117679,4.649469419794316e-05,6.754324108964612e-05,0.00019069721720150522,1747
embedding_mean_560,0.00011616488937013847,1.5137503826142831e-05,9.857983767795062e-05,0.0001360357526676734,1748
embedding_std_929,0.00011601883998055396,3.481894700416306e-05,6.663118166857701e-05,0.0001549506146703853,1749
embedding_mean_860,0.00011600888785055514,4.6184308420463854e-05,7.04339803181101e-05,0.00019345166583092463,1750
embedding_std_665,0.00011597109547286184,4.6687236982479554e-05,6.0381321691472224e-05,0.0001640347825151803,1751
embedding_std_0,0.00011597071957353469,2.8779444899977895e-05,6.625651949425475e-05,0.00013822472964205128,1752
embedding_std_331,0.00011591009419478231,2.5664259456961785e-05,9.318366126035298e-05,0.00014872405452567207,1753
embedding_std_749,0.00011589444382624061,3.655339478729802e-05,6.975859157628623e-05,0.0001626026475918547,1754
embedding_std_899,0.0001158136989832964,3.819873345126487e-05,5.286951901252637e-05,0.0001540949681488056,1755
embedding_std_657,0.00011578936400403381,2.574111522194824e-05,8.73656977255213e-05,0.00014521578422028856,1756
embedding_std_902,0.00011576824282562242,3.381734101571414e-05,6.0948394054320986e-05,0.00014501470494780974,1757
embedding_std_240,0.00011574761259829447,2.7072015761981568e-05,7.88110478945573e-05,0.00015253316774135878,1758
embedding_std_527,0.00011570154774049376,2.162409603949773e-05,8.7429215934715e-05,0.00014676532320158839,1759
embedding_std_522,0.0001156556453316701,2.248013589588603e-05,9.163388282437135e-05,0.0001526141446829193,1760
embedding_mean_126,0.0001155439024075908,3.4227694913838844e-05,6.39091670983922e-05,0.00014913929841726045,1761
embedding_mean_220,0.00011552989199078119,2.2380033140121316e-05,8.530952169603485e-05,0.0001402464410504734,1762
embedding_mean_1002,0.00011547867951130597,3.380081633075142e-05,7.195883124944211e-05,0.00015566251473418525,1763
embedding_std_16,0.00011546714221233392,3.951596296458449e-05,5.21201405598039e-05,0.00015512703845961992,1764
embedding_std_551,0.00011545378297304945,4.4873353137796114e-05,4.8471001387197646e-05,0.00015921191174456177,1765
embedding_std_948,0.00011533012208274933,3.065680961302816e-05,8.180432557897772e-05,0.00015241918421859548,1766
embedding_std_189,0.00011526134819561011,3.6249288520796784e-05,5.431507073188598e-05,0.00014305819127691222,1767
embedding_std_347,0.00011522944306684877,2.8076132229474898e-05,7.301176612265572e-05,0.0001480575594818918,1768
embedding_mean_465,0.0001150548129745785,2.2861226771015374e-05,7.800835171796895e-05,0.00013350098359934986,1769
embedding_mean_548,0.00011502929959538314,5.00230836321461e-05,5.1424511668268486e-05,0.00018859341537399695,1770
embedding_mean_605,0.00011499542420599358,4.081570993103043e-05,7.432235703762879e-05,0.00016041591656153293,1771
embedding_mean_719,0.0001148931758828554,3.754135662383611e-05,5.012826528989602e-05,0.00014131799031312265,1772
embedding_mean_287,0.00011471471228244449,2.3798653770775978e-05,7.571627130557012e-05,0.0001345450958560237,1773
embedding_std_838,0.00011466102496285853,2.5738206144938918e-05,8.317885806600789e-05,0.00014782917160108866,1774
embedding_std_755,0.0001145920369140213,3.687050199516773e-05,5.0995111937478494e-05,0.00014033909777097506,1775
embedding_std_284,0.00011458735795194478,2.4119955432845528e-05,7.873068718705475e-05,0.00014062119929569725,1776
embedding_std_314,0.00011445972236105908,3.5101531309891036e-05,5.979127563028349e-05,0.00015428503750847646,1777
embedding_std_558,0.00011436770764179194,2.8496490500394576e-05,7.508571689520703e-05,0.00014091516326687992,1778
embedding_std_466,0.00011427255183693817,2.7265912725716744e-05,6.564851666982423e-05,0.00012980676988421367,1779
embedding_mean_489,0.00011423815864466549,2.708692317980439e-05,7.058076386794621e-05,0.00013911714335740843,1780
embedding_std_841,0.00011422903428125223,4.3522523609867434e-05,4.951172786768791e-05,0.00016796036330446237,1781
embedding_mean_515,0.00011410968018381033,2.2064253726519335e-05,8.252452213813444e-05,0.00014252208671536673,1782
embedding_std_179,0.00011409510643276242,4.001339874334467e-05,6.0764671745640696e-05,0.00017077260528765593,1783
embedding_mean_957,0.0001139968894982097,1.9820582454145533e-05,8.141524649879129e-05,0.00013410078996622536,1784
embedding_std_662,0.00011397836780469741,3.287736377309976e-05,7.83678786543407e-05,0.0001668884531005314,1785
embedding_mean_684,0.00011396494730090273,3.44449657764538e-05,7.172248549863382e-05,0.0001593274720317521,1786
embedding_mean_382,0.0001139455543942954,3.095032966282085e-05,6.321894399093021e-05,0.00014150931578334208,1787
embedding_std_271,0.00011391835386875074,3.237107623906633e-05,5.7228158825251326e-05,0.00013519451626865765,1788
embedding_mean_90,0.00011377593673489443,2.559652794841604e-05,6.955425076243656e-05,0.00013623993239832524,1789
embedding_std_900,0.00011376737172371519,4.0245343370935355e-05,6.07687414738235e-05,0.00016458430946228453,1790
embedding_mean_331,0.00011376023319081317,2.2957438092850243e-05,8.826134384081892e-05,0.00013789255802251595,1791
embedding_std_118,0.00011354113322888383,2.68932629445351e-05,6.583022870258989e-05,0.0001288847629909512,1792
embedding_std_537,0.00011349085857797414,3.9352395696175437e-05,6.802205659073318e-05,0.00014920723985916692,1793
embedding_mean_68,0.00011344235919496005,2.956750849331355e-05,7.627668533902666e-05,0.00014643628570792266,1794
embedding_std_515,0.0001133847943068241,3.870704975052567e-05,6.255920468504736e-05,0.00015061497548444754,1795
embedding_std_84,0.00011332464944724971,3.8987514814323954e-05,7.128700266532942e-05,0.0001556093654186581,1796
embedding_mean_240,0.00011322824519130635,5.207660604454846e-05,4.1797260561032826e-05,0.00018116121841541574,1797
embedding_std_781,0.0001131921669647973,2.7466660412191345e-05,7.62668962718998e-05,0.0001500387469559111,1798
embedding_std_287,0.00011317704680749625,3.490901628523792e-05,5.969802246117002e-05,0.00014013709480375876,1799
embedding_std_159,0.00011317619336334156,2.5575956959840385e-05,7.122719143907287e-05,0.00013903515394386636,1800
embedding_mean_76,0.00011315774053506735,3.614398911630392e-05,6.724148616768445e-05,0.00015030333786156353,1801
embedding_std_748,0.00011315711676442743,3.06812912489119e-05,7.457059122519205e-05,0.00015976722654059317,1802
embedding_std_75,0.00011314821508905275,3.370441481053808e-05,5.868436819184579e-05,0.00014985979320249106,1803
embedding_mean_749,0.00011311988768810031,2.7294158388841214e-05,8.52421682681334e-05,0.00015649589868982537,1804
embedding_std_115,0.00011306111282926903,2.295153071638773e-05,7.335871532623177e-05,0.00013189960289925615,1805
embedding_std_608,0.00011305696151154006,3.786595536827835e-05,7.41120912843652e-05,0.00017095098605997196,1806
embedding_mean_980,0.00011304834339615966,1.9378883668148474e-05,8.625299751079341e-05,0.00013601710000173334,1807
embedding_std_788,0.00011301214202201528,2.999918233763716e-05,7.351824183247218e-05,0.00014542594529637918,1808
embedding_mean_632,0.00011292798505554524,3.348529884018088e-05,5.802082354180669e-05,0.0001463373554331576,1809
embedding_mean_769,0.00011292006802816941,2.6322553751249664e-05,7.48493638462245e-05,0.000146758468763206,1810
embedding_mean_431,0.00011282107891808285,3.247502309658697e-05,5.5557376305550316e-05,0.00013605114334153852,1811
embedding_mean_934,0.00011278331117879868,2.951008794514089e-05,6.613108222126533e-05,0.0001471748594729856,1812
embedding_std_465,0.00011272705054848449,2.4195356919526474e-05,8.279563202845443e-05,0.00014680953762626054,1813
embedding_mean_280,0.00011271355857079426,2.511792895781807e-05,8.47125434368351e-05,0.00013920796139353146,1814
embedding_mean_79,0.00011265860004643132,5.318641585029224e-05,5.875011022872097e-05,0.00018502191559144788,1815
embedding_mean_432,0.0001126373755847582,2.396097712023461e-05,7.668885166459103e-05,0.00014315891107628123,1816
embedding_std_150,0.00011263482692041609,3.2240407353135676e-05,6.842071259662331e-05,0.00015735801865576833,1817
embedding_std_919,0.00011260517855901024,2.1642244992362298e-05,8.212660938267729e-05,0.0001350989854647036,1818
embedding_mean_275,0.00011258734314986432,1.619968999900135e-05,8.735211998778139e-05,0.0001288409869607524,1819
embedding_std_613,0.00011254233638564085,3.3843402416129744e-05,7.000497460478441e-05,0.0001636439790181039,1820
embedding_std_635,0.0001124084386534821,3.606182415728078e-05,7.30116103018158e-05,0.00016070717461319096,1821
embedding_mean_252,0.00011239354635787374,4.487486409682216e-05,5.583461015715669e-05,0.00015789972165782115,1822
embedding_mean_1022,0.00011238660080314109,2.94977891346203e-05,6.457802713452811e-05,0.0001457872783911085,1823
embedding_std_556,0.00011223727385892069,3.780643948895988e-05,5.654319193976328e-05,0.00014320321708917162,1824
embedding_mean_564,0.00011222822901833806,3.819191007033865e-05,5.925058528797063e-05,0.000166022738734324,1825
embedding_std_354,0.0001121605877091897,3.5537680661812065e-05,7.045221391680736e-05,0.00015786569162349476,1826
embedding_std_677,0.00011208929806426906,2.8210256486796526e-05,7.050544881361852e-05,0.00013875873649594052,1827
embedding_std_999,0.00011207914844375507,3.0165452588467368e-05,8.303788398963321e-05,0.00015121789537619567,1828
embedding_std_404,0.00011202112642744308,3.630781076917341e-05,6.181756136910177e-05,0.00015792483332700312,1829
embedding_mean_998,0.00011192768337528437,4.937141388162404e-05,6.162264700324982e-05,0.00018864236848740477,1830
embedding_mean_777,0.00011186839222060976,2.4484242781198335e-05,7.028689321562398e-05,0.000130731704975906,1831
embedding_mean_568,0.00011185559834733352,3.123045739288554e-05,6.490831654573892e-05,0.00014179567443014355,1832
embedding_mean_537,0.00011184219068503741,2.7599565843755214e-05,7.227464695315047e-05,0.00014908826557333933,1833
embedding_std_462,0.00011176820714340786,1.560888514335287e-05,8.68070661076703e-05,0.00013003325982870566,1834
embedding_mean_698,0.00011145339548605535,1.8321914850520324e-05,8.93799690330215e-05,0.00012989836144686504,1835
embedding_std_488,0.0001113230924486953,3.5049303252740386e-05,5.228084195218081e-05,0.00013931229395131346,1836
embedding_mean_789,0.00011132149730129254,2.2987836983347886e-05,7.983561229472948e-05,0.00013835235462849273,1837
embedding_std_305,0.00011128229079137943,3.211672737181233e-05,7.52199984938575e-05,0.0001405816887288939,1838
embedding_std_973,0.00011112935158715193,2.963649737865855e-05,6.397691944375582e-05,0.00014263666256636898,1839
embedding_std_442,0.00011112046909773476,4.256023349249878e-05,6.543998032325958e-05,0.0001577245812718725,1840
embedding_mean_530,0.00011108368522855785,3.140178898358957e-05,5.9693623410189085e-05,0.00014057963901662864,1841
embedding_mean_644,0.0001110815729861312,2.2874979626395548e-05,7.763726707606805e-05,0.00013766565910155974,1842
embedding_std_178,0.00011103546687119314,4.406727697973508e-05,5.3627808879923654e-05,0.00014407658715031855,1843
embedding_mean_893,0.00011097332722159372,3.2594696001434295e-05,8.873646025344904e-05,0.00016634837713999436,1844
embedding_std_659,0.00011095310388023561,2.7107842131089065e-05,7.644371095863448e-05,0.00014304229754266113,1845
embedding_std_382,0.00011089991017685474,2.8934111775406498e-05,7.108432911617611e-05,0.0001466837725593635,1846
embedding_mean_953,0.00011084253431341715,2.2194101637205404e-05,7.31750048979839e-05,0.00012783302412325482,1847
embedding_mean_351,0.0001107634007505456,3.379637638353272e-05,6.022798482419298e-05,0.00015201447436288587,1848
embedding_mean_230,0.00011070009995987436,2.4583281889714687e-05,7.017066880015495e-05,0.0001350138166007085,1849
embedding_mean_982,0.0001106990452887541,2.834611198579534e-05,7.954170225597844e-05,0.00015653987094390388,1850
embedding_mean_809,0.00011069270312579233,3.2439387366495406e-05,6.68320744410671e-05,0.00014332491120699502,1851
embedding_mean_933,0.0001105850034757088,3.7430218855097394e-05,4.800665374730563e-05,0.00014153020508900202,1852
embedding_std_953,0.00011051787892928989,3.377869610053412e-05,5.5627275486866115e-05,0.00014125745755393096,1853
embedding_std_68,0.00011050561643442622,2.2891967946966562e-05,7.714101125338001e-05,0.00013774078469991916,1854
embedding_mean_268,0.00011026890619115194,2.8054727787796655e-05,6.892271945094048e-05,0.00013963806272914033,1855
embedding_std_432,0.00011001619365195864,3.625842115326162e-05,5.774455015097164e-05,0.0001594129221469383,1856
embedding_mean_369,0.00010999009911216136,3.519600726164531e-05,5.833053965878958e-05,0.00014944561601859654,1857
embedding_mean_846,0.00010997302324105528,2.5157875422128556e-05,6.759733594410687e-05,0.0001311372792960294,1858
embedding_std_557,0.0001098919781386216,2.911434353651391e-05,6.458449764310979e-05,0.00014063844470534696,1859
embedding_mean_878,0.00010982788523686507,1.61795357185858e-05,8.918398255413521e-05,0.00013440167499918418,1860
embedding_mean_360,0.00010978503887161499,2.986530539072553e-05,5.913460271908565e-05,0.0001362608916367928,1861
embedding_mean_202,0.00010973422155817886,5.5067937034258196e-05,6.43014875529927e-05,0.00020483765668979014,1862
embedding_std_516,0.00010964993515593306,3.673199864813366e-05,5.266482426447751e-05,0.000148590225912929,1863
embedding_mean_455,0.00010961541419755408,1.6305748763515895e-05,8.917170149556418e-05,0.00013386031887638973,1864
embedding_std_805,0.00010961530081889017,2.878754044530992e-05,7.969179621314624e-05,0.0001443535770307051,1865
embedding_std_863,0.00010958629540751304,4.296417759211373e-05,4.776453663152849e-05,0.00016065654630137788,1866
embedding_mean_834,0.0001095542482963366,3.0759438477965696e-05,6.319244702521678e-05,0.0001459636481998252,1867
embedding_mean_103,0.00010949486602123676,2.0892951910047032e-05,8.647522434734882e-05,0.00012631696389273648,1868
embedding_std_232,0.0001094694951323136,3.2374310760470124e-05,5.755394213507303e-05,0.00014261049291977828,1869
embedding_mean_48,0.00010940393710696913,3.252318535192599e-05,6.192863865486217e-05,0.00014169682100939094,1870
embedding_std_268,0.00010940271723599472,2.6587245194821378e-05,6.362743813461072e-05,0.00012875944155099674,1871
embedding_mean_500,0.00010935136115351523,2.047188148490832e-05,8.623018220295064e-05,0.0001318750165929684,1872
embedding_mean_330,0.000109347828065426,3.178632675433958e-05,6.106566882143221e-05,0.00014560547744714696,1873
embedding_std_253,0.00010933382669732697,1.691880555592431e-05,7.98143749900759e-05,0.00012061619260303646,1874
embedding_mean_371,0.00010928789981421732,3.967447907509482e-05,4.3356514028475664e-05,0.00014797032080413744,1875
embedding_mean_311,0.00010926362999503425,2.7006873689695398e-05,6.275611271494135e-05,0.0001284281224183106,1876
embedding_std_554,0.00010925944705439457,2.7585713126542875e-05,7.096579443313395e-05,0.00014482368075735194,1877
embedding_mean_607,0.00010924175156722766,1.767706713540573e-05,8.353617132145601e-05,0.00013342873498391848,1878
embedding_mean_977,0.00010923629761562952,3.3436683650572666e-05,5.867536587187138e-05,0.00014320682712330935,1879
embedding_std_535,0.00010913918753203312,3.8625709042090046e-05,4.3255253565602405e-05,0.00013563472402472275,1880
embedding_mean_535,0.00010911955846359207,3.747188012229338e-05,6.414285967074671e-05,0.00015107617267161292,1881
embedding_mean_779,0.00010911863257587983,2.2142534749387534e-05,8.373905020808878e-05,0.0001301323030048389,1882
embedding_mean_541,0.00010902736962625746,3.335321604875874e-05,5.939284796074864e-05,0.0001393812048245746,1883
embedding_std_760,0.00010894532702851139,2.1626900675263513e-05,9.287090382720443e-05,0.00014563855266977807,1884
embedding_mean_612,0.00010887241700351337,3.783833619657726e-05,5.973474699205192e-05,0.000149590887595908,1885
embedding_std_128,0.0001088103661432308,2.646773873031401e-05,6.337592868577999e-05,0.00013113641697116234,1886
embedding_mean_460,0.00010867498116055681,1.6630370670874167e-05,9.015529231305059e-05,0.00012928312961924543,1887
embedding_std_186,0.00010866101709012868,3.166518328128557e-05,7.592714721932028e-05,0.00016156728390790833,1888
embedding_std_738,0.00010865361069533689,3.3963232225377464e-05,7.24576066192296e-05,0.00016275267552762608,1889
embedding_std_586,0.00010862633679909976,2.4575839361835015e-05,8.40961054841154e-05,0.00014459044132863615,1890
embedding_mean_832,0.00010855948039064807,3.048043475266676e-05,6.637840404610261e-05,0.00014078810821649813,1891
embedding_mean_885,0.00010850866652553152,5.644684612665517e-05,5.5338602154695854e-05,0.00020231242485985244,1892
embedding_mean_975,0.000108439186750347,4.648960740630166e-05,5.847391587760788e-05,0.00016506748724550162,1893
embedding_mean_858,0.00010832027463695485,4.332587394124371e-05,4.7356232651986054e-05,0.00015588472660031593,1894
embedding_std_862,0.00010829751855208438,4.0659439511656505e-05,5.3561540940459965e-05,0.00015432198562218897,1895
embedding_std_719,0.00010826765324222023,2.76337269476746e-05,6.1771335435284e-05,0.0001299539791666565,1896
embedding_std_799,0.00010822302011002334,2.1693140892485914e-05,7.02793925906366e-05,0.00012291665644462377,1897
embedding_std_989,0.00010812434131008463,4.3298872323328146e-05,4.421895886467851e-05,0.00016324795751628438,1898
embedding_std_594,0.00010811852457275304,3.5650650769106306e-05,5.6665567757860684e-05,0.0001445990329719037,1899
embedding_std_820,0.00010800781837648166,2.0909964163756734e-05,7.1262953681552e-05,0.00012233887087583116,1900
embedding_mean_46,0.00010771563417798489,3.261201517508927e-05,5.7721566932363074e-05,0.0001405585296413656,1901
embedding_std_451,0.00010765881030271392,1.9840775852110903e-05,7.759560686370593e-05,0.00013252469994704734,1902
embedding_mean_142,0.0001072125202466485,2.0324227426470716e-05,7.911247354089196e-05,0.0001313541597027653,1903
embedding_mean_401,0.00010714019942515015,3.3260385662020016e-05,5.977297435331218e-05,0.00014462929809016303,1904
embedding_std_607,0.00010692364294466296,2.6949101027906712e-05,7.16129062315302e-05,0.0001347778701791244,1905
embedding_mean_120,0.00010666410469205179,3.3990387972915525e-05,6.847931620743176e-05,0.000149188192614377,1906
embedding_std_229,0.00010636793262193533,4.252371875481348e-05,3.2733555598957724e-05,0.0001387878788291342,1907
embedding_mean_572,0.00010616570524270336,3.9981912527646845e-05,5.933629291715322e-05,0.00016730789733049686,1908
embedding_mean_196,0.0001061003982287419,3.823240437841377e-05,3.9732352679144425e-05,0.00013518586800285225,1909
embedding_std_885,0.0001059675159055528,2.4010555088499903e-05,6.802545782905753e-05,0.00013381733844885542,1910
embedding_mean_78,0.00010587417874514818,2.182369328968656e-05,7.896954094935257e-05,0.00013482719604945902,1911
embedding_mean_952,0.00010575514059268643,2.8432010527680847e-05,7.189459488900888e-05,0.0001402266913127767,1912
embedding_std_936,0.0001057272747632144,3.327470195506334e-05,5.2103397593589656e-05,0.000140904705712076,1913
embedding_std_824,0.00010559437849362581,2.6348270075001072e-05,6.352650611665809e-05,0.00013554981196643563,1914
embedding_std_105,0.00010553196062572457,3.033898692355659e-05,6.899305244045654e-05,0.00013802473689681732,1915
embedding_mean_873,0.00010552901284194443,3.279213726256815e-05,6.641490192108982e-05,0.00013873264012913462,1916
embedding_mean_482,0.00010544723013604432,3.0069338280156216e-05,6.349415240193887e-05,0.00014688066828868687,1917
embedding_std_584,0.00010540708563546363,3.531361937190444e-05,5.304188939525656e-05,0.00014533818879043772,1918
embedding_std_311,0.0001052868967462319,4.8063213981503215e-05,3.8570793876296534e-05,0.00017443331006862953,1919
embedding_std_741,0.00010528209382517598,2.4221443657921487e-05,6.866957512031524e-05,0.0001363192467098117,1920
embedding_std_639,0.00010517867891591997,1.6013091649712177e-05,8.604676919792494e-05,0.00012284683135921565,1921
embedding_mean_603,0.00010490833112116599,2.0121988465945488e-05,7.104993618499421e-05,0.00012011557453966838,1922
embedding_mean_782,0.00010477860521294368,3.180001090751478e-05,6.914381512897208e-05,0.00014851443016024053,1923
embedding_std_679,0.00010467455973032865,3.40617325271026e-05,6.764113485400733e-05,0.00014245841062805148,1924
embedding_std_684,0.00010464501183037395,3.14901918795664e-05,7.07321731423983e-05,0.0001383518575202803,1925
embedding_mean_552,0.00010444535904874125,2.54518577867076e-05,6.600108454188592e-05,0.0001335745718244428,1926
embedding_std_874,0.00010439080009895852,2.913534677494971e-05,6.392555757709141e-05,0.0001324401277652609,1927
embedding_mean_21,0.00010428109916630879,3.8605516120025773e-05,5.0876182752582285e-05,0.00013900197281599522,1928
embedding_mean_672,0.00010400519377931764,2.829424832327771e-05,5.4577317353685136e-05,0.0001228037111275879,1929
embedding_std_829,0.00010399154802986116,4.093093879373292e-05,5.2458591524741026e-05,0.0001511952870401554,1930
embedding_std_330,0.00010388727388055774,2.385282107532763e-05,7.451667030968912e-05,0.00013007756317725118,1931
embedding_mean_485,0.00010386645175795289,2.9129338665604917e-05,5.675602138475156e-05,0.00013107819297085993,1932
embedding_mean_289,0.00010383822369405909,2.8317021834050332e-05,5.644331004354435e-05,0.00012641530398435904,1933
embedding_std_108,0.00010348014242997331,2.918209319081415e-05,5.451746415673342e-05,0.00013312403163441642,1934
embedding_mean_184,0.00010343511963443105,3.333250718182417e-05,4.8905306204511935e-05,0.00013050144074745103,1935
embedding_std_641,0.00010332187181168484,3.2783342964960225e-05,5.5167596905404094e-05,0.00013524414348981513,1936
embedding_std_113,0.00010331405238510992,2.9786462503584458e-05,5.5635916806702094e-05,0.00012974634249869323,1937
embedding_std_225,0.00010327783188683061,3.140553967917233e-05,5.5849196736957664e-05,0.00013302582243281417,1938
embedding_std_916,0.0001031565970524209,2.7293732931668327e-05,7.41982870641106e-05,0.00013594340668350783,1939
embedding_mean_693,0.00010315381346426458,2.2907856366636247e-05,6.819512010899353e-05,0.00012554126014594372,1940
embedding_mean_818,0.00010302947383076832,2.8350295894546605e-05,6.45923056839511e-05,0.0001422370112576901,1941
embedding_std_123,0.0001028194915580974,1.863142253806014e-05,7.321007071079498e-05,0.00012342217361069506,1942
embedding_mean_748,0.00010281395998504731,2.221482801819834e-05,6.937325359248112e-05,0.000123650421094023,1943
embedding_std_511,0.00010255556154258895,3.9404917491662544e-05,5.950052038729901e-05,0.00013790486141749468,1944
embedding_std_623,0.0001024855812230812,2.8502326387708248e-05,6.75938392946236e-05,0.0001280147534266821,1945
embedding_mean_81,0.00010235920013107907,3.293113987899544e-05,6.238627542163463e-05,0.0001326169624456061,1946
embedding_mean_634,0.00010233195392743077,3.782745797873404e-05,3.6398089841132824e-05,0.0001333661081863242,1947
embedding_std_246,0.00010227114649506082,4.405755927711281e-05,4.707183085756355e-05,0.00016976518822979685,1948
embedding_std_966,0.00010222825584305093,2.3212038172398186e-05,6.308302984660073e-05,0.00012129421919912048,1949
embedding_std_175,0.00010221738189281522,2.4393711381607042e-05,7.543870536665491e-05,0.00012714110752177568,1950
embedding_std_19,0.00010206595379744316,3.0430354326332653e-05,5.269393414966456e-05,0.00013519117841620477,1951
embedding_mean_736,0.0001020092718393365,2.980252793782224e-05,5.53471982619733e-05,0.00012792162781481928,1952
embedding_mean_676,0.00010179739737932653,3.8480046902900655e-05,6.205600168504422e-05,0.00016302563828081494,1953
embedding_mean_793,0.00010167887111815173,3.5414457210949544e-05,4.351036778888368e-05,0.00013466973353650117,1954
embedding_std_771,0.00010163309030774283,3.6764088031086966e-05,5.309062171074395e-05,0.0001479012890854989,1955
embedding_mean_446,0.0001016229907131835,2.2417177757991048e-05,7.112507790750839e-05,0.0001293490432231406,1956
embedding_std_506,0.00010132900331205157,2.6246399738123495e-05,6.123155427959394e-05,0.00012567898487067858,1957
embedding_mean_484,0.00010131024560949965,4.08375621874414e-05,5.567240304776345e-05,0.00015066355850177493,1958
embedding_std_345,0.00010128109408483279,2.3488335672243723e-05,7.349009160711031e-05,0.00013583655458286763,1959
embedding_std_692,0.00010118959687982773,2.3689894664997983e-05,6.618518293751173e-05,0.00012841814164358712,1960
embedding_std_833,0.00010110754853524668,1.6856529985958537e-05,7.17234371110244e-05,0.00011301610132450295,1961
embedding_mean_730,0.00010106611698390309,2.45762913694464e-05,6.413993873339105e-05,0.00012317520394769827,1962
embedding_std_307,0.00010104873923298435,3.430869758859363e-05,4.930802551210427e-05,0.00014572963068940268,1963
embedding_mean_326,0.00010101938733824815,1.7264396003768066e-05,8.326933540398336e-05,0.0001264483237020244,1964
embedding_std_647,0.00010095772457323847,2.1332687766263898e-05,6.824768844061146e-05,0.00011850200647481329,1965
embedding_std_127,0.00010094488577350228,1.2920515143737434e-05,8.992012869068102e-05,0.00011751023169120204,1966
embedding_std_834,0.00010086268427429615,1.5264932101088e-05,7.745505003600333e-05,0.0001157061976576919,1967
embedding_std_147,0.00010078392530448618,3.0289651855148988e-05,5.042027987758269e-05,0.00012661959124929514,1968
embedding_std_680,0.00010065111689743491,3.94428445776487e-05,4.7354634030376474e-05,0.00013830406477916398,1969
embedding_mean_639,0.0001006064566831276,2.2571572291283307e-05,7.933380411628839e-05,0.0001354785201836022,1970
embedding_std_982,0.00010054263216344194,1.2203090480228434e-05,8.674454315132152e-05,0.00011745709063760018,1971
embedding_std_296,0.00010052770476789248,2.287003988388704e-05,6.225236562247874e-05,0.00011979950815730602,1972
embedding_mean_363,0.000100169218775295,3.2701160535630766e-05,4.322327744088362e-05,0.0001260861850174783,1973
embedding_std_493,0.00010008769158109195,3.090272404381117e-05,5.203849982931317e-05,0.000134932771481297,1974
embedding_mean_279,9.978214072473475e-05,3.222575789656704e-05,5.004569657010115e-05,0.0001304885845193109,1975
embedding_mean_334,9.976965699107164e-05,3.389468856879628e-05,4.1624143238994796e-05,0.0001253914743653936,1976
embedding_std_868,9.97177606728912e-05,3.8516341069263613e-05,4.318761303372638e-05,0.00013134835368744157,1977
embedding_mean_412,9.953522493951286e-05,1.8777960325963153e-05,6.955816525578772e-05,0.00012005904723980549,1978
embedding_std_729,9.92958830125106e-05,3.26614373036911e-05,4.647399380234743e-05,0.00012848047497735954,1979
embedding_mean_206,9.929508067497502e-05,2.98800407871583e-05,5.5059438167852786e-05,0.0001359099207991476,1980
embedding_std_619,9.929242826807616e-05,1.8450686990254548e-05,6.855946282749229e-05,0.00011518528992469871,1981
embedding_mean_520,9.89124341505301e-05,3.260297346344378e-05,4.282603523990087e-05,0.00012726423312197887,1982
embedding_std_429,9.887663770010528e-05,2.7269306724733444e-05,5.292758142632724e-05,0.00011698536155220821,1983
embedding_mean_776,9.843995714559217e-05,3.445542253813151e-05,6.21385418715441e-05,0.0001430320850164844,1984
embedding_std_585,9.843740435660424e-05,2.7096179556611437e-05,6.319271328863947e-05,0.0001368881491792783,1985
embedding_std_628,9.843652437874062e-05,2.4047010438796995e-05,5.6224743619215e-05,0.00011260011368901358,1986
embedding_mean_559,9.805453432377874e-05,5.232438702206703e-05,4.413990371879236e-05,0.00018169669861795154,1987
embedding_mean_413,9.803009952296235e-05,2.7854998491422324e-05,5.961753744836428e-05,0.00013233349953326636,1988
embedding_std_394,9.79853308528534e-05,2.6928088917024585e-05,5.440141409524628e-05,0.00012829751129528268,1989
embedding_mean_303,9.787042113238509e-05,2.6624771606883877e-05,5.883315403312682e-05,0.0001278190243143154,1990
embedding_mean_477,9.769099941868012e-05,2.8757618657471537e-05,4.820093140272158e-05,0.00012060118218253043,1991
embedding_std_507,9.76121086570023e-05,3.1630247793032865e-05,4.624475390933252e-05,0.00012059441676995026,1992
embedding_std_285,9.730888363791175e-05,1.5583899359545312e-05,8.162258352584587e-05,0.00012044303685599445,1993
embedding_std_768,9.719236967643664e-05,2.9821913168196165e-05,5.005573062397799e-05,0.00013254256981741155,1994
embedding_mean_988,9.701692328825902e-05,2.1093222538965614e-05,7.105732161727129e-05,0.0001250311817318382,1995
embedding_mean_106,9.68387705314249e-05,4.162585383288991e-05,4.494450342199265e-05,0.00016012378692125106,1996
embedding_std_484,9.673288829051898e-05,2.6780138873238007e-05,6.472684511662931e-05,0.00013839506748773332,1997
embedding_mean_647,9.661401977263296e-05,3.1447095868354934e-05,4.565636136106581e-05,0.00013174899589193074,1998
embedding_std_197,9.613299074325903e-05,2.9409935273800005e-05,5.903269719290712e-05,0.00013540318470818457,1999
embedding_std_925,9.582001572957109e-05,2.191412477092216e-05,7.167226576989905e-05,0.00012647407744979767,2000
embedding_mean_816,9.579836492466882e-05,2.4252534611213054e-05,6.182891847133298e-05,0.0001254765644050115,2001
embedding_mean_285,9.576907704491118e-05,2.768811217353702e-05,5.435480178266128e-05,0.0001235612145628805,2002
embedding_mean_235,9.574539004406173e-05,3.4291327686444224e-05,3.447355625950354e-05,0.00011365541467852238,2003
embedding_mean_680,9.557266247359051e-05,2.9535077435193763e-05,5.2051411222521455e-05,0.00012069243217734605,2004
embedding_mean_827,9.54081007360664e-05,2.804834206117198e-05,5.504097979496177e-05,0.00012999570681835454,2005
embedding_std_772,9.49544254967144e-05,2.3454689419036988e-05,5.746383996992195e-05,0.00012053558312531321,2006
embedding_mean_711,9.444132404506946e-05,4.1947552257178454e-05,2.9669889010175876e-05,0.00014608962456018568,2007
embedding_mean_576,9.429236368071282e-05,2.4636756926257983e-05,5.5149853697476084e-05,0.0001130259720605467,2008
embedding_std_897,9.404906298182602e-05,3.280142859441786e-05,4.592184729179457e-05,0.00012453348204314633,2009
embedding_std_100,9.401269591576839e-05,3.0560021419460226e-05,6.105560009071023e-05,0.00012677419485462255,2010
embedding_mean_916,9.398819569045727e-05,3.512333449581562e-05,3.4945007664446834e-05,0.00012947966053422042,2011
embedding_mean_670,9.343062924525547e-05,2.5431983914431023e-05,5.2018964261597716e-05,0.0001128027534789054,2012
embedding_mean_734,9.334338353354248e-05,2.6186067510577752e-05,5.426997833742968e-05,0.0001193593332048429,2013
embedding_mean_319,9.294774834353759e-05,1.9154345709119087e-05,6.800708214249173e-05,0.00011965922524167426,2014
embedding_std_45,9.260198184647773e-05,2.910595301036532e-05,5.191264039513047e-05,0.00012486636842760375,2015
embedding_mean_666,9.250125874113205e-05,1.4430197878286943e-05,7.11949971140851e-05,0.00010925390448090274,2016
embedding_mean_772,9.249497284607116e-05,2.6413196677002825e-05,4.7681866893433035e-05,0.0001162642291145271,2017
embedding_mean_187,9.244714766084081e-05,3.052713732798325e-05,4.560253175597445e-05,0.00012377814091942476,2018
embedding_mean_870,9.219723851968966e-05,2.4612276861055502e-05,6.213592796767823e-05,0.00012144585043480378,2019
embedding_mean_628,9.211627410379593e-05,2.0477219412252135e-05,6.705963982154771e-05,0.00011776379030510263,2020
embedding_mean_544,9.20619747925667e-05,3.425951599694237e-05,5.173777037814173e-05,0.0001313642356045795,2021
embedding_mean_122,9.195928513594592e-05,1.948721469089073e-05,6.265591043767496e-05,0.0001108071502654259,2022
embedding_std_905,9.138255859368689e-05,3.3416968498291026e-05,4.081030686130864e-05,0.0001306826724571782,2023
embedding_mean_488,9.130777223772366e-05,3.564921993915902e-05,5.120337775547296e-05,0.00013735474726796944,2024
embedding_mean_246,9.104146926246985e-05,2.7677362149868016e-05,5.8567158339388025e-05,0.0001218760920559415,2025
embedding_mean_687,9.080864231942717e-05,1.6394506499854905e-05,7.355236917109578e-05,0.0001172524679821683,2026
embedding_std_649,9.038296583862338e-05,3.513802965541729e-05,4.9026484300954837e-05,0.00011687996770100298,2027
embedding_mean_862,9.000598613167492e-05,3.157078684789219e-05,4.475522466166477e-05,0.0001326980636988273,2028
embedding_mean_474,8.953135807268959e-05,7.629848904570973e-06,8.018088522552021e-05,9.937885522731156e-05,2029
embedding_mean_751,8.949313562707152e-05,3.1165269408206956e-05,4.2878071450604194e-05,0.00012103161693155996,2030
embedding_std_193,8.943883053270934e-05,2.4143675436991957e-05,4.792209686708629e-05,0.00010526116246041801,2031
embedding_mean_451,8.893784465142105e-05,2.658524719213331e-05,5.253666745574369e-05,0.00011515006020196842,2032
embedding_mean_5,8.878427298859447e-05,3.6162350895720104e-05,2.7509310797459485e-05,0.0001207711567272792,2033
embedding_mean_674,8.785496869640876e-05,3.0444674464300736e-05,5.6751927478694885e-05,0.0001254412287417854,2034
embedding_mean_930,8.779409480367436e-05,2.307593866908935e-05,5.1541316114186897e-05,0.0001117392909844414,2035
embedding_mean_213,8.700496167801101e-05,2.0948876044718155e-05,7.081483951607335e-05,0.00012250918667577524,2036
embedding_mean_354,8.587717549142686e-05,2.0658552018438828e-05,5.0762734379066625e-05,0.00010502733256737419,2037
embedding_mean_290,8.545316758144119e-05,2.355821009594572e-05,5.879578048291452e-05,0.00011356289597225416,2038
embedding_std_52,8.456162430118134e-05,2.3366028303299276e-05,4.401044999814627e-05,0.00010047847621244668,2039
embedding_mean_100,8.452775178577289e-05,3.1662174076217006e-05,3.9370459340025615e-05,0.00011934430330927417,2040
embedding_mean_771,8.439427700195034e-05,2.1848171568532234e-05,5.265940297809341e-05,0.00010570842060504377,2041
embedding_mean_527,8.325008804364097e-05,2.5174468151043888e-05,4.930294841126687e-05,0.00011427614829603623,2042
embedding_mean_52,8.284288483979149e-05,2.5957344947693774e-05,4.13360945710281e-05,0.00010804317546958198,2043
embedding_std_985,8.134735498670947e-05,3.950938003613405e-05,3.413119876153845e-05,0.00012830220586366255,2044
embedding_mean_389,7.945516071940704e-05,2.618947416154738e-05,4.192091007877532e-05,0.0001069726394566196,2045
embedding_mean_391,7.945107519183097e-05,2.0146096314825513e-05,5.505219052341132e-05,0.00010837283004827044,2046
embedding_mean_284,7.880392388914315e-05,2.7836171195236832e-05,3.7138996218412975e-05,0.0001123563331803005,2047
embedding_mean_972,7.448247915455324e-05,1.7045270296379775e-05,5.0654501424039964e-05,9.564509203103757e-05,2048
