feature,mean_feature_importance,sd_feature_importance,min_feature_importance,max_feature_importance,rank
embedding_std_552,0.02110299038796548,0.002244483859452188,0.019326972786988177,0.02404599373991339,1
embedding_std_930,0.01866270261490382,0.0014704706303618573,0.016823284002645846,0.02053272560816093,2
embedding_std_132,0.01623567405876461,0.0018049726815333336,0.014121159501534154,0.018158637299451802,3
embedding_mean_792,0.015566475830802414,0.0014545113952819716,0.014244958761408797,0.017888011206431773,4
embedding_std_976,0.013704668555553806,0.0022129731504964526,0.010198281408171231,0.015672826520878338,5
embedding_mean_586,0.012858343896644132,0.002610207460497953,0.009881668253123527,0.01682023269735737,6
embedding_mean_81,0.012017430481074972,0.0017173209318647857,0.009363726305581679,0.013963514397520123,7
embedding_std_918,0.011352264363569915,0.0017208457816721662,0.009982821916169015,0.013625566447485415,8
embedding_mean_210,0.011086998300488477,0.0017494060279658738,0.008849898062203996,0.013123276123698534,9
embedding_std_500,0.010784800857109192,0.0013699219725302803,0.009587137112098238,0.012698415621304816,10
embedding_mean_109,0.009992933014839759,0.0016306055235627592,0.007884987700604739,0.01242487413340974,11
embedding_mean_984,0.009476883939961059,0.0017689315522339006,0.0076494227036571025,0.012368369403548643,12
embedding_mean_437,0.009406628438188229,0.0011907665231168873,0.0073055987222874885,0.01007680719640421,13
embedding_mean_334,0.008625548393136196,0.0016987246518021847,0.006576192727089658,0.011036996090540518,14
embedding_std_981,0.008430306415887179,0.0009809555148345196,0.007420939010122216,0.0099814488774865,15
embedding_std_0,0.008384850679471728,0.0008945261355431509,0.006877476122456194,0.009085709407771063,16
embedding_std_383,0.007938201801719948,0.002467825328219663,0.004554936064394668,0.011492762341307404,17
embedding_std_968,0.007937374760069768,0.0012673228493822704,0.006443635197395793,0.009943734632958771,18
embedding_mean_661,0.0077851011295957066,0.0010705739825471647,0.006869772907980864,0.009449852621508081,19
embedding_mean_817,0.007507132153714645,0.0015578491694326552,0.006036741329353036,0.009897168353340697,20
embedding_mean_637,0.007068532492048853,0.0014343087457365361,0.005031291454930935,0.009000387628345667,21
embedding_mean_365,0.006373309266690272,0.0007787185765507558,0.005289034507882108,0.0071904173031284765,22
embedding_mean_546,0.006350527431037057,0.0008355875121789173,0.0056609686753093125,0.007484521349563706,23
embedding_std_839,0.006182958592349322,0.001029517458771466,0.004944732416155333,0.00756257215399014,24
embedding_std_414,0.005986293060873814,0.001259476473043327,0.004514199257639861,0.007383133266830899,25
embedding_mean_165,0.005985455079474169,0.0020422521177523288,0.0035385795918937593,0.007913470894495633,26
embedding_mean_930,0.005931780841464921,0.0008678077390751724,0.004433433940612603,0.00664687931774182,27
embedding_mean_119,0.005881580994266079,0.002444876383696563,0.0017331903111709325,0.007664010990232042,28
embedding_mean_886,0.005805601878831588,0.0005391267205531597,0.004845387695961163,0.006130615673495402,29
embedding_mean_633,0.005796140321444252,0.0009593771380007058,0.004857061977293599,0.007143604668807101,30
embedding_std_783,0.005794322272967987,0.0024726492016024855,0.0032557631087109253,0.009055757285171882,31
embedding_mean_842,0.005772420642393935,0.0011482817653589285,0.0039131862895761755,0.007039453419470467,32
embedding_std_983,0.005675690475527929,0.0009568637096648328,0.00445594797478923,0.007118955843876757,33
embedding_mean_433,0.005623971261089117,0.0004894076394010898,0.00505012316574359,0.006177073387615618,34
embedding_mean_968,0.0051461945736797216,0.0013101041151111308,0.003423714121080583,0.006346880050823809,35
embedding_std_691,0.005029013320454285,0.0020806044140312587,0.0032713746396571103,0.00863492563804462,36
embedding_mean_159,0.004716140838241297,0.0012351134274690685,0.0028958620641141857,0.006132519074717351,37
embedding_mean_49,0.0046455980062546885,0.0015342915838800555,0.0025748714298378613,0.006782295576260785,38
embedding_std_89,0.004607195048732459,0.0012186162008139948,0.0027945623298400854,0.005895767550422115,39
embedding_mean_407,0.0045797181240895485,0.001538845939319783,0.002179726409474539,0.006449163939009368,40
embedding_mean_139,0.0045549828524332975,0.0014291751249102438,0.0022973347272273875,0.00586649452755465,41
embedding_mean_37,0.004467059865136214,0.0016644481707220207,0.0030416873679726206,0.007186491183700103,42
embedding_std_535,0.004459040916754522,0.0010864225839388342,0.0031175579764251542,0.005875647027572453,43
embedding_std_166,0.004453589513645735,0.0003453277671399279,0.004081699814232752,0.0048176282168639175,44
embedding_std_346,0.00433010648893767,0.0005186128069267784,0.003662920854483658,0.00499896782054235,45
embedding_mean_514,0.004264615549787633,0.001100134677696495,0.003286909468598054,0.0059951562361510785,46
embedding_std_768,0.0042554626896910515,0.0009090023217594014,0.003303922830414832,0.005670844465949895,47
embedding_mean_582,0.004160794147211043,0.0014366144942343873,0.002183019921992071,0.005536686082173942,48
embedding_mean_214,0.003946091429789641,0.0014369927789681255,0.002840962067634755,0.00624501432267106,49
embedding_std_617,0.0039044479389907364,0.0006009292760731819,0.003327213438478861,0.0046490732665408156,50
embedding_mean_723,0.003835786568792322,0.0007814076509608487,0.0025778424382625004,0.004673396792868455,51
embedding_mean_505,0.00383466550393798,0.0009323589299545551,0.0027064417487503083,0.00500841263957207,52
embedding_mean_629,0.0037603674809508574,0.0009056214989662424,0.0024505510795657702,0.004594280824032542,53
embedding_mean_548,0.00356523001273198,0.0008321473165988222,0.0025724787658108687,0.004865146545209075,54
embedding_mean_129,0.0034613275456176124,0.0009761547697050206,0.002735894419994952,0.005112602640692217,55
embedding_std_606,0.0034280788053012356,0.0010331490418833509,0.001999864071996737,0.004735406211530035,56
embedding_mean_158,0.0034092291629817086,0.0009619797447169702,0.002300644084528126,0.0044936043367645884,57
embedding_mean_901,0.003293245320475182,0.0006103381857604418,0.002674111504608438,0.004075380232758002,58
embedding_std_326,0.0032868177567760316,0.0006750368935497166,0.002635063809828989,0.004222003644147462,59
embedding_mean_924,0.0032686795902024295,0.001283121383143037,0.001283523347239586,0.00451079588366075,60
embedding_std_920,0.003260564599178934,0.0012073906946471597,0.0024575808677614725,0.0053711008965617426,61
embedding_std_82,0.003213900564742379,0.002194470802584661,0.001044182825657617,0.006794498831278692,62
embedding_mean_462,0.0032065237024057197,0.0005879866150216811,0.0025712849810949445,0.0040330682983263375,63
embedding_mean_141,0.003119196089591721,0.00044178608833056124,0.0025442679437544316,0.00353607147650249,64
embedding_mean_732,0.003012494952969333,0.0014882311908236867,0.0020635813768625708,0.005655146002528422,65
embedding_std_687,0.002901160134799885,0.0014702469096884213,0.0013002851527873442,0.00495304037949246,66
embedding_std_517,0.002894961111765848,0.0005453911499608915,0.002179369648086374,0.0034458187809961347,67
embedding_mean_577,0.0028379914574731876,0.0007397543400559927,0.0017969199608694646,0.0038027510302785336,68
embedding_mean_656,0.0027831714611773637,0.0008587977591139597,0.001368063622551023,0.003677732801800175,69
embedding_std_37,0.002755976724524213,0.0007461608532328455,0.001701465360748694,0.0036402261810905873,70
embedding_mean_561,0.0027490224530381433,0.0012932576302804879,0.0013251097006049253,0.004671557035378272,71
embedding_mean_403,0.0027059585834559616,0.0009725848891599543,0.0017897868004754587,0.0041476472468966,72
embedding_mean_734,0.0027026387090189996,0.0003745300682844655,0.0022823160813798026,0.0031888277250291604,73
embedding_mean_560,0.0027005801991555915,0.0006319090041654129,0.0020912437518101116,0.0037327635199426107,74
embedding_std_821,0.002693302898246942,0.00038551602488502305,0.0023886519809339203,0.0033603209159264475,75
embedding_std_270,0.002653842289502589,0.00020722887990894023,0.0024241497125292322,0.0029416533782741353,76
embedding_std_128,0.0025686148544191963,0.00032887278419404007,0.002200849243182243,0.0030204319816869423,77
embedding_mean_677,0.0024842158346186994,0.0006053054958165021,0.001455261078786762,0.0029236614035217236,78
embedding_mean_949,0.0024482112654638953,0.0005894236166772873,0.001522661036720747,0.0030674397023627577,79
embedding_std_488,0.002443758033607437,0.00040912234790733276,0.00200464026763939,0.003095189087067229,80
embedding_mean_10,0.0024337781755102176,0.0003773611662778373,0.002060649244749201,0.002989857672667982,81
embedding_mean_470,0.0023011856487177703,0.0008463014491154608,0.001241006457684158,0.003128811818341448,82
embedding_std_172,0.002283542791335258,0.0007221687596250287,0.0017069616170390935,0.003494436772105891,83
embedding_std_538,0.0022326287167597687,0.0007342097083955526,0.0010519704813641362,0.0030730495613145617,84
embedding_std_269,0.00221139123720118,0.0003711288914652869,0.001740948626935237,0.00259177808490304,85
embedding_mean_86,0.002189262685033686,0.00034624198640090974,0.0017332691014291183,0.002704161536046811,86
embedding_mean_355,0.0021803445137503616,0.000495638606192222,0.0016084601672904104,0.0026235446904235337,87
embedding_mean_683,0.002175841663447188,0.0006206705131811352,0.0011666544812286004,0.0028109450781812683,88
embedding_mean_815,0.0021742412019990784,0.000829178606426505,0.0013236951081037967,0.003325237907141047,89
embedding_std_576,0.0021352941791601895,0.0008379573387046967,0.0014157301826035792,0.003049900299550134,90
embedding_std_96,0.002073275773895102,0.00038277393335080126,0.0017417235857201468,0.002658257323845084,91
embedding_mean_950,0.0019430580844716806,0.0006934182031609348,0.0009665346704875853,0.0025273853072373194,92
embedding_mean_174,0.001939003427917626,0.00032669016801966207,0.0016094852130121456,0.0024511142198595823,93
embedding_mean_875,0.0019363487804234143,0.0004416577069456491,0.0011698025253817702,0.0022391026987205877,94
embedding_mean_699,0.0019108231688359709,0.0010263024921969004,0.0010870486746793026,0.003690495949957309,95
embedding_std_567,0.0018742648700725468,0.0008411507571365331,0.0010599595475213114,0.0027922925176768723,96
embedding_std_971,0.0018730947980170813,0.0006155076784168194,0.0012192127975888772,0.002591387688641732,97
embedding_mean_68,0.0018000224375255666,0.0005538570829392177,0.0011915191100132856,0.00252062425269301,98
embedding_std_528,0.001798795140979122,0.0006829673247971586,0.0011670182678368297,0.0025613040216506695,99
embedding_std_244,0.0017952307346288479,0.0003710269507068741,0.0012213396857197112,0.002221086179079649,100
embedding_std_762,0.0017935971790390838,0.00036720919353081313,0.0014859642586641385,0.0024201204607856375,101
embedding_std_328,0.00177759279551209,0.00021312849080060766,0.0015531444254418246,0.002106745689398051,102
embedding_mean_41,0.0017519581721087327,0.0005766061767031951,0.0012985257377609344,0.00276070783401056,103
embedding_mean_836,0.0017267769912701117,0.0009510375073376455,0.00035397330351672016,0.0029136705444063006,104
embedding_std_589,0.0017091815868791557,0.0005572882161095793,0.0012019519637461718,0.0023979583153982908,105
embedding_mean_682,0.001697460645624196,0.0005095697853541401,0.0009592912738245626,0.00220062236914518,106
embedding_std_557,0.0016892607755692023,0.00021111240850070945,0.0015286001847008726,0.002042145540361369,107
embedding_mean_895,0.0016428895044260955,0.0003464505906066936,0.001150937221698678,0.0020766521117538397,108
embedding_mean_225,0.0016136190494292703,0.0005653143224095212,0.001082348535973642,0.00243545827362429,109
embedding_std_963,0.0015900482380183391,0.00017570190194572807,0.0013242126986327469,0.0017641991993569272,110
embedding_std_793,0.0015601945410110968,0.0006498975876541266,0.0010258773780421782,0.0026088816969805366,111
embedding_std_161,0.0015332458931556826,0.0002876777898928335,0.0011562306529684671,0.0019428165053912616,112
embedding_mean_973,0.0015022212573413158,0.00020915957590755628,0.0013127712540224848,0.0018417424849617669,113
embedding_std_20,0.001487728134163173,0.0006623044739525796,0.0007582417186793529,0.00220108542456241,114
embedding_mean_954,0.0014569909890203064,0.0001976260899324656,0.0012670050956014739,0.001744534214629049,115
embedding_mean_503,0.0014081146418164717,0.0005330109819176007,0.0008299958139269888,0.0020195552087475376,116
embedding_std_151,0.0013870829898159063,0.0002416335586138096,0.0011593952344761,0.0016494319739448011,117
embedding_std_424,0.001386537737221794,0.00035207482091968034,0.0010531206239777452,0.0018675560277363302,118
embedding_mean_690,0.0013686909399550252,0.00037573048058227966,0.0007139763562991971,0.001636787798158763,119
embedding_mean_287,0.00135847268164407,0.00045123054676924517,0.0009681256966860686,0.0018848108179614585,120
embedding_mean_229,0.001326623530383251,0.0006227564405937734,0.0008657430123969404,0.0024019016373614485,121
embedding_mean_441,0.0013089622712653683,0.00011915901662442382,0.0011246909520295427,0.0014329894965862439,122
embedding_std_924,0.0012929911395352745,0.0003469147485853532,0.0007240018118269148,0.0015759538672515546,123
embedding_std_1003,0.001289815216354,0.00038821002287823907,0.0009817794824306023,0.001937397955037776,124
embedding_mean_819,0.001270779432057253,0.0003957675301191362,0.0008651392040610483,0.00188512529708432,125
embedding_mean_16,0.0012547711165268641,0.00033954152877485675,0.0008398048668864227,0.001720095825918646,126
embedding_mean_240,0.001249828748834609,0.0006078194928804787,0.0006584027599860506,0.001963506023383601,127
embedding_mean_944,0.0012325211788308701,0.00040082448793864336,0.0006945373598299331,0.0017266818321256324,128
embedding_mean_267,0.0012237028752156592,0.0004559861714425,0.0005677297434855166,0.0018170584472707117,129
embedding_mean_735,0.0012138106672410066,0.00038656304336918767,0.0007505955432891953,0.0016501212639703396,130
embedding_mean_621,0.0012120395123190434,0.00024379254237544306,0.0007978861973618967,0.0014445418071719713,131
embedding_mean_52,0.001193808169962623,0.00039078221910214826,0.0009634045737354906,0.0018897043348465499,132
embedding_mean_344,0.0011734398931663318,0.0003449613913966969,0.0006031146954983191,0.001520845319768764,133
embedding_mean_76,0.0011602472522827237,0.00021502580107050204,0.0009517887510351627,0.0014944160600059472,134
embedding_std_836,0.0011505460507045737,0.0004027488301514579,0.0006293776725380867,0.0016286146676535863,135
embedding_mean_962,0.0011428977333810292,0.00022915282708500857,0.0009202750084544759,0.0014784932624167747,136
embedding_std_785,0.0011413946386180378,0.00016475466397186957,0.0009095689499475138,0.0013365176937631831,137
embedding_std_808,0.0011335110298676889,0.0005379493901215124,0.0003214769124053566,0.0016869966530901745,138
embedding_std_240,0.0011269982951341484,0.0006407784319118038,0.000640545800680307,0.0020669886878991145,139
embedding_mean_602,0.0011245153872804336,0.00024122454887427175,0.0007553220000654022,0.0014177378530575893,140
embedding_mean_185,0.001112393017819363,0.00015608686976680052,0.0009340607296566356,0.001260466941376676,141
embedding_std_462,0.0011115605603981284,0.0005501206330493106,0.00045299224250944394,0.0019462803824436522,142
embedding_mean_906,0.0011083492820040783,0.00023056083257546483,0.0008249353046824424,0.0013745316035786298,143
embedding_std_452,0.0010830388216960488,0.0005063357780988739,0.0004877355674614188,0.0016143977921003205,144
embedding_std_466,0.0010789253549243392,0.00024147259741237302,0.0008692914216795204,0.0014578713763883512,145
embedding_std_741,0.0010729682488772722,0.00023699305293147814,0.0007415715788101676,0.0013334506829016028,146
embedding_std_595,0.0010720873105128348,0.0005462878748229909,0.0007172558419882685,0.002031754737163505,147
embedding_mean_696,0.0010720043630984897,0.00027676570293055594,0.0008229401401026276,0.0015017966170703051,148
embedding_mean_191,0.0010652216479338356,0.000417984103360064,0.0005045957934518761,0.0014835759588776956,149
embedding_std_28,0.0010458832711712556,0.00034504521163459677,0.0005270158502532507,0.001400497217999833,150
embedding_std_27,0.0010362557538507,0.00043005801792956076,0.0005921022890737412,0.0017262572676692862,151
embedding_mean_834,0.0010154481345512646,0.0001556462911151488,0.000779483916808286,0.0011813795282626077,152
embedding_std_318,0.0010043426117294688,0.0004875879957178155,0.00050386104684095,0.001759056451868033,153
embedding_mean_42,0.0009995667227892554,0.000272653728638075,0.0006681554374889942,0.0013793146779780207,154
embedding_mean_507,0.0009951886287758844,8.27055905320817e-05,0.0008675962716134427,0.0010724308351864834,155
embedding_mean_145,0.0009927016965113214,0.00050093164478922,0.0006544980908163205,0.0017863919011125193,156
embedding_std_15,0.0009869684063132517,0.00042772563519599314,0.0006147820763734625,0.0016964192825090322,157
embedding_mean_197,0.0009822581778074371,0.00018000196624871076,0.000777530581891336,0.0012478019966996805,158
embedding_mean_827,0.0009746473318053099,0.00028091871933979043,0.0006269140482443934,0.0013345356133703263,159
embedding_std_156,0.0009743224775149576,0.000283042557419819,0.0005745230020717947,0.0012198137482230015,160
embedding_std_377,0.0009477561416871927,0.0001975023721682394,0.0007080214542106158,0.0012010471309010895,161
embedding_std_321,0.0009468937003967309,0.00039080584293698777,0.0005038459022027658,0.0015458994075253606,162
embedding_std_439,0.0009457239275367972,0.00021975375960227067,0.0007031135858686449,0.0012318968156299467,163
embedding_mean_986,0.0009445259650511944,0.00019097917318006382,0.0006186985326534217,0.001085468774612538,164
embedding_mean_404,0.0009399778642840478,0.0003486590279006912,0.000617390485812391,0.0014675432511821196,165
embedding_mean_308,0.0009259169159894891,0.00015400886142925184,0.0007109561531168472,0.0011035391956249225,166
embedding_mean_570,0.0009247399640548801,0.000179153356876609,0.0006684468905599609,0.001103518067340609,167
embedding_std_342,0.0009209258008055952,0.0003236341388309528,0.00046905239634027854,0.0013400964371346148,168
embedding_mean_20,0.0009061175976630776,0.00033933163921801804,0.00038925747027528443,0.0012474438507780767,169
embedding_mean_689,0.0009022448889890372,0.0001814929864057728,0.0005945649613033454,0.0010575458422023552,170
embedding_std_854,0.000900686354841834,0.0003069989906779587,0.0004392629217034997,0.0012237120689426177,171
embedding_mean_989,0.0008872965964253661,0.0008050821152982227,0.00024833364783588584,0.002291309620254159,172
embedding_mean_596,0.0008860070188387723,0.00021702861280883547,0.0006406373014518923,0.0011583216833495997,173
embedding_std_682,0.0008720186429931815,0.00014751321992877086,0.0006671242835688332,0.0009955271980642633,174
embedding_mean_765,0.0008560774804255444,0.00031006339615175177,0.00038873170276309643,0.0012185400866283197,175
embedding_std_811,0.0008491519413217442,0.00031257445998387524,0.0005968145049218285,0.0012254019265286605,176
embedding_mean_751,0.0008404803752391163,0.00018003928719240636,0.0005410491094225382,0.0010190502107384623,177
embedding_mean_290,0.0008389072722034653,0.00018418052323672344,0.00054090120131076,0.001031175125876032,178
embedding_std_365,0.0008357436858014548,0.00017875898291165674,0.0005502854361115804,0.0009990259016353141,179
embedding_mean_283,0.000833074070885732,0.0004277505132102821,0.0004602566039229463,0.0015468261879036554,180
embedding_mean_69,0.0008278337295886038,0.00023943720073750475,0.000580452434452222,0.0011901081641614182,181
embedding_std_448,0.0008237389125873417,0.00036025306134086944,0.0004540156583437957,0.0012909004393811664,182
embedding_mean_767,0.000820930391947997,0.00021247476675103271,0.0005309640609255424,0.0010385087082766407,183
embedding_mean_885,0.0008164896314305011,0.00010749260029919336,0.0006358753772231053,0.0008916459004256964,184
embedding_mean_135,0.0008164238284762617,0.00015676214697098764,0.0006428270640834319,0.0009858214845858554,185
embedding_mean_237,0.0008125782593295794,0.00044902695791746946,0.00028813007785303516,0.0013163162527080562,186
embedding_std_667,0.0008090877751555934,0.000539820625017242,0.00030613309848718297,0.0015337973032681076,187
embedding_mean_521,0.0008022584096505166,0.00023549996362343605,0.0004511014604450094,0.001062829694785426,188
embedding_std_889,0.0007986450802480625,0.00029620062511428276,0.0005693501698674401,0.0012990267399311296,189
embedding_std_833,0.000798449516314056,0.00014851943212851242,0.0006471912706048112,0.0009829179222731318,190
embedding_mean_157,0.0007967440442951671,0.00034564585110392107,0.0004430436333829114,0.001370065277894828,191
embedding_std_973,0.0007923097873697227,0.0003699690558561579,0.0003958044796372448,0.0011841158603326438,192
embedding_std_398,0.0007860908043352741,0.0003005741194966011,0.00037010232115356953,0.0011784706781293635,193
embedding_mean_436,0.0007769563552665088,0.00015506060057791186,0.0006253105796542452,0.0009560503962204222,194
embedding_mean_430,0.0007746151126498344,0.00018952569878824332,0.0006148474950964011,0.0010593119505891858,195
embedding_mean_976,0.00076826972164022,0.00025132869964308944,0.0005384253200797595,0.0011514212751727844,196
embedding_std_120,0.000765306074490744,0.0003173590529195723,0.0004408604917876342,0.0012621349628526483,197
embedding_mean_25,0.0007596274723497096,0.00020942659359275565,0.0004531555754565267,0.0009722779256717597,198
embedding_mean_828,0.0007554641644995609,0.00017038385127929743,0.0005746081481809009,0.001011829313072912,199
embedding_mean_166,0.000755460080490099,0.00010433021137469357,0.000617020734908335,0.0008601931496934514,200
embedding_mean_402,0.0007551136157949794,0.00025240345203234873,0.0005080999605727513,0.0011437282889465647,201
embedding_mean_303,0.0007538870824579495,0.0002724741306451063,0.00040533253250023195,0.0011588506799523413,202
embedding_std_218,0.0007526560196458269,0.0003476859574739281,0.0004475428601253679,0.0013348807871802863,203
embedding_mean_952,0.0007526051132126659,0.00014292880350944966,0.0005710940866548379,0.0009536443255575584,204
embedding_mean_958,0.0007464105456806665,0.00018637357746458135,0.0005370377080927803,0.0009582210254225963,205
embedding_std_580,0.0007460899085316979,0.00040803776794366676,0.00039892275346294635,0.0014205187813757583,206
embedding_std_917,0.0007435589290675103,0.0003815527936779588,0.0003533447930188856,0.0013319368858887273,207
embedding_mean_692,0.0007401942920759498,0.0003341496390517043,0.0004285937509669779,0.001289807135413105,208
embedding_std_76,0.0007401625013197144,0.00022254692814854932,0.0005193659637264578,0.0010609811046976498,209
embedding_std_674,0.0007223457305452708,0.0002111847221877287,0.0005038665691498668,0.0009702180903910988,210
embedding_mean_587,0.0007208400554124539,9.237937572599856e-05,0.0005852261662520242,0.0008403314738911137,211
embedding_mean_115,0.0007202835798425607,0.00019640101937693316,0.0005241953543975664,0.0009943290203685,212
embedding_mean_942,0.0007168605915758969,0.00011466627919057821,0.000546392643443575,0.0008534484420224581,213
embedding_mean_178,0.0007156151148586724,0.0002524936361372541,0.00048655308636085063,0.0010418879185334674,214
embedding_std_1007,0.0007127749356212491,0.00029040213209490217,0.00046312974723512686,0.0011788149140387358,215
embedding_mean_750,0.0007052448589482368,0.00018384235538973333,0.000427129720316293,0.0009408013137678244,216
embedding_mean_615,0.0007001026082791338,0.00015831820151262325,0.0005500390565628524,0.0009576956790428718,217
embedding_std_1021,0.000695533149396579,8.152857499487971e-05,0.000603422134221622,0.0008077646566979467,218
embedding_mean_854,0.0006942237340829909,0.0002364475978241172,0.0004982102744414412,0.001064097594002902,219
embedding_std_109,0.0006909214014448264,0.00010155194716748624,0.0005801904392443471,0.0008179312685958806,220
embedding_std_366,0.0006906649674068479,0.00023751703225718252,0.0003958929214991838,0.0009622982418142062,221
embedding_std_734,0.0006793939670066214,0.00014059554565571783,0.0005514683399324316,0.0009015514746743439,222
embedding_mean_260,0.0006783517821327167,0.00024749935583192624,0.00043066682090901623,0.0010538962643794724,223
embedding_mean_746,0.0006777095993905986,0.0003162121664746341,0.00037893944775361236,0.0011918612207664273,224
embedding_mean_300,0.0006763108480080074,0.0004180773439232538,0.0003371542436800038,0.0013513116654635606,225
embedding_std_224,0.000668965807735084,8.126974973212339e-05,0.0005536155325845346,0.00078208844012781,226
embedding_mean_352,0.0006686782859520061,0.0001460313942081159,0.0004251402448145278,0.0007892493916454836,227
embedding_std_434,0.0006680657632109773,0.0003823729328336738,0.0004503576069571871,0.0013379755404044338,228
embedding_mean_888,0.0006675435379295667,0.00017270972374140172,0.00045866755971333607,0.0008444782791238926,229
embedding_std_581,0.0006649623569488419,0.00025909946258820347,0.0002614394676793965,0.0009747781732461318,230
embedding_mean_1017,0.0006649513853687067,0.00016026725860692452,0.0005113500319273063,0.0009128052022564097,231
embedding_mean_988,0.0006644476795585848,0.00014363501178392337,0.0005091060218943369,0.0008432765062974287,232
embedding_mean_584,0.0006623043858472648,8.667646130893847e-05,0.0005437875505939171,0.0007476655644075954,233
embedding_mean_372,0.0006595355029200476,0.00016038371315194123,0.00041009418081996654,0.0008075217417856543,234
embedding_std_169,0.0006583456148182099,0.0001226860973524157,0.0005077383568690699,0.0008379520055894275,235
embedding_mean_142,0.000657944699990759,0.00019594175768423443,0.0005011937540285584,0.000994493108909544,236
embedding_mean_321,0.0006568774683907586,0.0001327490427680125,0.00046328330914757965,0.0007928478220161557,237
embedding_mean_698,0.0006519460840675862,0.0002127113142066319,0.00035924540122537265,0.0008768455193804918,238
embedding_mean_108,0.0006509279238212292,0.0001807222358318009,0.0004747937276727404,0.0009406225819829542,239
embedding_std_121,0.0006414285205401809,0.00024434869798538214,0.000386438152225363,0.0010062174260130718,240
embedding_mean_748,0.000639318655005091,0.00023878521697501807,0.00027617705141913003,0.0009246513607623528,241
embedding_std_723,0.0006343007398141424,0.00013027070021952327,0.0005275963380419105,0.0008604744526502772,242
embedding_mean_200,0.0006327514932453343,0.000130619078970111,0.00047435684348996206,0.000805614867501217,243
embedding_std_775,0.0006324797985094577,7.652967419673792e-05,0.0005595614177192283,0.0007245887270794042,244
embedding_std_705,0.0006315402818573432,8.313966042232817e-05,0.0004993966873195524,0.0007247216678835195,245
embedding_std_570,0.0006271628510636519,0.00016337009869423315,0.0004955323970745982,0.0009109024022613084,246
embedding_mean_611,0.0006214925592225881,8.90183970032247e-05,0.0005286996555198237,0.0007287283464344902,247
embedding_mean_347,0.0006206953342958767,9.807952122323927e-05,0.0005098497607892462,0.0007103701473054085,248
embedding_mean_425,0.0006193294197910828,4.770346729340059e-05,0.0005373206296649755,0.0006625265015885998,249
embedding_std_610,0.0006162231344516405,0.000181205032901754,0.0004212201516820517,0.0008893648799269824,250
embedding_std_908,0.0006135213446700887,0.00010725106567039164,0.00045584328018627256,0.0007223585697433048,251
embedding_std_587,0.0006125913810440931,6.026872079973522e-05,0.0005351882717999251,0.0006992406364448934,252
embedding_mean_408,0.000611825956799167,0.00012814023339253745,0.0004270748723174672,0.0007788510484261124,253
embedding_mean_749,0.0006084883394770059,0.00016396202850115483,0.0004014495834010091,0.0008297408046090343,254
embedding_mean_969,0.0006057452211046761,0.0001543440356584895,0.0004507815397093903,0.0008048416347706144,255
embedding_std_633,0.0006054495241371875,7.222396780876904e-05,0.0005453467923065549,0.0007243391649514161,256
embedding_mean_757,0.0006038829178278844,0.00046113905382964637,0.00022381340639556063,0.0012909184755293286,257
embedding_std_1006,0.0005984288910281577,0.0002139657616202496,0.0003150051342674936,0.0008582210714399234,258
embedding_mean_245,0.0005938212743492546,0.0001841345646674722,0.00038664095927744995,0.0008127437752166044,259
embedding_mean_426,0.000593305220260298,8.041265453005788e-05,0.0004739632108796219,0.0006978674474274043,260
embedding_std_978,0.0005919066878953525,0.0001390379267227177,0.0004016803947447587,0.0007636074210351084,261
embedding_std_478,0.0005905934772375609,0.00015082621784272247,0.0003613037256388516,0.0007694167793073272,262
embedding_std_1015,0.000587539705787832,0.0002336308777549769,0.00043268105013914216,0.0009829964408590243,263
embedding_mean_659,0.0005847001139212486,0.00017089537384570438,0.0003755364569536756,0.0008150001961403861,264
embedding_std_291,0.0005773098465327364,0.0001837807842910673,0.0004270870919130832,0.0008763464199408047,265
embedding_std_620,0.0005762040784072326,9.629445485397404e-05,0.00046294602978634597,0.0006653571191972583,266
embedding_std_952,0.0005752981852770727,0.00010156638478796802,0.0003993777546282157,0.0006513610521678709,267
embedding_mean_144,0.000568443635954139,0.00011000511024504638,0.00042258612903769873,0.0007313986278857953,268
embedding_std_86,0.000567650898462972,0.0003295664831455017,0.00030466225065540385,0.0011422865113449804,269
embedding_std_16,0.0005661973996247322,8.556966099541869e-05,0.00045847409999099086,0.0006729756312906622,270
embedding_mean_17,0.0005645483179047932,0.00016778433536711172,0.0003325356473028211,0.0007498243151279491,271
embedding_std_907,0.0005635231826335102,0.0002762114870262605,0.00014320150526903714,0.0008771279728720137,272
embedding_mean_0,0.0005604959779173778,9.993587982756658e-05,0.0004633919063972856,0.0007108860044987416,273
embedding_mean_332,0.0005601269523514417,6.203000018959296e-05,0.0004875440119211593,0.0006073850069566027,274
embedding_std_65,0.0005597262419607429,0.0001124890954850901,0.0004044023530794744,0.0007088633688685825,275
embedding_mean_1022,0.0005596322182186776,0.0001393184141821165,0.000389858393716976,0.0007366051093447647,276
embedding_mean_2,0.0005575135804614001,7.775954261356588e-05,0.00047830876842875925,0.000643890900244698,277
embedding_mean_91,0.0005530712042497727,0.00020974988270664458,0.000381439272432221,0.0008986976311574468,278
embedding_mean_938,0.0005488598460376051,0.00024277276071278222,0.0003255022892842022,0.0009477657956309996,279
embedding_std_140,0.0005463167690526683,9.577975283335176e-05,0.000439301555811407,0.0006339308059911304,280
embedding_mean_192,0.0005411759841887505,0.0003715704819012188,0.00020672357651028007,0.0011132523029783877,281
embedding_mean_335,0.0005409467221952584,9.877288504433157e-05,0.00045040742517951096,0.0006514214582373152,282
embedding_std_461,0.0005403237796765264,0.00011735912269966723,0.000408497942832974,0.0006577365882964011,283
embedding_std_402,0.0005396032965654781,0.00010504882806815394,0.00036966440464287326,0.0006342539962069677,284
embedding_mean_672,0.000536681086072052,0.00013026496446098826,0.0003267249698312268,0.0006854689306575196,285
embedding_mean_923,0.0005362733742275512,0.0001007049295080521,0.0003962149106083155,0.0006367081988410319,286
embedding_mean_181,0.0005331384140303173,7.909459811955224e-05,0.00039539944231713875,0.0005970103429549773,287
embedding_mean_94,0.0005316462020221189,0.0002094989711538284,0.0003149198450677259,0.0008702856983896005,288
embedding_std_554,0.0005314741645928791,6.165466303912854e-05,0.0004567845119076023,0.0006207486108532878,289
embedding_mean_562,0.000529737136100076,8.610470264679008e-05,0.000380094880347346,0.0006000814927621498,290
embedding_mean_566,0.0005284010161411285,8.087873040359826e-05,0.0004392905317690422,0.0006430135313437424,291
embedding_mean_532,0.000527142452414585,0.00011905081571721154,0.0003882928190778771,0.0007035435400759819,292
embedding_mean_122,0.0005254622567708422,0.00012031657546722253,0.0004066936987620393,0.000726763508974332,293
embedding_mean_330,0.000521622209989776,5.365723905579176e-05,0.00046770983028181315,0.0005806452716863342,294
embedding_mean_913,0.0005202514454952935,0.00018416366036429855,0.00026920807911573615,0.0007648098182930783,295
embedding_std_105,0.0005160893568915302,0.00019906201405464039,0.00026239024149511995,0.0007714877092772463,296
embedding_mean_847,0.0005135956307675935,6.11139937917991e-05,0.0004189876729477992,0.0005854755302199519,297
embedding_mean_9,0.0005135178963272665,5.951072345600381e-05,0.00043969517951098944,0.0006006575973419589,298
embedding_mean_883,0.0005114458299655768,0.0002612516299573315,0.000170983095006567,0.0007820180844938955,299
embedding_std_817,0.0005104523892455134,0.00017437874940090634,0.0003099441934807904,0.0006922263629623677,300
embedding_std_347,0.0005079191899024264,0.0001242770234070382,0.00038641989824213344,0.0006704108571068481,301
embedding_std_883,0.0005073933381008656,7.685253286263261e-05,0.0004107850276450413,0.0006088007062043177,302
embedding_std_618,0.0005066444863419302,0.00011552694738293084,0.000360047941751423,0.0006587579764095299,303
embedding_std_810,0.0005051503015861996,9.379907818611511e-05,0.0003591606106902941,0.0005815515142156872,304
embedding_std_608,0.0005043810206423643,8.215046447870641e-05,0.0003838988758974872,0.0005929341325823607,305
embedding_std_543,0.0005039014791946289,0.0001317530013232609,0.00042149588604923206,0.0007347790569833399,306
embedding_mean_502,0.0005030474044149351,0.00014977929075605414,0.0003844070419983168,0.0007008438311247271,307
embedding_mean_150,0.0005010793320597111,0.00015206995946636444,0.00028729185107841874,0.000713169126607212,308
embedding_mean_844,0.000500849629395842,8.773298452591618e-05,0.00042785949908484084,0.000633710163506328,309
embedding_mean_860,0.000500503472690526,0.00010016181296924033,0.00041954539645529135,0.0006662563034075643,310
embedding_mean_351,0.0005004142712182784,0.00016017028826961787,0.0002878026307080072,0.0006577419750423825,311
embedding_std_421,0.0004997630682583961,7.550333111931483e-05,0.00041750618610601476,0.0006199792020091196,312
embedding_std_232,0.0004982630484971278,9.166900229608736e-05,0.00038540389691821785,0.0006210242627992255,313
embedding_std_879,0.0004925265257122266,0.00011984546434290827,0.0003437096395605872,0.0006447670884740685,314
embedding_mean_742,0.00048397574525597546,4.710805870201365e-05,0.0004368716748833396,0.0005494111873586103,315
embedding_std_389,0.00048391571592836056,5.5511792643721497e-05,0.0004098912772393169,0.0005395413118061199,316
embedding_std_259,0.0004836636772694275,0.00011756523294261614,0.00035159655952666895,0.000597601387432365,317
embedding_std_1009,0.00048343061490976023,0.00012552494507691033,0.000347695377131032,0.0006790355745921482,318
embedding_mean_771,0.0004814709885532056,8.253969317555219e-05,0.00042822914028397717,0.0006249515276834342,319
embedding_mean_275,0.00047937206992436246,0.00030464968791713736,0.0002019183292749019,0.000967720914448317,320
embedding_mean_87,0.0004785855113656366,0.00011213492884934933,0.00037815862372063744,0.0006291418941658329,321
embedding_mean_563,0.0004774543702576411,8.421636568484996e-05,0.00037705452737420343,0.0005782757418568654,322
embedding_std_196,0.0004726026171146264,9.233963094473945e-05,0.00032566837906690665,0.0005605002478478813,323
embedding_mean_738,0.00047185421339055323,6.075934474439568e-05,0.0003988821414296394,0.000550902056215102,324
embedding_std_740,0.00047138165510208965,0.00011746253650233031,0.00036900608713840355,0.0006726187633332945,325
embedding_std_344,0.00047109929287031204,0.00011009432503352957,0.00035766177185945434,0.0005959454467136946,326
embedding_mean_627,0.00046748640308632346,0.00014679999951738704,0.00024971631025537915,0.0006584243970123993,327
embedding_std_539,0.0004638874626239277,8.712758808686868e-05,0.0003729667933154283,0.0005605596149927493,328
embedding_mean_370,0.00046304832642565276,0.0001027733399608397,0.0003040537190482466,0.0005806665140929863,329
embedding_std_953,0.00046132449236859174,6.002015968012943e-05,0.0003940690588168887,0.0005546707445525139,330
embedding_mean_111,0.0004607417238818599,0.00012773209970043628,0.0003141359053599094,0.0006386379362389653,331
embedding_mean_889,0.00046007253663491604,9.648694158658906e-05,0.00037371119594801225,0.0006103626123243561,332
embedding_std_693,0.00045618813746160867,6.658654045725493e-05,0.0003943486575452651,0.0005627144914124663,333
embedding_std_81,0.0004553375701881588,0.00011760393643368794,0.00031268572240847933,0.0006279228248775337,334
embedding_std_688,0.00045509821959867055,0.00011547121772593093,0.00027769111279232376,0.0005836571169486023,335
embedding_std_735,0.00045419907564845936,0.00031419073300523957,0.0002334562881839727,0.0009904085929717307,336
embedding_mean_581,0.0004534694850073403,5.369142666029793e-05,0.00038345461399592586,0.0005337446216846836,337
embedding_std_222,0.00045242296165751513,0.00013960361826736067,0.0003341015746436415,0.0006866351334032055,338
embedding_mean_768,0.0004515549430202783,6.23579263228076e-05,0.00035257086379470256,0.0005226585127509617,339
embedding_std_738,0.0004511458020767764,0.00016736840213293902,0.0002757345002330634,0.0006415155569912471,340
embedding_std_843,0.0004511000875793504,0.00015166184347889676,0.0002602045355246559,0.0006755095254404954,341
embedding_std_533,0.000450086930379111,0.00016196522929456884,0.0002476225958856606,0.0006744623358819603,342
embedding_mean_818,0.00044959063951273214,5.249023336902351e-05,0.000390718188378924,0.0005336314905780623,343
embedding_mean_93,0.00044875499486966435,3.816406424437148e-05,0.00039832499202165235,0.00047748729570760176,344
embedding_mean_571,0.00044737917465779693,8.747303658905378e-05,0.0003385935110417615,0.0005664263633440502,345
embedding_mean_380,0.0004461223795259992,0.00013561917004393379,0.0002924873966601193,0.0005807214141922199,346
embedding_mean_668,0.0004429854818792067,0.00012024739013955153,0.0003516460061152068,0.0006475406106394297,347
embedding_mean_38,0.00044203527553468016,7.117174239186237e-05,0.00035958831030603037,0.0005484791594725908,348
embedding_std_384,0.0004380026791209808,7.771147482012097e-05,0.0003792110329771853,0.000570311582900527,349
embedding_mean_128,0.00043775336630893277,6.680794478699344e-05,0.0003489100580032657,0.0005362652972028437,350
embedding_mean_884,0.00043706259090206724,7.192213554698986e-05,0.0003588350902475814,0.0005550330167804143,351
embedding_mean_770,0.0004362828644360003,6.025868880706208e-05,0.00034957836508101226,0.0004975314199741136,352
embedding_mean_517,0.00043477213125888174,5.6769744965163076e-05,0.0003508031671157302,0.0004912403412268154,353
embedding_mean_538,0.00043261500644683484,7.77549316151712e-05,0.00033500713975526396,0.0005421764778419528,354
embedding_mean_376,0.00043240044226813633,0.00011342032549669447,0.0002729089854409131,0.0005771701189939917,355
embedding_mean_452,0.0004320368579515766,0.00017394696616160208,0.00026600507453997254,0.0007282004093613408,356
embedding_mean_1018,0.00043172158055746515,0.00010970887039244742,0.0002733274590266395,0.0005293140809701606,357
embedding_mean_947,0.00043166318745251466,7.573259575449565e-05,0.0003490530635093876,0.0005191264897957108,358
embedding_mean_578,0.0004310982876099388,9.210350185435245e-05,0.0003127259935612003,0.0005334437302221191,359
embedding_mean_337,0.000429860780696365,6.012424591919825e-05,0.0003586798010137386,0.0004964945684080172,360
embedding_mean_640,0.000425280950065958,0.00023430272614230496,0.00018425034776162552,0.0007933375667504571,361
embedding_std_162,0.00042505937140507383,7.427435598541357e-05,0.0003338860672004906,0.0005144238323726655,362
embedding_mean_616,0.000421988663269949,0.00012584192938486837,0.0002526149408337088,0.0005948197546417755,363
embedding_mean_241,0.0004193095438517323,6.148477587177236e-05,0.0003508608981477609,0.0004892057495620343,364
embedding_mean_857,0.00041894109586325954,0.00012330600613665523,0.00022781198690337225,0.0005439547013209062,365
embedding_mean_843,0.0004162280289230114,9.679000654749792e-05,0.00032703990694914935,0.0005756278101747973,366
embedding_std_101,0.00041513400862398743,9.368131087630195e-05,0.0003233409924083176,0.0005666093001428925,367
embedding_std_376,0.00041296708021211866,8.026898970130351e-05,0.00032302796048995307,0.0005335171030901636,368
embedding_std_236,0.00041053864314676117,0.00013845732148803433,0.00018839006846443042,0.0005127065079886078,369
embedding_std_479,0.0004074942285425272,0.00012068073585429632,0.0003003720254058741,0.0005386101631491977,370
embedding_std_486,0.0004073378664879188,6.146660560690295e-05,0.00035206349991851436,0.0005002272165802709,371
embedding_std_545,0.00040303893977194943,0.00025660995357091357,0.00013374531596347595,0.0008274101590110418,372
embedding_std_566,0.0004028343749338959,0.00012155448268608341,0.0002959695813775442,0.0006024476917721758,373
embedding_std_70,0.0004026733837230326,0.0001867743151489661,0.00021819838739608276,0.0006662048928695626,374
embedding_std_251,0.00040092473856731726,0.00016381736324762314,0.00022988589675550998,0.0006464178403264227,375
embedding_std_284,0.0003987129308249815,0.00011822021526862934,0.00021773517200172524,0.0005327475818136848,376
embedding_std_837,0.00039549337458398315,0.00015147105035281588,0.00022108890864341619,0.0006062082103054333,377
embedding_mean_679,0.00039175936289543147,9.908672519008036e-05,0.0002709672673046364,0.0005398194672750816,378
embedding_std_170,0.0003906963815131557,0.00011483275915854121,0.00027124582000061074,0.0005723244320763717,379
embedding_std_310,0.00039050073388699274,0.00011415960867620192,0.0001988938103661524,0.0004895467879981924,380
embedding_std_530,0.00039011587756337474,9.790871900015242e-05,0.00026778366915906616,0.000498575174268631,381
embedding_std_241,0.00038985349393766037,0.0002433553878775257,0.00015317176714275084,0.000736711773633531,382
embedding_std_392,0.00038837766361455754,8.487473249395822e-05,0.0002545264444516855,0.0004607780067186428,383
embedding_std_972,0.0003879879863042922,0.00012580173567511285,0.0002708936933641847,0.0005983823403223183,384
embedding_std_594,0.00038677689759452396,0.0001599165364323535,0.00026051840737921457,0.000664102895145173,385
embedding_mean_871,0.00038650164192202436,0.00011481835038443986,0.0002637776662917179,0.0005509713603647122,386
embedding_std_752,0.000386459547586463,3.8201506398140925e-05,0.00032607360066754264,0.0004259211122635579,387
embedding_mean_567,0.00038495864866117243,0.00012380667927936736,0.00023783797154556456,0.0005337927480327154,388
embedding_mean_711,0.00038139921503872704,0.00021847423775474406,0.00015347943731991545,0.0006287777235339437,389
embedding_std_418,0.00037996231185021006,7.098944151866434e-05,0.000313031715557038,0.0004968249608492382,390
embedding_mean_846,0.0003795714531921956,4.883596206913705e-05,0.00030612196746849634,0.00043090465453369674,391
embedding_std_57,0.0003792286818556893,0.00011326302144931574,0.00028155168600404096,0.0005457525072181666,392
embedding_std_1020,0.00037921207423506355,0.00019905937745510593,0.00018588918321174754,0.0006043727330215479,393
embedding_std_24,0.0003790944928139187,0.00019746139328520078,0.00016237593600135024,0.0006237819990776897,394
embedding_std_112,0.0003789098559039203,0.0001370437954365021,0.00022765749385431655,0.0005642962777169069,395
embedding_std_670,0.00037830193176415877,0.00010796256279725604,0.0002676782049460331,0.0005190325447293462,396
embedding_mean_807,0.0003776247207922902,7.480655607293436e-05,0.00029919939557276556,0.0004986309615997717,397
embedding_std_382,0.0003756225878030239,0.00011550377445400607,0.00030340630209680925,0.000572364888681744,398
embedding_std_909,0.0003753361955024561,9.95858161506075e-05,0.0002378968710062882,0.00047736977589874126,399
embedding_mean_314,0.0003740171373043028,3.301203170491701e-05,0.0003481099975587964,0.0004227502236416718,400
embedding_mean_218,0.00037334051313319696,4.865790397219318e-05,0.0003218854029829595,0.0004509326865150747,401
embedding_std_503,0.000373113432604647,8.361929355298338e-05,0.00027166929828816206,0.0004927313831565176,402
embedding_mean_948,0.000373011198905438,0.00018490143983223624,0.00013307418174449365,0.0005377569723298206,403
embedding_std_602,0.00037162153062293387,5.9546408314862e-05,0.000273469016882095,0.0004248308393372761,404
embedding_mean_657,0.0003706084547382767,0.00010631250533647299,0.00023477731112509723,0.0005119427511142752,405
embedding_mean_878,0.0003704739361132425,8.124194726023893e-05,0.00031845087321474494,0.0005124220269358835,406
embedding_std_511,0.0003698608744909907,3.599175164421567e-05,0.00032340234620309774,0.00040205729118303443,407
embedding_mean_641,0.0003694566484010368,0.00013635524417539955,0.0002865899236920127,0.0006114618925345884,408
embedding_mean_691,0.0003685344344411026,7.34986768927319e-05,0.00030350654980788134,0.0004928799304271441,409
embedding_std_515,0.00036838900657177925,0.00012451302638143223,0.00024407781356007788,0.000551774124129828,410
embedding_std_711,0.00036699663446489834,8.661774124798374e-05,0.00026002028061927225,0.00050003960634231,411
embedding_std_629,0.00036211112126210824,4.1446678012232346e-05,0.00031806287022436845,0.0004109763655878802,412
embedding_mean_316,0.0003619161964800164,5.3279971803833236e-05,0.0002774502416454228,0.00041842560935955657,413
embedding_mean_386,0.0003617000862337415,9.200545425169599e-05,0.0002724201744206927,0.0004623661928377782,414
embedding_mean_1009,0.0003611790203434365,6.10758632428529e-05,0.000293457799525249,0.00042877182700883353,415
embedding_std_87,0.00036062802611554375,8.13969456844018e-05,0.0002555879977593003,0.0004513523497665655,416
embedding_mean_908,0.00035977680441098,4.4448270214694436e-05,0.0003253208469583139,0.00043704252259959875,417
embedding_mean_382,0.0003587831580934522,0.00010110359840355824,0.0002806473294836233,0.0005247522207414485,418
embedding_std_215,0.0003582647370997737,8.694734986693975e-05,0.00025422264072123125,0.0004918412563435523,419
embedding_mean_450,0.0003577688930992696,8.510627439207396e-05,0.0002797273534412757,0.0004760745739616719,420
embedding_mean_328,0.00035750549508849964,8.208998221300384e-05,0.00025768071357676467,0.0004795271749010829,421
embedding_std_859,0.00035692538553646393,5.579334755840997e-05,0.0003011364937732473,0.0004481069572274672,422
embedding_std_749,0.000356592947466915,4.930063568752798e-05,0.0002886480676567325,0.00040800165664583445,423
embedding_mean_132,0.0003565438527208981,5.422583812786263e-05,0.0003028171760010444,0.0004299664360059675,424
embedding_mean_820,0.000356514649423982,9.721746677652761e-05,0.00024800712590547746,0.0005128785510638445,425
embedding_mean_512,0.00035633089587480655,8.057008102311291e-05,0.0002885307558333154,0.00044544011924851185,426
embedding_mean_315,0.00035574588691208607,5.547969146434632e-05,0.0002772381419547452,0.0004123202460420962,427
embedding_mean_636,0.00035405296440233164,9.812897824291427e-05,0.00022621159722597436,0.00047364032674943583,428
embedding_std_72,0.00035384540280601737,5.839738110386111e-05,0.0002541744671934349,0.0004085165880743382,429
embedding_mean_151,0.0003536083012778806,0.00015492834008221944,8.458172331655689e-05,0.00047366591960748154,430
embedding_mean_600,0.00035261940064248694,0.00013264519745928775,0.0001415199263538288,0.0004954809386314607,431
embedding_mean_357,0.0003516426652234871,8.8811398968768e-05,0.000278081412483376,0.0004509342277654545,432
embedding_std_322,0.00035120047094427346,0.0001076852991128038,0.0002580868576593921,0.0005239954824617451,433
embedding_std_308,0.0003507179918380282,6.916257819715164e-05,0.0002823703017053086,0.0004674738047751851,434
embedding_mean_793,0.0003499672233623052,7.561944313631627e-05,0.00027458310787032954,0.00044595918011656246,435
embedding_std_155,0.00034932101065111203,9.516173212528864e-05,0.00029050928584230116,0.0005183338079404973,436
embedding_mean_983,0.0003471549231175805,5.3339873016032755e-05,0.0002967752822221844,0.0004151798385968431,437
embedding_std_655,0.0003460219790000321,7.297746922414726e-05,0.0002614232917700533,0.00045886004599359967,438
embedding_mean_106,0.0003455242184598593,0.00014908630509381964,0.00016744711415791482,0.0005474564976573584,439
embedding_std_876,0.00034416859258836515,1.532792014186937e-05,0.00032549774746657497,0.0003584595004820125,440
embedding_std_661,0.0003439795082604647,6.271398938142387e-05,0.0002514364747185048,0.0004122399607398969,441
embedding_std_295,0.00034388367181776533,0.00010434004088892328,0.00022481366065406016,0.0005098587187756277,442
embedding_mean_756,0.0003438428007718066,0.00013688491716042748,0.00023007314125939732,0.0005740051315781217,443
embedding_std_813,0.0003435154519696187,5.9131273335116206e-05,0.00023903226387872567,0.00037974278761647255,444
embedding_std_213,0.00034260154943324634,7.791328488401662e-05,0.0002833972398003546,0.0004603209579386612,445
embedding_mean_504,0.00034151252867418226,0.0001291608148758745,0.0001808595089433431,0.0005036050830307262,446
embedding_mean_907,0.00034097791273422003,2.7224335560122612e-05,0.0003026064082402602,0.0003665403394077092,447
embedding_std_364,0.00034080368547625706,7.434257273141844e-05,0.00025285701564624227,0.0004532722117653441,448
embedding_std_948,0.00033960540111076286,4.6837995902552814e-05,0.0002946338674186873,0.00040391338259929696,449
embedding_std_579,0.0003368738183451214,0.00016871506207107457,0.00015109532500322097,0.0005512492403503747,450
embedding_mean_395,0.00033680141480032144,8.227348055788322e-05,0.0002386803684344112,0.000431837686089155,451
embedding_mean_412,0.00033612543272529727,0.00014427506320633735,0.00018407629619233894,0.0005511659702544683,452
embedding_std_41,0.00033585800752038354,8.45385035024166e-05,0.0002604468858071965,0.0004792939930368047,453
embedding_mean_4,0.0003348300692249374,7.137507397553826e-05,0.00022151253894690017,0.00040620046989922213,454
embedding_mean_778,0.00033432926353150333,9.372433749940287e-05,0.0002316721935295014,0.0004468975033750162,455
embedding_std_769,0.0003340181490360855,0.00011302686478677561,0.00021469570562525938,0.0005163897316460364,456
embedding_std_523,0.0003335097962001419,9.939446710138501e-05,0.00024325261552373832,0.0004646780596368097,457
embedding_mean_223,0.0003326068843185488,8.884943021506946e-05,0.00025325600711828344,0.00047891336498327703,458
embedding_mean_383,0.00033248077315575623,3.305268505886696e-05,0.00030019319787901355,0.0003778434830603044,459
embedding_std_603,0.0003320693933175346,5.946560710351551e-05,0.00026716406858372,0.0003905916628275717,460
embedding_std_761,0.00033143989368678,4.1376560718228344e-05,0.00028400574450060097,0.0003979778260476164,461
embedding_std_520,0.00033021701969768267,7.227000271351902e-05,0.0002650460102460337,0.0004126285810922913,462
embedding_std_246,0.00032995292737157314,4.579852055032797e-05,0.0002740246277246233,0.00038546516875989927,463
embedding_mean_823,0.000329511050629647,4.807137591077415e-05,0.00028835617252249675,0.0004008029243601316,464
embedding_mean_966,0.00032919944958308405,8.951133823201526e-05,0.00026738554346332315,0.0004835033372570317,465
embedding_mean_233,0.0003286198306639106,7.33476362102409e-05,0.0002721404306309302,0.00045592887244224717,466
embedding_mean_553,0.00032708900313973546,6.01728991049985e-05,0.0002290834144575316,0.000394254506331799,467
embedding_std_712,0.0003245875193301674,8.596419542163647e-05,0.00023283689194855044,0.0004505266828553355,468
embedding_mean_459,0.0003239000176420159,5.7828662202068905e-05,0.0002543007110744179,0.00037116331044024587,469
embedding_mean_117,0.000322772711962539,5.309935958359534e-05,0.00023768917378275668,0.000382625874390992,470
embedding_mean_937,0.00032250190790989656,0.00010528239775480418,0.00021587964426198367,0.00048811066191352295,471
embedding_mean_719,0.000322374822755612,9.618064140156713e-05,0.0002222328650114404,0.00045418982669203354,472
embedding_mean_894,0.0003221134814474907,5.1667678172275734e-05,0.00024870196489962194,0.0003804201575665415,473
embedding_mean_323,0.00031935126071225614,5.7092050613164764e-05,0.00025008913359513576,0.00039672298407396583,474
embedding_std_540,0.00031704925588026264,0.00016080874791263316,0.0001313940568813808,0.0005015716334969199,475
embedding_std_212,0.0003165877800099747,3.0214168635425826e-05,0.00028958836436315203,0.00036278159667334675,476
embedding_mean_494,0.0003146333746031515,5.2953549888797616e-05,0.0002236746963120517,0.0003604768502346954,477
embedding_mean_776,0.00031451482063209684,8.874890293167839e-05,0.0001680636188369054,0.0004088192531119962,478
embedding_mean_703,0.00031430998047493163,8.730243982696447e-05,0.00016906640031050496,0.00038964562926031984,479
embedding_mean_136,0.0003136090804003992,6.878815283090247e-05,0.00020590524442268976,0.0003965170460889798,480
embedding_mean_130,0.0003126819365432348,0.00023719969050261703,0.0001745565452472805,0.0007342191403616234,481
embedding_std_619,0.00031079868211773034,5.1679627660837975e-05,0.0002654397397060751,0.0003924445050820165,482
embedding_mean_96,0.00031075303079551456,6.25834829505704e-05,0.000260954616723285,0.00041223306002022183,483
embedding_mean_1002,0.0003103763759003919,4.170786755438364e-05,0.0002594514008947018,0.00036058184587907155,484
embedding_mean_198,0.00031026328442894423,5.786165833561114e-05,0.00022987720157368477,0.0003903850335186655,485
embedding_std_287,0.0003098043450875694,0.00010312968330084814,0.000140558757832072,0.0004119794781205918,486
embedding_std_443,0.00030920490143932313,7.137262302025226e-05,0.0002466506224338054,0.0004120475947306124,487
embedding_mean_785,0.0003070723898651531,8.213270824736766e-05,0.0002465862493058101,0.0004496429584050425,488
embedding_mean_506,0.0003065209377970256,4.1292599794367165e-05,0.0002592490944085732,0.00037136301539177346,489
embedding_mean_341,0.0003064666378253684,7.19323477424356e-05,0.00022529496363084655,0.0003869103086618736,490
embedding_std_649,0.00030470670787995395,7.307431462694166e-05,0.00022475583490614824,0.00039999122840740474,491
embedding_mean_445,0.00030299880835367,0.00013028344166344098,0.00016271950248740292,0.0005065380405588188,492
embedding_std_40,0.00030280757608916746,3.535761323887992e-05,0.0002554656614635212,0.000340602277369794,493
embedding_mean_556,0.0003024744552122311,5.7047474423535353e-05,0.0002458766795530658,0.00039244304886324117,494
embedding_mean_199,0.0003017934597672058,5.9855542734469924e-05,0.00024980261525407266,0.00039242563425261783,495
embedding_std_861,0.0003017214811606582,3.044040279023197e-05,0.00027163150972322607,0.00034636832827040863,496
embedding_std_373,0.0003009395995125813,6.128528598534236e-05,0.00021332923431449164,0.00037584119444927295,497
embedding_mean_669,0.0002970556551990231,6.705426415663821e-05,0.00022141160585794042,0.00039370861334712585,498
embedding_mean_939,0.0002965260743121672,5.214680022669378e-05,0.00024676265214557016,0.00035464042058711877,499
embedding_mean_1014,0.00029651626246193275,3.276061958644266e-05,0.0002703031028654377,0.000350866294588105,500
embedding_mean_30,0.00029604552472563977,5.4902894932169946e-05,0.00024665996253167864,0.00036261257191939954,501
embedding_std_391,0.00029559401919795707,3.827928994516632e-05,0.00025162459680565317,0.0003458587657423751,502
embedding_std_853,0.0002952328117748073,5.181099526739444e-05,0.0002474414150329695,0.0003799396570654081,503
embedding_mean_288,0.0002951852744102711,5.508735719109614e-05,0.00021602133166697326,0.0003494796766393297,504
embedding_std_532,0.0002949730768969427,5.183299590403785e-05,0.00024018262702287248,0.0003807882662504314,505
embedding_mean_701,0.00029459287970475873,6.73301042378696e-05,0.0002286561223635771,0.0003882393920945371,506
embedding_std_519,0.0002933632399835204,5.3130034051915355e-05,0.00025114427835188095,0.00038539533614926003,507
embedding_mean_61,0.00029310588472134034,4.6304295258692207e-05,0.0002247056432688651,0.0003359169742016971,508
embedding_mean_796,0.0002930815669517791,7.069755091129979e-05,0.00021940137050712103,0.0003871761017106444,509
embedding_mean_193,0.0002920541996062299,0.00010391185284301588,0.00014145157565268452,0.00037863215105190005,510
embedding_std_104,0.00029183240753530396,5.453852577273329e-05,0.00021560887529793065,0.00034898058524197997,511
embedding_mean_990,0.00029160525694636264,9.320955728039153e-05,0.00016375592137829332,0.0003822072525414339,512
embedding_mean_415,0.00029023782178913494,1.607335113302083e-05,0.000263301435112082,0.00030275386381129843,513
embedding_mean_432,0.0002889495425203897,5.053450272852831e-05,0.00024094307594392294,0.00035175530788607393,514
embedding_std_614,0.00028837599759556416,5.89025145260663e-05,0.00019586071539345645,0.0003597484122814188,515
embedding_std_59,0.00028813251641498627,7.83191277627579e-05,0.0002098493659778776,0.0004201517735777495,516
embedding_std_134,0.0002881139382969511,3.528401043459785e-05,0.00025035705657758077,0.0003342925760785117,517
embedding_std_1019,0.0002873224170339317,7.3008079262999e-05,0.00022523625484258833,0.0003954772474506771,518
embedding_std_285,0.0002872043989432732,4.411067825089795e-05,0.00023121358087324902,0.00033266996238631307,519
embedding_std_988,0.0002870951141649018,3.6369905490230157e-05,0.0002448900304630584,0.00032759307434536926,520
embedding_mean_255,0.0002867306974402045,0.00010076014567860551,0.00016581814786952774,0.00042354507755331734,521
embedding_std_698,0.0002861901080957888,8.437916952120778e-05,0.00020096304138280337,0.0004182209184715586,522
embedding_mean_550,0.0002860982185442681,6.599590328655796e-05,0.0001792641128997419,0.0003431444471436344,523
embedding_mean_318,0.0002852958475523941,0.00017672122652755641,0.000181744047700608,0.0005994121152045019,524
embedding_mean_554,0.000285066446365448,1.907779603551146e-05,0.0002641533844330133,0.00030930037569977217,525
embedding_mean_593,0.00028489974564954214,4.5840670389944066e-05,0.00022050042012017662,0.00033084529280630266,526
embedding_mean_148,0.00028427886194732174,3.305304990614888e-05,0.00025590338058296193,0.00033184571468902876,527
embedding_std_886,0.00028416486522200434,4.364366163251235e-05,0.00023583376822063925,0.00035203133586508243,528
embedding_std_394,0.0002835945721637158,4.7217217354813495e-05,0.0002116146620751891,0.00034237914213570443,529
embedding_std_897,0.0002834219962249397,7.61945668383755e-05,0.00018838296517006313,0.00036035194491019427,530
embedding_mean_694,0.0002811890495988359,6.265949740050003e-05,0.00021430205081664658,0.0003531945872566748,531
embedding_mean_204,0.00028117128994878735,8.135948057084743e-05,0.0001886930165415658,0.00038862623300564385,532
embedding_std_609,0.0002805879196898787,2.0622244305829263e-05,0.00025497675335704127,0.0003110904555102541,533
embedding_std_331,0.0002799909143822687,0.00013275167465635836,0.00010818491290202331,0.0004371602897043506,534
embedding_std_846,0.0002799280576930885,3.321800654127997e-05,0.00023906889307446138,0.000319873607421995,535
embedding_mean_163,0.00027819495797641,5.558538841044954e-05,0.0002243308242564642,0.00035953848956496074,536
embedding_mean_45,0.0002778961956991597,0.0001058794471151374,0.00017122857216617587,0.00043422466831911216,537
embedding_std_201,0.000276026042178645,4.826680817209567e-05,0.00020833317357625984,0.00034346758635001235,538
embedding_std_509,0.00027464752751015723,5.95217745432571e-05,0.00023060536547825627,0.000377151102811274,539
embedding_mean_678,0.0002724429521418625,7.127152151512024e-05,0.00020022256587397618,0.0003708811415979276,540
embedding_mean_863,0.00027227268454358886,5.33587497225099e-05,0.00020276141006963475,0.00035292743002817724,541
embedding_std_330,0.0002722584081323395,4.088743906299409e-05,0.000220670530961686,0.000313175859161186,542
embedding_std_178,0.0002716539652527152,4.0571467413259324e-05,0.0002124326169243512,0.0003115994541415764,543
embedding_std_265,0.00027159133174806186,4.390247724727777e-05,0.00020540643507808724,0.0003135163130076573,544
embedding_std_526,0.0002708125981353138,3.8896515830830376e-05,0.00022997543178296184,0.00033254940856721106,545
embedding_mean_435,0.00027076173416054237,4.1452256376177634e-05,0.00021137380230008232,0.00032012661301655506,546
embedding_mean_292,0.0002697744893268408,7.394852256781742e-05,0.00018120460009844839,0.00036668487986917,547
embedding_mean_920,0.00026932622846293153,3.103735954164006e-05,0.00023287978721267348,0.00029638606097504277,548
embedding_std_350,0.0002671152771541648,1.9349261560088845e-05,0.0002447940098198595,0.0002982759584301645,549
embedding_std_44,0.000266904503711099,1.569309947022983e-05,0.00024563732014782675,0.0002827388426053381,550
embedding_mean_530,0.00026651359651960895,4.852119472202952e-05,0.00022395601938124464,0.0003220277381375968,551
embedding_std_572,0.0002660416223515039,0.00011139913115029742,0.00016226435963314392,0.00044696376601856323,552
embedding_std_774,0.00026579009384891065,4.737855527754259e-05,0.0001933618828715714,0.00031680001047343934,553
embedding_mean_306,0.00026539889738782266,9.293714472496378e-05,0.00018149158618219064,0.0004075247381434241,554
embedding_mean_876,0.0002652614102817825,3.2132217861127925e-05,0.00023133356606763283,0.00031678546784119903,555
embedding_std_601,0.00026440855328336156,5.98707531233408e-05,0.0001892326822069698,0.0003447034600489712,556
embedding_std_653,0.00026439647358631206,0.00016476716111373752,0.0001635302063332479,0.0005539454915671918,557
embedding_std_665,0.0002636279335876592,6.937575572585327e-05,0.0001874331972888216,0.00034181073817005303,558
embedding_mean_79,0.000262906022472092,4.370319107588768e-05,0.00021549342643465712,0.00032312184820289567,559
embedding_mean_465,0.0002610668744477626,7.296068100184998e-05,0.00016539290017794574,0.0003521579178024425,560
embedding_mean_201,0.0002607733279494603,4.972531628648283e-05,0.00019079091457874467,0.0003283997552469331,561
embedding_std_729,0.00026038466367354717,4.529829983190515e-05,0.00020441612855534317,0.00032838458166261774,562
embedding_std_873,0.00025993532649193335,4.125600477560821e-05,0.00019034623197437724,0.00030042433834834867,563
embedding_std_360,0.00025982625353904696,4.38150422078185e-05,0.0002159005172377438,0.0003282771429786896,564
embedding_mean_541,0.00025939126829260594,4.253476298394217e-05,0.000230815302847594,0.0003314367462690063,565
embedding_mean_789,0.00025880081424129906,2.1385415865188033e-05,0.00024339463162857653,0.00029622613277850913,566
embedding_std_707,0.0002587304041382443,0.00011548590966495862,0.00014091648927119953,0.0004429550027697826,567
embedding_std_591,0.00025859768438613577,3.622683048603596e-05,0.00021684248165967603,0.00029780630538385114,568
embedding_std_562,0.00025764001008317296,8.32118445574296e-05,0.0001769395879612108,0.00038158031874474936,569
embedding_mean_977,0.00025721989689608766,6.999168065344935e-05,0.00020331803497728013,0.00037801717357699715,570
embedding_std_217,0.0002571364861414585,5.938705949213288e-05,0.00015469773877365743,0.0003016199900144406,571
embedding_std_458,0.0002568605525691698,5.18762522042908e-05,0.00020508581907593105,0.0003346918017253202,572
embedding_mean_592,0.00025679436360542904,7.305478893963202e-05,0.00019443159195143495,0.00033930500662702643,573
embedding_mean_612,0.0002560916994164055,8.194987903143663e-05,0.00019073455169615354,0.0003944399748038077,574
embedding_std_513,0.00025543443410165953,0.0001372637101370934,0.00016781581307132902,0.0004881713972324389,575
embedding_std_692,0.00025495952048094927,9.991076729282453e-05,0.0001854374859952348,0.00042545401366733167,576
embedding_std_115,0.00025480078998415975,2.3045837299397656e-05,0.00021630816495695556,0.000274763475368244,577
embedding_mean_762,0.0002547713155426418,6.599107496627461e-05,0.0001758315912480991,0.0003455492539594352,578
embedding_mean_755,0.00025460874234364985,6.702012855654962e-05,0.000170516804644381,0.0003561697383844829,579
embedding_mean_310,0.00025409986107114183,5.832237523175882e-05,0.00018339434431405969,0.000332760688982805,580
embedding_std_801,0.0002529320396400602,6.380395631197847e-05,0.0001803881423415226,0.0003441321181467073,581
embedding_mean_51,0.0002518210905537153,7.61021949377643e-05,0.00019918643059487867,0.00038437555788592355,582
embedding_std_54,0.00025168170818916494,4.672850070051919e-05,0.00018563223654610982,0.00030053318660729577,583
embedding_std_314,0.00025105307464126376,2.623227334693726e-05,0.00022420055226070817,0.0002865709776664335,584
embedding_mean_979,0.00025102199929018427,2.6581054129546638e-05,0.00022819622949949838,0.0002946032706027483,585
embedding_mean_779,0.00025032907816974854,8.17893303179894e-05,0.00014976448487166011,0.000335845512625131,586
embedding_mean_726,0.00024960275486633684,4.3070636361310034e-05,0.00020575620059274418,0.00030702473222726274,587
embedding_mean_339,0.0002493390203169683,4.600923510453558e-05,0.0001995912921043969,0.00032432382270478256,588
embedding_mean_991,0.0002485109872613812,7.590847864517346e-05,0.0001466416304186307,0.0003482761956026025,589
embedding_std_154,0.0002481134821120313,4.8114371393862266e-05,0.00019902884913622492,0.0003084526615288143,590
embedding_std_832,0.0002478485374293922,4.4778958688557566e-05,0.00019375153370227655,0.00031047799138057776,591
embedding_std_702,0.0002472906799540226,8.216532417516841e-05,0.00017288350920390753,0.0003774592193438593,592
embedding_mean_806,0.00024704252695777743,0.00011380479658716882,0.00016161377650136013,0.0004464766892322627,593
embedding_mean_112,0.00024575554141599023,4.8312887871623466e-05,0.00018723804448545042,0.0002948779756905732,594
embedding_std_596,0.0002456443595303249,4.991158064981377e-05,0.00019160838618040508,0.0003018909704111605,595
embedding_mean_43,0.00024563961109240885,5.9548349353068e-05,0.000183366406911613,0.00030595865482506586,596
embedding_std_914,0.00024477958433482226,7.953784239503127e-05,0.00016986603544229376,0.00037997874734489663,597
embedding_std_237,0.0002444990166917483,3.4769928563047476e-05,0.00019562173123431582,0.0002937442040930117,598
embedding_std_189,0.0002438433514569289,2.899947012935548e-05,0.00021478311261244405,0.00028448584015493137,599
embedding_mean_207,0.0002437895405846357,5.550944082306747e-05,0.00020087315601316415,0.00033822656486767814,600
embedding_std_781,0.00024373974919357638,5.50927664964817e-05,0.00016136185187005337,0.0003085759427509155,601
embedding_mean_686,0.00024358351372196483,3.7649547348858964e-05,0.00018666087993763226,0.00029185746849034533,602
embedding_mean_123,0.0002429358621828684,4.9130196721855574e-05,0.00018682922139310945,0.00031702851490358777,603
embedding_std_33,0.00024196974084185366,4.306013358597395e-05,0.00018712371403000597,0.0002954463121529021,604
embedding_std_17,0.00024091354771664137,1.8041298881099238e-05,0.00021143892996885221,0.0002566722967587108,605
embedding_std_303,0.00024000669325310436,2.9075663396259928e-05,0.00020799226829844644,0.00028134823144432156,606
embedding_std_138,0.00023911357963686403,4.105492713187584e-05,0.00019675508591323357,0.0002838925329896522,607
embedding_mean_353,0.00023887894182220913,3.172217219484336e-05,0.00020050624223814145,0.00026879316147272866,608
embedding_mean_874,0.000237801979232204,3.9181380397437585e-05,0.00019961269048157393,0.00030082720484025103,609
embedding_mean_170,0.0002371243534303936,5.3077845291384726e-05,0.00016856044095912002,0.00029363036199163927,610
embedding_mean_469,0.0002371141473810518,4.997873837809752e-05,0.000189325057257783,0.0003188075964898198,611
embedding_mean_477,0.00023707041793918974,3.76110761374384e-05,0.0001709964318860085,0.0002610608172431809,612
embedding_mean_362,0.00023685069064523765,7.153502808652849e-05,0.00016857642939245186,0.0003292923398437486,613
embedding_std_892,0.0002368320013665928,5.5110804283986165e-05,0.00015926918295042802,0.0002970875829927195,614
embedding_std_718,0.00023549978421376098,4.343978126113325e-05,0.00018774049882860802,0.00030281582481404606,615
embedding_mean_809,0.00023508585829605028,3.396374238186426e-05,0.00017810507402529134,0.0002623370090033667,616
embedding_std_118,0.00023402709990933898,1.2214744479884741e-05,0.0002171301509474705,0.0002506633649120106,617
embedding_mean_72,0.00023291354775959892,8.208395138471124e-05,0.00016460032109157443,0.0003696488600958442,618
embedding_mean_619,0.00023271173707765464,8.011047660842957e-05,0.00017649766467093482,0.00036981847784330453,619
embedding_mean_999,0.00023205893296241955,4.851822081237767e-05,0.0001933236648883278,0.00031008209639836617,620
embedding_std_194,0.00023205193898779582,6.024413212860894e-05,0.0001895180024430582,0.00033828222872603597,621
embedding_std_887,0.00023198361947529482,8.444138742000138e-05,0.00016401747011367113,0.0003789245728690429,622
embedding_std_451,0.00023188169898712894,3.7121090224832535e-05,0.000179124657003904,0.0002837245306975863,623
embedding_mean_284,0.00023169398637929735,8.081207135495715e-05,0.00016052945815411102,0.00036761245387163246,624
embedding_mean_161,0.00023112787998564726,4.261486326357801e-05,0.00017520746666728652,0.0002891941456659046,625
embedding_mean_8,0.00023065202536913182,5.5130536045713015e-05,0.00014766110732652424,0.0002882447980717536,626
embedding_std_1002,0.00023061901976631515,4.57432265157692e-05,0.00018236618583759745,0.00030580469619942533,627
embedding_std_508,0.00023039127777013836,3.151256812718637e-05,0.00017937262729334364,0.00025256704306693406,628
embedding_mean_663,0.00023023217373949369,4.898062539003849e-05,0.00015957901267148845,0.0002762737843081258,629
embedding_std_658,0.00022978576636905438,6.149734538156055e-05,0.00017405817105991294,0.00032109513365798797,630
embedding_std_5,0.00022912931371191575,2.824175850644799e-05,0.00019088772575386336,0.00025936389352527805,631
embedding_std_701,0.0002289402951797144,5.1972001608719156e-05,0.00018150382861298054,0.0002973799236568529,632
embedding_mean_591,0.0002274562909427063,3.305792628235544e-05,0.00017076073589656298,0.0002525927245749718,633
embedding_mean_866,0.00022722579656233064,8.457711048077817e-05,0.00013744942175050742,0.0003432991346450358,634
embedding_std_704,0.00022671612547626335,2.2386112103358584e-05,0.00018782134056125456,0.00024136197854825346,635
embedding_std_356,0.00022637002484523645,0.00012679677679618042,0.0001467771900403622,0.00044839814842267527,636
embedding_mean_453,0.0002260712311534279,2.083071213021477e-05,0.00020264595187310773,0.0002485325014053,637
embedding_std_264,0.0002259568752380405,3.2161657149235784e-05,0.00018761785179193544,0.000276781469161271,638
embedding_std_684,0.00022578951272477226,4.428532159873727e-05,0.0001670882468435594,0.0002769679310894044,639
embedding_std_991,0.00022480798733903723,2.3497821707666423e-05,0.00019513141708814126,0.0002545604944389926,640
embedding_std_56,0.00022475348209799166,2.9980513043673918e-05,0.00018823233433824658,0.0002561561071339941,641
embedding_std_146,0.0002245366122461677,7.967266168030205e-05,0.0001187140091129707,0.0003354025226052682,642
embedding_std_835,0.00022297453600027563,8.025620105766704e-05,0.00016747088190291332,0.00035244936184421736,643
embedding_std_311,0.0002226264047407303,6.658880853090765e-05,0.00016784462371712778,0.0003258404294221291,644
embedding_std_640,0.00022235713732654446,3.811764119015198e-05,0.00016591770006876827,0.0002676769028906307,645
embedding_mean_897,0.000221575055006156,3.7465090384108246e-05,0.00018248633349737036,0.0002634468529527142,646
embedding_mean_326,0.00022092650152857066,5.4685769093419195e-05,0.00013400986986391797,0.00028211873747865755,647
embedding_mean_534,0.0002202624000414933,5.029224583509955e-05,0.0001615678859112992,0.00029279870488701886,648
embedding_std_184,0.00022005160059762182,1.1916577867941187e-05,0.00021185379405222292,0.0002410435995157873,649
embedding_mean_655,0.00021914599618238213,5.117968958095018e-05,0.00016151362773784116,0.00030099737158930745,650
embedding_mean_852,0.00021883168801080277,8.077599263120416e-05,0.00014916855753764204,0.00035332929691814447,651
embedding_std_255,0.00021881852972922543,6.353204607659119e-05,0.00016381795854329427,0.00029870652502586435,652
embedding_std_206,0.00021848300069733138,3.9382892241562924e-05,0.00016968527074714653,0.0002615155398921505,653
embedding_mean_922,0.0002183198083326394,4.592795934086909e-05,0.00015748022535015148,0.00028644668597788695,654
embedding_std_385,0.00021802768431207018,5.015102347814369e-05,0.00015859577805481573,0.0002691808329224604,655
embedding_mean_526,0.00021802132069562294,3.485849560988729e-05,0.0001693540908035112,0.00025711579693726063,656
embedding_std_485,0.0002180099878950608,5.717932005210449e-05,0.00016374573773004266,0.00030376644370973537,657
embedding_std_13,0.00021748384720198625,3.941195345664693e-05,0.0001809090721317222,0.0002733917696498448,658
embedding_std_857,0.00021734741542612084,4.7104159469927255e-05,0.0001389806183449601,0.00025615018237122535,659
embedding_std_38,0.00021659617331925388,2.8916389318597297e-05,0.0001725981534889154,0.0002450220798642489,660
embedding_std_325,0.00021659020352553427,4.011537231959741e-05,0.00019097765152778243,0.0002869095326176105,661
embedding_mean_98,0.00021633899392198844,6.99016767513003e-05,0.00011083974322681457,0.0002842115649555442,662
embedding_mean_594,0.0002161144848903439,1.2779768928198087e-05,0.00019753536417773808,0.0002280743115268323,663
embedding_std_327,0.00021604702023640096,1.9690884081885146e-05,0.00018335920199819016,0.00023118675556077424,664
embedding_mean_398,0.00021603753934586463,6.238185933679455e-05,0.0001467096233513134,0.0003072239150306674,665
embedding_mean_127,0.00021581761179710238,3.0357551937474085e-05,0.00017258424694261158,0.00024757729991440653,666
embedding_std_463,0.00021553799717650358,4.107022146022897e-05,0.00016323963262025848,0.000262686156040281,667
embedding_mean_367,0.00021540402463508728,2.858058256564746e-05,0.0001851698504266224,0.00025958275541028403,668
embedding_mean_421,0.00021521678685446885,4.3134733044786456e-05,0.00016089953228367812,0.00028049594276921487,669
embedding_std_145,0.00021491313719473477,5.231664207871261e-05,0.00016364223326216425,0.0002881278545285332,670
embedding_std_828,0.00021454044845637326,7.955378722712709e-05,0.00011404935746258172,0.0002941895286456778,671
embedding_mean_943,0.00021437314854345327,5.2597894820281516e-05,0.00016475940549245865,0.00030219496874776624,672
embedding_std_709,0.00021418085767144272,4.0859761905894735e-05,0.00014411308335013297,0.0002479096015772824,673
embedding_std_313,0.00021409792525620776,2.2733762918111726e-05,0.0001756844559278562,0.0002339559810135493,674
embedding_mean_687,0.00021402526675490903,3.3141896216302824e-05,0.00018301597182641155,0.00024987588440016274,675
embedding_mean_95,0.0002135520691576442,5.8273249917853444e-05,0.00016073312582479953,0.00030743997793674255,676
embedding_std_381,0.00021352679300071621,6.74554136520144e-05,0.00011446037852031015,0.00028222791214391944,677
embedding_mean_614,0.00021338298509541772,3.537054789928107e-05,0.00016884706974549483,0.0002628233668063402,678
embedding_mean_829,0.00021325595658725367,4.2260151268353385e-05,0.00014607083151537952,0.00026010673187639105,679
embedding_mean_597,0.00021304009400763355,5.026616174630778e-05,0.00013875746604753407,0.00026910632404676736,680
embedding_mean_951,0.00021286067680652463,0.00010254034165577621,0.00011304048778710819,0.00037497824295643566,681
embedding_std_680,0.00021269367135763628,0.00014923002691344522,0.00012385245265971863,0.0004772648824353539,682
embedding_std_4,0.00021267961132624794,2.130741372301201e-05,0.0001930845063836232,0.00024526480838753885,683
embedding_std_435,0.00021252755763897325,4.803705935139539e-05,0.00014964621714269445,0.00027357742340566925,684
embedding_mean_131,0.0002124987281901723,3.2036899078048105e-05,0.00015929936834087658,0.00024093432622101447,685
embedding_mean_1011,0.0002122338635826912,2.268716668089235e-05,0.00019144852339429924,0.00024026622118851802,686
embedding_mean_693,0.0002122248035489059,5.8837312882816226e-05,0.00011243889611221615,0.0002599366072413559,687
embedding_std_754,0.00021218402572820055,5.446110227240347e-05,0.00013213074405255614,0.00026468183112608246,688
embedding_mean_1007,0.00021200352559662167,3.3130940718028184e-05,0.00017974005985086093,0.0002517742331758749,689
embedding_mean_263,0.00021171331181121943,4.7943743830992214e-05,0.00016399183501203502,0.00029197502298743973,690
embedding_std_990,0.0002113935236255232,2.0209626905628875e-05,0.00018937025991394568,0.00024464030172753864,691
embedding_mean_392,0.000211134989380393,3.545403870249728e-05,0.0001657789972539529,0.0002651613598411951,692
embedding_mean_955,0.00021112084883459685,3.957492122336681e-05,0.00016638332989051295,0.0002754162923503095,693
embedding_mean_147,0.00020971142467013428,4.9230780337668534e-05,0.00015410036837593282,0.00027063301767231256,694
embedding_std_841,0.00020943633769917114,3.761516024240013e-05,0.00016677576361063504,0.0002600799221382992,695
embedding_std_900,0.00020921915517606516,4.211543613681498e-05,0.0001622011327903059,0.0002550318197667248,696
embedding_mean_226,0.00020888199399829633,2.7815613380315897e-05,0.0001827163163173556,0.0002521509720512195,697
embedding_mean_787,0.00020881215959410557,8.14931078361437e-05,0.00015953564887990872,0.000351099073024414,698
embedding_std_571,0.00020855932276319717,5.1361005613841326e-05,0.00015845228484103363,0.0002897502137336988,699
embedding_mean_371,0.0002084589728930217,5.9473334283336565e-05,0.00015610142586858835,0.00030007544848381325,700
embedding_std_656,0.00020839270412032558,4.7258193949704496e-05,0.00013475663310923716,0.0002519738496762774,701
embedding_mean_766,0.00020825890121620288,4.337615749124862e-05,0.00016064485838058286,0.0002720871396660603,702
embedding_mean_88,0.00020817316957443062,4.907417754408947e-05,0.00017562298413214308,0.00028950676078097243,703
embedding_std_987,0.00020813601819139765,4.010690889831581e-05,0.0001804800846764733,0.0002753360829579738,704
embedding_mean_7,0.00020812484152536313,4.159731045621564e-05,0.00015511840792141197,0.0002519015886794989,705
embedding_std_186,0.0002077715233668551,5.4430488536765674e-05,0.00012948998847116453,0.000261694060382835,706
embedding_mean_1003,0.00020762643481185612,4.183808298846875e-05,0.00015757093591296757,0.000269430890897431,707
embedding_std_927,0.00020729498355170586,8.920071970114863e-05,0.00010174816547910476,0.000349101541533875,708
embedding_mean_298,0.00020660239448191337,5.540866031558366e-05,0.0001495142438048498,0.0002677910272043097,709
embedding_std_822,0.0002064453401330373,9.58232884084508e-05,0.00013862663158166163,0.0003742587140101505,710
embedding_mean_795,0.00020624802065022613,6.011598313938355e-05,0.00013769150183782437,0.000303503832282502,711
embedding_mean_325,0.00020565306615824753,5.227476540932374e-05,0.0001351982198074045,0.0002629653811579289,712
embedding_std_838,0.00020529979044103716,3.0138772834303923e-05,0.00017043172180524006,0.00024219683744271286,713
embedding_mean_224,0.00020457301374294826,5.9212931003314096e-05,0.00011435200061439367,0.0002580989112567692,714
embedding_mean_911,0.00020397744310340031,3.396525354613692e-05,0.00015287165333430555,0.00023940207898946522,715
embedding_std_123,0.0002036716890743394,4.251866966932819e-05,0.0001590725654326064,0.00026350542985457677,716
embedding_mean_250,0.00020353633803361373,4.76325861880154e-05,0.0001725105954798042,0.00028701518363067317,717
embedding_mean_647,0.00020303021434429067,4.9842604178648756e-05,0.00015342994805624919,0.0002566103160481111,718
embedding_std_407,0.0002027119301998074,4.3125043533849266e-05,0.0001665373319992458,0.00027695669835783713,719
embedding_mean_120,0.00020266086078209303,5.19318795793737e-05,0.0001214262848820261,0.00024086428191260993,720
embedding_std_77,0.000202535495066226,6.378018606603635e-05,0.0001475005038818643,0.00029246333230497203,721
embedding_std_71,0.00020227494047094142,3.0671493797664506e-05,0.00017147917842192777,0.00023656946210997749,722
embedding_std_195,0.0002022695615240724,3.4008181891869625e-05,0.0001587524039806858,0.00024321210043575273,723
embedding_std_834,0.00020138530540974139,9.290334736843567e-05,0.00011925375447448855,0.00034202590058263535,724
embedding_std_641,0.0002008675319857721,4.580446756575297e-05,0.00014698823115990296,0.000265171579457491,725
embedding_mean_881,0.00020086096019614422,3.1045562246956944e-05,0.00015889803325854778,0.00023793739652489345,726
embedding_std_202,0.00020081349919035587,4.973605164703901e-05,0.00015845691879603837,0.00028480170194447835,727
embedding_mean_822,0.00020067312652946083,3.332677400749746e-05,0.0001543158494759413,0.00023655495251230507,728
embedding_mean_1001,0.0002006720016149266,2.9345455453448252e-05,0.00015653018543153378,0.0002288076266158176,729
embedding_mean_238,0.00020036436687470528,9.325478187708204e-05,7.741046626583687e-05,0.0003104807489607429,730
embedding_std_959,0.00020020050903518785,6.77969985081309e-05,0.00014484983212262716,0.00031133215739233267,731
embedding_mean_740,0.0002000888130577529,4.6650629637235825e-05,0.00013388269470587964,0.00024449428982048884,732
embedding_mean_394,0.00020003543668838602,1.555095023672462e-05,0.00018114781760568898,0.0002235003480143693,733
embedding_std_247,0.00020000920593679777,5.493159349891978e-05,0.0001236673175607103,0.0002732540685154837,734
embedding_std_550,0.0001992521712803952,4.0859965158018356e-05,0.00013809383842553432,0.0002341984511715712,735
embedding_std_816,0.00019881367530128093,2.8220452233760667e-05,0.00016707569077524734,0.0002234584070462393,736
embedding_mean_764,0.0001985961397549932,4.324155752615667e-05,0.00013983248082803965,0.00025564808451454004,737
embedding_std_677,0.0001982955559311506,3.0558122158220233e-05,0.00014842121131386637,0.00022350300403274167,738
embedding_std_489,0.0001980908887585275,5.9068817927520314e-05,0.00012315693759630853,0.0002863353326532316,739
embedding_std_1012,0.00019765170986489857,2.622830516108986e-05,0.00017032193384475518,0.00024090291380083608,740
embedding_mean_3,0.00019763494076409312,1.9100336996462013e-05,0.00016904165966438901,0.0002123102067467542,741
embedding_mean_222,0.00019757679533723697,4.668496493957868e-05,0.00015288028571101874,0.0002603537238973497,742
embedding_std_780,0.00019750258649832696,4.291418656729116e-05,0.00014325821808764655,0.0002577365439166835,743
embedding_mean_231,0.00019720036749903695,3.863177645535458e-05,0.00013516500152139846,0.00023944982595476552,744
embedding_mean_905,0.00019717462662372713,5.522367602418959e-05,0.00014728604638161754,0.00027883900086781636,745
embedding_std_267,0.00019696472044755377,3.986204717235995e-05,0.00014796082819362722,0.00024336744435882058,746
embedding_std_271,0.00019658928101380573,4.7399386335218575e-05,0.00016548853474160574,0.0002794992413330451,747
embedding_std_323,0.0001965268079518057,1.4378190606178417e-05,0.00017710390880560585,0.00021544836115828142,748
embedding_std_465,0.00019644585071420932,4.5908284674701457e-05,0.0001422428988851941,0.00026238515710430316,749
embedding_mean_423,0.00019615675416227761,5.770523517662997e-05,0.0001277113206863074,0.00024902697607855496,750
embedding_std_671,0.00019611930583677355,7.483842570786272e-05,0.00011137152074436834,0.0003075892861350754,751
embedding_mean_775,0.00019589543928166903,1.3011857624598737e-05,0.00018215852284154745,0.00021596112929704098,752
embedding_std_549,0.00019538589878311446,5.865229142741152e-05,0.0001398920062765668,0.00029131927795847693,753
embedding_mean_46,0.00019535199308232204,3.619769658299285e-05,0.00015455362661248717,0.00024208498495352577,754
embedding_std_512,0.00019447945615482274,2.468282360072283e-05,0.00015142519507226938,0.0002135440840079591,755
embedding_mean_603,0.00019447860350705804,3.8724552377288025e-05,0.0001590050478100977,0.00025802206888227874,756
embedding_std_642,0.00019405820258486942,2.7017673787613633e-05,0.00015533265021050495,0.00022692821382315823,757
embedding_mean_674,0.00019401700215942894,6.635418368203503e-05,8.809429434813578e-05,0.00026659760976191564,758
embedding_std_867,0.00019360454694242586,7.79971591023298e-05,0.00014506120940565274,0.00033144034992285714,759
embedding_mean_56,0.0001934069911570337,4.226466077691172e-05,0.00014509728329241363,0.00025852714396943553,760
embedding_mean_754,0.0001932871803429928,1.8359873972497344e-05,0.0001712975768223683,0.0002099897052794065,761
embedding_mean_99,0.00019265134786530358,4.4591408389597056e-05,0.00015621741602026479,0.0002674550490555502,762
embedding_mean_873,0.00019240537837902986,3.174760893443944e-05,0.00015846689199499752,0.00022575989789853853,763
embedding_std_50,0.00019220408016512843,3.887802556880845e-05,0.00014314666583799246,0.00025208248593587736,764
embedding_std_26,0.00019217887946057117,2.9183962390976893e-05,0.00016320918810154092,0.00023415007664375533,765
embedding_mean_134,0.0001913603967188563,3.3090902673479065e-05,0.00015831736716491555,0.00023860485537592757,766
embedding_mean_313,0.00019130732487480535,4.290339122404346e-05,0.00015831820746584006,0.0002665265710321384,767
embedding_std_681,0.00019122962856661465,2.2203462190663855e-05,0.0001693507942439094,0.00022797502566130175,768
embedding_mean_872,0.00019098747475277092,3.320037114353724e-05,0.00013565049909571307,0.00021879858048531444,769
embedding_std_455,0.00019093446178930002,3.105255163266417e-05,0.00015718047260231696,0.00022362275169431054,770
embedding_mean_780,0.00019088989139964086,3.481058263467324e-05,0.00015488793385524106,0.00023864121066553934,771
embedding_std_353,0.00019079643559549971,2.7788497657579007e-05,0.00016245541812715813,0.0002370549362023377,772
embedding_mean_252,0.00019065214298514768,2.3977734057666913e-05,0.00016869260183821288,0.00022765938317174518,773
embedding_std_208,0.00019047239727981274,2.8730265260687464e-05,0.00015404063461093038,0.00023365114546245998,774
embedding_mean_160,0.00019033376364896418,3.836422111971817e-05,0.00014677853381984493,0.00023141682102274048,775
embedding_std_432,0.00019027664661943467,2.8477963133650987e-05,0.00015888191188403674,0.00023163582198633406,776
embedding_mean_449,0.00019020909634286275,6.058444284785861e-05,0.00013136284935096244,0.00029263213035781636,777
embedding_std_250,0.0001893596305266676,1.598774823741378e-05,0.00016615017583869945,0.00020527495537935806,778
embedding_std_938,0.00018923529699660073,2.8255358953730153e-05,0.0001547479847462865,0.00021350518165945696,779
embedding_std_273,0.0001891436005247991,4.331464150556624e-05,0.00013908545087056628,0.00024630779144040846,780
embedding_mean_251,0.00018873078268622436,6.810629208899553e-05,0.00012206998686444653,0.00030302469038210185,781
embedding_mean_995,0.00018814648513624672,5.903420106194136e-05,0.00014733564026401312,0.0002917031379218589,782
embedding_std_895,0.00018808889476101248,3.486294330297147e-05,0.00014495195263800354,0.00022020447091993181,783
embedding_mean_289,0.00018786260395347576,1.6523030552253135e-05,0.00016266719214609498,0.00020756616960797291,784
embedding_mean_813,0.00018785956073395625,3.419547122368022e-05,0.00013300288999542906,0.00022024525650378874,785
embedding_mean_343,0.00018785503523362313,3.583691471938163e-05,0.00014329008983939582,0.0002425801660165878,786
embedding_mean_810,0.00018771935197195935,1.6616452418278216e-05,0.0001756477051231874,0.00021630547393925736,787
embedding_mean_327,0.00018769408049739423,5.054143234362855e-05,0.00010743333505730757,0.00024750776853276,788
embedding_mean_71,0.00018757247033487332,2.874482021290116e-05,0.00014237881473103502,0.00021383067599230248,789
embedding_mean_557,0.00018754277036871496,3.7187444804838885e-05,0.00015000884209702338,0.00022803804439273088,790
embedding_std_351,0.0001874687680860135,2.9608213177057633e-05,0.0001525310855511879,0.0002163500391835227,791
embedding_std_252,0.0001873775291973613,3.0341920474411115e-05,0.00014584938436229729,0.0002309934640239983,792
embedding_std_847,0.00018732312925228946,3.532226328712017e-05,0.00014821479725342338,0.00024283214224508486,793
embedding_mean_524,0.00018730217333767793,8.16288438971012e-05,0.00010324364460806957,0.00032314232227009874,794
embedding_std_765,0.0001870118980351571,5.383327467882557e-05,0.00012430783638041424,0.00026146937454967064,795
embedding_std_753,0.00018699860808742602,6.86347312117978e-05,9.042819522936758e-05,0.000280407728170925,796
embedding_std_211,0.00018693238221642144,3.9954570111194816e-05,0.0001374379823167714,0.00024253639043840763,797
embedding_std_694,0.00018684670789922145,3.5563448851739025e-05,0.0001360714486590513,0.00022393155339272498,798
embedding_mean_219,0.00018645437494000975,3.572233202896037e-05,0.00014666423388713938,0.00022839012949085974,799
embedding_std_939,0.00018644419752857061,4.690183879545453e-05,0.00014093953371993796,0.00026377363015169306,800
embedding_std_522,0.0001864324528804416,2.448737397584962e-05,0.0001527366884359912,0.00021457764254106143,801
embedding_std_468,0.00018622529467786958,2.9645793534352802e-05,0.00015090663134988345,0.00023173755903504125,802
embedding_std_301,0.00018619128195707403,1.7347367611859653e-05,0.00016859834772068815,0.00021515204592497143,803
embedding_std_505,0.00018601922664151515,3.921427165769016e-05,0.00014454764557777662,0.0002453707114076678,804
embedding_std_484,0.00018593962246238492,4.193577331341966e-05,0.00014421733791266782,0.0002466376144325459,805
embedding_std_936,0.0001858995512837688,2.6253196856664166e-05,0.00015974210067034263,0.00022540538270935208,806
embedding_std_626,0.00018588283563892539,4.8400347895640096e-05,0.00012329288760869872,0.0002394133806803563,807
embedding_mean_73,0.00018587063735701225,4.1041499506803e-05,0.00015806897828455542,0.00025178157798481406,808
embedding_std_98,0.00018584592216502844,5.352234043296419e-05,0.00012486562392477964,0.0002587557673366312,809
embedding_mean_832,0.00018558543479145012,4.512185229978555e-05,0.00012691646540349385,0.0002527650822873401,810
embedding_mean_707,0.00018553613602910872,7.189924184547104e-05,0.000107228648488053,0.00028240604254228216,811
embedding_mean_812,0.00018549482474219993,2.9761375670222014e-05,0.00013784411128864196,0.00021833586471212217,812
embedding_mean_935,0.00018546084439287046,3.434808213391564e-05,0.00014031538046734035,0.00022271531726415832,813
embedding_std_631,0.00018533858197128118,4.309213360273456e-05,0.00014589419834405972,0.00024423373925198325,814
embedding_std_792,0.00018532646867933434,5.8248357421557475e-05,0.00012518561940978715,0.0002745461629322781,815
embedding_mean_588,0.00018507091373377765,4.54725800301184e-05,0.0001173750151230032,0.00022764075105920342,816
embedding_mean_528,0.00018501253189584884,6.54724618315962e-05,0.00011951354368066241,0.00025582233240007606,817
embedding_mean_180,0.00018488233443687542,4.4740395109799033e-05,0.000139561378501316,0.00025026114528885245,818
embedding_mean_736,0.00018479013652930725,3.010946973549879e-05,0.00014743525896172884,0.00022916544574933851,819
embedding_mean_1010,0.0001846884459401332,9.028315996932888e-05,3.35724981422142e-05,0.00025246973973559863,820
embedding_mean_228,0.00018423181598462484,4.7512545330273385e-05,0.00011702151996352898,0.00023569828612218766,821
embedding_mean_772,0.00018408434844169381,5.644567085683993e-05,0.00010303047097581206,0.00025619318655459273,822
embedding_mean_652,0.00018388917243488938,3.7012049207752325e-05,0.0001451684513873561,0.00024373860802895812,823
embedding_mean_510,0.00018375499553334402,3.985778176037265e-05,0.00013999202240691185,0.0002458184042170261,824
embedding_mean_667,0.00018342653395759913,3.259585285636365e-05,0.0001473790917953849,0.00023554238108585175,825
embedding_mean_803,0.00018341198440341606,2.7962707173143802e-05,0.00014911610187140945,0.00021246092736577384,826
embedding_std_970,0.00018341107513279768,3.3619750942936385e-05,0.00014029388379089062,0.0002299533785480235,827
embedding_mean_483,0.00018321663832450368,1.8837539175520027e-05,0.0001667263214202905,0.00020812226096625686,828
embedding_mean_1005,0.00018301948394334498,4.9067213521931984e-05,0.00011551046547366594,0.00024063945904221883,829
embedding_std_956,0.000182782127515323,5.1412564484349124e-05,0.00014683052360649776,0.0002732757245310819,830
embedding_mean_168,0.00018250556571342726,3.492896570945477e-05,0.00013081746441734248,0.00022059449306250322,831
embedding_mean_791,0.00018249362555967049,2.2209948181478768e-05,0.000153895448301898,0.00020773288707436814,832
embedding_std_22,0.000182477668314844,1.7437858255389845e-05,0.00016006139264651914,0.00019793864274533858,833
embedding_std_69,0.0001823430276573306,1.2315967642724763e-05,0.0001700320290201944,0.0001972378140415406,834
embedding_mean_177,0.0001821173723576619,5.6127546517261974e-05,0.00010585579480581775,0.00023510049546757826,835
embedding_mean_92,0.000181826463380146,4.221899842642689e-05,0.00014266660111341542,0.00024439115587802793,836
embedding_std_279,0.0001808892837245219,2.1443081898207672e-05,0.00015762461776830134,0.00020935248631418583,837
embedding_mean_926,0.00018078230899768865,4.338136000575249e-05,0.00011506105494000306,0.0002353204095639407,838
embedding_mean_265,0.00018047888788179681,2.6095893409595216e-05,0.00015263517150965943,0.00021158755670136584,839
embedding_mean_705,0.0001804134815569581,4.0569062215363995e-05,0.00013367766853522933,0.00022074795155499716,840
embedding_std_454,0.0001804017676899374,3.801861721297184e-05,0.00011442479059592208,0.00020827631849134332,841
embedding_mean_959,0.00018024584864096354,2.314281455298546e-05,0.0001472369121286462,0.0002090811255200666,842
embedding_std_699,0.0001801837191737176,3.271779770664482e-05,0.00013708664226135193,0.00022714823351117967,843
embedding_mean_499,0.00018010073091077812,4.2120455443799905e-05,0.00011426696440561543,0.00022558400911113684,844
embedding_mean_428,0.00018003431073792492,4.0631200880185876e-05,0.00014093584993724628,0.00023209228967439595,845
embedding_mean_227,0.00017999159816008145,2.0536292997743487e-05,0.00016026660498901865,0.00021011315711068327,846
embedding_mean_184,0.00017991600176103204,2.850498027821542e-05,0.0001558408410595339,0.00021791218118423858,847
embedding_std_337,0.00017980486249959392,3.9218275354481e-05,0.00015132712552713782,0.0002448950872743284,848
embedding_mean_982,0.00017973456326732113,2.389596113374474e-05,0.00015933781042007134,0.0002167420063531816,849
embedding_std_582,0.00017967214160842328,3.864354230869823e-05,0.00013811050722884727,0.00022138479413847664,850
embedding_mean_540,0.00017966919466293158,2.7850806893452183e-05,0.000131831694884983,0.00020160824502051436,851
embedding_std_902,0.0001794646722555518,3.6178487366315326e-05,0.0001436617015606582,0.00022836591504995967,852
embedding_mean_215,0.00017941584978007716,6.203505350254447e-05,9.683667313205714e-05,0.00025945196447512266,853
embedding_mean_58,0.0001792984513121993,5.3347963368860335e-05,0.0001357744936608519,0.00027216626039490953,854
embedding_std_1011,0.00017917187550567474,6.033279264674037e-05,0.0001243579146009393,0.0002771003031928433,855
embedding_std_174,0.0001790418717918251,3.714980861622333e-05,0.0001499592736162626,0.00023992138875836966,856
embedding_mean_824,0.00017878623750596252,4.421622739634204e-05,0.00012400927584775277,0.00022050388745111676,857
embedding_std_697,0.00017837644566010135,6.97236132525644e-05,0.00010158434635837118,0.00029074379118011897,858
embedding_mean_585,0.00017829477421236564,4.299488676736705e-05,0.00012110146363101165,0.00023199622062514973,859
embedding_mean_44,0.00017817927646306128,2.0208510618115648e-05,0.0001612209646224877,0.0002073890448162826,860
embedding_std_827,0.00017789421751607105,2.7859366881868363e-05,0.00014388933327845067,0.00020213332701275974,861
embedding_mean_996,0.00017765112953509372,1.6260925088371866e-05,0.00014981330762403095,0.00018926438532619892,862
embedding_mean_519,0.0001775641891528232,5.8775191019125606e-05,9.533899631742551e-05,0.0002459199074607897,863
embedding_std_436,0.00017752775662995755,4.969888813287731e-05,0.00013421775083864943,0.00026343273278359473,864
embedding_mean_783,0.00017749111274298297,3.415597922302897e-05,0.00014613057751259041,0.00022656037414327162,865
embedding_std_23,0.00017746848935658912,2.614724153006635e-05,0.00014492085616019928,0.00021782635202661485,866
embedding_std_998,0.00017701499957767673,5.310030784087263e-05,0.00011972782567089888,0.0002317707134718104,867
embedding_std_388,0.0001768381354396937,3.662752946543116e-05,0.00012187217820403732,0.00022443589848634415,868
embedding_mean_434,0.00017663018244799198,2.963067604290655e-05,0.00013294144182081791,0.00021307448336883774,869
embedding_std_223,0.00017660037819027435,2.609019521530651e-05,0.0001429943942407156,0.00020900483446995377,870
embedding_mean_868,0.00017619936813479046,4.6933695670361804e-05,0.000126087533260831,0.00024838031558726257,871
embedding_mean_544,0.00017612504413178838,2.245610966129223e-05,0.00015660436148398326,0.0002121229988996573,872
embedding_std_904,0.00017608220097789856,5.852862201858328e-05,0.00011071454066208175,0.0002548421195360279,873
embedding_mean_12,0.00017596848147056766,2.9178315257510883e-05,0.0001464030527006949,0.0002120460863522414,874
embedding_mean_431,0.00017593596723841052,1.4304269888736414e-05,0.00015731969056852007,0.00019432086866874224,875
embedding_mean_21,0.0001758540969753964,4.3993403172304716e-05,0.00013270510451003593,0.00024025919945722595,876
embedding_std_814,0.000175443764883994,5.7426031234214246e-05,0.0001123511961839561,0.00026702688533073517,877
embedding_std_75,0.00017531759889040718,3.207183817606448e-05,0.0001319507916294296,0.00021577985833960489,878
embedding_std_615,0.00017523609143084475,6.580544206809842e-05,0.00010279928043423886,0.0002830284520235336,879
embedding_mean_385,0.0001750934280433913,3.463803693106352e-05,0.0001369193848983431,0.00021953060485652888,880
embedding_std_845,0.0001750437660098055,3.339430632694128e-05,0.00013031535775982357,0.00021040321400190865,881
embedding_mean_291,0.0001750210009783425,3.6291330755481125e-05,0.0001467910359767034,0.00023750242017743048,882
embedding_mean_877,0.00017485777619140924,3.7376385592063646e-05,0.0001461063887545302,0.00023792199174011008,883
embedding_std_806,0.00017474576901944683,4.1213968682561187e-05,0.00012932608445787621,0.00024158719708662865,884
embedding_mean_654,0.0001747008009064101,6.249097562884958e-05,0.00012836643684121062,0.00027194920763248034,885
embedding_mean_862,0.0001745503315525977,4.177271110356241e-05,0.00012977998233355825,0.0002363431363716437,886
embedding_mean_606,0.0001737701420501521,3.784320147988258e-05,0.00013210241177312543,0.00021887685040321617,887
embedding_std_495,0.00017366535389382547,4.5108397204937136e-05,9.741444038771117e-05,0.00021079187650737633,888
embedding_mean_542,0.0001731660945432497,1.5134676819808865e-05,0.00015056019378191878,0.0001872429588808985,889
embedding_mean_466,0.00017277221712633277,2.0071800495197128e-05,0.00014974857893704197,0.00019620396849260398,890
embedding_std_107,0.00017270217540125155,3.9530920248299664e-05,0.0001352387641539461,0.00022748270565461337,891
embedding_std_177,0.00017261618881331538,3.301785741010029e-05,0.000129263722652408,0.00021194880054787937,892
embedding_std_529,0.0001726095321214404,3.805982266258738e-05,0.00013287479674668737,0.0002353718170230235,893
embedding_std_235,0.00017238445812996586,4.618959500721518e-05,0.00010098080531996833,0.0002287029043951064,894
embedding_mean_282,0.00017234811052666625,2.948188390741909e-05,0.00014041884227209399,0.00019948213458750058,895
embedding_mean_39,0.00017224871381808405,3.0032909711871212e-05,0.00013972055060631683,0.00020218904709325722,896
embedding_mean_234,0.00017219059450407443,3.616366023219318e-05,0.00011461426503258976,0.00020587234525782166,897
embedding_mean_729,0.00017216471814296031,4.275147562578496e-05,0.0001103123688447683,0.00021886795677331363,898
embedding_mean_243,0.00017183349045315176,2.4486813074252968e-05,0.00014084006439162464,0.00020082735468887605,899
embedding_mean_967,0.00017180818771447373,2.0605111604244482e-05,0.00014607389135164626,0.00019956540874431042,900
embedding_std_1000,0.00017179416434184435,7.575693304967603e-05,8.862678977376027e-05,0.00026296819317480507,901
embedding_mean_666,0.000171787640934293,1.3290449955330189e-05,0.00016145522360542093,0.00019323222789621134,902
embedding_std_453,0.00017153145923890943,4.275626915318715e-05,0.00013771966455856976,0.00023962357882371276,903
embedding_mean_361,0.00017133546857478937,5.103484580654064e-05,0.00011745116909308247,0.0002535572429132509,904
embedding_std_547,0.0001713285019825709,2.5806254678806263e-05,0.00013680424084080834,0.00020906887575671603,905
embedding_std_483,0.00017130156435615716,2.332038649161728e-05,0.00014917672281986909,0.00020861709059879192,906
embedding_std_770,0.0001710736013022976,3.473499978324235e-05,0.00013353680835682363,0.00020846548420062674,907
embedding_std_477,0.00017095881738712605,1.6513059346436097e-05,0.00015395165045728712,0.0001961244202316561,908
embedding_std_335,0.00017090323802699023,2.7977856184701895e-05,0.00013166256424112266,0.0002004971459644289,909
embedding_mean_32,0.0001705749702614582,1.9010307421125516e-05,0.0001470851064446528,0.0001990311254401441,910
embedding_mean_329,0.00017044386738107652,1.3603729436146888e-05,0.0001505474721628063,0.0001807596694053742,911
embedding_std_491,0.000170437364260724,2.8396359009900686e-05,0.00013428317559120966,0.00020504361755821615,912
embedding_mean_835,0.00017022797815164736,4.129689101686531e-05,0.00010282715836012297,0.0002133528872213872,913
embedding_mean_110,0.00017011898501211297,3.060496326715972e-05,0.00013145343299555818,0.0002028625640140732,914
embedding_mean_64,0.00017003776942892376,2.356573851243192e-05,0.00014242846311124808,0.00020533946240803547,915
embedding_std_150,0.0001698970309931481,3.5406239407231594e-05,0.00011428542547890505,0.00020921515422043442,916
embedding_mean_78,0.0001693757538767067,3.101898173022399e-05,0.0001448175761734243,0.00022146883713392555,917
embedding_std_986,0.0001691774751828537,1.4016537633294186e-05,0.00015272947453062358,0.00018944118256201245,918
embedding_mean_653,0.00016913369820428136,4.2999294648630276e-05,0.000113635271064774,0.00022372101836101683,919
embedding_std_180,0.00016905301588370715,1.4038288943497538e-05,0.00015011582608536375,0.00018225882062077313,920
embedding_std_722,0.00016885834401542745,2.0107051739556913e-05,0.00014987391036558746,0.00019933647176793658,921
embedding_std_370,0.00016883897034890256,2.526243963660574e-05,0.00013996379502186795,0.00019614671441838194,922
embedding_mean_928,0.00016877648817461207,7.4604415926808e-05,0.00012337631649899966,0.00029828661374200555,923
embedding_std_996,0.0001687340632850594,2.685127980884996e-05,0.0001368658490246135,0.0002012137598868826,924
embedding_std_129,0.00016865794761635293,3.2865555405308155e-05,0.00012186299560483167,0.0002098514783362198,925
embedding_std_233,0.0001686296195527798,5.638725255431821e-05,7.678798221514942e-05,0.00022961217608469782,926
embedding_mean_639,0.0001686064673410873,2.7289854436796468e-05,0.0001428792066074301,0.0002144980889207829,927
embedding_std_164,0.00016850878052864843,2.527703091103202e-05,0.00013930873226602049,0.00020655538716313828,928
embedding_mean_568,0.00016841451529858942,1.4533136071635582e-05,0.00015015762993050857,0.00018274175721196955,929
embedding_std_527,0.00016828910592514963,3.678924563995285e-05,0.00011374368514878201,0.00020702361019436826,930
embedding_std_375,0.00016818992309787492,7.355430245567159e-05,0.00010959287487013747,0.00029343063209769603,931
embedding_mean_266,0.00016816417171426607,3.525990794341104e-05,0.00012081046128143337,0.00021411383067775666,932
embedding_std_862,0.00016799967253394656,4.1682889592231054e-05,0.00011748853382367368,0.00020691778248918948,933
embedding_std_157,0.00016799273437392357,0.00013602905120677715,8.850528357601625e-05,0.00041013941101225945,934
embedding_std_598,0.0001679516043668234,2.7591793741030863e-05,0.00014248297136111053,0.00019950237964716633,935
embedding_std_261,0.000167938851234979,1.3827840672428228e-05,0.0001548899330574982,0.00019094873768015416,936
embedding_std_187,0.00016781545884529906,5.595212613876521e-05,0.000125655270814132,0.0002648295426027794,937
embedding_mean_206,0.00016756165294083914,4.4633396695552436e-05,0.0001132391520776686,0.0002301627646164605,938
embedding_std_85,0.00016740246362268458,8.345257302251105e-06,0.00015774284267336045,0.00017828124201209976,939
embedding_std_565,0.00016739247431628632,1.7026941996771388e-05,0.0001485038274466956,0.00018523024582938,940
embedding_mean_114,0.00016736319451996225,4.081225290674836e-05,0.00013129771778769053,0.0002321996627134145,941
embedding_std_686,0.00016711931380905749,2.048801097080975e-05,0.00014983382381434027,0.00019985010941577712,942
embedding_mean_60,0.00016690393389754026,5.4395367882395964e-05,0.00012105085769822169,0.0002527159166230608,943
embedding_mean_797,0.00016681841270653851,1.735988232019978e-05,0.00014360170672729855,0.0001912091706888696,944
embedding_std_444,0.0001667573102722034,3.755916499601007e-05,0.00013318554441790653,0.0002127745935987243,945
embedding_std_739,0.000166706530603311,2.2287529659721012e-05,0.00014102177087830617,0.00019077407615917646,946
embedding_std_288,0.00016658761967640507,2.214134594375313e-05,0.00013743646960345953,0.00019977759198189384,947
embedding_std_825,0.00016657700388935837,2.589593865644388e-05,0.00013978093256796113,0.0001990645062459713,948
embedding_std_276,0.00016650892626909856,4.738232216781586e-05,9.846862166415995e-05,0.00022713439072252263,949
embedding_mean_620,0.0001664416046044483,4.990489525043542e-05,0.00012442867667501915,0.0002523031059529377,950
embedding_mean_781,0.0001663951486596426,2.411748312832864e-05,0.000130516058928912,0.000190885095366481,951
embedding_std_49,0.00016612835781226498,2.478994370523148e-05,0.00013989359623912351,0.00020518949127485399,952
embedding_mean_1013,0.00016604787432381016,1.839959850290535e-05,0.00013659418877317233,0.00018554266503773074,953
embedding_mean_84,0.00016601590360767836,2.066439304088557e-05,0.00013847493767818692,0.0001902401063259871,954
embedding_mean_936,0.0001658854512129728,3.445133507127541e-05,0.00012207399680713694,0.00021013093304504243,955
embedding_std_884,0.00016578553533497738,2.5393418171347493e-05,0.0001348343854258765,0.00020376756918817867,956
embedding_std_334,0.000165756153601918,3.385362306696045e-05,0.0001188140679529541,0.0002134198223888934,957
embedding_mean_378,0.00016551420512156756,6.166794762721737e-05,0.0001308154165274572,0.00027522662613039053,958
embedding_std_946,0.0001653055617216454,2.725787470024828e-05,0.00013358301829954693,0.00020736137066556116,959
embedding_std_542,0.00016521079922541637,3.698033019211454e-05,0.00014044682922273458,0.0002302395138648419,960
embedding_mean_194,0.00016509350792598588,4.2926725832050756e-05,0.00011534138506940009,0.00022071130022885781,961
embedding_std_573,0.00016503257420035744,1.2610512897871172e-05,0.0001522654527029268,0.00018515060384710486,962
embedding_mean_501,0.00016461506693284485,4.224554403707315e-05,9.256628863002354e-05,0.00020300826096026278,963
embedding_mean_269,0.00016458713859327745,6.626901998617442e-05,6.397307786138424e-05,0.00022472901060401095,964
embedding_std_518,0.00016458411012011223,4.94672286652745e-05,9.116308173120516e-05,0.00022206712861562528,965
embedding_mean_105,0.0001645385281761424,3.2263477232486635e-05,0.0001414891616427815,0.0002174436850533799,966
embedding_mean_65,0.00016441805186582524,3.3484342009895624e-05,0.00012133377044526455,0.00020071934112743164,967
embedding_mean_904,0.00016424183418297083,3.220495083243815e-05,0.00011051502902280005,0.0001913630719370848,968
embedding_std_248,0.00016389132696663448,2.734135470300169e-05,0.00012760006701060256,0.00019623225735127252,969
embedding_std_204,0.00016382324804839593,3.238156283420664e-05,0.00014125224825406064,0.00022036179494247496,970
embedding_std_343,0.00016376904005087415,4.385341512200244e-05,0.00011009080556840292,0.0002292627111536578,971
embedding_std_481,0.00016364129697557763,1.3576781801653745e-05,0.0001497512252628692,0.00017811236373617388,972
embedding_mean_747,0.00016348474397899837,3.237595414523266e-05,0.0001232168623397256,0.00020198035168192817,973
embedding_mean_19,0.00016342252125729358,8.290998790478565e-05,0.00010239481300942233,0.00029605265332318184,974
embedding_mean_390,0.00016322192405593216,3.397120725193626e-05,0.00012928390856583674,0.00021533945272514296,975
embedding_std_585,0.000163113476487509,2.79498644708586e-05,0.00012648038198689223,0.00019423845463700527,976
embedding_std_564,0.00016301131113629732,2.6424222618898694e-05,0.00011934103072687327,0.0001826954654514518,977
embedding_mean_479,0.00016296331206697924,6.150722903686133e-05,0.00010216575334208966,0.00026591477093073805,978
embedding_std_809,0.00016296092368915297,2.7993524653246528e-05,0.00013146031318847466,0.00019911546040603625,979
embedding_mean_346,0.00016272426708367969,1.98896430505576e-05,0.00013719410255536593,0.00018907763525722446,980
embedding_std_766,0.00016272007686312138,1.9756564261587557e-05,0.00012928174898080318,0.00017771084485658365,981
embedding_mean_1008,0.0001626281047878567,2.913144695749128e-05,0.00012347037280532728,0.00019577342713362586,982
embedding_std_9,0.0001625150838145615,2.2617892438960263e-05,0.00013996102010292323,0.000190949191937875,983
embedding_std_411,0.00016230979333869473,3.5580166858638914e-05,0.00013650533471512412,0.00022275910117401155,984
embedding_std_266,0.0001622747753101241,2.87296951454758e-05,0.00013052871802458739,0.00019751972818024752,985
embedding_std_183,0.00016222183983365845,6.737194313573023e-05,0.00010866205020392066,0.00027787089030576606,986
embedding_std_650,0.0001617744324328056,1.8343151501264147e-05,0.00013545570453348226,0.00018258430319434318,987
embedding_mean_518,0.00016147224732734525,2.955908071819421e-05,0.0001347229823310129,0.00020817242921594443,988
embedding_std_708,0.00016142787966005488,3.089220103256483e-05,0.00012714586471197594,0.00019250823011239844,989
embedding_std_131,0.00016140646437182447,2.8462293622390314e-05,0.0001381612228635248,0.00020820987114622896,990
embedding_std_997,0.00016139887034009916,1.4124651125571494e-05,0.00013717191705848173,0.00017274749420764153,991
embedding_std_593,0.0001611059234100653,6.819898848483123e-05,0.00011801574242631814,0.0002818861208333856,992
embedding_std_348,0.0001610973082805221,2.583958622923774e-05,0.00012456738253831904,0.0001917854201852192,993
embedding_std_490,0.0001608657642588444,1.424712677396423e-05,0.00014164522518171562,0.00017651240937954814,994
embedding_mean_311,0.0001606893590701688,2.918134853654593e-05,0.00012367047523172484,0.0001961486053150508,995
embedding_std_799,0.00016057689897443897,2.948297025116304e-05,0.0001280901746569643,0.000196609716043081,996
embedding_mean_916,0.00016043984532289465,2.908996882284595e-05,0.00013710885952690995,0.0001983072611964974,997
embedding_mean_279,0.00016043208617890552,1.5359713636206433e-05,0.00013924140145577283,0.00017844863391334407,998
embedding_mean_523,0.00016028787744442295,1.79404356265681e-05,0.00014776360441554209,0.0001917572403844411,999
embedding_std_496,0.00016015305045078936,1.544686276311616e-05,0.00013480649519190705,0.00017347768450148228,1000
embedding_std_794,0.00015995573229135828,6.560948477045159e-05,9.155424602938694e-05,0.0002572288300643591,1001
embedding_std_742,0.000159785593873177,0.00014068003914357268,7.914424532610452e-05,0.000410504480078343,1002
embedding_mean_777,0.00015958690248136164,1.9514959606568083e-05,0.0001342632315392753,0.00018847288574806403,1003
embedding_mean_851,0.00015954892664137629,2.3242224287748607e-05,0.00014497808636370957,0.00020061818214267533,1004
embedding_std_254,0.00015930438258927282,1.7430538318736427e-05,0.00014428976369419992,0.0001862108016571497,1005
embedding_mean_978,0.00015898895710110816,1.4401456116939218e-05,0.0001361737800210568,0.00017346185813078865,1006
embedding_std_214,0.0001588269806224102,4.5519080806477865e-05,0.0001194495690524691,0.00023378071308504324,1007
embedding_std_433,0.0001588168793034406,8.226706545746288e-06,0.00014950065581766434,0.00016835614691644734,1008
embedding_std_175,0.0001587535944325327,3.196691348033849e-05,0.00011978515345405002,0.00020857259774862455,1009
embedding_std_714,0.00015868454739751916,3.629144462734672e-05,0.00011629161332493671,0.0002059712231709367,1010
embedding_std_643,0.00015849433025526017,1.3265361050545785e-05,0.00014336075397741214,0.00017333637538947196,1011
embedding_std_66,0.0001583380330353517,3.0230095523201125e-05,0.00012844121721240298,0.00020942098085681757,1012
embedding_std_185,0.00015814994394072805,3.129110143773677e-05,0.00010858516301564333,0.00019422514132391572,1013
embedding_std_469,0.0001581012750303377,3.323083431750971e-05,0.00012905409249077513,0.000215081682495618,1014
embedding_mean_839,0.0001580495115533946,1.4799228277980969e-05,0.00014207594742922475,0.00017679505739715457,1015
embedding_std_143,0.00015804458439985203,3.5003146604641774e-05,0.00010224860820913208,0.0001917866495163812,1016
embedding_std_600,0.00015776642821819316,2.8722102219984895e-05,0.0001181460874898575,0.00018934447148436954,1017
embedding_std_19,0.00015775554017406028,4.108311955929788e-05,8.978968938384244e-05,0.00020052540558678983,1018
embedding_std_760,0.00015773530181221746,2.8324766746523032e-05,0.00011789385063479604,0.00018879561145474698,1019
embedding_std_947,0.00015748692255558437,3.3171358644225976e-05,0.00010679366252150645,0.0001928835155606739,1020
embedding_mean_945,0.00015744010947614355,3.249051794209954e-05,0.000124589807865253,0.00021145117574406503,1021
embedding_mean_40,0.00015722757528251592,2.78516499930905e-05,0.0001332768509631344,0.00020135765496458795,1022
embedding_std_803,0.00015713985825339597,2.139186784197902e-05,0.00013049070448804386,0.0001815863471563988,1023
embedding_std_531,0.00015686882519346887,3.232450490499029e-05,0.00011735731473985613,0.00020718057198647417,1024
embedding_mean_414,0.00015683686146643626,2.3390547578954874e-05,0.00011824836808495884,0.00017654288151754168,1025
embedding_mean_761,0.00015683182981294754,1.9897202719243735e-05,0.0001328598197902337,0.00018216073712570282,1026
embedding_mean_488,0.0001568276841948368,5.4344474500345516e-05,6.285790834473458e-05,0.00019361552320194686,1027
embedding_std_561,0.00015672227016895736,2.4238991903040655e-05,0.00012092982591421482,0.00018811627688450935,1028
embedding_std_47,0.00015665144277501078,1.209990356248658e-05,0.00014215606930599405,0.00017092709813355743,1029
embedding_std_446,0.00015664594321485007,3.319327117763284e-05,0.00012492511651166247,0.00020361827502127922,1030
embedding_mean_508,0.00015644048933898032,3.420930960862517e-05,0.0001103210785331237,0.0001957612719142444,1031
embedding_std_363,0.00015639860752361684,4.376459963825121e-05,8.803443404884793e-05,0.00019188587707149013,1032
embedding_std_497,0.00015635198298068865,7.755727254394991e-05,9.643051068822163e-05,0.00028419563044772007,1033
embedding_mean_769,0.00015633480999032042,2.553929385333327e-05,0.00011727657180552768,0.00018440272487660277,1034
embedding_std_943,0.0001563262120749547,3.466380360380506e-05,0.00012653731641436544,0.00021210307585235524,1035
embedding_std_35,0.00015626788222395318,4.476461466314826e-05,9.47242419596324e-05,0.00022070459188547356,1036
embedding_std_445,0.00015625850959764836,2.2945251994921486e-05,0.00013686521466124818,0.0001925703474041466,1037
embedding_std_657,0.00015623320381023188,1.836845248671044e-05,0.0001312528873455137,0.00017721991072340711,1038
embedding_std_905,0.00015621638951933485,2.1486971092698466e-05,0.00013425056743849575,0.0001811521554534003,1039
embedding_std_896,0.00015582997378915686,2.1160612951642873e-05,0.0001254628351867745,0.00018048651462990338,1040
embedding_mean_293,0.00015581167102107606,1.9548809737781255e-05,0.00012314132584036487,0.00017450342032057154,1041
embedding_std_616,0.00015561541912545896,2.3019527771946315e-05,0.0001216990753506707,0.00018546330538068143,1042
embedding_std_100,0.00015558329258845248,2.707266762110207e-05,0.00011831620016428215,0.000182388720794251,1043
embedding_std_755,0.00015547759271422685,2.8474624550067725e-05,0.00011006948532732715,0.00018651443003664611,1044
embedding_mean_248,0.00015539800915200379,3.1285462758972536e-05,0.0001189771086558646,0.00018941343553723452,1045
embedding_std_95,0.00015511698027976045,1.0144353561045797e-05,0.00014429486686936817,0.0001662447422422467,1046
embedding_std_300,0.00015503530143686886,9.41490252166693e-06,0.0001418225104809062,0.00016436219776986717,1047
embedding_mean_75,0.0001548822970194664,2.6446825671603734e-05,0.00012480502570096094,0.00019686061485062558,1048
embedding_mean_280,0.0001548654798944192,2.8074435514947533e-05,0.00012419743650275946,0.00019987699608727135,1049
embedding_std_111,0.00015471927400538413,4.17637587490768e-05,0.00011629445625157527,0.0002016684072574479,1050
embedding_std_553,0.00015462726466560593,1.389582410772803e-05,0.00013704646632317958,0.00017552484286821417,1051
embedding_std_1017,0.00015461529015859586,4.249467894881802e-05,0.00010302433317349259,0.0002208937449089139,1052
embedding_std_25,0.00015455000768539078,3.140477793216152e-05,0.00010243309158606722,0.00017944318133982797,1053
embedding_mean_974,0.00015445945306166066,1.9748759988320544e-05,0.00012563925078321056,0.00017629481411308163,1054
embedding_std_782,0.00015437058842211092,1.4461423916316332e-05,0.00013477822654454005,0.00017118753182210353,1055
embedding_std_588,0.0001542222995747384,1.845769898172073e-05,0.0001385767406462974,0.00018534204820781414,1056
embedding_std_710,0.00015410642973506778,2.6903133128103844e-05,0.00012962815582831817,0.0001884004753479533,1057
embedding_mean_658,0.00015390146106906898,4.185718395212035e-05,0.00011021698410020759,0.00019409926407082834,1058
embedding_std_568,0.0001538093690179972,5.49423474123481e-05,0.00011376735200702818,0.0002488924897618992,1059
embedding_mean_424,0.00015364389500878472,1.9450666800904163e-05,0.0001276593542286252,0.00017597891051142263,1060
embedding_mean_992,0.0001536369113226885,4.3390934761624255e-05,0.00010563425790113687,0.00020827094609459103,1061
embedding_std_124,0.00015362491442490336,5.0163262388765596e-05,0.00010631052488306975,0.0002345036016351652,1062
embedding_std_78,0.00015360823337909893,2.294080394180793e-05,0.00011652922970024652,0.00017828757522695828,1063
embedding_mean_393,0.00015353633256831242,2.22617361247646e-05,0.00013934631083287278,0.00019232407172524573,1064
embedding_std_275,0.00015348090154456204,2.6557594835737785e-05,0.00011187750837063935,0.00018276998950852915,1065
embedding_mean_320,0.00015341961917431007,4.545815626770864e-05,0.00010864616325048059,0.0002196188996113321,1066
embedding_mean_649,0.0001534174003052489,3.1001654727991166e-05,0.00011804765069686239,0.0001990098519973897,1067
embedding_std_419,0.00015322202097936633,2.1246378273265585e-05,0.0001237923147877092,0.00018369210215097946,1068
embedding_mean_899,0.00015315641817706486,1.7039797848849244e-05,0.0001277671389409319,0.00016995155566436134,1069
embedding_mean_997,0.00015314827742141609,3.4740756814431344e-05,0.0001247059002362107,0.00021138862612478848,1070
embedding_std_167,0.0001530028943107868,3.4144280765329914e-05,0.00011911395728015408,0.00020665115374334712,1071
embedding_mean_800,0.0001529345177211761,4.054975122914136e-05,0.00011619234898325481,0.00021757820702068262,1072
embedding_mean_953,0.00015284039088077678,1.566491257800977e-05,0.00013213643415959232,0.00017340231302171246,1073
embedding_mean_802,0.0001527877603261114,5.8443120069507664e-05,0.00011020597891962584,0.0002545865703039854,1074
embedding_mean_417,0.0001527030081444549,2.9812943667372704e-05,0.0001215181185937793,0.00018333024249236096,1075
embedding_mean_712,0.00015254396635207813,2.5192615884661862e-05,0.00011699290120821474,0.000186316269280953,1076
embedding_mean_798,0.00015251812518433377,3.169042706342327e-05,0.00012082247452971416,0.00020105243162389096,1077
embedding_std_397,0.0001524779872750579,2.6467504735702133e-05,0.00011613348258621347,0.0001796543709585237,1078
embedding_mean_416,0.00015245959991001817,4.007271844028126e-05,0.00010895056314601263,0.00019393070852400868,1079
embedding_mean_186,0.00015241081494530954,1.698660308139176e-05,0.00013088893034110397,0.00017444831271713117,1080
embedding_mean_489,0.00015238951725977246,3.441113571687937e-05,0.00010181210621731205,0.0001864163200026354,1081
embedding_mean_80,0.00015237188023936333,5.199600767528174e-05,0.00011066402587323398,0.00023884432434329435,1082
embedding_std_141,0.000152366698332893,1.9559458425429856e-05,0.00012053304423984888,0.00016939309167369757,1083
embedding_std_257,0.00015234666735247185,1.9117999086817302e-05,0.00012766284061851657,0.00017386106069734625,1084
embedding_mean_921,0.0001521686208406702,2.2269236640363774e-05,0.00013312992679290152,0.00018926791317164506,1085
embedding_mean_599,0.0001521508986340374,2.3347336213720227e-05,0.00011913221275377056,0.0001765515572346264,1086
embedding_std_524,0.00015208425040264795,1.7409898606224356e-05,0.00012680956732504428,0.00016903780607644556,1087
embedding_std_230,0.00015190187099091074,3.9779110650824827e-05,0.00010669661927615761,0.00019466137516771612,1088
embedding_mean_702,0.0001518536367035946,4.423076692968619e-05,9.853715521077753e-05,0.0002170212490076622,1089
embedding_mean_5,0.0001517513200261937,1.861349007489383e-05,0.0001283902064851446,0.00017749410521053006,1090
embedding_std_502,0.00015166745765527514,3.458827050300019e-05,0.00012766824838051903,0.00021212871913392338,1091
embedding_mean_463,0.00015163140082704769,3.1176817137548504e-05,0.0001161083565339405,0.00018986341503360925,1092
embedding_mean_971,0.0001516069365775201,2.1534060487133417e-05,0.00012819010043288117,0.00017903335672273972,1093
embedding_std_652,0.00015155822013083946,1.5635374398349222e-05,0.00013169444601627908,0.00017520998672717513,1094
embedding_mean_33,0.00015152898011619055,2.2472436276865614e-05,0.00012776311027558695,0.00018084113728825322,1095
embedding_std_341,0.00015150263351011847,1.873535517021515e-05,0.00013512504218830997,0.0001818757227031441,1096
embedding_std_12,0.00015145509845893438,3.421811328113864e-05,0.00011215141202720546,0.00020574190816061795,1097
embedding_mean_741,0.00015141237410971233,2.582110250331329e-05,0.00012922608320705323,0.00018261277644574775,1098
embedding_std_277,0.000151407942417347,2.9863745139186422e-05,0.00012486439202103345,0.00020151749377582547,1099
embedding_mean_841,0.000151271171907147,9.669157482007718e-06,0.0001372193421141169,0.00016040604476645723,1100
embedding_mean_387,0.0001511417365288534,2.7875432343664782e-05,0.0001262420465045312,0.00019439764028332253,1101
embedding_std_592,0.0001510842551004666,2.2233472652587322e-05,0.00013052556405287324,0.00018781616507913923,1102
embedding_mean_965,0.0001510190443798966,2.032853512335189e-05,0.00012753877308959675,0.0001804597724564876,1103
embedding_std_225,0.00015091193382049716,2.288836416266797e-05,0.00012437006852303556,0.000179003544613586,1104
embedding_mean_890,0.00015086971034904012,5.6168819851744865e-05,6.445558652828971e-05,0.0002096313174846659,1105
embedding_std_696,0.00015074635468965845,2.9398259986492172e-05,0.0001303891226381793,0.00020261022435726252,1106
embedding_std_966,0.0001506832630125902,2.645934764500307e-05,0.00012720278238212304,0.00019521210761578022,1107
embedding_mean_322,0.00015064719099690108,2.637569041331438e-05,0.00011785224507318171,0.00018423844051186972,1108
embedding_std_297,0.00015063121894732655,5.083450665259272e-06,0.0001424402180453621,0.00015482650157697705,1109
embedding_mean_338,0.00015050845066887707,2.6950679071899062e-05,0.00010446308979665677,0.00016830493416120722,1110
embedding_mean_845,0.00015047154770879824,2.1995154545649863e-05,0.00011794954476629303,0.00017751139143289208,1111
embedding_mean_442,0.00015046070541702706,1.847930322176637e-05,0.00013765226353685658,0.00018041245933283663,1112
embedding_mean_429,0.00015018460597609052,1.9969111407869002e-05,0.00013070247351878466,0.00017980187257025704,1113
embedding_std_282,0.00015007208592319695,1.561634623026578e-05,0.0001239741167951155,0.00016288619329008177,1114
embedding_std_45,0.00015001384140162305,2.881757990629229e-05,0.00013111903067172193,0.00020005966499644362,1115
embedding_std_823,0.00014976667345243893,3.7088172025510794e-05,0.00010109882939744726,0.0001889111281233297,1116
embedding_std_475,0.00014965471016198766,1.5404939432076554e-05,0.00012616927499132835,0.00016938409258653457,1117
embedding_mean_975,0.00014964185261628955,2.169049041517105e-05,0.00012946720055926562,0.00017955714367451532,1118
embedding_std_919,0.00014952948252836305,0.00010321759456269954,9.69494947188266e-05,0.00033339219710561445,1119
embedding_mean_737,0.00014949042187981259,5.817648700375354e-05,9.701949343961309e-05,0.00022933670594265073,1120
embedding_std_329,0.0001491027023381851,7.742433429503932e-06,0.0001369928925353322,0.00015717299519336754,1121
embedding_mean_66,0.00014908392966337644,1.7611697309821777e-05,0.00012893972091208129,0.00017608286179555274,1122
embedding_mean_100,0.00014899088575608214,2.4289190793404073e-05,0.00011237693161047723,0.0001672776200212797,1123
embedding_std_831,0.00014886662515590046,3.032474434056711e-05,0.00010665397338454728,0.00017949556890991134,1124
embedding_std_43,0.00014886339002513686,3.8524081262500004e-05,0.00010518561991328664,0.0001962154447782424,1125
embedding_std_516,0.00014874910891623616,2.1984094628331875e-05,0.00011911082090417588,0.0001667269808607505,1126
embedding_std_32,0.00014870860085518912,2.853337228924867e-05,0.00011961199463255037,0.00018590913466846038,1127
embedding_mean_59,0.00014866510195990696,2.6920127684292447e-05,0.00010694380610091422,0.00017598810294667668,1128
embedding_std_796,0.00014864537426883008,1.912796122774488e-05,0.00012603116624813855,0.00017118200478802894,1129
embedding_mean_278,0.00014859462177081837,2.0950728588639915e-05,0.00013208730547189764,0.00018011871132379465,1130
embedding_mean_196,0.00014857975828590445,4.320837299562828e-05,0.00011489836453473501,0.00022183690622345386,1131
embedding_std_52,0.00014854198437588983,2.4184365592871793e-05,0.0001299070335698583,0.00018490390134338582,1132
embedding_std_197,0.0001482339009461008,1.8324955637688787e-05,0.0001329568045168959,0.00017822799885852127,1133
embedding_mean_925,0.00014819167283254393,3.108011546971868e-05,0.00012391328697423766,0.0002016334586341015,1134
embedding_std_203,0.0001481420717836825,4.097271139696942e-05,0.00011427474752987392,0.00021125084402466297,1135
embedding_mean_535,0.000147999606287537,2.2012779756569598e-05,0.0001319779703059374,0.00018577245482119328,1136
embedding_std_205,0.00014781702057955402,1.612793122046314e-05,0.00012014966376265734,0.0001617506521578204,1137
embedding_std_937,0.0001476874023716585,3.333314457301476e-05,0.00012250151415245137,0.00020132143315905435,1138
embedding_std_713,0.00014767709633375578,3.191263001096501e-05,9.946543800908106e-05,0.00018740446869055418,1139
embedding_mean_31,0.00014765305996044137,9.10573362235625e-06,0.00013175162055287617,0.00015439557235149583,1140
embedding_std_548,0.0001476023984742785,1.707010556909723e-05,0.00011972416192892904,0.0001625691370737574,1141
embedding_mean_892,0.00014757738637549613,2.606002967913181e-05,0.00010472689022719933,0.00017163685440952162,1142
embedding_mean_149,0.00014750568651124697,2.4031112387107474e-05,0.0001225313464320682,0.00017744939154580943,1143
embedding_std_1013,0.00014697371700398185,2.1597395532345747e-05,0.00011961164282351659,0.00017914656405116383,1144
embedding_std_1014,0.00014692389830680606,1.278723563644063e-05,0.000128068881269411,0.0001609077596473704,1145
embedding_std_969,0.0001468746076366962,1.15946481416486e-05,0.00012967143142496068,0.00015913074932330724,1146
embedding_std_818,0.0001467009453357154,3.4796959441250186e-05,9.613518320083863e-05,0.00018331890157767658,1147
embedding_std_934,0.00014663646225868016,1.388049690783276e-05,0.00012990314388560193,0.00015974304294030296,1148
embedding_std_113,0.00014663381989659096,1.5572233925273245e-05,0.00012962078125379378,0.00017016012181965772,1149
embedding_mean_126,0.00014663316176802578,2.8702120346010894e-05,0.00011408446474813857,0.0001923245415839625,1150
embedding_std_942,0.0001464071680963574,1.3225985885847521e-05,0.00012341305176544692,0.00015654219668105032,1151
embedding_std_675,0.0001463200630646893,1.811693369501375e-05,0.00012405016737566875,0.00017379955349290508,1152
embedding_std_851,0.00014627443325104312,1.2842380644394009e-05,0.00012510605200744112,0.00015941560940743445,1153
embedding_std_746,0.0001462633112226677,1.997518967266827e-05,0.00011589550948409823,0.00016889833400556578,1154
embedding_mean_451,0.00014618114919413768,3.233483521219341e-05,9.487770108835246e-05,0.0001754968702771133,1155
embedding_mean_6,0.00014601668721515268,1.2878135670370056e-05,0.0001318349145865824,0.00015998103983154834,1156
embedding_std_784,0.0001459460403201131,1.2651896080949167e-05,0.00013358741727139865,0.00016333902071381446,1157
embedding_std_635,0.00014588613068743838,3.8470724303538854e-05,0.00011274363362777327,0.00021145508773022737,1158
embedding_std_878,0.00014583774667628244,3.42788101140907e-05,0.00012047623904409233,0.00020613906740305036,1159
embedding_std_980,0.0001457420806838386,1.1641293466037322e-05,0.00012639522965241553,0.0001567456640352255,1160
embedding_mean_55,0.0001456559372897404,5.202699684216e-05,9.141839010297619e-05,0.00022738466662830723,1161
embedding_mean_257,0.000145452211170677,2.835021601088723e-05,0.00010803938290348903,0.00017302592694974536,1162
embedding_std_319,0.00014540608561049102,5.368573393557984e-05,0.00010816237852543376,0.00023865426117689712,1163
embedding_std_126,0.00014531358963422114,1.3349666351018148e-05,0.00012585647281283598,0.00015937206850204832,1164
embedding_mean_375,0.0001452387564813923,3.0793493975749e-05,0.00011317466469274224,0.0001948905345868987,1165
embedding_std_795,0.0001450882236540199,2.8216941491585508e-05,0.00011198704486176739,0.00017454661613652218,1166
embedding_mean_471,0.0001450280796530793,3.574509829565957e-05,0.00010779616989068874,0.00020423732501328009,1167
embedding_std_127,0.00014502350842884133,3.339154375898363e-05,0.00011929208561938442,0.00020351029078165416,1168
embedding_mean_333,0.0001449277077178902,2.5034220258032568e-05,0.00010784655994534901,0.000174380446715708,1169
embedding_std_797,0.0001446958338034919,2.9103575426747168e-05,0.00011161940573598889,0.00019120169798191014,1170
embedding_std_361,0.00014436864762720872,2.779162523455738e-05,0.00010317564252840986,0.0001721290995612943,1171
embedding_std_181,0.0001441799955600842,1.5734937592274533e-05,0.00013010701735330645,0.00016572341699862427,1172
embedding_std_627,0.0001441628844643565,1.9124896136900975e-05,0.00011209445284434018,0.0001634524853741128,1173
embedding_std_409,0.00014413787802087028,3.7029908958515125e-05,8.672542978063608e-05,0.00017628651393277004,1174
embedding_std_374,0.00014412877510770487,2.4551578985247305e-05,0.00011716666978837111,0.00017091878164419446,1175
embedding_std_209,0.00014404369344568879,5.806191841662889e-05,9.993592232325457e-05,0.00024370231075268519,1176
embedding_mean_167,0.00014393223769440592,1.0243532212425955e-05,0.00013218310458010233,0.00015893302624881675,1177
embedding_std_826,0.00014390204661330477,3.069157526955484e-05,0.00011642328295224637,0.00019368818181920414,1178
embedding_std_906,0.00014358066510012437,3.44197928521244e-05,0.00010126843560554639,0.00018044083184496718,1179
embedding_std_726,0.00014348496614768885,1.757196652666623e-05,0.0001263356862939285,0.00016528140452519644,1180
embedding_mean_137,0.00014347662266098922,1.7658184035712484e-05,0.00012042308384714812,0.00016679014175537588,1181
embedding_mean_670,0.00014331644734779086,4.977596261779386e-05,0.00010055644970295646,0.0002260718733439936,1182
embedding_mean_684,0.0001432088338990147,1.6795966787870034e-05,0.00011973540263865942,0.00016563953726145714,1183
embedding_mean_697,0.00014319051785473814,2.9568956352275288e-05,0.00011122060249843512,0.00017952685967307833,1184
embedding_std_555,0.00014305312142061827,8.81680987762186e-06,0.00013090977673417363,0.00015247031249871005,1185
embedding_std_470,0.0001430125370808244,2.386128516800842e-05,0.00012231767961034919,0.00018344936906119306,1186
embedding_mean_493,0.00014296039961617555,3.775015931999212e-05,0.00010610855703448422,0.00020112352528569677,1187
embedding_mean_366,0.0001428346100558757,7.019422142253813e-05,9.495331802752085e-05,0.00026216641827215534,1188
embedding_std_447,0.00014274389387875294,1.446750496920886e-05,0.00012203910676423005,0.00016009879467647841,1189
embedding_mean_276,0.00014268713482430928,3.2967500816007397e-05,0.00012088375271363891,0.000200586132989091,1190
embedding_mean_848,0.000142647652315769,1.863876807339254e-05,0.00012786183828820952,0.00017428262054127843,1191
embedding_std_387,0.00014244545282446165,2.390213119493364e-05,0.00012520487093329162,0.00018440820904605732,1192
embedding_std_932,0.0001423471982563255,3.049131664353951e-05,0.00010456853798125756,0.00017831830408913217,1193
embedding_std_294,0.00014232691764880787,2.2213027636143024e-05,0.00010345011228433975,0.00015763403754516002,1194
embedding_mean_714,0.00014230094362720902,2.2436147555857977e-05,0.00011824948639206754,0.00017415740763242104,1195
embedding_std_858,0.00014226848612065558,1.0094857551578758e-05,0.00012602610265298483,0.00015216570911583775,1196
embedding_std_628,0.0001421772761731205,2.181320850904128e-05,0.00012505740540941647,0.00017682977368508658,1197
embedding_std_890,0.00014202197478571372,2.184837768982613e-05,0.00010842595490662963,0.00016317881785452528,1198
embedding_mean_480,0.00014197984158908572,2.3249671914413835e-05,0.00011287839490686385,0.00016864587908231682,1199
embedding_std_263,0.0001419330712436763,1.4814374375442431e-05,0.00012477305352472798,0.00016440764070250148,1200
embedding_std_320,0.00014188902330262605,9.222347701468035e-06,0.00013273576287551326,0.0001553865393217167,1201
embedding_mean_660,0.0001418692565123365,2.924120545650763e-05,0.00011439681100518767,0.00018327623322381438,1202
embedding_std_80,0.00014183287312510698,1.6438207757241983e-05,0.0001276006994097672,0.00016770711372585546,1203
embedding_std_855,0.00014180783009300898,3.50487271381941e-05,0.0001159936377395053,0.00020301206312343885,1204
embedding_std_249,0.00014178357602011917,2.2827215125330463e-05,0.00012146974912734951,0.00017963817925716735,1205
embedding_mean_864,0.00014160119779788,2.537773252803219e-05,0.00010810734338409708,0.00017327076579133835,1206
embedding_mean_495,0.00014149101206727566,2.7067081523016867e-05,0.0001116066229528674,0.00017177463616224923,1207
embedding_std_299,0.0001414903928419474,2.3528692433426863e-05,0.00010633782222511347,0.00016863302173293144,1208
embedding_mean_572,0.0001414346074959611,3.398202670979383e-05,0.00010093906882079302,0.00019314889897438983,1209
embedding_std_537,0.00014142633693477644,2.4882120719523858e-05,0.00010585240451021837,0.00016580380472023718,1210
embedding_std_995,0.00014141981142008994,2.5552360086822192e-05,0.00010756483845664838,0.00016890782993276548,1211
embedding_std_852,0.00014140377371485424,2.111173973998593e-05,0.0001091814211162405,0.00015966964095858003,1212
embedding_mean_202,0.0001413718972137107,2.544997695715676e-05,0.0001138159978006044,0.00017256238262729914,1213
embedding_mean_27,0.00014135787542566265,1.8385851236750427e-05,0.00011337250362273123,0.00015558849294023148,1214
embedding_std_430,0.00014135557270231105,1.595538866454138e-05,0.0001239030329753521,0.00016225250717183132,1215
embedding_std_536,0.00014134500425929636,1.5551135409120925e-05,0.00012408413186306525,0.00015766179788890888,1216
embedding_mean_643,0.00014132876545063896,1.4852615723060077e-05,0.00011865022302845022,0.0001598350577928452,1217
embedding_std_401,0.000141241933831653,4.324826550785095e-05,7.161470219476727e-05,0.00019084906449517888,1218
embedding_std_210,0.0001412160841671904,2.219750755472374e-05,0.00011270090196507202,0.00016617539007756477,1219
embedding_std_944,0.00014113119613764778,1.625341361453043e-05,0.00011693453998990602,0.00015499962144031014,1220
embedding_mean_574,0.00014110489919429348,2.555769205241056e-05,0.00011725389853228898,0.00018471745197343179,1221
embedding_mean_739,0.00014106458021848149,2.403613088371631e-05,0.00011558409190611142,0.00017663214401450922,1222
embedding_std_790,0.0001410291101197458,1.9963736013476167e-05,0.00011992467829370892,0.00016731608057989053,1223
embedding_mean_685,0.00014085735083303196,2.1821260013754885e-05,0.0001150708633966023,0.00017019976270874328,1224
embedding_mean_118,0.00014069175711153197,2.070956146178411e-05,0.00012493997496626242,0.00016795494010912512,1225
embedding_std_324,0.00014065131621676202,4.3816235230712955e-05,0.00011169793238321522,0.00021688307879036973,1226
embedding_mean_752,0.00014061893418229612,3.6379551392534095e-05,9.412670174564636e-05,0.00019578923237430527,1227
embedding_mean_912,0.00014055462053783188,3.080037645337225e-05,0.00010258525858046037,0.0001837797911187819,1228
embedding_mean_492,0.0001405539648081774,2.114607534849722e-05,0.00011947195563849697,0.0001722936919553418,1229
embedding_std_544,0.000140540892791622,2.7283559763297715e-05,0.00010713961615934238,0.00018101391855497283,1230
embedding_std_901,0.00014045493633747395,1.6837494366627508e-05,0.00012354457414319228,0.00016478242210690212,1231
embedding_mean_786,0.00014042380924082488,4.5443257248564964e-05,0.00010124684876798377,0.00021896029073942557,1232
embedding_mean_24,0.0001403968366578813,1.5196218007968972e-05,0.00012154901940222281,0.0001564427862775063,1233
embedding_std_425,0.00014036698778902712,1.261781176550317e-05,0.0001258368203788579,0.00015542523220467936,1234
embedding_std_787,0.0001403025991927709,2.3899454608761276e-05,0.00011067051376141095,0.00016388572425879433,1235
embedding_mean_617,0.00014029388659506868,1.4423560164233618e-05,0.00011893377658317664,0.0001534964636066704,1236
embedding_mean_879,0.00014015942163674459,1.2795371945637518e-05,0.00012882729041838143,0.000158087439991156,1237
embedding_mean_286,0.00014009946524893598,8.013471787224992e-06,0.00013133713183693254,0.000149741281171017,1238
embedding_std_239,0.0001400282777136696,2.2368257154797195e-05,0.00011050783590925756,0.00017267141008557973,1239
embedding_std_957,0.00013996595451343051,1.5124399481003906e-05,0.00012042945318780141,0.00015643221005428646,1240
embedding_std_315,0.00013995425570106408,1.944562742238218e-05,0.00011409908716772775,0.00016813371017508345,1241
embedding_std_390,0.00013994439972408784,3.230395626600182e-05,0.00011490702370116904,0.00017927344223377952,1242
embedding_mean_354,0.0001398246181928447,2.6695600116260675e-05,9.518150671353885e-05,0.000165898690504704,1243
embedding_std_683,0.00013980638662168017,1.8883522312145797e-05,0.00011742993825560143,0.00016418514660050776,1244
embedding_std_61,0.00013976046703980503,2.5438810453491786e-05,0.0001048622644101512,0.00017430807341607452,1245
embedding_std_302,0.00013971220782563719,2.6829663549290997e-05,0.00010778222716143123,0.00017288420998395922,1246
embedding_std_332,0.00013970246127867242,1.729830387234295e-05,0.00011555047379159705,0.00015988275461801036,1247
embedding_std_1023,0.00013969962919163845,1.7734409457908046e-05,0.00012169643588358248,0.00016417273254213386,1248
embedding_std_577,0.0001396705694821355,4.53670227969334e-05,0.0001114653546294554,0.000218667610827624,1249
embedding_std_840,0.00013965394334296643,1.5966523695464238e-05,0.0001259851914646518,0.00016409554283645591,1250
embedding_std_472,0.0001396320882655144,1.0560470335311534e-05,0.00013099823397658478,0.00015794051950212686,1251
embedding_std_802,0.00013958443365433602,4.8574456016195894e-05,6.991697975093595e-05,0.00018907369292794167,1252
embedding_mean_63,0.00013956789921626878,1.5499068513530622e-05,0.00012317246768839182,0.00015578599042716248,1253
embedding_mean_933,0.00013950472440576496,2.7414917122583706e-05,0.0001020908713818296,0.00017382050073431947,1254
embedding_mean_349,0.00013939592150787581,3.174195442021708e-05,0.00011132124055783254,0.00019086589224623875,1255
embedding_std_427,0.00013915955428827378,2.5381805564570284e-05,0.00011188116219772245,0.00017529175085538926,1256
embedding_mean_500,0.00013912917305103456,2.6841017114248816e-05,0.00011428921048973136,0.00017345941176923543,1257
embedding_mean_549,0.0001390457089195346,2.772256689772656e-05,9.585147602647028e-05,0.0001660100575154219,1258
embedding_std_179,0.00013895669558754433,2.0336977571851373e-05,0.00011137749049707346,0.00016464438232669735,1259
embedding_std_63,0.00013895323999963072,2.8369402744523436e-05,0.00011345320540251608,0.0001860959516681602,1260
embedding_mean_345,0.00013893421502968588,3.7961216615029975e-05,8.829425111120916e-05,0.00018610038349640038,1261
embedding_std_480,0.0001387824334963118,2.5529450814920268e-05,0.00010119245960650845,0.0001655659174217653,1262
embedding_std_776,0.00013874359484548546,9.855961011258342e-06,0.00012793349347828782,0.00014895000828980573,1263
embedding_mean_342,0.00013873568292393072,1.754543271284022e-05,0.00011677502625178221,0.00015679508271576866,1264
embedding_std_441,0.0001387353468320694,2.2513765010337426e-05,0.00011186424382063153,0.00016260136580262713,1265
embedding_mean_254,0.0001386941888127092,1.8313016292105562e-05,0.00011326628110520707,0.00016266240755310863,1266
embedding_std_929,0.00013863555028374895,1.906809513737677e-05,0.00011882283968674895,0.00016057439571075832,1267
embedding_std_437,0.00013853500173635966,1.2638210704341583e-05,0.00012050948227614249,0.00014931846388151258,1268
embedding_std_815,0.00013845296837422684,1.1965018921230432e-05,0.00012325441712073007,0.00015638088897902138,1269
embedding_std_2,0.0001383324428489077,1.041249973963354e-05,0.00012741226548499302,0.00015164263982293274,1270
embedding_mean_281,0.00013832194500636706,2.9977196708603688e-05,9.591094431751005e-05,0.0001797837669789699,1271
embedding_std_558,0.00013824978835995236,1.87838640323847e-05,0.00011657637280282612,0.0001671605733812559,1272
embedding_mean_651,0.00013813684998264202,2.8649415681726866e-05,0.00011450836322485477,0.00018626760734442895,1273
embedding_std_912,0.0001379603301110013,2.55312598246874e-05,0.00012068285966431271,0.00018105044423808695,1274
embedding_mean_634,0.0001379223489038476,2.0242971129007458e-05,0.00011834782478479229,0.00016692778991309935,1275
embedding_mean_359,0.00013790933905938582,2.4824008548321232e-05,0.00010593041088904489,0.0001696608209289245,1276
embedding_std_849,0.00013788795863737651,2.033679281337183e-05,0.00011421637271149318,0.00016507501157820849,1277
embedding_std_354,0.00013785818236914863,2.1871326343295745e-05,9.955283234759199e-05,0.00015299893044111744,1278
embedding_mean_552,0.00013774070940693466,2.1253890652371236e-05,0.00011670480079278113,0.00016326325397777894,1279
embedding_std_352,0.00013773715304488693,4.13283125402771e-05,0.00010189367071721654,0.00018547861589300125,1280
embedding_std_450,0.0001377046685402385,2.536900853006944e-05,0.00011282355764407828,0.00016932097243138475,1281
embedding_std_494,0.00013769439237218596,5.828166457503131e-06,0.0001280898860342345,0.00014357798343103069,1282
embedding_mean_509,0.00013768663637395764,3.0844195147457104e-05,9.77657066444997e-05,0.00018426747208897975,1283
embedding_std_243,0.0001376811750967931,1.1544071608112394e-05,0.00012254741704820164,0.00015393935136155624,1284
embedding_std_534,0.00013763206532548057,2.4221960816404036e-05,9.846916000213983e-05,0.00016392622941153998,1285
embedding_std_510,0.00013752000891697553,1.6392044918408004e-05,0.00011614736082592922,0.00016000448680168712,1286
embedding_mean_1020,0.00013749285028664084,1.7173502689020052e-05,0.00011821585314642203,0.0001620341087588636,1287
embedding_std_6,0.0001374780548280269,4.835964873609391e-05,9.109934571766885e-05,0.00020244710617905057,1288
embedding_std_871,0.00013733854565142243,4.2498468034389916e-05,7.626669407972672e-05,0.0001789756854457841,1289
embedding_std_888,0.0001373371450561588,2.0889592345205275e-05,0.00012115281356559327,0.00017321498402691872,1290
embedding_mean_324,0.00013719391505264978,2.5885858707342463e-05,0.00010032288735982107,0.00017283846642959574,1291
embedding_mean_83,0.0001370943599318795,2.6606447039689472e-05,0.00011421877519449511,0.000178805771290461,1292
embedding_std_717,0.00013708441322741256,2.813613316707408e-05,9.858834431238511e-05,0.00017076398538553032,1293
embedding_mean_302,0.00013707271942469827,2.3996088133213308e-05,9.571823383958808e-05,0.00015516502196518759,1294
embedding_mean_443,0.0001370599632370212,3.733186414034537e-05,0.00011308369940545517,0.000203171889192334,1295
embedding_mean_918,0.0001369557529188619,2.0981048434215044e-05,0.00012014562810013681,0.00017076450853953983,1296
embedding_std_928,0.0001369376212192636,4.06227485820448e-05,0.00011074821914560313,0.00020844241437503687,1297
embedding_mean_745,0.0001369342501429082,4.8361106930456324e-05,6.116566868810143e-05,0.00019562802272572938,1298
embedding_mean_902,0.00013691828925909794,1.5294851747135885e-05,0.00011647248067312564,0.00015245232884375493,1299
embedding_std_316,0.00013688201451316984,3.9688609993357526e-05,8.11107473152111e-05,0.0001891035587758212,1300
embedding_std_7,0.00013669878627887232,1.8069985252897357e-05,0.0001216118789153469,0.0001663204489731005,1301
embedding_std_899,0.00013645721094388246,1.1156701650937666e-05,0.00012551228909851017,0.00015134648115321163,1302
embedding_std_34,0.00013641121453774463,1.8160243316476697e-05,0.00010891143080403072,0.00015261417991166955,1303
embedding_mean_1000,0.00013638209217061434,1.9088609131811578e-05,0.00011081723329270096,0.0001604929338330546,1304
embedding_std_612,0.0001363651993617613,2.2653151488687888e-05,0.00010784132000908051,0.0001682870892596149,1305
embedding_std_1016,0.00013633388952333342,1.4883751021948984e-05,0.00012285176115741,0.00015796145662581764,1306
embedding_std_290,0.00013628722118789994,2.0338246885151636e-05,0.00010342531361379913,0.00015792698725808785,1307
embedding_std_108,0.00013621612139169152,2.14839545275705e-05,0.00011459701694940207,0.00016859038961377154,1308
embedding_std_721,0.00013619811637166507,1.8559309978671735e-05,0.00011875942648152919,0.00016341998127341006,1309
embedding_mean_230,0.0001360661379969989,1.997087559767131e-05,0.00011658098743039498,0.0001630973878469514,1310
embedding_std_487,0.00013606019878951243,5.271405231706703e-06,0.00012884484816187862,0.00014315868464155715,1311
embedding_mean_348,0.00013602750565986895,3.145643235407737e-05,9.169957947002211e-05,0.00017468499557016587,1312
embedding_mean_258,0.00013590605982459066,8.296653600060147e-06,0.0001247181262220575,0.00014426048738961885,1313
embedding_std_922,0.00013583471596579507,5.943988683315964e-05,9.121323383148001e-05,0.0002377013960949905,1314
embedding_std_931,0.00013577578656869587,2.531302020779689e-05,0.00011219679446665729,0.0001784395312194958,1315
embedding_std_763,0.00013571266309096367,1.577908438580633e-05,0.00012125377916952197,0.00016171645285653123,1316
embedding_mean_753,0.00013567514080972524,2.545148790576415e-05,0.00011211162507121358,0.00016373353884798733,1317
embedding_mean_173,0.00013566675823307306,1.4852160012360313e-05,0.00011750419972209764,0.00015602586615382427,1318
embedding_mean_211,0.0001356249659720356,3.1434760181281866e-05,0.00010488765428208217,0.0001788470704033517,1319
embedding_std_406,0.00013556300063160206,1.4475013271633105e-05,0.0001110257473752259,0.00014588416364362902,1320
embedding_mean_297,0.00013554781902023935,3.240889297044533e-05,9.247755288172612e-05,0.00018197951114206398,1321
embedding_mean_179,0.00013554096324669743,1.3719600804348772e-05,0.00011546318820385364,0.00014882916113184805,1322
embedding_std_1005,0.00013545921718638643,1.7596710077846696e-05,0.00011755730940067957,0.0001644526951241412,1323
embedding_std_403,0.0001354244955662059,3.655557297339973e-05,0.00010121777986127746,0.0001934520543702691,1324
embedding_mean_11,0.0001354229520103422,2.7222758234945372e-05,0.00010331169470960866,0.00017583249254309437,1325
embedding_std_590,0.00013533665557609605,3.250383863838561e-05,0.00010198844104711948,0.00018596442047764968,1326
embedding_mean_487,0.0001351847705520916,3.279935931549378e-05,0.0001132234123477282,0.00019256405858634893,1327
embedding_std_231,0.00013509655679184524,1.3481551474225366e-05,0.00011669885286227773,0.00014906810038344863,1328
embedding_mean_569,0.0001350688579327383,2.2035386077397216e-05,0.000107094966664251,0.0001612144643902215,1329
embedding_std_286,0.00013479865623854614,2.6109321008647148e-05,0.00010044031409032748,0.00015514464334248027,1330
embedding_mean_830,0.0001347626363601262,3.0328883741086785e-05,9.929224246388791e-05,0.00017122015660853607,1331
embedding_mean_533,0.0001346981313770756,2.464586432919408e-05,0.00010849908720480942,0.00016510959285149073,1332
embedding_std_312,0.00013467930713866063,1.8364762386470177e-05,0.00011082720641540347,0.00015835211938284227,1333
embedding_mean_235,0.0001346521421188147,1.640562302692245e-05,0.00011795579433102933,0.0001557352764519805,1334
embedding_mean_90,0.00013457283590312388,1.836619934096339e-05,0.00012045912358920946,0.0001555743058898647,1335
embedding_std_474,0.00013448296410785787,1.3660091597203853e-05,0.00011484214853370473,0.00015168433941143024,1336
embedding_mean_985,0.00013447652907137725,4.507980440728071e-05,5.798817823028267e-05,0.0001686815473958886,1337
embedding_std_97,0.00013444721866657004,4.824512697647814e-06,0.000128026024744891,0.00014046610793690633,1338
embedding_std_921,0.0001344419828573528,1.739523991045271e-05,0.00011607966552543123,0.00016154896848896605,1339
embedding_mean_516,0.00013442475678286488,1.586262260696806e-05,0.00011503383221687149,0.00015218316797552058,1340
embedding_mean_861,0.00013439267109504566,2.4869724571550984e-05,0.00010855841300193243,0.00016060714661773952,1341
embedding_std_459,0.00013431948540117497,1.9756032871857846e-05,0.00010612823528140284,0.00015985766989168302,1342
embedding_mean_645,0.00013430712910479696,3.553794519678518e-05,7.740494198273726e-05,0.00016898899129605833,1343
embedding_std_482,0.00013421797177273238,3.3717066286365315e-05,0.00010275131413592756,0.00018420604785092466,1344
embedding_std_789,0.000134191948164482,1.5242360782073278e-05,0.00011742767201138725,0.00015424308565518212,1345
embedding_mean_665,0.00013417342030703103,2.8096088255314437e-05,0.00010305499494387374,0.0001744553665551067,1346
embedding_mean_491,0.0001339887633972053,2.1113374188889173e-05,0.00011207064276577481,0.00015725311578686715,1347
embedding_mean_625,0.00013392135808017912,1.8740749399742677e-05,0.0001089223961536196,0.00015440264324384644,1348
embedding_mean_272,0.00013389723151963545,2.5095242086454395e-05,9.550050746200616e-05,0.00015894577138252805,1349
embedding_mean_704,0.00013387886315960933,2.3118377673342634e-05,0.00010919238669651931,0.00017103952248504636,1350
embedding_mean_205,0.00013380000455907775,2.4459155949027933e-05,0.00011122464545785431,0.00017298120385728782,1351
embedding_std_979,0.00013376663939947153,3.2314681996520146e-05,9.432472439714974e-05,0.00016555957066527626,1352
embedding_std_556,0.0001337315090291161,1.5588091088751373e-05,0.00011390596663964779,0.00015573933122568946,1353
embedding_mean_880,0.0001336674895486798,1.9006771206245458e-05,0.0001097278194834466,0.00014846999398890998,1354
embedding_mean_422,0.00013364172887519408,2.6247332507753815e-05,9.717203302083453e-05,0.0001566777722318644,1355
embedding_mean_722,0.00013363569856985783,3.458201339267072e-05,7.479153169091373e-05,0.0001658142284403049,1356
embedding_mean_418,0.00013355708654004918,1.338130869934666e-05,0.00012035887069195982,0.0001489400401611705,1357
embedding_mean_804,0.00013345040907273217,6.412423071204912e-06,0.00012652570103681334,0.00014145034116895872,1358
embedding_mean_124,0.00013344008045997237,9.723648022063835e-06,0.00012009622547114234,0.00014296201444667696,1359
embedding_mean_312,0.00013340117018426426,2.065579205690104e-05,0.00010327686676946021,0.00015790178101754266,1360
embedding_mean_152,0.00013329969217059571,2.5858227955884172e-05,9.850950444439992e-05,0.0001588393338603876,1361
embedding_mean_536,0.00013329669668033845,1.800553365070003e-05,0.00012103901030065068,0.00016503773776005976,1362
embedding_std_584,0.00013327803982647596,4.508790794079221e-06,0.00012712098382244773,0.00013749986711156099,1363
embedding_std_158,0.0001332385041883223,1.6007787487731753e-05,0.0001077267278142209,0.0001488307418800091,1364
embedding_mean_447,0.00013304113743388716,2.0042614728082093e-05,0.00010297480481858163,0.00015938008496131986,1365
embedding_mean_882,0.00013296839974829674,1.8130423421108733e-05,0.00011663786536552853,0.00015749016998981184,1366
embedding_mean_216,0.0001328855589216844,1.5571293157626755e-05,0.00011494169958075203,0.00015403965590408267,1367
embedding_mean_35,0.00013287407267667382,2.321023504697287e-05,0.00010805943210356704,0.00016473094059807827,1368
embedding_mean_773,0.0001326451005952812,2.2318506538333402e-05,0.00010693130090898376,0.00016580382774273962,1369
embedding_mean_539,0.0001326189085493814,3.048786704939475e-05,9.868142045241991e-05,0.00018180524293725763,1370
embedding_std_599,0.00013256628355632006,2.5459641084223906e-05,0.00010489033009140777,0.00016177454719018544,1371
embedding_std_898,0.00013251433255419978,1.0892975909141866e-05,0.00011777464639854721,0.00014547427103298816,1372
embedding_mean_70,0.00013248544296263532,1.4669101606728578e-05,0.00011953291880365071,0.00015143666248561947,1373
embedding_std_139,0.00013246492885680703,2.4326633030685925e-05,9.77260329231997e-05,0.00016575393672452492,1374
embedding_mean_374,0.00013237859355410506,2.4323352752229625e-05,0.00011552214711148869,0.00017304714723273256,1375
embedding_std_716,0.0001322368825791755,2.0353013046577087e-05,0.0001052156412458162,0.00015638712381445879,1376
embedding_std_372,0.00013209738866085406,1.597909599585335e-05,0.000110478421428225,0.0001520398571967487,1377
embedding_mean_36,0.00013187363761444525,2.6401107955572084e-05,0.00010883648421783822,0.00016633821569852797,1378
embedding_std_499,0.00013186670458139877,1.0524752757750718e-05,0.0001233994611214978,0.00014759808970421108,1379
embedding_std_58,0.00013175295791718647,3.377275695845578e-05,9.024433879751015e-05,0.00017618305090785278,1380
embedding_mean_155,0.00013173681952583985,1.847949050721438e-05,0.00011356256431902282,0.00015651892970217608,1381
embedding_std_771,0.00013172114283153431,1.912979808626047e-05,0.00011241949990589676,0.00016323815618555715,1382
embedding_std_136,0.0001317117839162374,3.555047855960027e-05,9.46623911986972e-05,0.0001802310339068993,1383
embedding_std_268,0.00013156322338681473,3.212805385769616e-05,0.0001043990728099154,0.00018600562749883083,1384
embedding_std_804,0.00013156223399852986,3.371578723255878e-05,0.00010361056321554014,0.00018358737053223288,1385
embedding_std_791,0.00013152496400046013,2.504581221814853e-05,9.742334036029348e-05,0.00016715471949771434,1386
embedding_std_725,0.00013145482508118892,3.7052103282739935e-05,7.951426700601305e-05,0.00016798687419921816,1387
embedding_std_748,0.00013144089890323676,2.6409143336118376e-05,9.431945462709343e-05,0.0001593772432221284,1388
embedding_mean_116,0.00013142579083317294,2.9495396336201754e-05,0.00010882789807261494,0.0001753641788973732,1389
embedding_std_106,0.0001313726801899923,1.3500529994324145e-05,0.0001181643045219139,0.0001495332772236781,1390
embedding_mean_458,0.000131286891640811,3.980447529275816e-05,9.786492202503328e-05,0.0001993831020462472,1391
embedding_mean_28,0.0001311721986760839,8.932363277298495e-06,0.0001163591548436254,0.00013804184698056691,1392
embedding_std_10,0.00013116341286134058,1.4728667220125933e-05,0.00010961512038978405,0.00014626807499770302,1393
embedding_mean_236,0.000131123275624966,2.82929579266916e-05,9.49767366931729e-05,0.00016567721360188591,1394
embedding_std_238,0.0001310877031217106,2.753640366273629e-05,0.00010561758534644863,0.00017293396358637866,1395
embedding_std_130,0.00013107699726330987,2.59961711248372e-05,0.00010481304868474665,0.00016667739522048284,1396
embedding_mean_826,0.000131023335468417,2.9707768463415008e-05,8.261405484624425e-05,0.00016374039249474805,1397
embedding_std_1022,0.00013101258968967885,2.016539403888004e-05,0.00011169778130268342,0.00015664585998301318,1398
embedding_std_199,0.00013091479967951977,2.4015421797977625e-05,0.00010057820732084746,0.00016517652865748422,1399
embedding_mean_1012,0.00013087565341717906,1.4628696388103332e-05,0.00011140521557742128,0.00015167222220469284,1400
embedding_std_396,0.0001308117594259585,2.6345030337169127e-05,8.807789417192341e-05,0.00015811768228349412,1401
embedding_mean_688,0.00013076120215645072,1.3501325110548978e-05,0.00011579441562980771,0.00014891022711457474,1402
embedding_mean_57,0.00013070124492226698,2.026320760795138e-05,0.00011240173723038335,0.00016221425759918327,1403
embedding_std_429,0.00013066390037648774,2.320132790530485e-05,0.00010504001686247104,0.00016130356044260463,1404
embedding_mean_454,0.00013047791921139045,2.8576819625294744e-05,9.442096726931279e-05,0.0001713917653804288,1405
embedding_mean_900,0.00013046375812688081,2.5028340415226425e-05,0.00010684863537273098,0.00016701173165335954,1406
embedding_mean_457,0.0001304454644840212,2.7033726775589035e-05,8.996644244170536e-05,0.00015755368677510253,1407
embedding_std_73,0.0001303348039885195,1.5232598917213532e-05,0.00010849325301147442,0.0001472628211084099,1408
embedding_std_280,0.0001302620025405613,1.7834314891715854e-05,0.00011438223026913279,0.00014967375782425082,1409
embedding_mean_717,0.00013012641187723161,1.3082515588316833e-05,0.00011636660207747546,0.00015026580177483938,1410
embedding_std_941,0.00013009946918037993,2.0052580810351833e-05,0.0001145104968221449,0.00016353115710623564,1411
embedding_std_875,0.00013002672375687815,1.8833747528270286e-05,0.00010542999536270893,0.00015401668323897599,1412
embedding_mean_273,0.00012986849905114107,3.667339855760808e-05,9.795316934317071e-05,0.00019247202488240764,1413
embedding_mean_931,0.0001298053546453128,1.6160014254177338e-05,0.00011070135167038362,0.00014790536184030909,1414
embedding_std_575,0.000129763837468118,3.362452458579908e-05,9.13267789061601e-05,0.0001722026905618495,1415
embedding_mean_143,0.00012971137853829028,3.3012658823336206e-05,8.826142476229779e-05,0.00017539245108458038,1416
embedding_std_93,0.00012957494333131172,2.007033779479456e-05,0.00010667582648090909,0.0001536657347791394,1417
embedding_std_630,0.00012952661904980686,2.99842771091405e-05,0.00010198194736564165,0.000171831693644669,1418
embedding_std_420,0.00012943100537898843,2.02125237424831e-05,9.970961015506343e-05,0.00015094526991608895,1419
embedding_std_438,0.00012933134645054986,2.505915255129495e-05,9.23208830772845e-05,0.00015786636024081634,1420
embedding_mean_808,0.00012927743059528433,2.0372266809039246e-05,9.578976465549825e-05,0.0001483672394516508,1421
embedding_mean_515,0.00012925728370268263,3.4140242225061455e-05,7.662364196684344e-05,0.00016403174654640033,1422
embedding_std_935,0.00012922177266698706,4.660389192685336e-06,0.0001225477880308728,0.00013481145839099355,1423
embedding_std_62,0.00012909019450058377,4.467618844444898e-05,8.756232905832018e-05,0.00020072738148641477,1424
embedding_std_860,0.0001290867272875412,2.592413156549202e-05,9.350138039030003e-05,0.00015491369259530195,1425
embedding_std_926,0.00012906334237464476,3.961711170784388e-05,7.510879876793351e-05,0.0001779513737448451,1426
embedding_mean_285,0.00012905862410483724,3.342765672587837e-05,7.722993358991485e-05,0.00016799442461319454,1427
embedding_std_234,0.0001290021501102998,1.16454814502683e-05,0.00011653008916267057,0.0001440493614044803,1428
embedding_mean_14,0.00012890214238043228,2.3891167496016713e-05,8.856194636587468e-05,0.00014899891982211972,1429
embedding_mean_910,0.00012885689020619237,2.5956275849232765e-05,8.771258360837627e-05,0.00015478563860727026,1430
embedding_std_925,0.00012885451834746578,1.957680369622396e-05,0.00010702771185845156,0.0001583329790855306,1431
embedding_mean_850,0.00012885409768301665,2.401552254430033e-05,9.531148341033105e-05,0.00015835247149490608,1432
embedding_mean_446,0.0001287247750331337,1.3399568831089633e-05,0.00010664059544787503,0.00014205454681026584,1433
embedding_mean_468,0.0001285912492396657,2.7651955801511502e-05,0.00010560812117939473,0.00017618151679925774,1434
embedding_std_506,0.00012856298626949953,2.2926628387746233e-05,9.169392057683704e-05,0.0001504079166854257,1435
embedding_mean_579,0.00012855355674509062,2.179066690905597e-05,0.00010204530244677424,0.00016019185047674503,1436
embedding_mean_364,0.0001284489582221411,1.3107431358943854e-05,0.00011370576489198968,0.0001453979171208847,1437
embedding_std_916,0.00012828962450443419,1.4110289241656177e-05,0.00011737113387239005,0.00014935478511173385,1438
embedding_mean_67,0.00012817203426136628,1.9049202187285645e-05,0.00010659644057329889,0.00015801697252720127,1439
embedding_std_492,0.00012811160309314924,3.953180962386691e-05,7.764934810325228e-05,0.00017443034520952475,1440
embedding_std_668,0.0001281070128758324,1.2050063792309317e-05,0.00011756251716288628,0.00014892291999061148,1441
embedding_std_253,0.00012806794150927705,1.1061086150711158e-05,0.00011748904819507847,0.0001428767860401913,1442
embedding_std_182,0.00012801626321376635,3.587636135900971e-05,7.106291932609055e-05,0.00015759210437825652,1443
embedding_std_954,0.000127954715966387,1.0793120746842571e-05,0.00011543515306527402,0.0001410503689622208,1444
embedding_mean_182,0.00012792127414417407,2.066937568915674e-05,0.00010171846100330441,0.00015122099373187107,1445
embedding_std_961,0.00012791038888997875,2.1916252404475438e-05,0.00010711745416721645,0.00015654679527879448,1446
embedding_std_611,0.00012787463489444755,2.9465132680684422e-05,8.649823597402747e-05,0.00016199151796810466,1447
embedding_std_219,0.0001278476812229794,9.462649815081691e-06,0.00011519171434429353,0.0001413660507518165,1448
embedding_std_546,0.00012781549610451306,1.8875067445960063e-05,0.00010568741067563027,0.0001574286416582401,1449
embedding_std_400,0.0001277629675189209,1.7683397173263103e-05,0.00011517705163146065,0.00015549977316878014,1450
embedding_mean_475,0.00012771696523533176,1.3984442213720173e-05,0.00010973341168607001,0.0001418280361243302,1451
embedding_mean_816,0.00012769130301908818,2.6681217518855877e-05,0.00010273532570088302,0.00016622921184830883,1452
embedding_mean_547,0.00012768584097914718,1.75806958679571e-05,0.00010107117197333634,0.00014879635852277858,1453
embedding_std_200,0.00012768540965349835,1.4879528532412454e-05,0.00011496694137846918,0.00015009750196471884,1454
embedding_std_423,0.00012766480138043786,2.493633647086484e-05,9.285278097275039e-05,0.00016054691243884675,1455
embedding_std_977,0.00012760044194251564,3.31736839600021e-05,8.062344324969703e-05,0.0001681469812664835,1456
embedding_mean_537,0.00012755144118745487,1.2873417771269593e-05,0.00010932899669247381,0.00014222790335818256,1457
embedding_mean_1023,0.00012748230866418606,2.097502323577385e-05,9.670121476851412e-05,0.00015101306287502173,1458
embedding_mean_379,0.00012745743806790816,3.159101727640748e-05,8.822789702593615e-05,0.00016871500875577367,1459
embedding_mean_601,0.0001274181272269223,2.1510636388056397e-05,0.0001029706042909062,0.00015957935195151199,1460
embedding_mean_295,0.00012735512296719096,2.5140485506182752e-05,9.054593621385024e-05,0.00014701757553310448,1461
embedding_std_866,0.00012728028699798095,3.475176885611731e-05,7.152935157055929e-05,0.00016097161317648012,1462
embedding_std_258,0.00012726277914886893,2.8915838746548394e-05,8.024138726649175e-05,0.00015665101885080628,1463
embedding_std_703,0.00012717680846066794,2.9395675937793106e-05,0.00010443253122189759,0.00017450174250943217,1464
embedding_mean_940,0.0001271030576104481,7.825418380111308e-06,0.00012030070941363975,0.00014014395415610427,1465
embedding_std_869,0.00012705171248499934,1.4189509796796346e-05,0.0001077188295752704,0.0001418027252820014,1466
embedding_std_864,0.00012698744394987378,1.4653504934140852e-05,0.00011406094593053394,0.0001452462579948147,1467
embedding_std_125,0.00012691043560876351,2.1016884089566997e-05,9.673010339523704e-05,0.0001523051310172599,1468
embedding_std_525,0.00012690643821070875,1.919862937351425e-05,0.00010740813165328388,0.00015154227092621265,1469
embedding_mean_970,0.00012684444490444166,1.6611091254056595e-05,0.0001082218564895333,0.00014191974619061899,1470
embedding_mean_782,0.00012657549082911295,1.1629361469521156e-05,0.00011795854298304725,0.00014679100882050223,1471
embedding_mean_631,0.00012657436575342753,4.933771608820618e-05,0.00010004302115182646,0.00021441034436541073,1472
embedding_mean_718,0.00012651542759526055,2.1942665633390848e-05,9.37257539276627e-05,0.00015301699487713118,1473
embedding_mean_482,0.00012643292952235142,2.2407669239560058e-05,9.841369592534732e-05,0.00014775576663786922,1474
embedding_mean_838,0.00012640027628869977,2.736858283453178e-05,9.8075068254048e-05,0.0001655035039578011,1475
embedding_mean_662,0.00012622937154649312,1.1189519733963519e-05,0.00011703146691464047,0.00014437025472185228,1476
embedding_std_333,0.00012620568506778158,2.393908373546302e-05,0.00010850731131833069,0.00016772883410253914,1477
embedding_std_229,0.00012615564005284688,2.611786478251504e-05,8.577626824673866e-05,0.00014875725320217005,1478
embedding_std_119,0.0001260427997030184,2.301711536909731e-05,0.00010892343826234868,0.00015393109857910102,1479
embedding_std_637,0.00012600206382829926,6.3512655863995285e-06,0.0001148548983292435,0.00012994864172937915,1480
embedding_std_865,0.0001257677170387581,3.591705515793057e-05,7.265881194726555e-05,0.00017319511349493815,1481
embedding_std_442,0.00012576431359059148,1.5238215830541592e-05,0.00010170915504630153,0.0001411776587532652,1482
embedding_mean_676,0.00012569320032982054,2.192275847109761e-05,0.00010425342570349926,0.00015638385370959844,1483
embedding_std_147,0.00012569210487034985,2.2786524940566213e-05,0.00010411580910675313,0.00015776705542387906,1484
embedding_std_798,0.00012568803438321686,3.277876442091954e-05,7.414103490585652e-05,0.00015913739293925872,1485
embedding_mean_360,0.00012566198278521375,2.9954828009075348e-05,8.553029437343224e-05,0.00016357888041827694,1486
embedding_mean_849,0.00012542788738722526,4.299184404709095e-05,7.113374153568522e-05,0.00019135584859152733,1487
embedding_mean_358,0.00012539751296656334,3.372525872821992e-05,9.753123928082845e-05,0.00018358904916670855,1488
embedding_std_654,0.00012537392523068503,1.2096512535784409e-05,0.0001101117073713015,0.00013901102694372606,1489
embedding_mean_695,0.00012522439270249043,2.035303516495616e-05,0.0001047538136292091,0.00015668127541535574,1490
embedding_mean_23,0.0001251838350330052,5.134402913377866e-06,0.00012056387607816146,0.0001334498883720153,1491
embedding_mean_261,0.00012517278442844955,3.8473122362248354e-05,5.902899422284828e-05,0.00015758079234672964,1492
embedding_mean_189,0.0001250490799549434,1.3812405006981044e-05,0.00010874837435472968,0.00013686651692870403,1493
embedding_mean_964,0.0001250081046397371,1.608073665938495e-05,0.0001065508952436393,0.00014214195625287715,1494
embedding_mean_957,0.000124988915720375,1.6538225917311388e-05,9.761559694364413e-05,0.00013784055769231902,1495
embedding_std_431,0.00012497256349405054,1.6939425221816652e-05,0.00010911805425723111,0.00014964579793348657,1496
embedding_mean_356,0.00012488117614653185,1.8135248519648493e-05,0.00010616801580820666,0.00014876935572552156,1497
embedding_mean_399,0.00012488092697791143,1.5479918090281877e-05,0.00010650458225483759,0.0001436492753636498,1498
embedding_mean_763,0.00012463896990283548,3.341929461647805e-05,7.404701116645255e-05,0.0001506681669617925,1499
embedding_mean_13,0.00012461855200890525,1.043319277831059e-05,0.00010817477917405734,0.0001331772712368146,1500
embedding_mean_896,0.00012454670439710186,9.071816871962281e-06,0.00011001572973451452,0.00013463473237495198,1501
embedding_mean_646,0.00012449927445564194,1.773228638597605e-05,0.0001106678505411154,0.00015557077675229422,1502
embedding_mean_998,0.00012439789033015543,2.511065875312042e-05,9.478216230140181e-05,0.00015718507858422884,1503
embedding_std_911,0.0001243220356288015,1.4705312994528106e-05,0.00010172429484851738,0.00013943483158673192,1504
embedding_mean_914,0.0001242184263068805,2.3044059757101365e-05,9.406438828610189e-05,0.00015583521258472543,1505
embedding_std_18,0.00012419653310276273,1.4136306391308996e-05,0.0001106660020660832,0.00014600012340159536,1506
embedding_std_933,0.00012400497281724724,1.4246429187327915e-05,0.00010927499138144205,0.00014484047225428277,1507
embedding_std_135,0.00012396544047011592,2.222908387413521e-05,9.152985731969074e-05,0.00014276732937257676,1508
embedding_mean_758,0.00012374400406804783,2.0773863975927286e-05,0.00010319956880248623,0.00015152315281655006,1509
embedding_mean_650,0.0001236570595966772,1.3336415137995502e-05,0.00011047877062278598,0.0001378597555110683,1510
embedding_std_750,0.00012364969958618475,1.530137429256223e-05,9.719764385254663e-05,0.00013551461711693624,1511
embedding_mean_794,0.00012354016971180236,3.184576639179816e-05,8.760731155648263e-05,0.00015857200878250903,1512
embedding_mean_481,0.00012351620788771047,1.581921430575092e-05,9.998839871968451e-05,0.0001387833722959011,1513
embedding_std_824,0.000123483928317105,1.2277710496825015e-05,0.00011095692780065703,0.00013848128395481802,1514
embedding_mean_164,0.00012347631681636063,2.5657402017172243e-05,9.290530976507933e-05,0.00016055392565563213,1515
embedding_std_676,0.00012339116890847516,2.7126321630479263e-05,9.206608487948968e-05,0.00015087590606020405,1516
embedding_std_885,0.00012338336647731447,2.208943904569825e-05,0.00010060997289240548,0.00016003322428748444,1517
embedding_std_863,0.00012321462174039568,7.863761387494703e-06,0.00011546387760729084,0.000135236404349716,1518
embedding_mean_476,0.00012321420252618193,3.4353382413857865e-05,8.299910082519285e-05,0.00017513997643903343,1519
embedding_mean_618,0.00012311556602351625,8.132077031336541e-06,0.00010908966837781861,0.00012855772632521328,1520
embedding_mean_706,0.00012311369056374863,2.35410276224899e-05,9.740737937621183e-05,0.00015540475913109272,1521
embedding_std_984,0.00012309252108760193,2.2753575083259697e-05,0.00010341009874713365,0.00015963155133229184,1522
embedding_std_880,0.000123007753059657,1.2825355751586376e-05,0.00011087127282429838,0.00014202075258957993,1523
embedding_mean_103,0.0001229923447776607,3.0112365099840245e-05,8.34144007180905e-05,0.00015652895488289367,1524
embedding_mean_406,0.00012295137819765515,3.3512318046653196e-05,7.041539395170495e-05,0.0001535978671832856,1525
embedding_std_660,0.00012287527507926405,2.2960810285033244e-05,9.205496444145036e-05,0.00014584002030466298,1526
embedding_std_92,0.00012282071413323567,2.3255231709483933e-05,8.654071014400196e-05,0.0001476347030709858,1527
embedding_mean_605,0.00012273449605005888,1.8012149838505332e-05,0.00010665568114669631,0.00015175772652389622,1528
embedding_mean_220,0.00012269452327427467,3.506052670153531e-05,6.834267084942299e-05,0.00014967457770459583,1529
embedding_std_732,0.00012268196338989062,2.9574157462082088e-05,8.287767292566506e-05,0.00016576784917663652,1530
embedding_std_245,0.0001226665637065914,8.127215805990994e-06,0.00011084137681507757,0.00013198684088928041,1531
embedding_mean_831,0.0001226508052611577,2.3694553549026675e-05,9.730217321472899e-05,0.00016179117824377808,1532
embedding_mean_867,0.0001226301779853357,1.30739214989748e-05,0.0001058336805722539,0.00013790564345543037,1533
embedding_std_989,0.0001225958764489277,7.756697780160036e-06,0.00011586595987048602,0.0001358963907158781,1534
embedding_std_1001,0.00012249036145711806,1.8306459595582827e-05,0.00010584137283139211,0.00015386791364835226,1535
embedding_mean_1006,0.0001224902620002099,2.1001499967293156e-05,0.00010204380468235495,0.00015354649784691087,1536
embedding_mean_941,0.00012248330645165528,2.2879162681288063e-05,8.930135571123865e-05,0.00014675069555536847,1537
embedding_mean_331,0.0001224790923546963,1.7133629234382555e-05,0.00010536261092643627,0.00014681071088153472,1538
embedding_mean_397,0.00012245997667543318,1.6007680225332314e-05,9.541685660490201e-05,0.00013655220291076544,1539
embedding_mean_377,0.00012242997668706476,1.893644142381879e-05,9.467270538906689e-05,0.00014128951982042334,1540
embedding_mean_531,0.0001224022630019449,2.4894300073031472e-05,0.00010123164446113111,0.00016281631443646575,1541
embedding_std_994,0.00012239080940942306,2.9033614430302465e-05,7.78267389086383e-05,0.00014575225117674728,1542
embedding_mean_409,0.00012235136945905307,1.1953710020304772e-05,0.00010722340558579235,0.00013557214254229246,1543
embedding_std_951,0.00012233965538394382,1.2656273688348035e-05,0.0001085029788673896,0.00014012768640054427,1544
embedding_std_53,0.00012230209922878466,2.902350219942898e-05,8.943059488898347e-05,0.00016274724939760018,1545
embedding_mean_467,0.00012227724979620874,1.969955615861659e-05,9.208275534000314e-05,0.00014139330298927965,1546
embedding_std_678,0.00012225394141134803,1.9354061564058377e-05,9.346521270654042e-05,0.00014265994027288188,1547
embedding_std_192,0.00012224811595627495,1.8053396111313114e-05,9.732572964721772e-05,0.00014750038615303853,1548
embedding_mean_801,0.00012192119834039661,2.387643054057214e-05,0.00010552201251400166,0.00016381946542649267,1549
embedding_std_868,0.0001219091401794132,1.9552679239834756e-05,9.83615232385136e-05,0.00015249783009912895,1550
embedding_std_380,0.00012189724578738022,3.0399261223696128e-05,9.176776141923013e-05,0.00016334811278813084,1551
embedding_std_367,0.0001218879862493155,1.2211661618398874e-05,0.00010416154493667874,0.000133592152176632,1552
embedding_mean_909,0.00012186002571546749,1.7907496414058138e-05,9.069994268479049e-05,0.00013661140664239,1553
embedding_std_417,0.00012183315467249386,2.6194299422224337e-05,8.130029849792428e-05,0.0001497312709787251,1554
embedding_mean_107,0.00012181906651484138,2.3734455776843008e-05,9.855647217592332e-05,0.0001513664054377367,1555
embedding_std_1,0.00012175500817230645,1.5204629628353853e-05,0.00011105626546817948,0.0001482224841744997,1556
embedding_std_274,0.00012174263282598743,2.959495676734903e-05,7.495542560475751e-05,0.00015525897563150928,1557
embedding_std_426,0.00012170504949203906,3.914569435736942e-05,8.867172973562856e-05,0.00016839905597165674,1558
embedding_mean_247,0.00012169259373967902,1.7928408612328044e-05,0.00010170278743691843,0.00014618983605186076,1559
embedding_std_298,0.00012168975096375012,1.5398713436093576e-05,0.00011007516521838005,0.00014794430498255877,1560
embedding_mean_708,0.00012168252283632423,1.74025336813059e-05,9.552009449113262e-05,0.00013806657147512257,1561
embedding_std_819,0.00012160720344613291,2.277443785937328e-05,9.643007819922949e-05,0.00014522486089285088,1562
embedding_std_690,0.00012156785051404932,2.1266724941737594e-05,0.00010645322847697323,0.00015814681894098633,1563
embedding_mean_169,0.00012153157381002072,2.7826173409470537e-05,8.807545244316023e-05,0.00016357225375697478,1564
embedding_std_962,0.00012150705710715756,2.787393175056484e-05,9.110076676599766e-05,0.0001533826277633516,1565
embedding_std_743,0.00012144926374374205,2.0424661553715698e-05,9.47796588210179e-05,0.00014803260771487276,1566
embedding_mean_543,0.00012143678916804875,1.8091554148186306e-05,0.00010851593620025359,0.00015281599723930117,1567
embedding_mean_573,0.00012141648500585678,1.0460596288831928e-05,0.00010539536449519838,0.0001339677244402383,1568
embedding_std_647,0.00012138592620718936,8.83302792210432e-06,0.00011059083252824014,0.0001315737954063682,1569
embedding_std_464,0.00012128494828858088,3.2843485187818955e-05,7.470540596848535e-05,0.0001664702676414707,1570
embedding_mean_710,0.00012122900063572394,1.6966650753705175e-05,0.00010124285837983068,0.000146702239604941,1571
embedding_std_90,0.00012119922405688344,1.3158182958774592e-05,0.00010176138338880987,0.00013694614292016343,1572
embedding_mean_1015,0.00012113314671780827,6.0621559877822915e-06,0.00011751101894132563,0.0001317496283516681,1573
embedding_std_1008,0.00012100592675450403,2.9780662104656593e-05,8.78233130124654e-05,0.00016843188619600677,1574
embedding_mean_50,0.00012084629351467287,2.0195864985028617e-05,9.439282532901668e-05,0.00014121395848617265,1575
embedding_mean_277,0.00012064935541486745,2.5400433863192745e-05,9.302782946498983e-05,0.0001621139407787142,1576
embedding_std_507,0.00012063051904269374,1.9800210094336863e-05,9.730490414158509e-05,0.00014226001125008524,1577
embedding_mean_410,0.00012059652759599197,2.7282354715718902e-05,7.607191242886721e-05,0.00014974776219299097,1578
embedding_std_305,0.00012054752298491546,1.313369447647926e-05,0.00010583278837606284,0.00014150546181466056,1579
embedding_mean_336,0.0001204989209904031,2.4368609117235723e-05,0.00010176247905238722,0.0001618077504341589,1580
embedding_std_891,0.00012041139477938336,2.9196685097659843e-05,0.000100537031272157,0.00017186383003686844,1581
embedding_std_720,0.00012040268643584231,2.0727045543414732e-05,9.501844693042339e-05,0.0001455142158775501,1582
embedding_mean_1004,0.00012026849772904726,1.6735869255157727e-05,0.0001050289679587322,0.0001470505380097468,1583
embedding_mean_716,0.00012026221494988414,1.1533634656901234e-05,0.0001004731639491235,0.00012971635843971567,1584
embedding_std_715,0.00012025166113763571,2.1769871481689867e-05,9.459845666665316e-05,0.0001497843696795024,1585
embedding_mean_296,0.00012023484229950701,1.0362969652003536e-05,0.000108103880918251,0.00013219743523500097,1586
embedding_mean_583,0.00011995612037860663,3.1234896574868336e-05,8.129671008517763e-05,0.00015424326745537345,1587
embedding_mean_221,0.0001198923672735427,3.407897345560622e-05,7.260084491460603e-05,0.00016103478561237645,1588
embedding_std_663,0.00011987571868233595,2.911912758164139e-05,8.665077299557082e-05,0.00015821475871758258,1589
embedding_mean_496,0.00011986845101588058,1.1667102118020485e-05,0.00011006834344105002,0.00013658570618093414,1590
embedding_mean_956,0.0001198678049734227,2.124141379293183e-05,9.238685251249672e-05,0.0001498521799081418,1591
embedding_std_700,0.00011973365738819161,1.912972079281181e-05,9.27070088891083e-05,0.0001458908786291274,1592
embedding_std_405,0.00011970220323066742,1.940953257576605e-05,9.199958691557862e-05,0.000137449157769713,1593
embedding_std_278,0.00011969618167327301,1.8881525357574556e-05,9.771915882570663e-05,0.00014945339237078744,1594
embedding_mean_709,0.00011969041002690898,1.6569373816415675e-05,0.00010677233598381264,0.0001446174257110204,1595
embedding_mean_725,0.00011960674240351978,2.0007422087143933e-05,9.369765935136603e-05,0.00013706717851815403,1596
embedding_mean_18,0.00011959958041374463,2.90531355868158e-05,9.585226967471046e-05,0.00016680134540971142,1597
embedding_std_68,0.00011952435415694073,1.3640863077118166e-05,0.00010671138512507619,0.0001407814762055633,1598
embedding_std_940,0.00011952153726544564,2.774734572748565e-05,7.813355193764616e-05,0.00015329481963297537,1599
embedding_std_94,0.00011951077819757996,1.818500255272281e-05,8.714431916041039e-05,0.00013071835437397474,1600
embedding_std_1010,0.00011948601319564671,2.084766946352397e-05,9.882176025333447e-05,0.00015174995699093768,1601
embedding_mean_638,0.00011944017556318062,1.8799923753234076e-05,9.092743688588254e-05,0.0001405422227544865,1602
embedding_mean_146,0.00011940270802668174,6.994710835633547e-06,0.00010899351376947007,0.00012770898479218747,1603
embedding_std_29,0.00011939568649619749,1.6912631634969456e-05,9.919814220864191e-05,0.00014012695753624503,1604
embedding_std_117,0.0001193749169178196,2.010521589787325e-05,9.567777511714377e-05,0.00014518012936758984,1605
embedding_std_597,0.0001193550811836371,3.085693216082297e-05,8.389357362992221e-05,0.0001565526118548716,1606
embedding_std_340,0.00011931578110744117,3.057444791817085e-05,8.232408868413186e-05,0.0001671840574178882,1607
embedding_mean_853,0.00011924318757219276,1.5711277097075878e-05,0.00010235896145048108,0.00014324111039359258,1608
embedding_mean_891,0.00011921553015164707,3.1172460871140004e-05,9.826381212352112e-05,0.00017420893270125105,1609
embedding_std_982,0.00011907201777411046,9.935113363876155e-06,0.00010629556642207482,0.00013309203150104097,1610
embedding_std_216,0.0001188425376598833,1.0810652846619285e-05,0.00010411527036556784,0.00013421183463346373,1611
embedding_mean_814,0.00011874116814749585,1.1851640279989708e-05,0.00010431338713857778,0.0001335119059688767,1612
embedding_mean_727,0.00011872275210753267,3.010314613811969e-05,8.445291154176973e-05,0.00016702735076118248,1613
embedding_std_745,0.00011871556152071508,6.389264931952459e-06,0.00011145096736126649,0.0001264050781194785,1614
embedding_mean_1019,0.00011869436956579599,1.2277501523408313e-05,0.00010274388798699054,0.00013328620503130136,1615
embedding_std_207,0.0001186243073658275,1.7140015469301057e-05,9.921952615206007e-05,0.00013241870309521912,1616
embedding_std_874,0.00011843663164429999,1.8368611662223307e-05,8.741458850947481e-05,0.00013226457074327558,1617
embedding_mean_256,0.00011829328365217152,5.35673999236493e-05,8.11183710904848e-05,0.0002113492131963735,1618
embedding_std_467,0.00011828336201537181,5.6725834838304125e-06,0.00011193514616909162,0.0001249665417011164,1619
embedding_mean_420,0.00011825404737631055,2.1625309477909852e-05,9.613566182551994e-05,0.0001526555066066605,1620
embedding_mean_176,0.0001181270580063698,1.5117797086842342e-05,0.000106781461136957,0.00014199625197417736,1621
embedding_mean_448,0.00011804063994693481,1.9043149262705352e-05,8.852364275583015e-05,0.00014127336794876865,1622
embedding_mean_608,0.00011803537689032868,1.1258553042651879e-05,0.00010342099282213308,0.00013056919322636465,1623
embedding_mean_29,0.00011795728667256119,1.3029177272889776e-05,0.00010066171960533831,0.00013620345786306842,1624
embedding_mean_389,0.00011783008211981974,2.4523319312199785e-05,8.447945079830732e-05,0.00015239725708228338,1625
embedding_std_621,0.0001178152906023649,2.3524059861735842e-05,8.505311886994061e-05,0.00015076768676995826,1626
embedding_std_393,0.0001176748493413521,2.1617772310581508e-05,9.31289802164267e-05,0.0001490296902200401,1627
embedding_std_664,0.00011755579546499835,1.6651323266870585e-05,0.00010182653050947073,0.00014202932588987737,1628
embedding_mean_140,0.00011755547691493675,1.7483041778775967e-05,0.00010261533213287552,0.0001462701840577422,1629
embedding_std_198,0.00011748131460898803,3.403010438951939e-05,9.165366742224971e-05,0.0001648479096720539,1630
embedding_mean_460,0.00011746948612695051,4.267667649880126e-05,4.633656746290077e-05,0.0001561985434176288,1631
embedding_mean_253,0.0001173387600539897,1.2692118160589115e-05,0.00010267185832532749,0.00013093238537259912,1632
embedding_std_805,0.00011723958235387959,2.3549901894799818e-05,7.620683566094963e-05,0.00013346384171819255,1633
embedding_mean_715,0.00011719822884783224,1.5225888746701966e-05,9.35482151917777e-05,0.000130444279981857,1634
embedding_mean_369,0.00011714263628930805,2.1762769606453574e-05,9.239439580764284e-05,0.00014310909862709178,1635
embedding_std_159,0.00011705548260222212,1.006017677389451e-05,0.00010228901687183624,0.00012994432622802734,1636
embedding_std_281,0.00011704671006444877,2.4043025815456875e-05,8.239370092718571e-05,0.00013972271914662515,1637
embedding_std_369,0.00011704290085483788,2.0890050526007797e-05,9.200697152020815e-05,0.0001500898372270539,1638
embedding_std_473,0.00011695622804501551,1.6035135556036683e-05,0.00010155368893989936,0.0001421390138970338,1639
embedding_mean_675,0.00011695355037968942,2.575446292819327e-05,8.001605665657471e-05,0.00014124450787635748,1640
embedding_std_149,0.0001169435784166852,2.6248975948158717e-05,7.486388377417441e-05,0.00014324045533844378,1641
embedding_mean_54,0.0001168548940016548,1.426854569002629e-05,0.00010258558469543676,0.00013561959050034227,1642
embedding_std_730,0.00011683502194914595,1.835680484157429e-05,9.276567166884334e-05,0.00013539650727973976,1643
embedding_std_148,0.00011672514037578655,1.7763621380605918e-05,9.420786691258314e-05,0.0001339939802777705,1644
embedding_mean_525,0.00011663228810317016,1.2061148294678922e-05,0.00010033002182593594,0.00013279001921948083,1645
embedding_std_829,0.00011659725023857144,2.4511515839743702e-05,9.764673278954728e-05,0.00015315418358519353,1646
embedding_std_773,0.00011657229566297461,1.3759239939543364e-05,0.00010673769861596909,0.0001407027819520735,1647
embedding_mean_187,0.00011656053677777389,2.0184028449093686e-05,8.5522917066026e-05,0.00014209300880291107,1648
embedding_mean_384,0.00011654065910764423,2.190346966701852e-05,8.946504068128936e-05,0.00014403521185303553,1649
embedding_mean_790,0.00011648389701538649,3.211545463546715e-05,9.254725604690305e-05,0.00017131248439954745,1650
embedding_std_422,0.00011646411044474454,2.2965020665346148e-05,8.093773724111142e-05,0.000138322026335591,1651
embedding_std_645,0.00011638283568984222,1.8716389712182215e-05,0.00010326738082213244,0.0001476815305518723,1652
embedding_mean_511,0.00011635622295510563,2.43013151556059e-05,9.016689471382376e-05,0.00014622332385677203,1653
embedding_std_42,0.00011631679107243696,1.1621935066832406e-05,0.00010255140846935501,0.00013328503692258418,1654
embedding_std_877,0.00011630520749024674,1.2415392152275712e-05,0.00010284111787386162,0.00012894706516436915,1655
embedding_std_850,0.00011621033790791576,1.0137061149807785e-05,0.00010342197875649843,0.0001253564515612288,1656
embedding_std_46,0.00011619189086877452,1.5787217931124403e-05,9.519427558720511e-05,0.00013569527725153835,1657
embedding_std_476,0.00011617207921418382,3.2234017629088534e-05,8.923648637252282e-05,0.00016976015611853236,1658
embedding_mean_440,0.0001161390450905904,1.3805262600437168e-05,0.00010611900292321761,0.00013919865394219823,1659
embedding_std_964,0.000116135889205606,1.2972147061839496e-05,0.00010316715621272805,0.00013412148243883707,1660
embedding_mean_558,0.00011613200587934246,3.351491746820897e-05,8.876070108701086e-05,0.00017146351359151768,1661
embedding_mean_720,0.00011611051780568457,1.4917175926974645e-05,9.424239811868874e-05,0.00013081522854349595,1662
embedding_mean_825,0.00011600862582329509,2.4529034525427807e-05,8.036257481211035e-05,0.0001460796016766624,1663
embedding_std_456,0.00011599359433288702,1.0597855601958295e-05,9.97884213386615e-05,0.0001275019818783826,1664
embedding_std_751,0.000115975341338093,1.5380267828000204e-05,9.571873164695866e-05,0.0001307810460174113,1665
embedding_std_767,0.0001159491332768035,1.1954797203026204e-05,9.875784299257249e-05,0.0001263114617764113,1666
embedding_std_307,0.00011591176228232169,2.7782186595607163e-05,9.046930282836252e-05,0.0001587764359885604,1667
embedding_mean_811,0.00011586250264325587,1.8454325076062555e-05,9.904023232544256e-05,0.00014520357987876363,1668
embedding_std_317,0.00011583715980288262,2.5659671982546572e-05,9.149879503613798e-05,0.00015866365851061268,1669
embedding_mean_522,0.00011580815577503011,2.942049930853168e-05,6.822634092437796e-05,0.00014546763272419333,1670
embedding_mean_609,0.00011572756908724011,1.302681447600445e-05,9.668171124651584e-05,0.0001286186407658428,1671
embedding_mean_555,0.00011570149738614937,2.4721281180709107e-05,7.366709480534928e-05,0.00013840842588403184,1672
embedding_mean_249,0.00011561211292527604,1.6140043298507864e-05,9.923226654654623e-05,0.00013778035301423435,1673
embedding_mean_217,0.00011557181634193692,2.0583963977184964e-05,9.730591542831563e-05,0.00015042904540337737,1674
embedding_mean_598,0.00011553966497113751,2.8521406810261845e-05,8.708920548255307e-05,0.0001627553948227506,1675
embedding_std_378,0.00011545345532396742,2.7317001232291443e-05,7.622720139086143e-05,0.00014579705400439712,1676
embedding_mean_183,0.0001153464573831176,2.6113060861126484e-05,7.468094532819608e-05,0.00014288642022978985,1677
embedding_mean_529,0.00011528550159935404,1.0858355841838109e-05,0.00010711511468225562,0.00013402442824853755,1678
embedding_std_122,0.00011526501469446432,1.3882384277763902e-05,0.00010122195705110288,0.00013101694045771409,1679
embedding_mean_305,0.00011518394108403509,5.507972735736152e-05,7.262498796425361e-05,0.0002095499057829306,1680
embedding_std_11,0.00011509951644415291,4.9355068320586424e-06,0.00010920200958041735,0.0001222151370162304,1681
embedding_std_8,0.00011506906712854916,1.4840233453238996e-05,9.85396497958284e-05,0.00013371713651489988,1682
embedding_std_292,0.0001150298970934683,1.472289902696559e-05,9.369235443818106e-05,0.00013517289030184876,1683
embedding_std_560,0.00011500826322163986,1.4131416690532757e-05,9.779531696408913e-05,0.00013647632935987337,1684
embedding_mean_401,0.00011480054717524493,3.2385835054727944e-05,7.857634431263895e-05,0.00016415772352376573,1685
embedding_std_778,0.00011475075782533376,4.880544556091055e-06,0.0001090840843800832,0.00012169036569615383,1686
embedding_std_747,0.00011474134750957651,1.6062082392707176e-05,0.00010467927725517537,0.00014267789309461334,1687
embedding_mean_301,0.00011472316485695202,1.1699335168208589e-05,0.00010345103618043496,0.00013324239236961423,1688
embedding_std_272,0.00011463067962346214,2.0100858230203634e-05,9.586692549144247e-05,0.00013659219825738815,1689
embedding_std_757,0.00011458303857053592,1.5084275563991569e-05,0.00010180449316298243,0.00013981324304799473,1690
embedding_std_689,0.00011457212495753336,2.1177135674504198e-05,9.713345156068226e-05,0.00014637961988157665,1691
embedding_std_786,0.00011454269039235623,1.7501543775838855e-05,9.058634643001573e-05,0.00013888470923743824,1692
embedding_std_193,0.00011453869176278214,1.9951078384584735e-05,8.65392720573349e-05,0.00014119433351448977,1693
embedding_std_830,0.00011437571060973089,7.389794394885644e-06,0.00010290221996940368,0.00012260636494926963,1694
embedding_std_623,0.00011437435985402291,1.4350751432195084e-05,9.300570793475477e-05,0.0001283701741475005,1695
embedding_mean_391,0.00011436834782869318,3.359138476479614e-05,7.197567885064406e-05,0.00015178107803488886,1696
embedding_mean_932,0.00011433814754745776,2.0944814021922857e-05,9.030139618936598e-05,0.0001428175631308339,1697
embedding_std_51,0.00011433224617501955,2.513122288556532e-05,8.15369741070516e-05,0.00013977225445199764,1698
embedding_std_563,0.00011433028939883019,5.44613970052151e-06,0.00010591093574829055,0.00012026473191506274,1699
embedding_std_471,0.00011427601641458662,1.6721311557949204e-05,9.795969452230275e-05,0.00013777923180098998,1700
embedding_mean_34,0.00011422703853519668,1.3101423883202966e-05,9.437531497519991e-05,0.0001288423822391293,1701
embedding_std_521,0.00011417309934474481,7.826508652827351e-06,0.00010504994477266257,0.00012569484450763657,1702
embedding_mean_855,0.00011398687075064088,2.440804035040084e-05,9.925290042047079e-05,0.0001569650459382963,1703
embedding_std_728,0.00011398117563101713,1.0916136556855122e-05,0.00010247588346869681,0.00012516194040479705,1704
embedding_std_296,0.00011396558718625876,2.1951543570689843e-05,7.747191871286975e-05,0.00013212748047876442,1705
embedding_std_622,0.00011391519682923021,1.4581290871658785e-05,9.861573938244557e-05,0.00013073578612013195,1706
embedding_std_83,0.00011390959192268498,1.739200134131313e-05,9.558182646158318e-05,0.00014055328051521503,1707
embedding_mean_400,0.00011387082334100515,1.7595404404352975e-05,8.551258432532862e-05,0.00013292648468637421,1708
embedding_mean_733,0.00011383406930777086,1.6947189726383308e-05,8.594433807725665e-05,0.0001268405396203799,1709
embedding_mean_972,0.00011357680615304955,1.660817489702616e-05,9.172437559976808e-05,0.00012949703365089932,1710
embedding_std_604,0.00011355498189107339,1.2370280824769932e-05,0.00010150280877711798,0.000131983328742184,1711
embedding_std_872,0.0001135301600494899,1.0023325671372513e-05,0.00010337857668336552,0.00012741159150932117,1712
embedding_std_142,0.00011349023558967419,1.9272828986222744e-05,8.38238025956862e-05,0.00013106146351492043,1713
embedding_std_737,0.00011345012182095509,1.457643015803323e-05,9.666467118007932e-05,0.00012960581652407663,1714
embedding_mean_212,0.00011335963992815908,2.4783052393410526e-05,7.770963746304024e-05,0.00014416834686893399,1715
embedding_std_498,0.00011321671189549916,2.7134277590575534e-05,9.686010322088025e-05,0.0001611407269627348,1716
embedding_std_950,0.0001131956912032886,5.3939492702366265e-05,6.540332548281073e-05,0.0002052265942038583,1717
embedding_std_501,0.00011318588584706886,2.6925646766613465e-05,7.441266016851596e-05,0.0001494532339888066,1718
embedding_std_958,0.00011317921425744899,1.5105054983389254e-05,0.0001002898766408044,0.0001343222417552575,1719
embedding_std_613,0.00011317342125427342,1.7247268406930023e-05,9.570304126927695e-05,0.00013893174183193113,1720
embedding_mean_994,0.00011312920696006646,2.323377405054763e-05,9.304176601482658e-05,0.00014268189182011198,1721
embedding_std_727,0.00011310044992648693,1.655029659790589e-05,9.27900333785935e-05,0.00013895199470672067,1722
embedding_mean_22,0.00011309070001997175,2.7433824721183073e-05,8.772639887150544e-05,0.00015944925775170573,1723
embedding_mean_626,0.00011304105588996402,1.213905186193295e-05,9.619061479540332e-05,0.00012708505792615758,1724
embedding_std_992,0.00011296507742860483,2.6774066864661318e-05,6.608276515791368e-05,0.0001326631801220907,1725
embedding_std_39,0.00011292145323571428,1.069407005881179e-05,9.856280225064788e-05,0.0001282511657256258,1726
embedding_std_967,0.0001128284968922663,1.5795221219682896e-05,9.955590367381486e-05,0.0001391715123707106,1727
embedding_mean_461,0.00011280761310151313,1.3786808326340958e-05,9.661167349946736e-05,0.0001334385684639632,1728
embedding_mean_138,0.00011280139162127373,1.683364744444708e-05,9.208194038291001e-05,0.00013824205784677377,1729
embedding_mean_595,0.00011277886830942903,3.212851970068894e-05,7.559076190099374e-05,0.00014529262949519172,1730
embedding_std_116,0.00011277766468075292,1.579332951814425e-05,9.376723734233849e-05,0.00013744348331065198,1731
embedding_std_133,0.00011273305138916444,2.2764262340636696e-05,9.551326967571257e-05,0.00014947631155090845,1732
embedding_mean_102,0.00011270939402660827,1.583679721154316e-05,0.00010059461833602085,0.00013888663059744287,1733
embedding_mean_121,0.00011269667845142176,1.6508400073554325e-05,9.852860102734394e-05,0.0001400906013889022,1734
embedding_std_221,0.00011265535107072869,3.089535125238487e-05,6.92936084082872e-05,0.00015047755306446544,1735
embedding_std_440,0.00011257190237804939,1.9899730275589387e-05,8.380560828356135e-05,0.0001398468553360224,1736
embedding_mean_244,0.0001125387351213354,1.2465556417032964e-05,9.49375578840113e-05,0.0001254809272373181,1737
embedding_std_955,0.00011251883360543255,9.864990425781442e-06,0.00010395803213822152,0.00012443206857658135,1738
embedding_mean_85,0.00011242898217621329,1.4743397657707159e-05,9.163372697618968e-05,0.00013037299122537166,1739
embedding_std_228,0.000112338688120899,2.500571712416702e-05,7.969404151302698e-05,0.00014113169712429136,1740
embedding_mean_564,0.00011231520374569138,1.027153066200141e-05,9.767431280725087e-05,0.0001261171670801815,1741
embedding_mean_340,0.00011226776194606436,7.457063171433591e-06,0.00010401268239872284,0.00012179606291759572,1742
embedding_mean_623,0.00011220592085601864,2.4227974470402486e-05,8.210281923035121e-05,0.00013491808482874346,1743
embedding_mean_671,0.00011220120379298483,2.8232537417121675e-05,8.087914180589183e-05,0.00014242076960252012,1744
embedding_mean_527,0.00011209136169837749,1.821149533105783e-05,9.217514004564933e-05,0.00013310948135250274,1745
embedding_mean_125,0.00011208700161638328,4.0632306008764796e-05,6.685528395332945e-05,0.0001731375689270241,1746
embedding_mean_413,0.00011196431305063774,3.052561037944576e-05,6.000237094679844e-05,0.00013862438094108492,1747
embedding_std_283,0.00011196406603177465,3.792519341212297e-05,7.052019715038988e-05,0.0001695427594090575,1748
embedding_std_903,0.00011186668730278396,1.603866191736897e-05,9.757750450831513e-05,0.00013491404191155116,1749
embedding_std_736,0.00011179192915775313,2.144355241638215e-05,7.589003095934741e-05,0.00013168958678734947,1750
embedding_std_36,0.00011175178357648707,1.4135069341571755e-05,9.074593252127191e-05,0.0001284279341642971,1751
embedding_std_659,0.00011165211098934958,8.963556219742537e-06,0.00010036499282681818,0.0001232159637031147,1752
embedding_std_357,0.00011163574887149499,2.239374665210221e-05,8.738770569250615e-05,0.00013912639576323346,1753
embedding_mean_898,0.00011161367620000136,2.155763568796984e-05,8.734368033327514e-05,0.0001463118164630056,1754
embedding_mean_97,0.00011157567763017958,2.3148486446309983e-05,7.55239147828614e-05,0.00013254942520765693,1755
embedding_std_999,0.00011155451344300389,1.9513463314077107e-05,8.728910943095427e-05,0.0001416209838400479,1756
embedding_std_165,0.0001114200994176149,1.15732830070766e-05,9.511844114730175e-05,0.00011995250972185822,1757
embedding_std_103,0.0001113561785721728,1.7956097998558564e-05,9.287091896068486e-05,0.0001411884221407594,1758
embedding_std_915,0.00011133699644733637,1.773993646852161e-05,9.566774400294532e-05,0.00014037427861724922,1759
embedding_mean_858,0.0001113301809609249,1.5978058133042456e-05,9.673761056178423e-05,0.00013821347914108042,1760
embedding_mean_74,0.0001113014125277579,2.5062423912109196e-05,9.170191514093281e-05,0.00015514944774368318,1761
embedding_mean_444,0.00011129564674293735,1.3016755754427344e-05,9.392175542813828e-05,0.0001239209681448687,1762
embedding_mean_610,0.00011126103844751633,1.6916143350980827e-05,8.766317526266745e-05,0.00013411636252013708,1763
embedding_std_379,0.00011123941767402664,2.183453739956943e-05,8.631762383145024e-05,0.00014322060242749193,1764
embedding_mean_195,0.0001111947613005509,2.086361261976054e-05,8.155242669869753e-05,0.00013165025346536401,1765
embedding_mean_381,0.00011112103353487146,2.9748968625871352e-05,6.0650890060165636e-05,0.00013667665239425807,1766
embedding_std_30,0.00011109549206348327,1.46267247451832e-05,9.4634339435701e-05,0.0001286217511958628,1767
embedding_mean_456,0.00011109036652159532,1.5411026790680208e-05,9.496280354082248e-05,0.00012889682347216582,1768
embedding_mean_62,0.00011104316921019379,1.4302009070608185e-05,9.078967342449606e-05,0.00012307483893364432,1769
embedding_mean_713,0.00011096050759983756,1.1231599869309653e-05,9.799877349446559e-05,0.00012425465684310613,1770
embedding_mean_396,0.00011093572838475219,9.596339466737685e-06,0.0001006117766225665,0.00012314184236092085,1771
embedding_mean_513,0.0001109141940496394,8.63733668613269e-06,0.0001013176907369916,0.00012322282947694723,1772
embedding_std_744,0.0001109036892491365,4.594961716293746e-06,0.00010482017607622213,0.00011742125265772355,1773
embedding_std_949,0.00011088706144135166,5.832763216065416e-06,0.00010356681616683288,0.00011906279242707499,1774
embedding_std_807,0.00011084817529190493,2.4529123637514315e-05,8.873325365705821e-05,0.0001464559002141878,1775
embedding_mean_175,0.00011084297418415849,2.0406202518403378e-05,9.016798394299736e-05,0.000144853339802195,1776
embedding_std_349,0.00011080155021456148,1.055207913983166e-05,9.512586455642178e-05,0.0001211925839930357,1777
embedding_mean_680,0.00011076313330191528,1.6053637958865883e-05,8.434737061485927e-05,0.0001227179659766005,1778
embedding_std_764,0.00011073823681256826,7.916350407733352e-06,0.0001019525152604442,0.00011913452833345815,1779
embedding_mean_486,0.0001107267428615643,2.7107157965040086e-05,7.180678408646632e-05,0.00014782575310686642,1780
embedding_mean_47,0.00011072118780848304,1.0366791727682277e-05,9.983065044883132e-05,0.00012665077529613707,1781
embedding_std_733,0.00011067233038380303,1.988396477053642e-05,9.286091531715477e-05,0.00014121197126671438,1782
embedding_mean_171,0.00011063937829936675,1.1914433992421419e-05,9.441260067967084e-05,0.00012285797599310782,1783
embedding_mean_363,0.00011060199524996649,1.802675107436383e-05,8.953972214755689e-05,0.00013544601771517666,1784
embedding_std_144,0.0001104347522374377,1.3108599681219067e-05,8.788620090333607e-05,0.00012115009111176608,1785
embedding_std_985,0.00011035697935663732,7.176501028857538e-06,0.00010344547081246587,0.00012149422372945544,1786
embedding_mean_259,0.00011035679279211014,2.314663252211435e-05,7.318191236957239e-05,0.0001316047121242336,1787
embedding_mean_630,0.00011035322119471221,8.547928041088016e-06,9.94390386686348e-05,0.00011884199598668707,1788
embedding_mean_744,0.00011029939950704872,1.3384975134974615e-05,9.737030716876846e-05,0.00012990261423662032,1789
embedding_std_227,0.00011022444043666527,1.8618252585426716e-05,7.708530777468112e-05,0.00012056498611804828,1790
embedding_std_260,0.00011019555984997549,1.602710156887464e-05,9.151996526149912e-05,0.0001338756711683769,1791
embedding_std_362,0.00011005890370580218,2.17191179242218e-05,9.339099195383212e-05,0.00014646900747612964,1792
embedding_mean_628,0.00011004313797737298,1.7323257067889907e-05,9.194819319806456e-05,0.00013620782883629122,1793
embedding_std_844,0.00010999932236314333,3.7662677626157774e-05,5.766185627624281e-05,0.00015150565930465226,1794
embedding_std_91,0.00010980289326087928,6.771249749833015e-06,0.0001032498273018883,0.0001176604277665203,1795
embedding_mean_759,0.00010980226414661653,1.3604020475047912e-05,9.450652707424817e-05,0.0001230763186210703,1796
embedding_std_923,0.0001096528571587054,2.3762538262619362e-05,8.979471349171265e-05,0.00014751435947966428,1797
embedding_std_410,0.00010961233529184467,9.575896220967015e-06,9.604181993551332e-05,0.0001204714465821381,1798
embedding_mean_869,0.00010940230466828183,1.807024633571278e-05,8.29983213700123e-05,0.0001249352940212332,1799
embedding_mean_784,0.0001092769213856977,1.3683799385868954e-05,8.772787504906201e-05,0.0001234136064509174,1800
embedding_std_559,0.00010909146157658594,1.4090728328772647e-05,9.60350630280654e-05,0.00012761751553196644,1801
embedding_std_289,0.00010905361486930677,8.675361862950582e-06,9.724067426668422e-05,0.00011939660633120425,1802
embedding_mean_961,0.00010903326435418015,2.6035267060761256e-05,6.483713684807941e-05,0.00012922351229823238,1803
embedding_mean_317,0.0001089995644381509,2.0346094061847325e-05,8.847637886188397e-05,0.0001376550857750928,1804
embedding_mean_929,0.00010885346698562057,2.5928569056334572e-05,6.908319602100192e-05,0.00013480685615574475,1805
embedding_std_191,0.00010883241781397252,1.1047278241567716e-05,9.955350931785224e-05,0.00012799441812153407,1806
embedding_mean_635,0.00010875561494669053,2.5259764960094495e-05,8.385875505111815e-05,0.00014864881183266186,1807
embedding_mean_980,0.00010865231735985818,8.000886449280085e-06,9.789889319448008e-05,0.00011516398468231548,1808
embedding_std_569,0.00010845423702391974,1.154846453519558e-05,9.56396838206193e-05,0.00012483546753512464,1809
embedding_std_338,0.00010838711411215286,1.3175153076712164e-05,9.756072960540495e-05,0.00012827886643881008,1810
embedding_std_605,0.00010837346048403037,2.7919217552418596e-05,6.2767161354265e-05,0.00013117650669130325,1811
embedding_std_413,0.00010834669385145818,1.6348960439742365e-05,9.470808436150536e-05,0.00013431504974554013,1812
embedding_std_412,0.00010834004205617458,3.179340367648064e-05,6.210497707674825e-05,0.0001499641442995844,1813
embedding_mean_520,0.00010833352600921253,1.1961495676532298e-05,9.678286046334775e-05,0.00012721940545173323,1814
embedding_mean_294,0.00010826203712022522,1.2465368791224808e-05,9.317552426255699e-05,0.00012463372044620535,1815
embedding_std_673,0.00010826041712063894,1.6445389621211043e-05,8.930561119254792e-05,0.00012425975460651526,1816
embedding_mean_388,0.00010824678963183162,3.231502817213023e-05,6.52177847688941e-05,0.00015611567091992245,1817
embedding_std_262,0.00010809318567854415,2.106330780155327e-05,7.445276743117396e-05,0.00012488901606765127,1818
embedding_mean_113,0.00010807980720411967,2.3240624532372802e-05,8.145228387449802e-05,0.00014475765789484597,1819
embedding_std_304,0.0001079894576333206,1.4992372467545311e-05,9.183482769894263e-05,0.0001256739629519093,1820
embedding_mean_104,0.00010785012147365327,1.5920749620656635e-05,8.24202803845971e-05,0.0001246428857616628,1821
embedding_std_574,0.00010783269885227381,2.238500752025131e-05,7.65858110482434e-05,0.00013251215998101275,1822
embedding_std_893,0.00010783087589874057,1.3037716459427826e-05,9.341813454718414e-05,0.00012770484938778414,1823
embedding_mean_213,0.00010775605370757176,1.8914135816169267e-05,9.742529338275435e-05,0.00014138581823114257,1824
embedding_mean_642,0.00010775080684229414,4.312352733359552e-05,4.6656759899282945e-05,0.00016125749231763497,1825
embedding_std_368,0.00010755847487165932,2.5837771726134186e-05,8.401832287386689e-05,0.00014533822151511854,1826
embedding_mean_368,0.00010745753727992766,2.2903863742992458e-05,8.038687221245154e-05,0.00014175903059219965,1827
embedding_std_870,0.00010744388326097312,1.7551849126557664e-05,7.871783776924189e-05,0.00012399509067239104,1828
embedding_std_399,0.00010737530061981808,9.805420859164355e-06,9.648581130263538e-05,0.00012023263201356768,1829
embedding_mean_419,0.00010729795828167421,1.8640383795497124e-05,8.729567310249099e-05,0.0001365843484462444,1830
embedding_std_551,0.00010728415004544578,4.239182582964611e-06,0.00010319310046262613,0.00011413642979156248,1831
embedding_std_395,0.00010724646737624213,1.017607764309479e-05,9.839190545202469e-05,0.0001214697996334966,1832
embedding_std_842,0.00010723083339942669,1.080227397304067e-05,9.575812987733679e-05,0.00012000740977330682,1833
embedding_std_669,0.00010721354540758252,1.9656597643891827e-05,8.906495304623851e-05,0.00014081652709735165,1834
embedding_mean_993,0.00010718044419463176,1.3065466773806599e-05,8.7269435207022e-05,0.0001228767772810163,1835
embedding_std_882,0.0001071770055680317,3.0668478482857995e-05,7.171774644496818e-05,0.00015001719200508572,1836
embedding_mean_82,0.00010712396101843303,1.1496409790014855e-05,9.326893133859148e-05,0.00011992634629584143,1837
embedding_std_856,0.00010706510408192062,1.671565122610452e-05,8.245058787202684e-05,0.0001229400621871492,1838
embedding_mean_319,0.0001070401716675169,1.1605904582954464e-05,9.524207284334516e-05,0.00012067663524086075,1839
embedding_mean_981,0.00010697951938059824,9.981683291974352e-06,8.95099536917151e-05,0.00011398532371973139,1840
embedding_mean_26,0.00010691365007158434,2.5082916718353058e-05,8.650513554413271e-05,0.0001417530160282222,1841
embedding_std_541,0.00010690241939532512,1.9477244300904112e-05,8.55833087137889e-05,0.00013595216829737522,1842
embedding_std_309,0.00010661437687807265,1.1493014010413094e-05,9.359862052798661e-05,0.00012275655955571162,1843
embedding_mean_242,0.00010659991825834017,2.4458941736129242e-05,7.495471641037861e-05,0.0001423656886938263,1844
embedding_mean_1021,0.00010649792836472291,1.140631249668726e-05,8.754430778295961e-05,0.00011793612932406455,1845
embedding_std_386,0.00010645972236351161,2.0060077829995152e-05,8.719767806672642e-05,0.00013796224009068682,1846
embedding_mean_837,0.00010633939141103122,2.958859142771939e-05,9.138430488452002e-05,0.00015921614157255365,1847
embedding_std_457,0.00010630649618093527,1.4314156273093692e-05,9.242899195414795e-05,0.00012889587847476455,1848
embedding_std_428,0.00010620581486688587,1.579604739392353e-05,8.835106841862269e-05,0.00012961903204159112,1849
embedding_mean_15,0.00010616825816416925,7.290897223346536e-06,9.820076831301751e-05,0.00011621125859840208,1850
embedding_mean_1016,0.00010607782474082073,1.5813003950841274e-05,8.961460530060512e-05,0.00012731942629004618,1851
embedding_mean_209,0.0001060141713238648,3.35036672690795e-05,4.908679586502402e-05,0.00012893110034863277,1852
embedding_std_171,0.00010600435325500439,9.707622232078073e-06,9.441337954732549e-05,0.00011356022182270051,1853
embedding_std_695,0.00010600402430153155,3.0117117399172603e-06,0.00010249888440336933,0.00010963855947140636,1854
embedding_std_632,0.00010595915913890455,1.0156072876173284e-05,9.714119830202019e-05,0.00012350762048789137,1855
embedding_std_176,0.00010586076226984498,2.8666885732698672e-05,7.209622128808612e-05,0.00013506985324482034,1856
embedding_std_960,0.00010582698091113843,9.956691516806956e-06,9.535872392998057e-05,0.00011958623475004811,1857
embedding_std_226,0.00010565729449006854,1.0079085841335745e-05,9.301029221722538e-05,0.00011818013647549763,1858
embedding_std_848,0.00010562828754253333,1.4674918515802919e-05,9.378189425010303e-05,0.0001299590760561825,1859
embedding_std_1018,0.00010562512532861045,9.908812193879362e-06,9.238810641925185e-05,0.00011862809263755129,1860
embedding_mean_576,0.00010550912134615908,1.1699073336950893e-05,8.788450263898833e-05,0.00012003988848319933,1861
embedding_std_336,0.00010550770295377598,1.9276144470208925e-05,8.779271688566151e-05,0.00013184670979338932,1862
embedding_std_685,0.00010549740322456684,7.511096087417106e-06,9.384588664450422e-05,0.00011214353101070249,1863
embedding_std_168,0.00010548038230241542,1.392586234199293e-05,8.513915655543695e-05,0.00011936904867126224,1864
embedding_std_408,0.0001052153033726642,2.01165772716637e-05,8.68786866748486e-05,0.00013952038985853043,1865
embedding_mean_304,0.00010519453680663993,1.109673718020706e-05,8.801974728524876e-05,0.00011646875513347873,1866
embedding_std_662,0.0001051915134530814,1.1767482963073479e-05,9.015580117580389e-05,0.00011916764055403884,1867
embedding_mean_859,0.00010513075231061951,1.5568248146070475e-05,8.079791408917216e-05,0.0001236595489707585,1868
embedding_mean_870,0.00010510385326523233,1.2365071633186512e-05,8.990213866256244e-05,0.00012074526445646425,1869
embedding_std_449,0.00010497960846481967,1.312862386030159e-05,8.77583235400192e-05,0.00012315036376060658,1870
embedding_mean_903,0.00010489468052466612,1.180270627171181e-05,8.509091275791808e-05,0.00011574870629595773,1871
embedding_mean_887,0.00010487131932069244,2.8146106524796513e-05,8.171436355125133e-05,0.00015150014240464734,1872
embedding_mean_805,0.00010464454552180974,1.2731606446503628e-05,9.288738425643955e-05,0.00012554835460562886,1873
embedding_std_48,0.00010452939111848291,1.3304006867834208e-05,8.671323073532617e-05,0.0001203136471287792,1874
embedding_std_666,0.00010442234648571386,1.907154103644239e-05,8.774372236891175e-05,0.0001372460578596179,1875
embedding_mean_799,0.00010421383965641712,1.0872912075450702e-05,9.306998115842505e-05,0.0001161932549628131,1876
embedding_mean_681,0.00010417784982343187,2.1336232046405247e-05,7.450068395631745e-05,0.00012629256331277546,1877
embedding_mean_865,0.00010417491947053843,2.2913758375906706e-05,8.522570503660607e-05,0.00014259399399388416,1878
embedding_mean_405,0.00010415856370303469,1.099473476701494e-05,9.16302921284448e-05,0.00011726963348009547,1879
embedding_std_371,0.00010401717454700905,1.3310329130564321e-05,8.443034606649424e-05,0.00011847972505708211,1880
embedding_std_514,0.00010396653770695394,1.1197366660770035e-05,9.246054698535144e-05,0.0001205107354930083,1881
embedding_std_31,0.00010384558670901132,1.6707893191487655e-05,7.984508445355303e-05,0.00011821011688674587,1882
embedding_mean_590,0.00010365891027806777,1.4562433796233163e-05,7.987066678475883e-05,0.00011703821154883436,1883
embedding_std_777,0.00010361219758353842,1.86570630863147e-05,7.697272031921319e-05,0.00012170074823830017,1884
embedding_std_646,0.00010346901853558795,3.2363203291742864e-05,6.265202165404024e-05,0.0001457132909428613,1885
embedding_std_293,0.00010340444596293732,2.0647669163187834e-05,8.369150500848847e-05,0.00013282364391134922,1886
embedding_std_60,0.00010331991810674456,1.1527722003046527e-05,8.423742175298737e-05,0.00011340303865577991,1887
embedding_mean_153,0.00010331002678689647,2.154238800454398e-05,8.369697847294655e-05,0.00013964216397096597,1888
embedding_mean_565,0.0001032504682752446,2.2382387246149887e-05,7.618646095927038e-05,0.0001365641978957813,1889
embedding_std_358,0.00010291213380714891,2.1639974087428527e-05,7.896829102197721e-05,0.00013616309794700805,1890
embedding_std_779,0.00010279696041946317,2.1103722039264127e-05,7.884053079740712e-05,0.00013630023300800523,1891
embedding_std_639,0.0001027070067059382,1.1973387224463195e-05,9.374424978320187e-05,0.00012136130834128372,1892
embedding_mean_724,0.00010261242513519271,1.3278120349227077e-05,9.176244540082254e-05,0.00012228062050953292,1893
embedding_std_359,0.00010247903521568599,2.4446704652739603e-05,7.630254223146523e-05,0.00013466421573601686,1894
embedding_mean_648,0.00010244917719013093,9.694408540217493e-06,8.820035404809163e-05,0.00011473070576191695,1895
embedding_mean_53,0.00010236526303974506,1.982708308553766e-05,7.268782649802049e-05,0.00012468403434866341,1896
embedding_mean_604,0.0001023416842786635,1.5212663439061798e-05,8.440691582185769e-05,0.00011592601416482718,1897
embedding_mean_559,0.00010228603518801289,9.977548896583323e-06,9.461268773421004e-05,0.00011785994314349056,1898
embedding_std_99,0.00010212829749690929,5.737154455751059e-06,9.561673752913697e-05,0.00010934030912358087,1899
embedding_std_14,0.00010181254109824943,1.8872246281899556e-05,7.439807610224899e-05,0.00012752649451677165,1900
embedding_mean_246,0.00010180344901348719,2.0648653725098464e-05,8.369894809033763e-05,0.00013255958703532934,1901
embedding_std_759,0.00010163662766357721,1.1529956650142483e-05,8.847527327545276e-05,0.00011207147439726638,1902
embedding_std_788,0.00010146174398810682,2.0160751085239746e-05,6.8617004283508e-05,0.00011871804954968086,1903
embedding_std_173,0.00010130982610074303,7.611523558912961e-06,9.482690322887783e-05,0.00010964491571692226,1904
embedding_std_638,0.00010130485366433256,3.2716064774698846e-05,4.9129023901488966e-05,0.00013880198813335406,1905
embedding_mean_730,0.00010120191970655948,1.9285118859085327e-05,7.425404745507325e-05,0.00012273241557895568,1906
embedding_std_636,0.00010116709091090566,1.5058059872922421e-05,9.119678893456828e-05,0.0001276880050139272,1907
embedding_mean_264,0.0001011415955069722,2.2059743195104704e-05,7.845859645614152e-05,0.00013331835865164481,1908
embedding_std_975,0.00010113200291114509,1.3054167032585643e-05,8.888555570795846e-05,0.00012076974758219397,1909
embedding_mean_624,0.0001010494708287141,1.9897915798032785e-05,7.583099023228668e-05,0.00012369022543769935,1910
embedding_std_993,0.00010097098799951062,2.1145329136193816e-05,6.645482074165899e-05,0.00012360414347061153,1911
embedding_std_102,0.00010092347937113764,1.168138718497772e-05,8.724322153648008e-05,0.00011618038304823293,1912
embedding_mean_411,0.00010091537047351229,5.074005308509583e-06,9.550346647320286e-05,0.0001061013520889768,1913
embedding_mean_728,0.00010084600847236889,1.8626187913057694e-05,7.807724050729643e-05,0.00012586567900926574,1914
embedding_std_800,0.0001006817468736883,1.847503847366743e-05,7.831992883443511e-05,0.00011482852003315383,1915
embedding_std_64,0.00010058929646678699,8.273193695560723e-06,9.142607591516864e-05,0.00011382109892949415,1916
embedding_mean_622,0.00010052012379242689,2.1482219008496148e-05,6.926443886247078e-05,0.00012533859444790622,1917
embedding_mean_464,0.00010041247851631467,3.70117381780225e-05,5.030715023321853e-05,0.00015338190748546548,1918
embedding_mean_963,0.0001003152249874057,1.5744984329908195e-05,8.035172277560272e-05,0.00011579862162842592,1919
embedding_std_493,0.00010024621844256334,1.1322119366243285e-05,8.408666930785891e-05,0.00011603294310274097,1920
embedding_std_578,0.00010002230748976408,9.739998756931624e-06,8.721167048716597e-05,0.00011114689274550672,1921
embedding_mean_473,0.00010000687312124576,2.025916197313804e-05,7.477703462807255e-05,0.00012851932729958756,1922
embedding_std_416,9.994332867424185e-05,1.7731929665597932e-05,7.023287498992133e-05,0.00011720235653160953,1923
embedding_std_188,9.986197732688923e-05,2.4769898300441684e-05,6.957042949676645e-05,0.00013817056635818026,1924
embedding_std_339,9.985590326392955e-05,9.240055015569445e-06,8.930167639638299e-05,0.00011464311932435871,1925
embedding_mean_700,9.973171663682891e-05,1.0779932293544408e-05,8.291845656537188e-05,0.00011137310240858954,1926
embedding_std_404,9.972419935023944e-05,1.876626446553399e-05,8.214240721185411e-05,0.00012862971390528935,1927
embedding_mean_172,9.943982691669852e-05,2.3802438440892523e-05,6.764010766505817e-05,0.00013322470712683323,1928
embedding_mean_915,9.923913067237612e-05,1.6036272315890307e-05,7.607473576302228e-05,0.00011319137301839366,1929
embedding_mean_589,9.922759654085034e-05,3.287844257211534e-05,5.330336512061381e-05,0.00014476013678421594,1930
embedding_mean_309,9.920431406786978e-05,2.0362434566722504e-05,7.727743833188872e-05,0.0001239579001418077,1931
embedding_mean_788,9.899096330993722e-05,2.224037957897478e-05,7.641493079706025e-05,0.00013382602234363687,1932
embedding_mean_545,9.897125886459213e-05,1.8169065225440007e-05,7.617889373391847e-05,0.00011787230375296775,1933
embedding_mean_673,9.897089290834952e-05,2.0074941896504823e-05,7.529100732049804e-05,0.00013069914674134083,1934
embedding_std_160,9.87747489615757e-05,1.1846978802676776e-05,8.133666708590848e-05,0.00011444668083869717,1935
embedding_mean_821,9.875330839713916e-05,1.7871158658098946e-05,7.392386444327624e-05,0.0001230625323943505,1936
embedding_mean_613,9.872408123490018e-05,1.1262450524336243e-05,8.406284273248848e-05,0.00011434975201731174,1937
embedding_std_648,9.867305899989507e-05,2.173150547633862e-05,7.583983633707566e-05,0.0001274301733396304,1938
embedding_mean_774,9.865244878042189e-05,6.377204051796263e-06,8.990420246545591e-05,0.00010409148958717132,1939
embedding_std_719,9.854426792800914e-05,1.2053001938305102e-05,8.801579234831291e-05,0.00011811195944286356,1940
embedding_mean_48,9.853391503011292e-05,1.1509683987283043e-05,8.750582031655382e-05,0.00011438978856603238,1941
embedding_mean_833,9.850855448808118e-05,1.652424905897737e-05,7.292321950732389e-05,0.00011473359281491498,1942
embedding_std_913,9.849527670974871e-05,8.821133427961199e-06,8.832113241754959e-05,0.00011149711455356103,1943
embedding_mean_307,9.845829918608452e-05,3.0721548350710074e-05,5.262745906146769e-05,0.00012869420762962733,1944
embedding_mean_262,9.843252751437835e-05,1.9970521920718117e-05,7.256579084199461e-05,0.00012064270973011503,1945
embedding_std_220,9.837973722702769e-05,2.0173830962924434e-05,7.87889178799873e-05,0.00013250436478033536,1946
embedding_std_583,9.818593277507888e-05,1.0366690121453804e-05,8.260982956680289e-05,0.00010808452732621133,1947
embedding_std_894,9.805826691552969e-05,1.099507436992808e-05,8.463033653428656e-05,0.00010676191906400794,1948
embedding_mean_455,9.802287888189126e-05,7.88482610103833e-06,9.261024708891522e-05,0.00011157588713983334,1949
embedding_std_724,9.800012873717547e-05,3.5020861963240455e-05,3.841236857149032e-05,0.00012991540746354528,1950
embedding_std_55,9.799463202747171e-05,1.2594227711748265e-05,7.577399362775415e-05,0.0001056418646849624,1951
embedding_mean_644,9.797882980373612e-05,1.624175995270172e-05,8.254314245938718e-05,0.00012091089898449217,1952
embedding_std_820,9.783469854240674e-05,2.2482316005552918e-05,5.860766914311802e-05,0.00011209143493276468,1953
embedding_mean_919,9.763671768433913e-05,1.1060530233550088e-05,8.759976371574029e-05,0.00011416828264238429,1954
embedding_mean_760,9.758565336927182e-05,1.546239451250768e-05,7.699522977658756e-05,0.00011394873800044251,1955
embedding_std_88,9.745331576330961e-05,1.452044800105164e-05,7.49823881923182e-05,0.000112658854273801,1956
embedding_mean_987,9.715256208960218e-05,1.5272141851918455e-05,7.162890939744319e-05,0.00010925658483392236,1957
embedding_mean_743,9.70627845991926e-05,1.3337335779037741e-05,7.521958181714371e-05,0.00011165527238374445,1958
embedding_mean_927,9.699576140939795e-05,1.1318188961429041e-05,8.559303293062388e-05,0.00011046113718062377,1959
embedding_mean_101,9.693181633019532e-05,1.963807470735691e-05,7.515722476854264e-05,0.00012672580590054276,1960
embedding_mean_474,9.688291120578895e-05,1.9645699769121476e-05,7.351394804296116e-05,0.00011982169029464964,1961
embedding_mean_89,9.686742957770866e-05,3.32378064318289e-05,6.038293162782886e-05,0.00015102527297124156,1962
embedding_mean_498,9.684979978713898e-05,2.57556008474314e-05,6.624850258316923e-05,0.00013350336815100934,1963
embedding_std_706,9.683911560654043e-05,2.6693766180805622e-05,6.221821111568786e-05,0.00013190147437077833,1964
embedding_mean_893,9.682273486500545e-05,1.8767138614181702e-05,7.54361749291442e-05,0.00012038353141272543,1965
embedding_mean_472,9.669825807005541e-05,3.0799713905782046e-05,6.834182487212524e-05,0.0001493813063197495,1966
embedding_std_586,9.647343176877394e-05,1.5172434002491346e-05,7.406102729699203e-05,0.00011246016933539119,1967
embedding_mean_551,9.646732693177451e-05,1.601728653200284e-05,6.95194785480985e-05,0.00011175370613411574,1968
embedding_std_152,9.638624162928858e-05,1.4665115863799254e-05,7.230384701755389e-05,0.00010962418361090304,1969
embedding_std_772,9.61502045967668e-05,1.6971453470995747e-05,7.360347575953399e-05,0.00011786584841807989,1970
embedding_mean_840,9.603275613905181e-05,1.71341449589481e-05,6.613920133603897e-05,0.00010974459519670194,1971
embedding_mean_607,9.593203611348749e-05,1.8932368492782225e-05,7.047573412591114e-05,0.00011809853269173471,1972
embedding_std_624,9.589045419371228e-05,9.79988112700483e-06,8.845512763715656e-05,0.00011141083805651601,1973
embedding_std_190,9.569589989664761e-05,2.1213681188667835e-05,7.684158580237597e-05,0.0001309353784535656,1974
embedding_mean_490,9.554638768929906e-05,1.4653558957052515e-05,7.864931081050849e-05,0.00010735052084251992,1975
embedding_mean_580,9.547186009084798e-05,1.1214985876375386e-05,8.792261061828681e-05,0.00011525538788390722,1976
embedding_std_945,9.539142682038724e-05,2.503947261757369e-05,6.716225241631893e-05,0.00013608667483725067,1977
embedding_std_306,9.517384816978245e-05,1.4066690639477987e-05,7.897328532842692e-05,0.0001099181924660507,1978
embedding_mean_208,9.515356694214959e-05,1.4290350058890616e-05,8.417893570763676e-05,0.00011927071166595177,1979
embedding_std_651,9.51430724398101e-05,1.0488631486443608e-05,8.448678587340638e-05,0.00010680151189614945,1980
embedding_mean_575,9.507769147969541e-05,2.0092698681569018e-05,6.82363344250078e-05,0.00012491797198894877,1981
embedding_std_67,9.504616512590097e-05,1.640084837892278e-05,8.025561500511366e-05,0.0001212009232767913,1982
embedding_std_163,9.478059216001877e-05,1.2641017906055007e-05,7.737073917311646e-05,0.00011015340907719629,1983
embedding_mean_239,9.474027828973988e-05,1.5484451869625725e-05,6.944890152407869e-05,0.00010949117873900073,1984
embedding_std_137,9.470319033792678e-05,9.226955053102412e-06,8.417992868921736e-05,0.00010628310878933858,1985
embedding_mean_77,9.459457666358742e-05,6.8472016293569475e-06,8.559331088473245e-05,0.00010363917676761415,1986
embedding_std_114,9.455778025727782e-05,2.3127438090047245e-05,5.450848970099251e-05,0.00011076311707808388,1987
embedding_mean_478,9.452324811882022e-05,1.9987954762672775e-05,6.56763800008009e-05,0.00012132644635425516,1988
embedding_std_758,9.447989420863216e-05,1.3458235854315859e-05,8.276831246898197e-05,0.00011652503026951946,1989
embedding_std_79,9.421566759631247e-05,2.202650187132162e-05,6.259525396783303e-05,0.0001132100663671577,1990
embedding_std_153,9.405237749372642e-05,1.9784341521644893e-05,6.088943362220732e-05,0.00010896632980414569,1991
embedding_std_974,9.404060189960424e-05,1.3472855279364964e-05,7.38162807562663e-05,0.00010972559633813515,1992
embedding_std_3,9.403054346159983e-05,1.6361838236314126e-05,7.278113387761553e-05,0.00011148477578004199,1993
embedding_mean_484,9.400338529820788e-05,1.545714534095785e-05,6.882087914599817e-05,0.00011037899687209555,1994
embedding_mean_427,9.394822387257532e-05,2.2333107714681444e-05,5.4181733253457486e-05,0.00010692700308628667,1995
embedding_std_812,9.38802397808968e-05,1.93441788698303e-05,6.0797165085054805e-05,0.00011176471635741009,1996
embedding_mean_232,9.344993319139512e-05,1.4907274282666178e-05,7.7902112405454e-05,0.00011354737802700747,1997
embedding_mean_156,9.335127075899112e-05,1.1845034207358343e-05,8.080859286051776e-05,0.00011267626235787406,1998
embedding_mean_856,9.302731626933012e-05,2.1822182755902875e-05,6.541221159453298e-05,0.00011420970620381686,1999
embedding_std_110,9.279136589747549e-05,2.0057491927237336e-05,7.043449162303206e-05,0.00011689151004223405,2000
embedding_std_644,9.266433045941082e-05,1.849075453602038e-05,6.171447015487286e-05,0.00010962363979734636,2001
embedding_std_355,9.265807229443974e-05,9.85038140163394e-06,8.385497861351164e-05,0.0001071131136414028,2002
embedding_mean_274,9.251109556022047e-05,1.037725563050902e-05,8.252074571354891e-05,0.00010868026294745603,2003
embedding_std_1004,9.233382907271258e-05,2.0986512470174422e-05,5.609635757015598e-05,0.00010830282779237904,2004
embedding_std_625,9.20135482239342e-05,1.1818779157964716e-05,7.777309191734631e-05,0.00010676098739346896,2005
embedding_std_21,9.196077022982317e-05,2.3513729723493034e-05,6.108730849179391e-05,0.00012294999844422876,2006
embedding_std_345,9.193452351304095e-05,1.3358896175592552e-05,6.949195733063603e-05,0.00010403171517894835,2007
embedding_std_634,9.165532436599721e-05,3.758140754997964e-05,4.046483070538419e-05,0.0001430571331778665,2008
embedding_mean_350,9.161420083814084e-05,2.3911162267239188e-05,5.384434429714758e-05,0.00011451935571966235,2009
embedding_mean_154,9.111170793625376e-05,1.9347238200225298e-05,7.615324459848367e-05,0.0001238672846786616,2010
embedding_mean_271,9.103770531951448e-05,1.837148036521751e-05,7.496067157586091e-05,0.0001215082805701643,2011
embedding_mean_268,9.086913540667498e-05,1.9739021812322834e-05,5.700640200824333e-05,0.00010406459871106904,2012
embedding_mean_485,9.084757961088673e-05,1.7406860522705287e-05,8.047066418432875e-05,0.00012150990980273452,2013
embedding_mean_373,9.065066305031101e-05,2.2572301102277253e-05,6.227447858113686e-05,0.00011926662532928069,2014
embedding_mean_721,9.064613248081106e-05,2.46595573063726e-05,5.723206153030608e-05,0.00011618867693341775,2015
embedding_std_731,9.039287587170399e-05,8.032317640394627e-06,7.867949470641811e-05,9.84519158600475e-05,2016
embedding_std_84,9.022784047637056e-05,2.3157554759594553e-05,4.956235668705446e-05,0.00010506145754910715,2017
embedding_mean_934,9.01593507617241e-05,1.2413718461170195e-05,6.853771144974719e-05,9.773200377953672e-05,2018
embedding_std_242,9.009759724081686e-05,1.1279511712016444e-05,7.217989498711053e-05,9.911346003306921e-05,2019
embedding_std_504,9.007431854745304e-05,1.4377281668852093e-05,7.191831820012697e-05,0.00011082009607841645,2020
embedding_mean_497,9.000140848821227e-05,2.6123286326653014e-05,6.0671315180742374e-05,0.00011842185467192771,2021
embedding_mean_917,8.900717320702622e-05,1.0273841327326464e-05,7.539489272988618e-05,0.00010239889280500093,2022
embedding_std_74,8.89556700963338e-05,2.5078108007362697e-05,5.071204447324312e-05,0.00011845469312071722,2023
embedding_mean_190,8.844772547940711e-05,1.3634899054758357e-05,6.956662380850715e-05,0.00010384822285106089,2024
embedding_mean_664,8.824513965282688e-05,1.3722653434737264e-05,7.477186016953005e-05,0.00011098094311341752,2025
embedding_std_672,8.818177421747102e-05,1.2958284767736161e-05,6.759884436168722e-05,0.000101573252702951,2026
embedding_std_415,8.742633880823117e-05,1.8807637837231384e-05,6.854093263794614e-05,0.00011622578001661226,2027
embedding_mean_946,8.740431899840808e-05,5.359808214749284e-06,7.823923241464053e-05,9.104583221212882e-05,2028
embedding_mean_632,8.708365076847508e-05,1.8511060127250793e-05,6.385601278243096e-05,0.0001127504718450051,2029
embedding_mean_439,8.678170845149336e-05,2.1302062551932147e-05,5.435095881743968e-05,0.00010908057705884863,2030
embedding_std_881,8.67519249171289e-05,3.544682832692783e-05,2.9500040335838072e-05,0.00011237188968292106,2031
embedding_std_460,8.627354604752453e-05,2.6729365967026507e-05,5.222321027955025e-05,0.00011158153515026574,2032
embedding_mean_438,8.533324640959948e-05,2.0050090769307787e-05,5.589088558154408e-05,0.00010862956893618232,2033
embedding_std_965,8.532515443729157e-05,6.337962521323809e-06,7.70049184677998e-05,9.258065353966437e-05,2034
embedding_mean_960,8.510801790302418e-05,1.3086459217741634e-05,7.012212943482307e-05,9.921865416097203e-05,2035
embedding_std_910,8.508442469338975e-05,1.3497226568025107e-05,7.275954965157797e-05,0.00010726196882487746,2036
embedding_std_256,8.392429497475367e-05,5.304365657165849e-06,7.672174451534094e-05,9.104981699701316e-05,2037
embedding_mean_270,8.357281356652722e-05,1.48133404917281e-05,6.1025090827948325e-05,9.782628696670533e-05,2038
embedding_mean_1,8.342126316927862e-05,1.847269752823914e-05,5.6010858512997496e-05,0.000104391798856843,2039
embedding_mean_299,8.168851988154064e-05,1.3367874144440946e-05,6.036213503156633e-05,9.573963764232911e-05,2040
embedding_std_679,8.000410202786968e-05,2.412247081972494e-05,5.918795937397205e-05,0.00011813409118131737,2041
embedding_mean_133,7.919706030870872e-05,1.5743972403317367e-05,6.426099170017407e-05,0.0001047495329737433,2042
embedding_mean_162,7.796287744224993e-05,1.9193500342204264e-05,4.587626941073976e-05,9.420939022981639e-05,2043
embedding_std_607,7.76131032693801e-05,2.2478382364918567e-05,4.0362817548538624e-05,9.578431295207734e-05,2044
embedding_std_756,7.515067684112882e-05,7.782210235769424e-06,6.491467127531159e-05,8.147643317381301e-05,2045
embedding_mean_188,7.410307339642066e-05,1.3696709466736623e-05,5.5425013184346185e-05,8.894635065382202e-05,2046
embedding_mean_731,7.354467890457125e-05,1.4764076461720201e-05,5.5297563395254273e-05,9.482244718683744e-05,2047
embedding_mean_203,7.176581363665062e-05,1.3482590409851211e-05,4.9095449878877766e-05,8.448369295760616e-05,2048
