{
  "marginal": {
    "disease_exg": {
      "lead_62301540": {
        "n": 895,
        "n_minor": 54,
        "beta_std": 0.39024286376358813,
        "p": 2.398172248315886e-06
      },
      "249700_Ile446Arg": {
        "n": 895,
        "n_minor": 56,
        "beta_std": 0.3349284776951185,
        "p": 6.738265131452862e-05
      },
      "250000_Ala40Pro": {
        "n": 895,
        "n_minor": 67,
        "beta_std": 0.24097654539787314,
        "p": 0.0006761209864743442
      },
      "250100_Ile349Met": {
        "n": 895,
        "n_minor": 82,
        "beta_std": 0.17910752974304625,
        "p": 0.007429701569460513
      },
      "250900_Gly514Arg": {
        "n": 895,
        "n_minor": 45,
        "beta_std": 0.4223377754479794,
        "p": 1.187318085152907e-06
      },
      "249900_JAR1_Asn103Asp": {
        "n": 895,
        "n_minor": 233,
        "beta_std": 0.017012517863348994,
        "p": 0.6605468175618224
      },
      "249900_JAR1_Lys185Glu": {
        "n": 895,
        "n_minor": 140,
        "beta_std": 0.03285896693994508,
        "p": 0.4602684907038864
      }
    },
    "human_score": {
      "lead_62301540": {
        "n": 541,
        "n_minor": 32,
        "beta_std": 0.22223899189344312,
        "p": 0.028770743596548822
      },
      "249700_Ile446Arg": {
        "n": 541,
        "n_minor": 34,
        "beta_std": 0.14507395098382747,
        "p": 0.14464837363791894
      },
      "250000_Ala40Pro": {
        "n": 541,
        "n_minor": 39,
        "beta_std": 0.10904450075173375,
        "p": 0.21573471168156635
      },
      "250100_Ile349Met": {
        "n": 541,
        "n_minor": 47,
        "beta_std": -0.03282916433358684,
        "p": 0.6966206459348642
      },
      "250900_Gly514Arg": {
        "n": 541,
        "n_minor": 29,
        "beta_std": 0.19547365181689827,
        "p": 0.0643254482638402
      },
      "249900_JAR1_Asn103Asp": {
        "n": 541,
        "n_minor": 140,
        "beta_std": -0.012826222652620779,
        "p": 0.7938897028652258
      },
      "249900_JAR1_Lys185Glu": {
        "n": 541,
        "n_minor": 93,
        "beta_std": 0.0026124857533363893,
        "p": 0.9617437602456771
      }
    }
  },
  "conditional": {
    "disease_exg": {
      "249700_Ile446Arg | lead_62301540": {
        "n": 895,
        "n_minor": 56,
        "beta_std": -0.002844507347891878,
        "p": 0.985755593168326
      },
      "lead_62301540 | 249700_Ile446Arg": {
        "n": 895,
        "n_minor": 54,
        "beta_std": 0.3977317594218465,
        "p": 0.012472855549305845
      },
      "250100_Ile349Met | lead_62301540": {
        "n": 895,
        "n_minor": 82,
        "beta_std": -0.0025323829923458653,
        "p": 0.9752390716511039
      },
      "lead_62301540 | 250100_Ile349Met": {
        "n": 895,
        "n_minor": 54,
        "beta_std": 0.39290650451459963,
        "p": 0.00010326537641772267
      },
      "250900_Gly514Arg | lead_62301540": {
        "n": 895,
        "n_minor": 45,
        "beta_std": 0.2893646490690301,
        "p": 0.003776646240655669
      },
      "lead_62301540 | 250900_Gly514Arg": {
        "n": 895,
        "n_minor": 54,
        "beta_std": 0.25061349934620253,
        "p": 0.008126662630963264
      }
    },
    "human_score": {
      "249700_Ile446Arg | lead_62301540": {
        "n": 541,
        "n_minor": 34,
        "beta_std": -0.17573088451765717,
        "p": 0.37802322411831435
      },
      "lead_62301540 | 249700_Ile446Arg": {
        "n": 541,
        "n_minor": 32,
        "beta_std": 0.38788003818727534,
        "p": 0.05737144918983156
      },
      "250100_Ile349Met | lead_62301540": {
        "n": 541,
        "n_minor": 47,
        "beta_std": -0.20035118742657215,
        "p": 0.0505500617421666
      },
      "lead_62301540 | 250100_Ile349Met": {
        "n": 541,
        "n_minor": 32,
        "beta_std": 0.36039892802641776,
        "p": 0.003728788970035023
      },
      "250900_Gly514Arg | lead_62301540": {
        "n": 541,
        "n_minor": 29,
        "beta_std": 0.0923859643041831,
        "p": 0.4865517560255309
      },
      "lead_62301540 | 250900_Gly514Arg": {
        "n": 541,
        "n_minor": 32,
        "beta_std": 0.17866835827120792,
        "p": 0.1617859676798298
      }
    }
  }
}