{
  "disease": {
    "human_score": {
      "n": 541,
      "n_minor": 32,
      "beta_std": 0.22223899189344312,
      "p": 0.028770743596548822
    },
    "disease_exg": {
      "n": 895,
      "n_minor": 54,
      "beta_std": 0.39024286376358813,
      "p": 2.398172248315886e-06
    },
    "disease_exg_CV": {
      "n": 894,
      "n_minor": 54,
      "beta_std": -0.22595629801821238,
      "p": 0.005823668200597037
    },
    "pct": {
      "n": 895,
      "n_minor": 54,
      "beta_std": 0.45432127016012375,
      "p": 2.7941721268834884e-08
    }
  },
  "color": {
    "b_mean": {
      "n": 895,
      "n_minor": 54,
      "beta_std": -0.24352219635514133,
      "p": 0.00324922662219497
    },
    "a_mean": {
      "n": 895,
      "n_minor": 54,
      "beta_std": 0.2407602281206412,
      "p": 0.0018318508756533796
    },
    "L_mean": {
      "n": 895,
      "n_minor": 54,
      "beta_std": 0.1406874711124594,
      "p": 0.06538354962271446
    },
    "b_sd": {
      "n": 895,
      "n_minor": 54,
      "beta_std": 0.03713880608702,
      "p": 0.6559226225601786
    },
    "L_sd": {
      "n": 895,
      "n_minor": 54,
      "beta_std": 0.10162083975786823,
      "p": 0.21184964855213614
    },
    "gloss": {
      "n": 895,
      "n_minor": 54,
      "beta_std": 0.020113707663864132,
      "p": 0.8122009365596654
    }
  },
  "size": {
    "leaf_area_img": {
      "n": 895,
      "n_minor": 54,
      "beta_std": 0.006478056452114124,
      "p": 0.9329026060818181
    },
    "mask_pixels_img": {
      "n": 1,
      "n_minor": 0,
      "beta_std": NaN,
      "p": NaN,
      "note": "degenerate"
    },
    "mask_pixels_blue": {
      "n": 891,
      "n_minor": 52,
      "beta_std": 0.034584723163838184,
      "p": 0.6584578977925253
    }
  }
}