{
  "Sobic.009G249100": {
    "mean_TPM": 36.884,
    "n": 750,
    "effect": 0.030013075134623136,
    "p": 0.5123885161280406
  },
  "Sobic.009G249200": {
    "mean_TPM": 24.454,
    "n": 750,
    "effect": -0.017647141778383682,
    "p": 0.4731216341976221
  },
  "Sobic.009G249400": {
    "mean_TPM": 0.069,
    "n": 750,
    "effect": -0.004585287865060603,
    "p": 0.6098366815339384
  },
  "Sobic.009G249500": {
    "mean_TPM": 101.499,
    "n": 750,
    "effect": -0.0995883966627073,
    "p": 0.010917255377921245
  },
  "Sobic.009G249600": {
    "mean_TPM": 55.574,
    "n": 750,
    "effect": 0.2668853683703393,
    "p": 0.020244113688588
  },
  "Sobic.009G249700": {
    "mean_TPM": 8.563,
    "n": 750,
    "effect": -0.0659657564064387,
    "p": 0.03023419640198342
  },
  "Sobic.009G249800": {
    "mean_TPM": 12.815,
    "n": 750,
    "effect": 0.01892029236061652,
    "p": 0.663151746071589
  },
  "Sobic.009G249900": {
    "mean_TPM": 41.761,
    "n": 750,
    "effect": -0.17114773689134136,
    "p": 8.713701281751039e-07
  },
  "Sobic.009G250000": {
    "mean_TPM": 4.012,
    "n": 750,
    "effect": -0.02485354061220632,
    "p": 0.516369840242969
  },
  "Sobic.009G250100": {
    "mean_TPM": 0.664,
    "n": 750,
    "effect": 0.017679227190820577,
    "p": 0.748857763343803
  },
  "Sobic.009G250200": {
    "mean_TPM": 0.078,
    "n": 750,
    "effect": 0.014908817712301365,
    "p": 0.2696808690679192
  },
  "Sobic.009G250300": {
    "mean_TPM": 0.002,
    "n": 750,
    "effect": -0.0010121723411201731,
    "p": 0.42921578070598343
  },
  "Sobic.009G250400": {
    "mean_TPM": 184.392,
    "n": 750,
    "effect": -0.010155165243127678,
    "p": 0.9043417223302322
  },
  "Sobic.009G250500": {
    "mean_TPM": 0.185,
    "n": 750,
    "effect": 0.036507742218270384,
    "p": 0.09030436191442211
  },
  "Sobic.009G250600": {
    "mean_TPM": 0.012,
    "n": 750,
    "effect": 0.01610947075568451,
    "p": 0.007715923262469099
  },
  "Sobic.009G250650": {
    "mean_TPM": 0.039,
    "n": 750,
    "effect": -0.003560190343987796,
    "p": 0.7429612781467806
  },
  "Sobic.009G250700": {
    "mean_TPM": 1.989,
    "n": 750,
    "effect": 0.05602068183702095,
    "p": 0.31955043531785265
  },
  "Sobic.009G250800": {
    "mean_TPM": 4.167,
    "n": 750,
    "effect": -0.1110785991229252,
    "p": 0.04139978794717934
  },
  "Sobic.009G250900": {
    "mean_TPM": 37.753,
    "n": 750,
    "effect": 0.014815021751949516,
    "p": 0.6712664597332525
  },
  "Sobic.009G251000": {
    "mean_TPM": 13.923,
    "n": 750,
    "effect": -0.037976644717654745,
    "p": 0.42957614269913424
  },
  "Sobic.009G251100": {
    "mean_TPM": 1.546,
    "n": 750,
    "effect": 0.06808737268994909,
    "p": 0.33058314127222677
  },
  "Sobic.009G251200": {
    "mean_TPM": 10.099,
    "n": 750,
    "effect": 0.011455940448148384,
    "p": 0.7184550171813868
  },
  "Sobic.009G251300": {
    "mean_TPM": 22.808,
    "n": 750,
    "effect": -0.00995936321110362,
    "p": 0.7982738581950296
  },
  "Sobic.009G251400": {
    "mean_TPM": 2.647,
    "n": 750,
    "effect": -0.000754596404249499,
    "p": 0.992732901244543
  }
}