{
  "Sobic.009G249100": {
    "disease_exg": {
      "n": 740,
      "raw_rho": 0.05379831109212118,
      "raw_p": 0.14372554000563728,
      "partial_r": 0.025581232497709678,
      "partial_p": 0.48716681504852244
    },
    "human_score": {
      "n": 448,
      "raw_rho": 0.028804742968090536,
      "raw_p": 0.5431182505345382,
      "partial_r": 0.0011961827315250945,
      "partial_p": 0.9798573967539
    },
    "pct": {
      "n": 740,
      "raw_rho": 0.052682825963417494,
      "raw_p": 0.1522298594173691,
      "partial_r": 0.027119182197508758,
      "partial_p": 0.4613596296834866
    }
  },
  "Sobic.009G249200": {
    "disease_exg": {
      "n": 740,
      "raw_rho": 0.03216648125148174,
      "raw_p": 0.38224364351365814,
      "partial_r": -0.003983195617923406,
      "partial_p": 0.9138593420916404
    },
    "human_score": {
      "n": 448,
      "raw_rho": 0.011776410741795836,
      "raw_p": 0.803691962471721,
      "partial_r": -0.03577909114980765,
      "partial_p": 0.44999294058484
    },
    "pct": {
      "n": 740,
      "raw_rho": 0.027880758134429084,
      "raw_p": 0.4488679372015858,
      "partial_r": -0.004518667334175247,
      "partial_p": 0.9023336810109703
    }
  },
  "Sobic.009G249400": {
    "disease_exg": {
      "n": 740,
      "raw_rho": 0.019294669584860466,
      "raw_p": 0.6002554176644224,
      "partial_r": 0.030718334316812507,
      "partial_p": 0.4040481134986132
    },
    "human_score": {
      "n": 448,
      "raw_rho": 0.02849901847332748,
      "raw_p": 0.5474087973628406,
      "partial_r": 0.047235256185169376,
      "partial_p": 0.3184997227289925
    },
    "pct": {
      "n": 740,
      "raw_rho": 0.030180510561456837,
      "raw_p": 0.4123315569942817,
      "partial_r": 0.04039767236032985,
      "partial_p": 0.27241161281491005
    }
  },
  "Sobic.009G249500": {
    "disease_exg": {
      "n": 740,
      "raw_rho": 0.09286193249258369,
      "raw_p": 0.011493996208571328,
      "partial_r": 0.0029805561607345763,
      "partial_p": 0.9354872772108643
    },
    "human_score": {
      "n": 448,
      "raw_rho": 0.12345352714159652,
      "raw_p": 0.008903655080877678,
      "partial_r": 0.004983610326906671,
      "partial_p": 0.916225754709402
    },
    "pct": {
      "n": 740,
      "raw_rho": 0.08358826140914263,
      "raw_p": 0.022966993480356846,
      "partial_r": -0.0003639603110667022,
      "partial_p": 0.9921137944179625
    }
  },
  "Sobic.009G249600": {
    "disease_exg": {
      "n": 740,
      "raw_rho": 0.169074382832568,
      "raw_p": 3.7481386333938458e-06,
      "partial_r": 0.07850958988051515,
      "partial_p": 0.032730134552373606
    },
    "human_score": {
      "n": 448,
      "raw_rho": 0.1314597311837943,
      "raw_p": 0.005322998423410923,
      "partial_r": 0.011534160503592121,
      "partial_p": 0.8076504528302426
    },
    "pct": {
      "n": 740,
      "raw_rho": 0.15736991215314092,
      "raw_p": 1.7040446818011206e-05,
      "partial_r": 0.07245866291000333,
      "partial_p": 0.04879860702303115
    }
  },
  "Sobic.009G249700": {
    "disease_exg": {
      "n": 740,
      "raw_rho": 0.09722060181634487,
      "raw_p": 0.008133262461203952,
      "partial_r": 0.023306371741589046,
      "partial_p": 0.5267231565430489
    },
    "human_score": {
      "n": 448,
      "raw_rho": 0.08502169051463468,
      "raw_p": 0.07220889296574855,
      "partial_r": -0.0028055060674371125,
      "partial_p": 0.9527803927124522
    },
    "pct": {
      "n": 740,
      "raw_rho": 0.09241860062937923,
      "raw_p": 0.01189674213845737,
      "partial_r": 0.022262307917897222,
      "partial_p": 0.5454106351959978
    }
  },
  "Sobic.009G249800": {
    "disease_exg": {
      "n": 740,
      "raw_rho": 0.04371716996611464,
      "raw_p": 0.23491493559144802,
      "partial_r": 0.021344036169977085,
      "partial_p": 0.5621135332983508
    },
    "human_score": {
      "n": 448,
      "raw_rho": 0.020990273147927032,
      "raw_p": 0.6577021236159261,
      "partial_r": -0.002500376825495955,
      "partial_p": 0.9579109975652438
    },
    "pct": {
      "n": 740,
      "raw_rho": 0.042630710388165086,
      "raw_p": 0.24676331948370708,
      "partial_r": 0.020351881063778922,
      "partial_p": 0.5804329971528781
    }
  },
  "Sobic.009G249900": {
    "disease_exg": {
      "n": 740,
      "raw_rho": -0.1059986785651225,
      "raw_p": 0.00389258752458511,
      "partial_r": -0.059483003945373175,
      "partial_p": 0.10591951118638424
    },
    "human_score": {
      "n": 448,
      "raw_rho": -0.02811443159887583,
      "raw_p": 0.5528297244400273,
      "partial_r": 0.003286773159425098,
      "partial_p": 0.9446921580091403
    },
    "pct": {
      "n": 740,
      "raw_rho": -0.10312708290373991,
      "raw_p": 0.004983353991358018,
      "partial_r": -0.05940202585445293,
      "partial_p": 0.10639646624526536
    }
  },
  "Sobic.009G250000": {
    "disease_exg": {
      "n": 740,
      "raw_rho": -0.00047113410748354323,
      "raw_p": 0.9897916901228784,
      "partial_r": -0.05649557729081128,
      "partial_p": 0.12466736346822879
    },
    "human_score": {
      "n": 448,
      "raw_rho": 0.033178788037904854,
      "raw_p": 0.48361916535290894,
      "partial_r": -8.275106496606968e-05,
      "partial_p": 0.998606402290041
    },
    "pct": {
      "n": 740,
      "raw_rho": -0.0017944455025524393,
      "raw_p": 0.9611331019121205,
      "partial_r": -0.05421444640911707,
      "partial_p": 0.1406478071459355
    }
  },
  "Sobic.009G250100": {
    "disease_exg": {
      "n": 740,
      "raw_rho": -0.10108808443693686,
      "raw_p": 0.00591787044931179,
      "partial_r": -0.027371286985645085,
      "partial_p": 0.4572031786325405
    },
    "human_score": {
      "n": 448,
      "raw_rho": -0.11605163828241913,
      "raw_p": 0.013979200786473403,
      "partial_r": -0.013785924030211835,
      "partial_p": 0.7710577134110439
    },
    "pct": {
      "n": 740,
      "raw_rho": -0.08871882106119716,
      "raw_p": 0.0157743568487781,
      "partial_r": -0.019324623213957153,
      "partial_p": 0.5996896105070382
    }
  },
  "Sobic.009G250200": {
    "disease_exg": {
      "n": 740,
      "raw_rho": -0.07028514446235798,
      "raw_p": 0.055992458588062705,
      "partial_r": -0.01300576942965562,
      "partial_p": 0.7239294931067582
    },
    "human_score": {
      "n": 448,
      "raw_rho": -0.07024384952195875,
      "raw_p": 0.13768627119388263,
      "partial_r": 0.009321001596798061,
      "partial_p": 0.8440298217243104
    },
    "pct": {
      "n": 740,
      "raw_rho": -0.05689220369362236,
      "raw_p": 0.12203900799889633,
      "partial_r": -0.0032741919221111913,
      "partial_p": 0.9291476195859294
    }
  },
  "Sobic.009G250300": {
    "disease_exg": {
      "n": 740,
      "raw_rho": -0.026610540449265474,
      "raw_p": 0.4698093859600996,
      "partial_r": -0.011650317387006967,
      "partial_p": 0.7517005295159228
    },
    "human_score": {
      "n": 448,
      "raw_rho": -0.06771052287653836,
      "raw_p": 0.15248749308309567,
      "partial_r": -0.04096048087007683,
      "partial_p": 0.38708770614217825
    },
    "pct": {
      "n": 740,
      "raw_rho": -0.016727143801926497,
      "raw_p": 0.6496200665022352,
      "partial_r": -0.002414707852254946,
      "partial_p": 0.9477152327832316
    }
  },
  "Sobic.009G250400": {
    "disease_exg": {
      "n": 740,
      "raw_rho": 0.1473038832164931,
      "raw_p": 5.763592568746389e-05,
      "partial_r": 0.05890915827954346,
      "partial_p": 0.10933616476526159
    },
    "human_score": {
      "n": 448,
      "raw_rho": 0.12362203397628727,
      "raw_p": 0.008810282682540109,
      "partial_r": 0.034456767342376016,
      "partial_p": 0.4669253389669872
    },
    "pct": {
      "n": 740,
      "raw_rho": 0.1358871167781077,
      "raw_p": 0.0002093234672258964,
      "partial_r": 0.05305283021603863,
      "partial_p": 0.14936762465012596
    }
  },