{
  "anchor_lead_to_emb": {
    "n": 869,
    "spearman_rho": 0.21503990783384275,
    "spearman_p": 1.5029767958241854e-10,
    "partial_r": 0.20573011774487632,
    "partial_p": 9.267129783751295e-10
  },
  "B_expr_to_target": {
    "Sobic.009G249100": {
      "emb": {
        "n": 736,
        "spearman_rho": 0.011281905812395037,
        "spearman_p": 0.7599397338040781,
        "partial_r": -0.02621112730173765,
        "partial_p": 0.47770202447704097
      },
      "yellowness_b": {
        "n": 740,
        "spearman_rho": -0.018540672429027728,
        "spearman_p": 0.6145765966317854,
        "partial_r": -0.027332508396270404,
        "partial_p": 0.45784115200318853
      },
      "gloss": {
        "n": 740,
        "spearman_rho": 0.005207145523345795,
        "spearman_p": 0.8875451290204897,
        "partial_r": 0.012278923921966603,
        "partial_p": 0.7387789668470515
      }
    },
    "Sobic.009G249200": {
      "emb": {
        "n": 736,
        "spearman_rho": -0.015645210272449,
        "spearman_p": 0.671749296046211,
        "partial_r": -0.06933976685696737,
        "partial_p": 0.06007990029659677
      },
      "yellowness_b": {
        "n": 740,
        "spearman_rho": 0.03558480647837807,
        "spearman_p": 0.3337034608613244,
        "partial_r": 0.0238814747979326,
        "partial_p": 0.5165706868255142
      },
      "gloss": {
        "n": 740,
        "spearman_rho": 0.01139970833689269,
        "spearman_p": 0.7568716829183663,
        "partial_r": 0.009323834373328961,
        "partial_p": 0.8001040474955178
      }
    },
    "Sobic.009G249400": {
      "emb": {
        "n": 736,
        "spearman_rho": 0.0015081967854439146,
        "spearman_p": 0.9674180048397213,
        "partial_r": 0.01747532348206952,
        "partial_p": 0.6359820637792435
      },
      "yellowness_b": {
        "n": 740,
        "spearman_rho": 0.05890658959854204,
        "spearman_p": 0.10935165179469869,
        "partial_r": 0.07169241443256467,
        "partial_p": 0.05124091728032854
      },
      "gloss": {
        "n": 740,
        "spearman_rho": 0.04590468152321583,
        "spearman_p": 0.2122915847762922,
        "partial_r": 0.01914092213688436,
        "partial_p": 0.6031634046657779
      }
    },
    "Sobic.009G249500": {
      "emb": {
        "n": 736,
        "spearman_rho": 0.0578973656523233,
        "spearman_p": 0.11656337620774507,
        "partial_r": -0.038799732165783474,
        "partial_p": 0.29315890191605976
      },
      "yellowness_b": {
        "n": 740,
        "spearman_rho": 0.03292915559233821,
        "spearman_p": 0.3710554127723904,
        "partial_r": 0.027111892050908352,
        "partial_p": 0.46148013490411327
      },
      "gloss": {
        "n": 740,
        "spearman_rho": 0.03813877332583006,
        "spearman_p": 0.30015087353534536,
        "partial_r": 0.05062416186019667,
        "partial_p": 0.16892066081848567
      }
    },
    "Sobic.009G249600": {
      "emb": {
        "n": 736,
        "spearman_rho": 0.15917055093084376,
        "spearman_p": 1.434338926924545e-05,
        "partial_r": 0.07431989588207691,
        "partial_p": 0.04384084541543882
      },
      "yellowness_b": {
        "n": 740,
        "spearman_rho": -0.0321462969665306,
        "spearman_p": 0.38254251838116726,
        "partial_r": -0.04874308322829728,
        "partial_p": 0.1853366987466761
      },
      "gloss": {
        "n": 740,
        "spearman_rho": 0.027063883389841698,
        "spearman_p": 0.4622741502170822,
        "partial_r": 0.06066264207724592,
        "partial_p": 0.09916168872462831
      }
    },
    "Sobic.009G249700": {
      "emb": {
        "n": 736,
        "spearman_rho": 0.06775717536408865,
        "spearman_p": 0.06618134706958997,
        "partial_r": -0.013432072680344777,
        "partial_p": 0.7160073373037469
      },
      "yellowness_b": {
        "n": 740,
        "spearman_rho": 0.03024628639401109,
        "spearman_p": 0.4113131323653567,
        "partial_r": 0.03048802222190543,
        "partial_p": 0.4075830940090494
      },
      "gloss": {
        "n": 740,
        "spearman_rho": 0.030639862755751222,
        "spearman_p": 0.40525048449551826,
        "partial_r": 0.04339092585707257,
        "partial_p": 0.2384297660727985
      }
    },
    "Sobic.009G249800": {
      "emb": {
        "n": 736,
        "spearman_rho": -0.017870854064162774,
        "spearman_p": 0.6283583919610929,
        "partial_r": -0.03267497655036021,
        "partial_p": 0.3760597935117024
      },
      "yellowness_b": {
        "n": 740,
        "spearman_rho": 0.01653180545519275,
        "spearman_p": 0.6534430769144123,
        "partial_r": 0.01676547251730646,
        "partial_p": 0.6488710019464433
      },
      "gloss": {
        "n": 740,
        "spearman_rho": 0.023524371924003553,
        "spearman_p": 0.5228628008931322,
        "partial_r": 0.03423638024080201,
        "partial_p": 0.3523563451682189
      }
    },
    "Sobic.009G249900": {
      "emb": {
        "n": 736,
        "spearman_rho": -0.11585858647576688,
        "spearman_p": 0.0016414968970898255,
        "partial_r": -0.07839176340128612,
        "partial_p": 0.0334721736772552
      },
      "yellowness_b": {
        "n": 740,
        "spearman_rho": 0.034415023272141895,
        "spearman_p": 0.34984800078102607,
        "partial_r": 0.04472273169048049,
        "partial_p": 0.2243122367272099
      },
      "gloss": {
        "n": 740,
        "spearman_rho": -0.05375487114944037,
        "spearman_p": 0.1440497697068372,
        "partial_r": -0.06661265770457386,
        "partial_p": 0.07013950331276396
      }
    },
    "Sobic.009G250000": {
      "emb": {
        "n": 736,
        "spearman_rho": -0.007043188598824881,
        "spearman_p": 0.8487179301487054,
        "partial_r": -0.06309594897653391,
        "partial_p": 0.08716507219448202
      },
      "yellowness_b": {
        "n": 740,
        "spearman_rho": 0.05356150266819689,
        "spearman_p": 0.14549983876164502,
        "partial_r": 0.04626276531865715,
        "partial_p": 0.20874317481732696
      },
      "gloss": {
        "n": 740,
        "spearman_rho": 0.031225431303659516,
        "spearman_p": 0.3963296888035196,
        "partial_r": 0.05015462824499674,
        "partial_p": 0.17291252571172924
      }
    },
    "Sobic.009G250100": {
      "emb": {
        "n": 736,
        "spearman_rho": -0.1120447302934373,
        "spearman_p": 0.0023336120939940557,
        "partial_r": -0.04433364267131446,
        "partial_p": 0.229639519858695
      },
      "yellowness_b": {
        "n": 740,
        "spearman_rho": 0.020552545300444484,
        "spearman_p": 0.5767054341030873,
        "partial_r": 0.02619575229845134,
        "partial_p": 0.47676271107703627
      },
      "gloss": {
        "n": 740,
        "spearman_rho": -0.07313098370783347,
        "spearman_p": 0.046736736020012916,
        "partial_r": -0.08638003631456752,
        "partial_p": 0.01876268023311002
      }
    },
    "Sobic.009G250200": {
      "emb": {
        "n": 736,
        "spearman_rho": -0.06410968244816496,
        "spearman_p": 0.082195990010976,
        "partial_r": -0.0039084410922146234,
        "partial_p": 0.9156985657751183
      },
      "yellowness_b": {
        "n": 740,
        "spearman_rho": 0.04141697906116135,
        "spearman_p": 0.26048656082667665,
        "partial_r": 0.05386691430269224,
        "partial_p": 0.14321463310124463
      },
      "gloss": {
        "n": 740,
        "spearman_rho": -0.0628087624771182,
        "spearman_p": 0.08775131409257841,
        "partial_r": -0.08427055172447152,
        "partial_p": 0.021870427330375444
      }
    },
    "Sobic.009G250300": {
      "emb": {
        "n": 736,
        "spearman_rho": -0.034758216288702154,
        "spearman_p": 0.34637260292694017,
        "partial_r": -0.036988838302412286,
        "partial_p": 0.3162859505740032
      },