peak,chrom,pos,disease_exg_beta,disease_exg_p,disease_exg_n,human_score_beta,human_score_p,human_score_n,n_minor_carrier,disease_related
chr2:52.5,2,52490664,0.31233118075683475,0.00020599161685167528,895,0.3503955418415712,0.0006502415403350963,541,30,Y
chr4:4.7,4,4724594,0.3215380581675882,4.728033566287629e-05,895,0.359283754577682,0.0004615790970887516,541,26,Y
chr4:60.5,4,60556616,0.0218713928424207,0.6602165688807025,895,0.0766749166812769,0.20698454065801905,541,89,N
chr4:64.9 Tan1,4,64959396,0.10264234234447397,0.0222298843330354,895,0.1999657657587323,0.00027780423773660166,541,149,Y
chr4:65.4,4,65447981,0.06378180340407309,0.41646930368343027,895,0.2631167576113268,0.0030905666089122356,541,491,N
chr4:69.4,4,69421678,0.5233087434706194,4.226492549511335e-06,895,0.4769341516393731,0.00019306578840144094,541,20,Y
chr6:44.1 Dw2,6,43748037,-0.06099469285577541,0.2045090746584166,895,-0.027899433169355434,0.6396574223837357,541,412,N
chr6:52.1 Dry,6,52281164,-0.023410551841257603,0.5016102294989282,895,0.0036812257719850763,0.9319613633433379,541,239,N
chr6:58.5 P,6,58476610,0.007254894447129531,0.9326666938653082,895,-0.16597202664185007,0.15122748146582535,541,19,N
chr9:1.7,9,1768703,0.4286350119579114,2.0122309363235733e-06,895,0.32384877886135405,0.0039601963485061,541,22,Y
chr9:60.8 Cs1A,9,60857595,0.07711223087822061,0.04367002783010102,895,0.004379999537247456,0.9277645516915676,541,142,N
chr9:62.2,9,62301540,0.39024286376358813,2.398172248315886e-06,895,0.22223899189344312,0.028770743596548822,541,32,Y
