source,destination,reason,replacement,sha256
scripts/run_all_hotspot_embedding_replication.py,deprecated/scripts/run_all_hotspot_embedding_replication.py,Consolidated essential calculation,scripts/run_embedding_replication.py,c3c51249f57bbb4a181842ab6fa506a52d65a656fb39889587fde506ef38ef97
scripts/run_hotspot_embedding_replication.py,deprecated/scripts/run_hotspot_embedding_replication.py,Consolidated essential calculation,scripts/run_embedding_replication.py,e0276fec92349a2edc65eddd71c020875549a3324b75614af0f3fef390c0b948
scripts/run_hotspot_embedding_pair_tests.py,deprecated/scripts/run_hotspot_embedding_pair_tests.py,Consolidated essential calculation,scripts/run_embedding_correlations.py,7ff37e12fb92abcfff378395f2eba0ad5eefc20ce1fe6d935c900fea349acf33
scripts/run_cross_hotspot_embedding_pair_tests.py,deprecated/scripts/run_cross_hotspot_embedding_pair_tests.py,Consolidated essential calculation,scripts/run_embedding_correlations.py,9679d24ffaef371d11bfedb7439ce798070514115acc4ead0987a6006230a392
scripts/prepare_candidate_disease_panels.py,deprecated/scripts/prepare_candidate_disease_panels.py,Consolidated essential calculation,scripts/prepare_candidate_panels.py,e85b7e89316087bc5b559b50028da2cf0fc471664004ac0759fd483f65497d9e
scripts/prepare_chr2_leaf_water_figure.py,deprecated/scripts/prepare_chr2_leaf_water_figure.py,Consolidated essential calculation,scripts/prepare_candidate_panels.py,addc81b2bee3e1ffb567ca9632172c3acb2ee8ec82be74d696b55fccd99f3ce6
scripts/prepare_chr4_65_expression_figure.py,deprecated/scripts/prepare_chr4_65_expression_figure.py,Consolidated essential calculation,scripts/prepare_candidate_panels.py,941b57ee3fa44d78ca6df88cf5bbd533852fbacde1f3d53449d179d5ad69da7c
scripts/check_vq_region_raw_eqtl.py,deprecated/scripts/check_vq_region_raw_eqtl.py,Consolidated essential calculation,scripts/run_candidate_analysis.py,0f856e70535dd11bc3932a95b8f18078fa300f1921f1e64eee6f464b4f1a6434
scripts/check_chr4_65_raw_eqtl.py,deprecated/scripts/check_chr4_65_raw_eqtl.py,Consolidated essential calculation,scripts/run_candidate_analysis.py,5b08701813c0debf8a365498aff10dd8fe5c04263fd2d425ce37da55b328aeb7
scripts/check_chr9_candidate_claims.py,deprecated/scripts/check_chr9_candidate_claims.py,Consolidated essential calculation,scripts/run_candidate_analysis.py,9bb844e43af0b19835702567d7fd93c60776506762e29b5143f3556afcba6fc9
scripts/verify_chr2_leaf_water.py,deprecated/scripts/verify_chr2_leaf_water.py,Consolidated essential calculation,scripts/run_external_traits.py,a1993933896fcc2a0ab0537e7f6fa9d8fd1a167415d980ad4b041fae771875e8
scripts/verify_lysm_grain_mass.py,deprecated/scripts/verify_lysm_grain_mass.py,Consolidated essential calculation,scripts/run_external_traits.py,63b1ab5bbaf154eae8bdaf3bc1d5c71ad83d8cf81803613426c8e703fcf5b6b5
figures/supplemental/chr4_69_panicle_wt/compute_chr4_69_panicle_wt.py,deprecated/figures/supplemental/chr4_69_panicle_wt/compute_chr4_69_panicle_wt.py,Consolidated essential calculation,scripts/run_external_traits.py --analysis panicle --marker <marker>,d5221c65b771f0fad6d6a38f9f8bfe383d57329260b1c56a3c8a969a5399ba62
figures/supplemental/chr9_1_panicle_wt/compute_chr9_1_panicle_wt.py,deprecated/figures/supplemental/chr9_1_panicle_wt/compute_chr9_1_panicle_wt.py,Consolidated essential calculation,scripts/run_external_traits.py --analysis panicle --marker <marker>,602d98a7b67e9454ab7bbf327cfcf89307ae91c0224f435ba0f657303ae1e598
scripts/run_hotspot_disease_screen_by_env.py,deprecated/scripts/run_hotspot_disease_screen_by_env.py,Consolidated essential calculation,scripts/run_hotspot_disease.py,546fac866b1d9a5a58ca4b720ff1800ceea5856a5eefb7bed5ca4682b7d34838
scripts/audit_hotspot_table_disease.py,deprecated/scripts/audit_hotspot_table_disease.py,Consolidated essential calculation,scripts/run_hotspot_disease.py,2d1537c05fdc30a0f88d405c95b533931d30654ed38bc69477d87468c8bf5070
figures/chr2_gloss_peak/compute_chr2_peak.py,deprecated/figures/chr2_gloss_peak/compute_chr2_peak.py,Consolidated regional GWAS/LD/gene tracks,scripts/prepare_locus_data.py,05ccc1e12d9762e8ddd90c7fe13eb4021972181ad82e7b06b87958907751580a
figures/chr4_ggpps_peak/compute_chr4b_peak.py,deprecated/figures/chr4_ggpps_peak/compute_chr4b_peak.py,Consolidated regional GWAS/LD/gene tracks,scripts/prepare_locus_data.py,3c3537ce8a880a33c7cab5ea3216359e73681930086a954a0b630f60fd0e02e0
figures/chr4_lutein_peak/compute_lutein_peak.py,deprecated/figures/chr4_lutein_peak/compute_lutein_peak.py,Consolidated regional GWAS/LD/gene tracks,scripts/prepare_locus_data.py,401a7179242006ce6de2da48a111e5ad7348d4fb4dd6caca4b1d4d8e8b7e2675
figures/chr4_pme_peak/compute_pme_peak.py,deprecated/figures/chr4_pme_peak/compute_pme_peak.py,Consolidated regional GWAS/LD/gene tracks,scripts/prepare_locus_data.py,9ded160e5af906b3b0a2a98a27ef94deaafbf08310b02f11d5258298a93e8160
figures/chr9_62_peak/compute_c62_peak.py,deprecated/figures/chr9_62_peak/compute_c62_peak.py,Consolidated regional GWAS/LD/gene tracks,scripts/prepare_locus_data.py,ecf3a54b993de60557f1111bb6aa1adf9d3952316310e3c431f27e02f4ad7e88
figures/lysm_rlk_story/compute_lysm_panels.py,deprecated/figures/lysm_rlk_story/compute_lysm_panels.py,Consolidated regional GWAS/LD/gene tracks,scripts/prepare_locus_data.py,883128aef2bf2d1247eb7e1c096a740f3f06eaf0c7450da11d0b6fbec97ac13d
figures/main/figure1/segment_and_crop_transparent.py,deprecated/figures/main/figure1/segment_and_crop_transparent.py,Consolidated figure preparation,scripts/prepare_illustrations.py,7e3443bebb4e8423b451aaa9222a77aa4402073c8bc1b3d37dd65b46a750fbe0
figures/main/figure3/segment_and_crop_transparent.py,deprecated/figures/main/figure3/segment_and_crop_transparent.py,Consolidated figure preparation,scripts/prepare_illustrations.py,8cf95e777f89b3b0caa83ea56fa8d42b3768c5af92419184217f488b02ccdfe0
figures/supplemental/human_anthracnose_severity_scale/segment_and_crop_transparent.py,deprecated/figures/supplemental/human_anthracnose_severity_scale/segment_and_crop_transparent.py,Consolidated figure preparation,scripts/prepare_illustrations.py,0a4f9325a682730b73b1d9c8502f8f584e2dc2e09e8a217ecd95b3d90c7d6bd5
figures/supplemental/rf_exg/segment_and_crop_transparent.py,deprecated/figures/supplemental/rf_exg/segment_and_crop_transparent.py,Consolidated figure preparation,scripts/prepare_illustrations.py,0a4f9325a682730b73b1d9c8502f8f584e2dc2e09e8a217ecd95b3d90c7d6bd5
figures/supplemental/chr4_yellowness/extract_slices.py,deprecated/figures/supplemental/chr4_yellowness/extract_slices.py,Consolidated figure preparation,scripts/prepare_illustrations.py,eda3fd39d5d8124d39d62c99ccae7fb2eb40884e45ed22128cdace443f45b560
figures/chr4_ggpps_peak/extract_slices.py,deprecated/figures/chr4_ggpps_peak/extract_slices.py,Consolidated figure preparation,scripts/prepare_illustrations.py,bfca277c34d62a040772238e96b2c813245b5eb29cfa8d49e4cd2f5f4c31f105
figures/high_low_image_grids/extract_masked_crop.py,deprecated/figures/high_low_image_grids/extract_masked_crop.py,Consolidated figure preparation,scripts/prepare_illustrations.py,fa59129ff09bfef6164a0bc18bafe15f23cb6a172e66657b93a5bf043368624b
figures/embedding_gwas_hotspots/make_embedding_gwas_hotspot_figure.py,deprecated/figures/embedding_gwas_hotspots/make_embedding_gwas_hotspot_figure.py,Consolidated figure preparation,scripts/prepare_figure_data.R (sliding-window data); scripts/figures/main/figure3/figure3.R (plot),3a0e75490661804e8bc668827512a40429b20c99fcedf895ca728825e457ca8f
figures/embedding_gwas_hotspots/make_embedding_gwas_hotspot_miami.py,deprecated/figures/embedding_gwas_hotspots/make_embedding_gwas_hotspot_miami.py,Consolidated figure preparation,scripts/prepare_figure_data.R (sliding-window data); scripts/figures/main/figure3/figure3.R (plot),bf0481841b89d980b7b619d5f7f2ce3419393a14f5e11f32e6615056ec38be63
scripts/subset_figure_data.R,deprecated/scripts/subset_figure_data.R,Consolidated figure preparation,scripts/prepare_figure_data.R,1ed501b1cd94b861cd217ef1017cefdaf799df40bedae51e09b47ebffa7c9934
figures/embedding_gwas_hotspots/ExpressionData/gene_tpm (3).csv.gz,data/externalsourcerequired/expression/gene_tpm.csv.gz,Retain scientific source externally; normalize location,data/externalsourcerequired/expression/gene_tpm.csv.gz,3470d199cbd37306cddbf3b02c7e35c455807e319673d13000413438ffa02eee
figures/embedding_gwas_hotspots/ExpressionData/sample_metadata (3).tsv,data/externalsourcerequired/expression/sample_metadata.tsv,Retain scientific source externally; normalize location,data/externalsourcerequired/expression/sample_metadata.tsv,7b7c10bec4adb87a52d1d8f55c6e8c80638716c66e113025fb9e642f89cfd74a
figures/embedding_gwas_hotspots/sorghum_snpeff_calls.tsv,data/externalsourcerequired/annotations/sorghum_snpeff_calls.tsv,Retain scientific source externally; normalize location,data/externalsourcerequired/annotations/sorghum_snpeff_calls.tsv,f4140289e187f7256370590744297b594832c9e2c6977b2f117d352cab969e87
figures/main/figure1/us_study_sites_map.R,scripts/figures/main/figure1/us_study_sites_map.R,Relocate active figure generator into scripts/,scripts/figures/main/figure1/us_study_sites_map.R,4f49ff706c27e5fe40dc77cd96309e912687def6f8aa7a06b56495281d0d059e
figures/main/figure2/figure2.R,scripts/figures/main/figure2/figure2.R,Relocate active figure generator into scripts/,scripts/figures/main/figure2/figure2.R,9ff12fa13bee912c3a717b4e2fdb508801f710958c49d7db6939d40bf5423577
figures/main/figure3/figure3.R,scripts/figures/main/figure3/figure3.R,Relocate active figure generator into scripts/,scripts/figures/main/figure3/figure3.R,6e8b108c380c4131395c648940d126a6479e99d1cfa434009b4be079c81e9860
figures/supplemental/chr4_69_panicle_wt/chr4_69_panicle_wt.R,scripts/figures/supplemental/chr4_69_panicle_wt/chr4_69_panicle_wt.R,Relocate active figure generator into scripts/,scripts/figures/supplemental/chr4_69_panicle_wt/chr4_69_panicle_wt.R,35b516755e0e47172b4fda1553dfeed5ad8b726c3871f04c2072ee63b501d274
figures/supplemental/chr4_yellowness/chr4_yellowness_bins.R,scripts/figures/supplemental/chr4_yellowness/chr4_yellowness_bins.R,Relocate active figure generator into scripts/,scripts/figures/supplemental/chr4_yellowness/chr4_yellowness_bins.R,89f94aa9a84bec7b827cfeb8b37378b9c058da4f339afdd090a15f252454102e
figures/supplemental/chr9_1_panicle_wt/chr9_1_panicle_wt.R,scripts/figures/supplemental/chr9_1_panicle_wt/chr9_1_panicle_wt.R,Relocate active figure generator into scripts/,scripts/figures/supplemental/chr9_1_panicle_wt/chr9_1_panicle_wt.R,7a5b4aaa1995ce133fedf8bc474dea4d10dea237cffbf9e641becb0437473c9d
figures/supplemental/embedding_partial_correlation/embedding_partial_correlation.R,scripts/figures/supplemental/embedding_partial_correlation/embedding_partial_correlation.R,Relocate active figure generator into scripts/,scripts/figures/supplemental/embedding_partial_correlation/embedding_partial_correlation.R,11ba7241a9eafec71630e74f74f816903df3bae9411f06a1bb4e12cb6234096c
figures/supplemental/feature_importance_distribution/feature_importance_distribution.R,scripts/figures/supplemental/feature_importance_distribution/feature_importance_distribution.R,Relocate active figure generator into scripts/,scripts/figures/supplemental/feature_importance_distribution/feature_importance_distribution.R,49fa0dd9d6c14f9cb9bc00375265572aeb8807d669ee47cc3f2be99eca6bba79
figures/supplemental/gdsl_hotspots/gdsl_hotspots.R,scripts/figures/supplemental/gdsl_hotspots/gdsl_hotspots.R,Relocate active figure generator into scripts/,scripts/figures/supplemental/gdsl_hotspots/gdsl_hotspots.R,37de6d5ff6ebea79e9bba6206076e62df52dada7275106ff47499c782bb88ae6
figures/supplemental/hotspot_score_stability/hotspot_score_stability.R,scripts/figures/supplemental/hotspot_score_stability/hotspot_score_stability.R,Relocate active figure generator into scripts/,scripts/figures/supplemental/hotspot_score_stability/hotspot_score_stability.R,0a3a0e5d12a8a0877ccd96e52a15f7a959c85bb8fa9554b52daefcdb042f9c8d
figures/supplemental/human_vi_correlation/human_vi_correlation.R,scripts/figures/supplemental/human_vi_correlation/human_vi_correlation.R,Relocate active figure generator into scripts/,scripts/figures/supplemental/human_vi_correlation/human_vi_correlation.R,385e897adfa0124e9c560f9939544b36a8a7caa6feda0cacb7defa58f804e5db
figures/supplemental/human_vi_rating_workflows/make_exg_overlays.py,scripts/figures/supplemental/human_vi_rating_workflows/make_exg_overlays.py,Relocate active figure generator into scripts/,scripts/figures/supplemental/human_vi_rating_workflows/make_exg_overlays.py,15b95160f8741380262fc26bcc518a5df74e40c2eb31d32a3eb30ea9dfe8f726
figures/supplemental/ja_hotspots/ja_hotspots.R,scripts/figures/supplemental/ja_hotspots/ja_hotspots.R,Relocate active figure generator into scripts/,scripts/figures/supplemental/ja_hotspots/ja_hotspots.R,75cc9b16af7f06187b677611b840343ef9dcfd01e3720eadc22b651aae1a2a1a
figures/supplemental/lysm_hotspot/lysm_hotspot.R,scripts/figures/supplemental/lysm_hotspot/lysm_hotspot.R,Relocate active figure generator into scripts/,scripts/figures/supplemental/lysm_hotspot/lysm_hotspot.R,0faa1f2400a582cc2337f74c271a4d51a12bcca092371ed64eb976092d5c30c2
figures/supplemental/repeatability_vs_disease_cor/repeatability_vs_disease_cor.R,scripts/figures/supplemental/repeatability_vs_disease_cor/repeatability_vs_disease_cor.R,Relocate active figure generator into scripts/,scripts/figures/supplemental/repeatability_vs_disease_cor/repeatability_vs_disease_cor.R,2300ffddab88acb736fc2536944f7f2adf65f71ea99de063c9f48e1886e3c23e
figures/supplemental/rf_dino2_scores/dino2_scatter.R,scripts/figures/supplemental/rf_dino2_scores/dino2_scatter.R,Relocate active figure generator into scripts/,scripts/figures/supplemental/rf_dino2_scores/dino2_scatter.R,2c118151150619ccd21d3741195eef7f7d139d098f30cb0bb7df33c158b987d4
figures/supplemental/rf_exg/rf_exg.R,scripts/figures/supplemental/rf_exg/rf_exg.R,Relocate active figure generator into scripts/,scripts/figures/supplemental/rf_exg/rf_exg.R,c8f23c192d98a68b4c2be685a00cf32a96cfde9d972b311b8c8c846a92c2e45c
figures/supplemental/scored_gt50_exg/make_grid.py,scripts/figures/supplemental/scored_gt50_exg/make_grid.py,Relocate active figure generator into scripts/,scripts/figures/supplemental/scored_gt50_exg/make_grid.py,0b147fb7a63f8568a1287292d3129c5f699d229a68958923b952a222e35702f7
.pytest_cache/.gitignore,deprecated/.pytest_cache/.gitignore,"Transient cache, local-agent state, shell/R history or run log; preserve only selected scientific run metadata.",,3ed731b65d06150c138e2dadb0be0697550888a6b47eb8c45ecc9adba8b8e9bd
.pytest_cache/CACHEDIR.TAG,deprecated/.pytest_cache/CACHEDIR.TAG,"Transient cache, local-agent state, shell/R history or run log; preserve only selected scientific run metadata.",,37dc88ef9a0abeddbe81053a6dd8fdfb13afb613045ea1eb4a5c815a74a3bde4
.pytest_cache/README.md,deprecated/.pytest_cache/README.md,"Transient cache, local-agent state, shell/R history or run log; preserve only selected scientific run metadata.",,73fd6fccdd802c419a6b2d983d6c3173b7da97558ac4b589edec2dfe443db9ad
.pytest_cache/v/cache/lastfailed,deprecated/.pytest_cache/v/cache/lastfailed,"Transient cache, local-agent state, shell/R history or run log; preserve only selected scientific run metadata.",,88e9cad042139561c3493a8faaaa39361713be796a1ec11184b3905241e04d44
.pytest_cache/v/cache/nodeids,deprecated/.pytest_cache/v/cache/nodeids,"Transient cache, local-agent state, shell/R history or run log; preserve only selected scientific run metadata.",,c9a0a8fd7e292363dc57a63d912b2ba7305576106ecd1e6a14fad38a52ddde85
PEAK_CHARACTERIZATION_GUIDE.md,deprecated/PEAK_CHARACTERIZATION_GUIDE.md,Historical or intermediate material outside the active paper.,,c8174fb5f7017390e49da5b2f575025f522ec61201524ac995c743a678daa848
data/generatable/ICs/dino2_2016crop/ic_scores.csv,deprecated/data/generatable/ICs/dino2_2016crop/ic_scores.csv,"Removed component analysis, segmentation/CAM exploration, smoke test or transient batch/cache output.",,d0ea2040591e3a93f2ff9f8b231798e8e543cf8f1dd46634eefd1514a6498430
data/generatable/ICs/sam3_2016crop/ic_scores.csv,deprecated/data/generatable/ICs/sam3_2016crop/ic_scores.csv,"Removed component analysis, segmentation/CAM exploration, smoke test or transient batch/cache output.",,a7aa65665fe54030dab4b0d6fc85fdb2b5d81beccb2b56204d1c9afc22cb96c3
data/generatable/_genlogs/dino2_rf.log,deprecated/data/generatable/_genlogs/dino2_rf.log,"Transient cache, local-agent state, shell/R history or run log; preserve only selected scientific run metadata.",,f0294bab3b40ab04e9ebaee0fc0e418e84904f9710cabee651bb5a809fd35faa
data/generatable/_genlogs/exg_gwas.log,deprecated/data/generatable/_genlogs/exg_gwas.log,"Transient cache, local-agent state, shell/R history or run log; preserve only selected scientific run metadata.",,c7b8c4b62e367b1a07aed5ede8daf2d86117d4b429239b0c0b11583778fe6fe9
data/generatable/_genlogs/exg_peak_disease_all.log,deprecated/data/generatable/_genlogs/exg_peak_disease_all.log,"Transient cache, local-agent state, shell/R history or run log; preserve only selected scientific run metadata.",,b3a3a12b8a8110ce0c4ab3b5ee6d14e62c5084fb34fd076407f0754f7718bb99
data/generatable/_genlogs/sam3_seg_bench.log,deprecated/data/generatable/_genlogs/sam3_seg_bench.log,"Transient cache, local-agent state, shell/R history or run log; preserve only selected scientific run metadata.",,3e5e351c27c5a9eb67835c038b53f55c7e0fc0e57cec4c2d4d324b1c4280b731
data/generatable/all_hotspot_embedding_replication_dino2/blues/blues_Alabama2025.csv,deprecated/data/generatable/all_hotspot_embedding_replication_dino2/blues/blues_Alabama2025.csv,DINOv2 external-environment replication was explicitly excluded in the 2026-09-07 reconciliation notes.,,208ecb25b39485c6be268ddf7c5efefcaf85dab78c021f23b0597a89a29f6ce5
data/generatable/all_hotspot_embedding_replication_dino2/blues/blues_Georgia2025.csv,deprecated/data/generatable/all_hotspot_embedding_replication_dino2/blues/blues_Georgia2025.csv,DINOv2 external-environment replication was explicitly excluded in the 2026-09-07 reconciliation notes.,,758133c10a3d14ec15ee6b8c4a6589f2061097af9209bdd643bf8dfd7d24312a
data/generatable/all_hotspot_embedding_replication_dino2/blues/blues_Nebraska2025.csv,deprecated/data/generatable/all_hotspot_embedding_replication_dino2/blues/blues_Nebraska2025.csv,DINOv2 external-environment replication was explicitly excluded in the 2026-09-07 reconciliation notes.,,f40cf7d862c5ccaaf1828b3de35bf24d45aa7cb9d06853992fb263bf2f441c3a
data/generatable/all_hotspot_embedding_replication_dino2/blues_all_environments.csv,deprecated/data/generatable/all_hotspot_embedding_replication_dino2/blues_all_environments.csv,DINOv2 external-environment replication was explicitly excluded in the 2026-09-07 reconciliation notes.,,1a91487424ea385c0d0f13e38e57eb7846760eb19d0a2aa8d01882f229f3f9cf
data/generatable/all_hotspot_embedding_replication_dino2/hotspot_embedding_pairs.csv,deprecated/data/generatable/all_hotspot_embedding_replication_dino2/hotspot_embedding_pairs.csv,DINOv2 external-environment replication was explicitly excluded in the 2026-09-07 reconciliation notes.,,49a4e3a1e88f17ac04cb2896803a316aceaed5e25b15969433790a487703b451
data/generatable/all_hotspot_embedding_replication_dino2/hotspot_embedding_scores.npz,deprecated/data/generatable/all_hotspot_embedding_replication_dino2/hotspot_embedding_scores.npz,DINOv2 external-environment replication was explicitly excluded in the 2026-09-07 reconciliation notes.,,844a1552d28279b32ce751e267f35724a67e17ffed1caa5eedc0d524cb774798
data/generatable/all_hotspot_embedding_replication_dino2/replication_by_hotspot.csv,deprecated/data/generatable/all_hotspot_embedding_replication_dino2/replication_by_hotspot.csv,DINOv2 external-environment replication was explicitly excluded in the 2026-09-07 reconciliation notes.,,dabc8fd8be04ae94b5fdbbb89928e39d2b385329e2df5f6b05a0c3fbb96bcc82
data/generatable/all_hotspot_embedding_replication_dino2/replication_counts.json,deprecated/data/generatable/all_hotspot_embedding_replication_dino2/replication_counts.json,DINOv2 external-environment replication was explicitly excluded in the 2026-09-07 reconciliation notes.,,361cc579eb9494768540d9798b816dd620d863aecb17afcf734620fe0ecf3435
data/generatable/all_hotspot_embedding_replication_dino2/replication_summary.csv,deprecated/data/generatable/all_hotspot_embedding_replication_dino2/replication_summary.csv,DINOv2 external-environment replication was explicitly excluded in the 2026-09-07 reconciliation notes.,,c593cfa2f4d5fe5a216fc3ad17f9108c7ae4391d670223cdced6abf7c5ef515e
data/generatable/all_hotspot_embedding_replication_dino2/sam3_dino2_comparison.csv,deprecated/data/generatable/all_hotspot_embedding_replication_dino2/sam3_dino2_comparison.csv,DINOv2 external-environment replication was explicitly excluded in the 2026-09-07 reconciliation notes.,,6d976da43da3566a9cc442d2961b95ce03af343e89b8e4361853c95f7c1a753d
data/generatable/all_hotspot_embedding_replication_dino2/single_marker_tests/6_52_2_significance.csv,deprecated/data/generatable/all_hotspot_embedding_replication_dino2/single_marker_tests/6_52_2_significance.csv,DINOv2 external-environment replication was explicitly excluded in the 2026-09-07 reconciliation notes.,,9170c7692cee456614e679bb8597294706beb8b851cb9d14295d30c1c4667eae
data/generatable/all_hotspot_embedding_replication_dino2/single_marker_tests/6_58_5_significance.csv,deprecated/data/generatable/all_hotspot_embedding_replication_dino2/single_marker_tests/6_58_5_significance.csv,DINOv2 external-environment replication was explicitly excluded in the 2026-09-07 reconciliation notes.,,032e3373bac6015dfb7b07560cc6dc8329905c5c3f885a3a9b3ec1b9131abc29
data/generatable/all_hotspot_embedding_replication_dino2/single_marker_tests/9_60_8_significance.csv,deprecated/data/generatable/all_hotspot_embedding_replication_dino2/single_marker_tests/9_60_8_significance.csv,DINOv2 external-environment replication was explicitly excluded in the 2026-09-07 reconciliation notes.,,d94cba113775c9a7052f85df4b070842d3c3a9982aea997adef7d60129a14570
data/generatable/all_hotspot_embedding_replication_dino2/single_marker_tests/9_61_9_significance.csv,deprecated/data/generatable/all_hotspot_embedding_replication_dino2/single_marker_tests/9_61_9_significance.csv,DINOv2 external-environment replication was explicitly excluded in the 2026-09-07 reconciliation notes.,,75d1cca1904814b9c6ffbe3053525e0abed871ee9b361d3805236fb783e0d745
data/generatable/all_hotspot_embedding_replication_dino2/single_marker_tests/run_metadata.json,deprecated/data/generatable/all_hotspot_embedding_replication_dino2/single_marker_tests/run_metadata.json,DINOv2 external-environment replication was explicitly excluded in the 2026-09-07 reconciliation notes.,,5a09a1738358ae439ec2f311b43922d8fae8e31a94e01801394b258f55bb3297
data/generatable/batch_logs/batch.out,deprecated/data/generatable/batch_logs/batch.out,"Transient cache, local-agent state, shell/R history or run log; preserve only selected scientific run metadata.",,76c3b5f7275e9267c3bc489c5e6117044145b18ffd4bd6402da82f87214d1d62
data/generatable/batch_logs/batch_gwas_rerun.out,deprecated/data/generatable/batch_logs/batch_gwas_rerun.out,"Transient cache, local-agent state, shell/R history or run log; preserve only selected scientific run metadata.",,84a349fb99139d5b1db8216d2ee780d72ad9ad415ed6a609e524cff9b46fecf7
data/generatable/batch_logs/batch_summary.txt,deprecated/data/generatable/batch_logs/batch_summary.txt,"Removed component analysis, segmentation/CAM exploration, smoke test or transient batch/cache output.",,b6f52ed669c2db94a926e218227d5eb341db379c0e441e0d420d6720b03ceae3
data/generatable/batch_logs/dino2_preprocess_fix/dino2_allsites_varpart.log,deprecated/data/generatable/batch_logs/dino2_preprocess_fix/dino2_allsites_varpart.log,"Transient cache, local-agent state, shell/R history or run log; preserve only selected scientific run metadata.",,ea38f550573fe3b02a5a2d653c65f25f92f0de4e836d1c26310f9aa8bf35282c
data/generatable/batch_logs/dino2_preprocess_fix/dino2_allsites_varpart.status,deprecated/data/generatable/batch_logs/dino2_preprocess_fix/dino2_allsites_varpart.status,"Transient cache, local-agent state, shell/R history or run log; preserve only selected scientific run metadata.",,8647aa5264134059a815eeb572d48f5d9e5ded13e17d939a2d05b18cba320117
data/generatable/batch_logs/dino2_preprocess_fix/dino2_embedding_gwas.log,deprecated/data/generatable/batch_logs/dino2_preprocess_fix/dino2_embedding_gwas.log,"Transient cache, local-agent state, shell/R history or run log; preserve only selected scientific run metadata.",,dc3513be1e7598962527774dae8750981b4362ad362f245d09de42ac1c047989
data/generatable/batch_logs/dino2_preprocess_fix/dino2_embedding_gwas.status,deprecated/data/generatable/batch_logs/dino2_preprocess_fix/dino2_embedding_gwas.status,"Transient cache, local-agent state, shell/R history or run log; preserve only selected scientific run metadata.",,4b159cf7dff347c1b7114f950bdfd9930fad6b217f566e71576ba114a42e05d4
data/generatable/batch_logs/dino2_preprocess_fix/dino2_horn.log,deprecated/data/generatable/batch_logs/dino2_preprocess_fix/dino2_horn.log,"Transient cache, local-agent state, shell/R history or run log; preserve only selected scientific run metadata.",,89c1156a0e31096028163ec2ba5de5583aec3d5f760a8799c3d82e8d4ae6d5f5
data/generatable/batch_logs/dino2_preprocess_fix/dino2_horn.status,deprecated/data/generatable/batch_logs/dino2_preprocess_fix/dino2_horn.status,"Transient cache, local-agent state, shell/R history or run log; preserve only selected scientific run metadata.",,5b21b8edf350d9a3ee1111040281e9b3c2950080e61f5328c7050ea59df2255b
data/generatable/batch_logs/dino2_preprocess_fix/dino2_ic_blues.log,deprecated/data/generatable/batch_logs/dino2_preprocess_fix/dino2_ic_blues.log,"Transient cache, local-agent state, shell/R history or run log; preserve only selected scientific run metadata.",,e57eb8bd2f370f645ce8461bb89310f056aa941d84b569eb1001b4e1e954a1a9
data/generatable/batch_logs/dino2_preprocess_fix/dino2_ic_blues.status,deprecated/data/generatable/batch_logs/dino2_preprocess_fix/dino2_ic_blues.status,"Transient cache, local-agent state, shell/R history or run log; preserve only selected scientific run metadata.",,b5a5a7446b42012dedea9f81bd4d8828b6c2d51099ff10582dde2d3a10d27fd8
data/generatable/batch_logs/dino2_preprocess_fix/dino2_ic_gwas.log,deprecated/data/generatable/batch_logs/dino2_preprocess_fix/dino2_ic_gwas.log,"Transient cache, local-agent state, shell/R history or run log; preserve only selected scientific run metadata.",,6200b505837249734de6f22da33795c40cd56c2e681dab5e6884dd9a59c10f2c
data/generatable/batch_logs/dino2_preprocess_fix/dino2_ic_gwas.status,deprecated/data/generatable/batch_logs/dino2_preprocess_fix/dino2_ic_gwas.status,"Transient cache, local-agent state, shell/R history or run log; preserve only selected scientific run metadata.",,478980bd96a52a04296927bcb0ec05f2773aa01bdc44aab1cadbbe5e97a37aee
data/generatable/batch_logs/dino2_preprocess_fix/dino2_ics.log,deprecated/data/generatable/batch_logs/dino2_preprocess_fix/dino2_ics.log,"Transient cache, local-agent state, shell/R history or run log; preserve only selected scientific run metadata.",,7410284402add24f63f267e0d5a812403af5874da7e120f34ed420000587258d
data/generatable/batch_logs/dino2_preprocess_fix/dino2_ics.status,deprecated/data/generatable/batch_logs/dino2_preprocess_fix/dino2_ics.status,"Transient cache, local-agent state, shell/R history or run log; preserve only selected scientific run metadata.",,1ad39c2ed8cb69f97dca5d53a9816f529bf3973eb00845081bcd45ab64b6fa05
data/generatable/batch_logs/dino2_preprocess_fix/dino2_nebraska_blues.log,deprecated/data/generatable/batch_logs/dino2_preprocess_fix/dino2_nebraska_blues.log,"Transient cache, local-agent state, shell/R history or run log; preserve only selected scientific run metadata.",,7bff88dccedc81443ffdea7c751b132cac8a4000333574cedf2d67e0f9f7e314
data/generatable/batch_logs/dino2_preprocess_fix/dino2_nebraska_blues.status,deprecated/data/generatable/batch_logs/dino2_preprocess_fix/dino2_nebraska_blues.status,"Transient cache, local-agent state, shell/R history or run log; preserve only selected scientific run metadata.",,9412e91485c2c6168a4086819c430043a657fea70384de92a332fdbb16fd03a8
data/generatable/batch_logs/dino2_preprocess_fix/driver.out,deprecated/data/generatable/batch_logs/dino2_preprocess_fix/driver.out,"Transient cache, local-agent state, shell/R history or run log; preserve only selected scientific run metadata.",,f1c07c39b6cfb83431e20d8f334ae59808cac09906f8f87f80e01c155b7bcb69
data/generatable/batch_logs/dino2_preprocess_fix/extract_dino2_embeddings.log,deprecated/data/generatable/batch_logs/dino2_preprocess_fix/extract_dino2_embeddings.log,"Transient cache, local-agent state, shell/R history or run log; preserve only selected scientific run metadata.",,be04e45f5c9af0ff3e025979cf0191d142097f3d6c399715484fe126c8402be3
data/generatable/batch_logs/dino2_preprocess_fix/extract_dino2_embeddings.status,deprecated/data/generatable/batch_logs/dino2_preprocess_fix/extract_dino2_embeddings.status,"Transient cache, local-agent state, shell/R history or run log; preserve only selected scientific run metadata.",,27ce6c5cd8628671975978538cb4a18d5946fd563480f5aec433663e3c053a0f
data/generatable/batch_logs/dino2_preprocess_fix/make_gwas_leaf_area_covariate.log,deprecated/data/generatable/batch_logs/dino2_preprocess_fix/make_gwas_leaf_area_covariate.log,"Transient cache, local-agent state, shell/R history or run log; preserve only selected scientific run metadata.",,4ce5f62ec965aff82816228f1b2fe3139e339b232f4ac54ee4568f757350cfd2
data/generatable/batch_logs/dino2_preprocess_fix/make_gwas_leaf_area_covariate.status,deprecated/data/generatable/batch_logs/dino2_preprocess_fix/make_gwas_leaf_area_covariate.status,"Transient cache, local-agent state, shell/R history or run log; preserve only selected scientific run metadata.",,ac767ec7212114486cbb5a33137280101e7b16d5ddef0291dd967b8cd46acc47
data/generatable/batch_logs/dino2_preprocess_fix/summary.txt,deprecated/data/generatable/batch_logs/dino2_preprocess_fix/summary.txt,"Removed component analysis, segmentation/CAM exploration, smoke test or transient batch/cache output.",,f1c07c39b6cfb83431e20d8f334ae59808cac09906f8f87f80e01c155b7bcb69
data/generatable/batch_logs/job1_dino2_ne_blues.log,deprecated/data/generatable/batch_logs/job1_dino2_ne_blues.log,"Transient cache, local-agent state, shell/R history or run log; preserve only selected scientific run metadata.",,73883191fcc4af98b98e4fd443ef2dee16af9258b9d16a34d4e8fbbdd853e9ed
data/generatable/batch_logs/job1_dino2_ne_blues.status,deprecated/data/generatable/batch_logs/job1_dino2_ne_blues.status,"Transient cache, local-agent state, shell/R history or run log; preserve only selected scientific run metadata.",,2c903dfc749628e4ec5eec89c72e59b5418cfab775f1ce49c05874448b967a36
data/generatable/batch_logs/job2_dino2_allsites_varpart.log,deprecated/data/generatable/batch_logs/job2_dino2_allsites_varpart.log,"Transient cache, local-agent state, shell/R history or run log; preserve only selected scientific run metadata.",,83d6ea1430cc8d670bce065ce2060d3269d7389df3824a2c728f7695093fa6b4
data/generatable/batch_logs/job2_dino2_allsites_varpart.status,deprecated/data/generatable/batch_logs/job2_dino2_allsites_varpart.status,"Transient cache, local-agent state, shell/R history or run log; preserve only selected scientific run metadata.",,f0868e776f69f4a8321e069df1e145270c3a1d70fcfefbb284906a7c4e9dfa0a
data/generatable/batch_logs/job3_gwas_sam3.log,deprecated/data/generatable/batch_logs/job3_gwas_sam3.log,"Transient cache, local-agent state, shell/R history or run log; preserve only selected scientific run metadata.",,7fe7d951f08d324f7289cd2277e8b2e459562ff1ea6577b07ebfe43abc949be9
data/generatable/batch_logs/job3_gwas_sam3.status,deprecated/data/generatable/batch_logs/job3_gwas_sam3.status,"Transient cache, local-agent state, shell/R history or run log; preserve only selected scientific run metadata.",,0f8c12a19fac9c5126da87cc386bdb992e07e3bc5c494a10d8f0b565ec29fb26
data/generatable/batch_logs/job4_gwas_dino2.log,deprecated/data/generatable/batch_logs/job4_gwas_dino2.log,"Transient cache, local-agent state, shell/R history or run log; preserve only selected scientific run metadata.",,d7dca7ef9484c2444385594408d189d9cb3de42d7411d20cc66b2025f8d4b6ff
data/generatable/batch_logs/job4_gwas_dino2.status,deprecated/data/generatable/batch_logs/job4_gwas_dino2.status,"Transient cache, local-agent state, shell/R history or run log; preserve only selected scientific run metadata.",,c9c065f28364e418bcc8e9bf9aaa335a1ea80f406c98f7b737423f09d63d0117
data/generatable/batch_logs/job5_horn_dino2.log,deprecated/data/generatable/batch_logs/job5_horn_dino2.log,"Transient cache, local-agent state, shell/R history or run log; preserve only selected scientific run metadata.",,cfd65f8cb027653fe1c24903323628d14885759ab0e99f425423f37f948a8dea
data/generatable/batch_logs/job5_horn_dino2.status,deprecated/data/generatable/batch_logs/job5_horn_dino2.status,"Transient cache, local-agent state, shell/R history or run log; preserve only selected scientific run metadata.",,1fab0e6b8740ebaf745f3349a50b9ba3ecf02f60549312b79678fc9b72786e10
data/generatable/batch_logs/job6_dino2_ics.log,deprecated/data/generatable/batch_logs/job6_dino2_ics.log,"Transient cache, local-agent state, shell/R history or run log; preserve only selected scientific run metadata.",,9eb1399ed0673a672cdaa28be15e5926dee37eaefbb4480bc5e7abb980a9fb53
data/generatable/batch_logs/job6_dino2_ics.status,deprecated/data/generatable/batch_logs/job6_dino2_ics.status,"Transient cache, local-agent state, shell/R history or run log; preserve only selected scientific run metadata.",,eb6fca8a4cae25cb6c98bedfd48c7483a7871044a31b59d94961f70de4fc77fe
data/generatable/batch_logs/smoke/batch_summary.txt,deprecated/data/generatable/batch_logs/smoke/batch_summary.txt,"Removed component analysis, segmentation/CAM exploration, smoke test or transient batch/cache output.",,7d70c2f24d609d9ccea7601203369ac55800fa049e545a651798fcc435bcec68
data/generatable/batch_logs/smoke/job1_dino2_ne_blues.log,deprecated/data/generatable/batch_logs/smoke/job1_dino2_ne_blues.log,"Transient cache, local-agent state, shell/R history or run log; preserve only selected scientific run metadata.",,71c79563924f95c46fe2e27b05f8416f59a31f3fc75eb352afc8a875190db760
data/generatable/batch_logs/smoke/job1_dino2_ne_blues.status,deprecated/data/generatable/batch_logs/smoke/job1_dino2_ne_blues.status,"Transient cache, local-agent state, shell/R history or run log; preserve only selected scientific run metadata.",,1680d22603e2ab048d9da1d2542b4bfc06b5a8b739f27e3fc714045964a308db
data/generatable/batch_logs/smoke/job2_dino2_allsites_varpart.log,deprecated/data/generatable/batch_logs/smoke/job2_dino2_allsites_varpart.log,"Transient cache, local-agent state, shell/R history or run log; preserve only selected scientific run metadata.",,e936008ee005215a64790813062a5e344af52e5a63d74db8acaa6125b8856ac5
data/generatable/batch_logs/smoke/job2_dino2_allsites_varpart.status,deprecated/data/generatable/batch_logs/smoke/job2_dino2_allsites_varpart.status,"Transient cache, local-agent state, shell/R history or run log; preserve only selected scientific run metadata.",,330cd50d7e8550768bdc4cbf566d7c2648bee099061fd64bdecb8853b6c547e6
data/generatable/batch_logs/smoke/job3_gwas_sam3.log,deprecated/data/generatable/batch_logs/smoke/job3_gwas_sam3.log,"Transient cache, local-agent state, shell/R history or run log; preserve only selected scientific run metadata.",,222ced0aee689fe4cc44f00fda75a009d591dcc9b57aae00a7fa29095b407966
data/generatable/batch_logs/smoke/job3_gwas_sam3.status,deprecated/data/generatable/batch_logs/smoke/job3_gwas_sam3.status,"Transient cache, local-agent state, shell/R history or run log; preserve only selected scientific run metadata.",,5b7e5b225ee9a68bf7b748987f851d4706503587c933d71ab2b05f1bfa2e1f93
data/generatable/batch_logs/smoke/job4_gwas_dino2.log,deprecated/data/generatable/batch_logs/smoke/job4_gwas_dino2.log,"Transient cache, local-agent state, shell/R history or run log; preserve only selected scientific run metadata.",,398d6713d0f41107e96e988b9b682ff4980a5c57b672ba80d0e25669f60904b3
data/generatable/batch_logs/smoke/job4_gwas_dino2.status,deprecated/data/generatable/batch_logs/smoke/job4_gwas_dino2.status,"Transient cache, local-agent state, shell/R history or run log; preserve only selected scientific run metadata.",,71d7c46a141fa658d21c39fccbc41c72b9cd9d432b90672732df93170507b77a
data/generatable/batch_logs/smoke/job5_horn_dino2.log,deprecated/data/generatable/batch_logs/smoke/job5_horn_dino2.log,"Transient cache, local-agent state, shell/R history or run log; preserve only selected scientific run metadata.",,c8ad43d43e62ea40ead67f63711bae19e1fca473be6fb251d9a7d01706297758
data/generatable/batch_logs/smoke/job5_horn_dino2.status,deprecated/data/generatable/batch_logs/smoke/job5_horn_dino2.status,"Transient cache, local-agent state, shell/R history or run log; preserve only selected scientific run metadata.",,2749e08092a21878fb900bd421c5fcdfe091dc0cf1e74b8cd68fe5b32b64f0f2
data/generatable/batch_logs/smoke/job6_dino2_ics.log,deprecated/data/generatable/batch_logs/smoke/job6_dino2_ics.log,"Transient cache, local-agent state, shell/R history or run log; preserve only selected scientific run metadata.",,e44b23de6d06550b58fe75260a2ea160047b7786e78f622dc959d98170c3cd48
data/generatable/batch_logs/smoke/job6_dino2_ics.status,deprecated/data/generatable/batch_logs/smoke/job6_dino2_ics.status,"Transient cache, local-agent state, shell/R history or run log; preserve only selected scientific run metadata.",,4c95a0303e4b7746688dca2e15d67917fe85191b81bf5a3dd8dce55890543895
data/generatable/batch_logs/smoke/out/blues/allsites_dino2_embeddings_2016crop/heritability_all.csv,deprecated/data/generatable/batch_logs/smoke/out/blues/allsites_dino2_embeddings_2016crop/heritability_all.csv,"Removed component analysis, segmentation/CAM exploration, smoke test or transient batch/cache output.",,24ce3299ce4504c232f5c1e96987c0e06cda1e2a3fca00b6b1c2e1bd0c5400dd
data/generatable/batch_logs/smoke/out/blues/allsites_dino2_embeddings_2016crop/variance_partitioning_all.csv,deprecated/data/generatable/batch_logs/smoke/out/blues/allsites_dino2_embeddings_2016crop/variance_partitioning_all.csv,"Removed component analysis, segmentation/CAM exploration, smoke test or transient batch/cache output.",,e5e8578a9a3463985925486bf66e1b4be719e57ca29afaaad4c628262c5e2800
data/generatable/batch_logs/smoke/out/blues/nebraska_dino2_embeddings_2016crop/blues_Nebraska2025.csv,deprecated/data/generatable/batch_logs/smoke/out/blues/nebraska_dino2_embeddings_2016crop/blues_Nebraska2025.csv,"Removed component analysis, segmentation/CAM exploration, smoke test or transient batch/cache output.",,e79010e9f7ae6e932f5728c05de807f10e54bd9a20835be1b5cc3b18e64cd99c
data/generatable/batch_logs/smoke/out/blues/nebraska_dino2_embeddings_2016crop/heritability_Nebraska2025.csv,deprecated/data/generatable/batch_logs/smoke/out/blues/nebraska_dino2_embeddings_2016crop/heritability_Nebraska2025.csv,"Removed component analysis, segmentation/CAM exploration, smoke test or transient batch/cache output.",,a166336e124ad29b5756e2ba36b00e48a7b4efab0aef4a35cd99bef74473942f
data/generatable/batch_logs/smoke/out/blues/nebraska_dino2_embeddings_2016crop/variance_partitioning_Nebraska2025.csv,deprecated/data/generatable/batch_logs/smoke/out/blues/nebraska_dino2_embeddings_2016crop/variance_partitioning_Nebraska2025.csv,"Removed component analysis, segmentation/CAM exploration, smoke test or transient batch/cache output.",,76fdfd6bf2ae5cc979f3826b7199f50f17dc28c859783b1f83f7b5e947643c7e
data/generatable/batch_logs/smoke/out/dimreduction_horn_dino2/horn/horn_parallel_analysis.csv,deprecated/data/generatable/batch_logs/smoke/out/dimreduction_horn_dino2/horn/horn_parallel_analysis.csv,"Removed component analysis, segmentation/CAM exploration, smoke test or transient batch/cache output.",,6365d6da1e88da20cb0a3776af65f90eff972acf30ce843f352e4b3fb60c5563
data/generatable/batch_logs/smoke/out/dimreduction_horn_dino2/horn/horn_pc_selection.json,deprecated/data/generatable/batch_logs/smoke/out/dimreduction_horn_dino2/horn/horn_pc_selection.json,"Removed component analysis, segmentation/CAM exploration, smoke test or transient batch/cache output.",,de4a8bbb7c3cbf9a99b0ef37eb005b06ade074fecddcd2adce8dc9725a4d6afc
data/generatable/batch_logs/smoke/out/dimreduction_horn_dino2/ic_scores.csv,deprecated/data/generatable/batch_logs/smoke/out/dimreduction_horn_dino2/ic_scores.csv,"Removed component analysis, segmentation/CAM exploration, smoke test or transient batch/cache output.",,a29a77a0821d3ca0ac54647717e5f56bbdbd5a3cb81642c3db0015168f9c3541
data/generatable/batch_logs/smoke/out/dimreduction_horn_dino2/models/ica.joblib,deprecated/data/generatable/batch_logs/smoke/out/dimreduction_horn_dino2/models/ica.joblib,"Removed component analysis, segmentation/CAM exploration, smoke test or transient batch/cache output.",,9c099b45548a56fe5df906d965b9c572dbf759e4de6d288baa3d66f78ee69830
data/generatable/batch_logs/smoke/out/dimreduction_horn_dino2/models/pca.joblib,deprecated/data/generatable/batch_logs/smoke/out/dimreduction_horn_dino2/models/pca.joblib,"Removed component analysis, segmentation/CAM exploration, smoke test or transient batch/cache output.",,6ba359e007e639e27cdd14ee6a887bfa54a17ef0728cc1f190d3b3e295a6ae04
data/generatable/batch_logs/smoke/out/dimreduction_horn_dino2/models/pcaw_for_ica.joblib,deprecated/data/generatable/batch_logs/smoke/out/dimreduction_horn_dino2/models/pcaw_for_ica.joblib,"Removed component analysis, segmentation/CAM exploration, smoke test or transient batch/cache output.",,cefc9be7cc000b2850b5cefc006f748c6dae69ab91bcad25a7726baf2622dbbd
data/generatable/batch_logs/smoke/out/dimreduction_horn_dino2/models/scaler.joblib,deprecated/data/generatable/batch_logs/smoke/out/dimreduction_horn_dino2/models/scaler.joblib,"Removed component analysis, segmentation/CAM exploration, smoke test or transient batch/cache output.",,5381e6e55898789ccece04189d4eb1eba72fd7c9fec30272302eca35a69a675d
data/generatable/batch_logs/smoke/out/dimreduction_horn_dino2/pc_scores.csv,deprecated/data/generatable/batch_logs/smoke/out/dimreduction_horn_dino2/pc_scores.csv,"Removed component analysis, segmentation/CAM exploration, smoke test or transient batch/cache output.",,45b93d1bf8a7a6d22ec05340d667dd96e940481286cea03cced6f5d3b5711112
data/generatable/batch_logs/smoke/out/dimreduction_horn_dino2/pca_variance_curve.csv,deprecated/data/generatable/batch_logs/smoke/out/dimreduction_horn_dino2/pca_variance_curve.csv,"Removed component analysis, segmentation/CAM exploration, smoke test or transient batch/cache output.",,42d3257fb64c9f3ef0199d50a4e83c33a12e92f276e9a696a4baba36d838672b
data/generatable/batch_logs/smoke/out/dimreduction_horn_dino2/run_metadata.json,deprecated/data/generatable/batch_logs/smoke/out/dimreduction_horn_dino2/run_metadata.json,"Removed component analysis, segmentation/CAM exploration, smoke test or transient batch/cache output.",,443d04ccc5c0897d5a5bc1a4ab44b88d0f39fb06a401764fcf2e64b6017ecdc2
data/generatable/batch_logs/smoke/out/dimreduction_horn_dino2/test_groups.csv,deprecated/data/generatable/batch_logs/smoke/out/dimreduction_horn_dino2/test_groups.csv,"Removed component analysis, segmentation/CAM exploration, smoke test or transient batch/cache output.",,913a399be96adfdf357080e716448aa971accfda3be5f09adb1c2353c3cc196d
data/generatable/batch_logs/smoke/out/gwas/cache/effective_tests_1406e0566ab3.json,deprecated/data/generatable/batch_logs/smoke/out/gwas/cache/effective_tests_1406e0566ab3.json,"Removed component analysis, segmentation/CAM exploration, smoke test or transient batch/cache output.",,972fe26492026fcbb75064744aa8a474544c4b20ce756b46df88a4c9f3901ac2
data/generatable/batch_logs/smoke/out/gwas/cache/loco_kinship_1406e0566ab3.pkl,deprecated/data/generatable/batch_logs/smoke/out/gwas/cache/loco_kinship_1406e0566ab3.pkl,"Removed component analysis, segmentation/CAM exploration, smoke test or transient batch/cache output.",,2b4e07d6d541bdb9501fd11cb397989c5db65d0c68b028af045998bc60291c2b
data/generatable/batch_logs/smoke/out/gwas/embedding_ne_dino2_2016crop_with_cov/effective_tests.json,deprecated/data/generatable/batch_logs/smoke/out/gwas/embedding_ne_dino2_2016crop_with_cov/effective_tests.json,"Removed component analysis, segmentation/CAM exploration, smoke test or transient batch/cache output.",,972fe26492026fcbb75064744aa8a474544c4b20ce756b46df88a4c9f3901ac2
data/generatable/batch_logs/smoke/out/gwas/embedding_ne_dino2_2016crop_with_cov/gwas_summary.csv,deprecated/data/generatable/batch_logs/smoke/out/gwas/embedding_ne_dino2_2016crop_with_cov/gwas_summary.csv,"Removed component analysis, segmentation/CAM exploration, smoke test or transient batch/cache output.",,dd15068b3dfdd21975c5ec10f7c19836fa3587b65c166d7633394052e253c897
data/generatable/batch_logs/smoke/out/gwas/embedding_ne_dino2_2016crop_with_cov/run_metadata.json,deprecated/data/generatable/batch_logs/smoke/out/gwas/embedding_ne_dino2_2016crop_with_cov/run_metadata.json,"Removed component analysis, segmentation/CAM exploration, smoke test or transient batch/cache output.",,1e452b6458668c8a1131fa4e063c0abc8322c98dc6292d0c07e42480005ab121
data/generatable/batch_logs/smoke/out/gwas/embedding_ne_dino2_2016crop_with_cov/significant_markers.csv,deprecated/data/generatable/batch_logs/smoke/out/gwas/embedding_ne_dino2_2016crop_with_cov/significant_markers.csv,"Removed component analysis, segmentation/CAM exploration, smoke test or transient batch/cache output.",,24f29df9b114f842c405ff8a55d1c59c710808d203d80cf95dd4f0caaf4f098f
data/generatable/batch_logs/smoke/out/gwas/embedding_ne_dino2_2016crop_with_cov/top_markers.csv,deprecated/data/generatable/batch_logs/smoke/out/gwas/embedding_ne_dino2_2016crop_with_cov/top_markers.csv,"Removed component analysis, segmentation/CAM exploration, smoke test or transient batch/cache output.",,7bb6d774cc007eb095c0c9de3374ca83f44f3e2dc06f928f27a214357f83e34f
data/generatable/batch_logs/smoke/out/gwas/embedding_ne_sam3_2016crop_with_cov/effective_tests.json,deprecated/data/generatable/batch_logs/smoke/out/gwas/embedding_ne_sam3_2016crop_with_cov/effective_tests.json,"Removed component analysis, segmentation/CAM exploration, smoke test or transient batch/cache output.",,972fe26492026fcbb75064744aa8a474544c4b20ce756b46df88a4c9f3901ac2
data/generatable/batch_logs/smoke/out/gwas/embedding_ne_sam3_2016crop_with_cov/gwas_summary.csv,deprecated/data/generatable/batch_logs/smoke/out/gwas/embedding_ne_sam3_2016crop_with_cov/gwas_summary.csv,"Removed component analysis, segmentation/CAM exploration, smoke test or transient batch/cache output.",,546c9c4ae8ee523f23740c1363fd03950541c6211131a1783116f74f90fe700d
data/generatable/batch_logs/smoke/out/gwas/embedding_ne_sam3_2016crop_with_cov/run_metadata.json,deprecated/data/generatable/batch_logs/smoke/out/gwas/embedding_ne_sam3_2016crop_with_cov/run_metadata.json,"Removed component analysis, segmentation/CAM exploration, smoke test or transient batch/cache output.",,01b9646a34e75f9eedb4591f8fbcf24631e14cc0f3535f164cb6ac21c249e374
data/generatable/batch_logs/smoke/out/gwas/embedding_ne_sam3_2016crop_with_cov/top_markers.csv,deprecated/data/generatable/batch_logs/smoke/out/gwas/embedding_ne_sam3_2016crop_with_cov/top_markers.csv,"Removed component analysis, segmentation/CAM exploration, smoke test or transient batch/cache output.",,509ac13ed5569e399e1e595da9e7e825cba62d40c4ddbdfca30c6fdef53d3c80
data/generatable/batch_logs/smoke_driver.out,deprecated/data/generatable/batch_logs/smoke_driver.out,"Transient cache, local-agent state, shell/R history or run log; preserve only selected scientific run metadata.",,10d9c060950f7da368ad848acf848b0b0c262dd8a35f90ece5e03940ff99c534
data/generatable/blues/nebraska_dino2_ics_2016crop/blues_Nebraska2025.csv,deprecated/data/generatable/blues/nebraska_dino2_ics_2016crop/blues_Nebraska2025.csv,Removed independent-component BLUE/variance branch.,,d1e86da8a7e49c9795ed764a5b941680ecb26b555f50079c85811189f21c4a21
data/generatable/blues/nebraska_dino2_ics_2016crop/heritability_Nebraska2025.csv,deprecated/data/generatable/blues/nebraska_dino2_ics_2016crop/heritability_Nebraska2025.csv,Removed independent-component BLUE/variance branch.,,f106d37cf5aba6a2c431ebc79f51106730b2d7feaddca5b75bde4ede5299f99b
data/generatable/blues/nebraska_dino2_ics_2016crop/variance_partitioning_Nebraska2025.csv,deprecated/data/generatable/blues/nebraska_dino2_ics_2016crop/variance_partitioning_Nebraska2025.csv,Removed independent-component BLUE/variance branch.,,de3f8ed4dab17ef02dc553fa5fcf5e359b87eb4071c4e07d6b562869c9604eb6
data/generatable/blues/nebraska_sam3_ics_2016crop/blues_Nebraska2025.csv,deprecated/data/generatable/blues/nebraska_sam3_ics_2016crop/blues_Nebraska2025.csv,Removed independent-component BLUE/variance branch.,,30ee2074ed31794f6b1c117402ee38b4404ce8aa82ae875cb0847d4a7ffbb1fb
data/generatable/blues/nebraska_sam3_ics_2016crop/heritability_Nebraska2025.csv,deprecated/data/generatable/blues/nebraska_sam3_ics_2016crop/heritability_Nebraska2025.csv,Removed independent-component BLUE/variance branch.,,3fd11320b0116b9feaecb420724341ef3214752f2a753bd3f9061ea1934fb3d4
data/generatable/blues/nebraska_sam3_ics_2016crop/variance_partitioning_Nebraska2025.csv,deprecated/data/generatable/blues/nebraska_sam3_ics_2016crop/variance_partitioning_Nebraska2025.csv,Removed independent-component BLUE/variance branch.,,91ec7fdbfff566334adb6c9dbbf576f5af0c53ece630f2955f905ac237cf417d
data/generatable/dimreduction/ic_scores.csv,deprecated/data/generatable/dimreduction/ic_scores.csv,"Removed component analysis, segmentation/CAM exploration, smoke test or transient batch/cache output.",,471d9267616e841d7c93b11b5a514bece1cbc05f41f5322cd75e26a29619f9de
data/generatable/dimreduction/models/ica.joblib,deprecated/data/generatable/dimreduction/models/ica.joblib,"Removed component analysis, segmentation/CAM exploration, smoke test or transient batch/cache output.",,c1c14b72b3e7ab086f016fdec77a2fb869fe62b6b8ffe43ed79099b869b86da0
data/generatable/dimreduction/models/pca.joblib,deprecated/data/generatable/dimreduction/models/pca.joblib,"Removed component analysis, segmentation/CAM exploration, smoke test or transient batch/cache output.",,cafd34da906d786bdac495a46420f36cd6b5990579dcb3cb13baa26fb97eacec
data/generatable/dimreduction/models/pcaw_for_ica.joblib,deprecated/data/generatable/dimreduction/models/pcaw_for_ica.joblib,"Removed component analysis, segmentation/CAM exploration, smoke test or transient batch/cache output.",,fc8bbcd74d46ce6efbf32ebe1bbb761bad2ffe976fe0ca48c07602d2c9e92e0b
data/generatable/dimreduction/models/scaler.joblib,deprecated/data/generatable/dimreduction/models/scaler.joblib,"Removed component analysis, segmentation/CAM exploration, smoke test or transient batch/cache output.",,2069dee21638a18ada68b477682e2448c7daa3c4be4a2325cb58db909f17f3f2
data/generatable/dimreduction/pc_scores.csv,deprecated/data/generatable/dimreduction/pc_scores.csv,"Removed component analysis, segmentation/CAM exploration, smoke test or transient batch/cache output.",,4edddfc1165d0f4a8f076ddca0ed81d4a5233390ca258a496a6be1c719ed561d
data/generatable/dimreduction/pca_variance_curve.csv,deprecated/data/generatable/dimreduction/pca_variance_curve.csv,"Removed component analysis, segmentation/CAM exploration, smoke test or transient batch/cache output.",,e8ec461dce67217ce8e90e650bb8e2fedcd5f7cbc89e297ae6e3067b902edb17
data/generatable/dimreduction/run_metadata.json,deprecated/data/generatable/dimreduction/run_metadata.json,"Removed component analysis, segmentation/CAM exploration, smoke test or transient batch/cache output.",,c8f06960a9f5b0121aa347215cc89ff5f2258f37f9886ff142e11c1cea6681ba
data/generatable/dimreduction/test_groups.csv,deprecated/data/generatable/dimreduction/test_groups.csv,"Removed component analysis, segmentation/CAM exploration, smoke test or transient batch/cache output.",,b55fc2c7ffc826c16feccc179406d30d7d79cfb20e05ecdeae89d0613b3f9b02
data/generatable/dimreduction_dino2_nebraska/ic_scores.csv,deprecated/data/generatable/dimreduction_dino2_nebraska/ic_scores.csv,"Removed component analysis, segmentation/CAM exploration, smoke test or transient batch/cache output.",,a515ee154521f67f99a92fea76317b64820d46f7bf71ce5c1b7b04c68a62a65f
data/generatable/dimreduction_dino2_nebraska/models/ica.joblib,deprecated/data/generatable/dimreduction_dino2_nebraska/models/ica.joblib,"Removed component analysis, segmentation/CAM exploration, smoke test or transient batch/cache output.",,84d8313dfb7ebaba4d86cd4c7fc6f96418fe63b7e2bb8f3d57e8bbab403f78b3
data/generatable/dimreduction_dino2_nebraska/models/pca.joblib,deprecated/data/generatable/dimreduction_dino2_nebraska/models/pca.joblib,"Removed component analysis, segmentation/CAM exploration, smoke test or transient batch/cache output.",,8aa5cdb4ae3767582c9d37d0ebe57c5e0f31917ce2a8d39451e3962a29fdd3b9
data/generatable/dimreduction_dino2_nebraska/models/pcaw_for_ica.joblib,deprecated/data/generatable/dimreduction_dino2_nebraska/models/pcaw_for_ica.joblib,"Removed component analysis, segmentation/CAM exploration, smoke test or transient batch/cache output.",,4ac8e488357272428a93f90f3874a135d40741836659480c9fb96bfefc6d51a1
data/generatable/dimreduction_dino2_nebraska/models/scaler.joblib,deprecated/data/generatable/dimreduction_dino2_nebraska/models/scaler.joblib,"Removed component analysis, segmentation/CAM exploration, smoke test or transient batch/cache output.",,cbc82c716fd6b040e8e871dd60cd835134b3e36d5e1c53cb989c8f648441f773
data/generatable/dimreduction_dino2_nebraska/pc_scores.csv,deprecated/data/generatable/dimreduction_dino2_nebraska/pc_scores.csv,"Removed component analysis, segmentation/CAM exploration, smoke test or transient batch/cache output.",,703e6445f4e228cba98fb57e23660b381a780c8dcb8ffad7eddc1c0f4c81adf5
data/generatable/dimreduction_dino2_nebraska/pca_variance_curve.csv,deprecated/data/generatable/dimreduction_dino2_nebraska/pca_variance_curve.csv,"Removed component analysis, segmentation/CAM exploration, smoke test or transient batch/cache output.",,1766f09a5d1b68cdb4be9a1cb5106e0957928d881f9b52b160a1eaa6e080dbed
data/generatable/dimreduction_dino2_nebraska/run_metadata.json,deprecated/data/generatable/dimreduction_dino2_nebraska/run_metadata.json,"Removed component analysis, segmentation/CAM exploration, smoke test or transient batch/cache output.",,7ed5283937b4bd7c9f4c8bdd777c0698c4f826bda076a211d9e1730e3504a860
data/generatable/dimreduction_dino2_nebraska/test_groups.csv,deprecated/data/generatable/dimreduction_dino2_nebraska/test_groups.csv,"Removed component analysis, segmentation/CAM exploration, smoke test or transient batch/cache output.",,450d93c6d75159b01f150c47433d4635abd7ab205ec066206eab80fafe981924
data/generatable/dimreduction_horn90/ic_consolidated_nebraska.csv,deprecated/data/generatable/dimreduction_horn90/ic_consolidated_nebraska.csv,"Removed component analysis, segmentation/CAM exploration, smoke test or transient batch/cache output.",,620745177ed55dd5d7b317247a04b1acb2f201cf18c748eb1498ff2e98712f00
data/generatable/dimreduction_horn90/ic_metadata_correlation.csv,deprecated/data/generatable/dimreduction_horn90/ic_metadata_correlation.csv,"Removed component analysis, segmentation/CAM exploration, smoke test or transient batch/cache output.",,deb698f7a51fd64b9c4507d0c06bbe400979962eda0043b05a2add482d8f3a76
data/generatable/dimreduction_horn90/ic_scores.csv,deprecated/data/generatable/dimreduction_horn90/ic_scores.csv,"Removed component analysis, segmentation/CAM exploration, smoke test or transient batch/cache output.",,a7aa65665fe54030dab4b0d6fc85fdb2b5d81beccb2b56204d1c9afc22cb96c3
data/generatable/dimreduction_horn90/ic_variance_accounted.csv,deprecated/data/generatable/dimreduction_horn90/ic_variance_accounted.csv,"Removed component analysis, segmentation/CAM exploration, smoke test or transient batch/cache output.",,8ea998d37c26bb425c8d27d4464f40a2e5a2d4d21f62e5fcf9c90bf68be714e8
data/generatable/dimreduction_horn90/models/ica.joblib,deprecated/data/generatable/dimreduction_horn90/models/ica.joblib,"Removed component analysis, segmentation/CAM exploration, smoke test or transient batch/cache output.",,067638f65b45379c3f8640d11f8f30cd22bce24418adc3a830ab04cc2588e061
data/generatable/dimreduction_horn90/models/pca.joblib,deprecated/data/generatable/dimreduction_horn90/models/pca.joblib,"Removed component analysis, segmentation/CAM exploration, smoke test or transient batch/cache output.",,a39ac2fe3f93561be1fee197a7fab3cc41f36c092a5638361907cc43e336f99d
data/generatable/dimreduction_horn90/models/pcaw_for_ica.joblib,deprecated/data/generatable/dimreduction_horn90/models/pcaw_for_ica.joblib,"Removed component analysis, segmentation/CAM exploration, smoke test or transient batch/cache output.",,4c73050ffdf0e3218147e0feb77690bf3a1b449cb07cf4877932484d98b1662d
data/generatable/dimreduction_horn90/models/scaler.joblib,deprecated/data/generatable/dimreduction_horn90/models/scaler.joblib,"Removed component analysis, segmentation/CAM exploration, smoke test or transient batch/cache output.",,584852b46e2ca0597b6a5274cc6f13bfe0a58643ffe13b73390d2d907feaf61a
data/generatable/dimreduction_horn90/pc_scores.csv,deprecated/data/generatable/dimreduction_horn90/pc_scores.csv,"Removed component analysis, segmentation/CAM exploration, smoke test or transient batch/cache output.",,d2bb90f0934f772beff0a1f340dfc1a7e7b30dc9572b1f19aa6b8b872b37e77f
data/generatable/dimreduction_horn90/pca_variance_curve.csv,deprecated/data/generatable/dimreduction_horn90/pca_variance_curve.csv,"Removed component analysis, segmentation/CAM exploration, smoke test or transient batch/cache output.",,c4774a2fdfd087597078aa762fb9f6c9312c2e3543978c9b1f590e5b629cf662
data/generatable/dimreduction_horn90/run_metadata.json,deprecated/data/generatable/dimreduction_horn90/run_metadata.json,"Removed component analysis, segmentation/CAM exploration, smoke test or transient batch/cache output.",,80c23a340c0a99ca53932cf385d5e7809bd335084b8f596700d86c5861004a29
data/generatable/dimreduction_horn90/test_groups.csv,deprecated/data/generatable/dimreduction_horn90/test_groups.csv,"Removed component analysis, segmentation/CAM exploration, smoke test or transient batch/cache output.",,913a399be96adfdf357080e716448aa971accfda3be5f09adb1c2353c3cc196d
data/generatable/dimreduction_horn_dino2/horn/horn_parallel_analysis.csv,deprecated/data/generatable/dimreduction_horn_dino2/horn/horn_parallel_analysis.csv,"Removed component analysis, segmentation/CAM exploration, smoke test or transient batch/cache output.",,16e9e2b7d43151333b5863f6a1eae7dc4e64585ecfe87d430512b12eb732ddd7
data/generatable/dimreduction_horn_dino2/horn/horn_pc_selection.json,deprecated/data/generatable/dimreduction_horn_dino2/horn/horn_pc_selection.json,"Removed component analysis, segmentation/CAM exploration, smoke test or transient batch/cache output.",,e8531e251d8074c17cb2525c89de918114a69fc49b4d302c002a73fc4d7a0838
data/generatable/dimreduction_horn_dino2/ic_scores.csv,deprecated/data/generatable/dimreduction_horn_dino2/ic_scores.csv,"Removed component analysis, segmentation/CAM exploration, smoke test or transient batch/cache output.",,d0ea2040591e3a93f2ff9f8b231798e8e543cf8f1dd46634eefd1514a6498430
data/generatable/dimreduction_horn_dino2/models/ica.joblib,deprecated/data/generatable/dimreduction_horn_dino2/models/ica.joblib,"Removed component analysis, segmentation/CAM exploration, smoke test or transient batch/cache output.",,72b7225efd7942265b24afa2df7582c02ca474205425c19ce4cdf71e543c6b75
data/generatable/dimreduction_horn_dino2/models/pca.joblib,deprecated/data/generatable/dimreduction_horn_dino2/models/pca.joblib,"Removed component analysis, segmentation/CAM exploration, smoke test or transient batch/cache output.",,dbdb7120093b10271b14efd3f0e62868668e96af9cc78537b17e9fe9b782af7f
data/generatable/dimreduction_horn_dino2/models/pcaw_for_ica.joblib,deprecated/data/generatable/dimreduction_horn_dino2/models/pcaw_for_ica.joblib,"Removed component analysis, segmentation/CAM exploration, smoke test or transient batch/cache output.",,1dbfeb58c7ddec1d5de77288abbe64f99dc621b6d27c3947ce0cc6d4b4284789
data/generatable/dimreduction_horn_dino2/models/scaler.joblib,deprecated/data/generatable/dimreduction_horn_dino2/models/scaler.joblib,"Removed component analysis, segmentation/CAM exploration, smoke test or transient batch/cache output.",,46df54af9f98b58a8eba0667385522440dddf0393c54d6e3ff4a9e308b0043b9
data/generatable/dimreduction_horn_dino2/pc_scores.csv,deprecated/data/generatable/dimreduction_horn_dino2/pc_scores.csv,"Removed component analysis, segmentation/CAM exploration, smoke test or transient batch/cache output.",,da08d66bd40749adb73464db4318c24615a4ec8cee4c693c3f59e39f21704655
data/generatable/dimreduction_horn_dino2/pca_variance_curve.csv,deprecated/data/generatable/dimreduction_horn_dino2/pca_variance_curve.csv,"Removed component analysis, segmentation/CAM exploration, smoke test or transient batch/cache output.",,6ea102aa56ad0155a09833197f083c0d54536a278e4a02aa6b26930a180a2095
data/generatable/dimreduction_horn_dino2/run_metadata.json,deprecated/data/generatable/dimreduction_horn_dino2/run_metadata.json,"Removed component analysis, segmentation/CAM exploration, smoke test or transient batch/cache output.",,b70a8aa8b803c172212196477242e536c1541f361a3a91703d3b662647cc2002
data/generatable/dimreduction_horn_dino2/test_groups.csv,deprecated/data/generatable/dimreduction_horn_dino2/test_groups.csv,"Removed component analysis, segmentation/CAM exploration, smoke test or transient batch/cache output.",,913a399be96adfdf357080e716448aa971accfda3be5f09adb1c2353c3cc196d
data/generatable/dimreduction_sam3_all3_current/ic_scores.csv,deprecated/data/generatable/dimreduction_sam3_all3_current/ic_scores.csv,"Removed component analysis, segmentation/CAM exploration, smoke test or transient batch/cache output.",,25d970c8b09c69276f0368550871b2e1215c06bdd6632c66f555162cc93d581e
data/generatable/dimreduction_sam3_all3_current/models/ica.joblib,deprecated/data/generatable/dimreduction_sam3_all3_current/models/ica.joblib,"Removed component analysis, segmentation/CAM exploration, smoke test or transient batch/cache output.",,5676e13e41d89ff1d753a17be5fc5e56d076ace90d84ddfd92fa9387d2bae80b
data/generatable/dimreduction_sam3_all3_current/models/pca.joblib,deprecated/data/generatable/dimreduction_sam3_all3_current/models/pca.joblib,"Removed component analysis, segmentation/CAM exploration, smoke test or transient batch/cache output.",,95ce166fee83dbd2dd770e212c4686eebd2c32ff8d6d5d4af35e3b1e6b6944c4
data/generatable/dimreduction_sam3_all3_current/models/pcaw_for_ica.joblib,deprecated/data/generatable/dimreduction_sam3_all3_current/models/pcaw_for_ica.joblib,"Removed component analysis, segmentation/CAM exploration, smoke test or transient batch/cache output.",,5d06fd748ad09348488191012c2e7ad3e04d0a09fbe58a1daf4c9cc0f7ca8263
data/generatable/dimreduction_sam3_all3_current/models/scaler.joblib,deprecated/data/generatable/dimreduction_sam3_all3_current/models/scaler.joblib,"Removed component analysis, segmentation/CAM exploration, smoke test or transient batch/cache output.",,733ff7ce61746f9a6b6eeb3a576b124e0fab8ed637aa73f8839d101c7ff1bcf5
data/generatable/dimreduction_sam3_all3_current/pc_scores.csv,deprecated/data/generatable/dimreduction_sam3_all3_current/pc_scores.csv,"Removed component analysis, segmentation/CAM exploration, smoke test or transient batch/cache output.",,9b0c96853aa28fd102d94ba32834bc752feb47aca60505b3703f9a086c843361
data/generatable/dimreduction_sam3_all3_current/pca_variance_curve.csv,deprecated/data/generatable/dimreduction_sam3_all3_current/pca_variance_curve.csv,"Removed component analysis, segmentation/CAM exploration, smoke test or transient batch/cache output.",,cbd5f269e553633b40fe472ffadc8823f5bc543620a0153373c3c6b5e8e84fe4
data/generatable/dimreduction_sam3_all3_current/run_metadata.json,deprecated/data/generatable/dimreduction_sam3_all3_current/run_metadata.json,"Removed component analysis, segmentation/CAM exploration, smoke test or transient batch/cache output.",,cd589b6b9123be5a63792451a89c0f1cb277e31bf9cec58708a7d86fcdf8a4d5
data/generatable/dimreduction_sam3_all3_current/test_groups.csv,deprecated/data/generatable/dimreduction_sam3_all3_current/test_groups.csv,"Removed component analysis, segmentation/CAM exploration, smoke test or transient batch/cache output.",,b55fc2c7ffc826c16feccc179406d30d7d79cfb20e05ecdeae89d0613b3f9b02
data/generatable/embedding_logs/blues_dino2_nebraska2025_2016crop.log,deprecated/data/generatable/embedding_logs/blues_dino2_nebraska2025_2016crop.log,"Transient cache, local-agent state, shell/R history or run log; preserve only selected scientific run metadata.",,3ce5f5729aca6a6fd3f63453bf546c917b0c1e8a15646aa6b4616469cf189227
data/generatable/embedding_logs/blues_dino2_nebraska2025_2016crop.pid,deprecated/data/generatable/embedding_logs/blues_dino2_nebraska2025_2016crop.pid,"Transient cache, local-agent state, shell/R history or run log; preserve only selected scientific run metadata.",,2f98b0a418152e0d9f479ba3d61dcf2a15636d5cd981007513072066cd297498
data/generatable/embedding_logs/blues_dino2_nebraska2025_2016crop.status,deprecated/data/generatable/embedding_logs/blues_dino2_nebraska2025_2016crop.status,"Transient cache, local-agent state, shell/R history or run log; preserve only selected scientific run metadata.",,1a1b2f2932494c4c0e889f838a68ca78b863fe99ee24d62184e9b90748f8125e
data/generatable/embedding_logs/blues_sam3_nebraska2025_2016crop.log,deprecated/data/generatable/embedding_logs/blues_sam3_nebraska2025_2016crop.log,"Transient cache, local-agent state, shell/R history or run log; preserve only selected scientific run metadata.",,4dcbaffe6c48ccc4d886654cdf52748b5bc445f6b101fc506ab6afd626b9e42e
data/generatable/embedding_logs/blues_sam3_nebraska2025_2016crop.pid,deprecated/data/generatable/embedding_logs/blues_sam3_nebraska2025_2016crop.pid,"Transient cache, local-agent state, shell/R history or run log; preserve only selected scientific run metadata.",,f783cef231259deb28307b22651f7c57912bebac8c4f79a77cb5255c712d8c42
data/generatable/embedding_logs/blues_sam3_nebraska2025_2016crop.status,deprecated/data/generatable/embedding_logs/blues_sam3_nebraska2025_2016crop.status,"Transient cache, local-agent state, shell/R history or run log; preserve only selected scientific run metadata.",,668785e168479b0303d7f6d64068424a29f372702a6cfd72cf8dfad29a9b22c6
data/generatable/embedding_logs/calculate_blues_all_sites_sam3_2016crop.log,deprecated/data/generatable/embedding_logs/calculate_blues_all_sites_sam3_2016crop.log,"Transient cache, local-agent state, shell/R history or run log; preserve only selected scientific run metadata.",,caab261edda001a148cdfb5863e8a1dd5aff9f2fdba70e777471cdc50abe6535
data/generatable/embedding_logs/calculate_blues_nebraska_sam3_2016crop.log,deprecated/data/generatable/embedding_logs/calculate_blues_nebraska_sam3_2016crop.log,"Transient cache, local-agent state, shell/R history or run log; preserve only selected scientific run metadata.",,5ee02c3c8e6a84b69fdef4f9d49be5d5354bdcffec5fefa61fd21358169f1077
data/generatable/embedding_logs/extract_both_all3_20260625_134650.log,deprecated/data/generatable/embedding_logs/extract_both_all3_20260625_134650.log,"Transient cache, local-agent state, shell/R history or run log; preserve only selected scientific run metadata.",,ef684f04fa1e7693f8e528ac39f3f272bc3340cad045a7bd687008a6a0c02a0b
data/generatable/embedding_logs/extract_sam3_all3_2016crop_20260625_173228.log,deprecated/data/generatable/embedding_logs/extract_sam3_all3_2016crop_20260625_173228.log,"Transient cache, local-agent state, shell/R history or run log; preserve only selected scientific run metadata.",,87de424a3fa37530aa4392b9fa1a7bac6b7951b5c0a6c8aba1268ddc0ebffcd6
data/generatable/exg_regeneration_current_cv2_sample.csv,deprecated/data/generatable/exg_regeneration_current_cv2_sample.csv,"Removed component analysis, segmentation/CAM exploration, smoke test or transient batch/cache output.",,dd95255cd4f301bb2adcf9bb599d8a2825b0cb0533611b80085795fdf2b55a5e
data/generatable/gwas/ic1_ic2_timing_with_cov/effective_tests.json,deprecated/data/generatable/gwas/ic1_ic2_timing_with_cov/effective_tests.json,Removed ICA/FarmCPU association branch.,,b6e9009b3bd384ff7b3bb7ede26c7a0d3f2cef4627aaf382232c49463c3fe10d
data/generatable/gwas/ic1_ic2_timing_with_cov/gwas_summary.csv,deprecated/data/generatable/gwas/ic1_ic2_timing_with_cov/gwas_summary.csv,Removed ICA/FarmCPU association branch.,,0d0f27b9a6670e755fa2a74b527e037cfe7aab891abed4bde72e62cec13a6728
data/generatable/gwas/ic1_ic2_timing_with_cov/run_metadata.json,deprecated/data/generatable/gwas/ic1_ic2_timing_with_cov/run_metadata.json,Removed ICA/FarmCPU association branch.,,8479a2ba2e89c111f319f1b159ebb09c75547b75cfc096a735947f4c4cea156e
data/generatable/gwas/ic1_ic2_timing_with_cov/significant_markers.csv,deprecated/data/generatable/gwas/ic1_ic2_timing_with_cov/significant_markers.csv,Removed ICA/FarmCPU association branch.,,ea764c901c141f059f820f21a255e71f2e9a479ba0da6bd10e0cfa643cd39138
data/generatable/gwas/ic1_ic2_timing_with_cov/top_markers.csv,deprecated/data/generatable/gwas/ic1_ic2_timing_with_cov/top_markers.csv,Removed ICA/FarmCPU association branch.,,dc4d59e520e6b67317a13b79d6f4ae90256e3f35196af7f666d0eb20350d3647
data/generatable/gwas/ic1_timing_with_cov/effective_tests.json,deprecated/data/generatable/gwas/ic1_timing_with_cov/effective_tests.json,Removed ICA/FarmCPU association branch.,,b6e9009b3bd384ff7b3bb7ede26c7a0d3f2cef4627aaf382232c49463c3fe10d
data/generatable/gwas/ic1_timing_with_cov/gwas_summary.csv,deprecated/data/generatable/gwas/ic1_timing_with_cov/gwas_summary.csv,Removed ICA/FarmCPU association branch.,,e4f18221b2b397693404cf77435a2d1bb604dd5f1ce9eb1b66d6e968f2d79cd7
data/generatable/gwas/ic1_timing_with_cov/run_metadata.json,deprecated/data/generatable/gwas/ic1_timing_with_cov/run_metadata.json,Removed ICA/FarmCPU association branch.,,e5c3ce7e1c5459dc190af0b0ae1bbb367cc07e7246cfc1d9ad68b6ed17f30a41
data/generatable/gwas/ic1_timing_with_cov/significant_markers.csv,deprecated/data/generatable/gwas/ic1_timing_with_cov/significant_markers.csv,Removed ICA/FarmCPU association branch.,,35a6bdea96f6435db45ba4dc6873ca5d761bf8d8f8a2ef213542b341a025576d
data/generatable/gwas/ic1_timing_with_cov/top_markers.csv,deprecated/data/generatable/gwas/ic1_timing_with_cov/top_markers.csv,Removed ICA/FarmCPU association branch.,,27ab64bf17a1cd4ae35bcc5300011478b0b47886b96cf41e1f7756548a0d2692
data/generatable/gwas/ic_ne_dino2_2016crop_with_cov/effective_tests.json,deprecated/data/generatable/gwas/ic_ne_dino2_2016crop_with_cov/effective_tests.json,Removed ICA/FarmCPU association branch.,,972fe26492026fcbb75064744aa8a474544c4b20ce756b46df88a4c9f3901ac2
data/generatable/gwas/ic_ne_dino2_2016crop_with_cov/gwas_summary.csv,deprecated/data/generatable/gwas/ic_ne_dino2_2016crop_with_cov/gwas_summary.csv,Removed ICA/FarmCPU association branch.,,c1c89387188a761137f4bd22c10491215020d916502fd9d99d5c31e9db3d9537
data/generatable/gwas/ic_ne_dino2_2016crop_with_cov/run_metadata.json,deprecated/data/generatable/gwas/ic_ne_dino2_2016crop_with_cov/run_metadata.json,Removed ICA/FarmCPU association branch.,,9852b24a3aaa7b8823fab26db23b2a4fa7ab17abd5c0b54083195fb1314455dc
data/generatable/gwas/ic_ne_dino2_2016crop_with_cov/significant_markers.csv,deprecated/data/generatable/gwas/ic_ne_dino2_2016crop_with_cov/significant_markers.csv,Removed ICA/FarmCPU association branch.,,b52368fcaf9bd849dd8351ed3e0df45aa7b70cae105d98cea959fd516473a20a
data/generatable/gwas/ic_ne_dino2_2016crop_with_cov/top_markers.csv,deprecated/data/generatable/gwas/ic_ne_dino2_2016crop_with_cov/top_markers.csv,Removed ICA/FarmCPU association branch.,,07f5002890fba088162e9c79b388d3ef9917b019493d11cd314d1e3869a7737a
data/generatable/gwas/ic_ne_sam3_2016crop_with_cov/effective_tests.json,deprecated/data/generatable/gwas/ic_ne_sam3_2016crop_with_cov/effective_tests.json,Removed ICA/FarmCPU association branch.,,972fe26492026fcbb75064744aa8a474544c4b20ce756b46df88a4c9f3901ac2
data/generatable/gwas/ic_ne_sam3_2016crop_with_cov/gwas_summary.csv,deprecated/data/generatable/gwas/ic_ne_sam3_2016crop_with_cov/gwas_summary.csv,Removed ICA/FarmCPU association branch.,,d0cf3fd23a9a12241f23be1259a7d8432a1bbbc4bba9b365dff88bd243b9a99d
data/generatable/gwas/ic_ne_sam3_2016crop_with_cov/run_metadata.json,deprecated/data/generatable/gwas/ic_ne_sam3_2016crop_with_cov/run_metadata.json,Removed ICA/FarmCPU association branch.,,0db94eaa2b08b4d0706fb1d8b4f1dd9428963b8a9095ff5d9f7ae7df3fcf98de
data/generatable/gwas/ic_ne_sam3_2016crop_with_cov/significant_markers.csv,deprecated/data/generatable/gwas/ic_ne_sam3_2016crop_with_cov/significant_markers.csv,Removed ICA/FarmCPU association branch.,,9e7f5a84c9a83e2d35ae4cde760af36f2847e63c2289907c2599d52bfdff7909
data/generatable/gwas/ic_ne_sam3_2016crop_with_cov/top_markers.csv,deprecated/data/generatable/gwas/ic_ne_sam3_2016crop_with_cov/top_markers.csv,Removed ICA/FarmCPU association branch.,,f58b02bb422cbf9dc4ab2505a84b35d8c6905bc470b1552ba352027bd7584af4
data/generatable/gwas/ic_ne_with_cov/effective_tests.json,deprecated/data/generatable/gwas/ic_ne_with_cov/effective_tests.json,Removed ICA/FarmCPU association branch.,,b6e9009b3bd384ff7b3bb7ede26c7a0d3f2cef4627aaf382232c49463c3fe10d
data/generatable/gwas/ic_ne_with_cov/gwas_summary.csv,deprecated/data/generatable/gwas/ic_ne_with_cov/gwas_summary.csv,Removed ICA/FarmCPU association branch.,,f7c9603427abb93c4a2753fb5b6405d5e9652e9c797d71de475fd29eb420cdb2
data/generatable/gwas/ic_ne_with_cov/run_metadata.json,deprecated/data/generatable/gwas/ic_ne_with_cov/run_metadata.json,Removed ICA/FarmCPU association branch.,,5821d841e2384af88f67dc8073b81e09581fae71afca9cdd56b21eb75beb6ef3
data/generatable/gwas/ic_ne_with_cov/significant_markers.csv,deprecated/data/generatable/gwas/ic_ne_with_cov/significant_markers.csv,Removed ICA/FarmCPU association branch.,,27c96c7fedf06b41ea2f4f42073edce63bba6bf5ba896245d3f034196aa38dbf
data/generatable/gwas/ic_ne_with_cov/top_markers.csv,deprecated/data/generatable/gwas/ic_ne_with_cov/top_markers.csv,Removed ICA/FarmCPU association branch.,,e57b2bbdb6c7402dd3948774342af4c01c3a196caa7d20264c40d8a18fb5fc9d
data/generatable/gwas/logs/embedding_ne_with_cov_20260622_065839_setsid.log,deprecated/data/generatable/gwas/logs/embedding_ne_with_cov_20260622_065839_setsid.log,"Transient cache, local-agent state, shell/R history or run log; preserve only selected scientific run metadata.",,29b73b3606ab902fc81f12df06a5a3aefb13f5986b58820310b68caffd7d8f3b
data/generatable/gwas/logs/embedding_ne_with_cov_20260622_070634_setsid.log,deprecated/data/generatable/gwas/logs/embedding_ne_with_cov_20260622_070634_setsid.log,"Transient cache, local-agent state, shell/R history or run log; preserve only selected scientific run metadata.",,ed215692bdb1864aa33f1344eda1dc32b3bf54701b9a71f985fe0faae505e058
data/generatable/gwas/logs/ic_ne_sam3_2016crop_with_cov_20260701.log,deprecated/data/generatable/gwas/logs/ic_ne_sam3_2016crop_with_cov_20260701.log,"Transient cache, local-agent state, shell/R history or run log; preserve only selected scientific run metadata.",,9c4c04381f294b372605625657ac27c712260617e24d2578e068cbcaab3971cb
data/generatable/gwas/logs/ic_ne_with_cov_20260621_223851.log,deprecated/data/generatable/gwas/logs/ic_ne_with_cov_20260621_223851.log,"Transient cache, local-agent state, shell/R history or run log; preserve only selected scientific run metadata.",,0a6b5eb70861fba9e5388f63d0e6b8cf8c683e7bec6aa76c234dcb17fecaf402
data/generatable/gwas/logs/ic_ne_with_cov_20260621_223926.log,deprecated/data/generatable/gwas/logs/ic_ne_with_cov_20260621_223926.log,"Transient cache, local-agent state, shell/R history or run log; preserve only selected scientific run metadata.",,55734c9aba6ef658bed7b2415d30ad3064b5d64b224db55c5d7888d34bd0434f
data/generatable/gwas/logs/ic_ne_with_cov_20260621_224929_setsid.log,deprecated/data/generatable/gwas/logs/ic_ne_with_cov_20260621_224929_setsid.log,"Transient cache, local-agent state, shell/R history or run log; preserve only selected scientific run metadata.",,65474ef6b2171ce714af6e860a4323a6f2b5aafa996a27fd316ebee1612b7bdd
data/generatable/ic_blues/blues_Alabama2025.csv,deprecated/data/generatable/ic_blues/blues_Alabama2025.csv,"Removed component analysis, segmentation/CAM exploration, smoke test or transient batch/cache output.",,1234b9e2095f59cc588612a243b658313bdbaa865dd8bef5717ebaa96929a84f
data/generatable/ic_blues/blues_Georgia2025.csv,deprecated/data/generatable/ic_blues/blues_Georgia2025.csv,"Removed component analysis, segmentation/CAM exploration, smoke test or transient batch/cache output.",,e5dc0782d3fcaf27fcbec22e87f3ff283d59471e94849ad3f3bb0f2635ba42ce
data/generatable/ic_blues/blues_Nebraska2025.csv,deprecated/data/generatable/ic_blues/blues_Nebraska2025.csv,"Removed component analysis, segmentation/CAM exploration, smoke test or transient batch/cache output.",,93d805606d621dbc93fe3a530b72efce2251d1596e18c66b5bd3475395ca2412
data/generatable/ic_blues/heritability_Alabama2025.csv,deprecated/data/generatable/ic_blues/heritability_Alabama2025.csv,"Removed component analysis, segmentation/CAM exploration, smoke test or transient batch/cache output.",,66613db38ebd6518c0ec5e8423a62fd1d10d17d3b10718c6c34290b27c7356b4
data/generatable/ic_blues/heritability_Georgia2025.csv,deprecated/data/generatable/ic_blues/heritability_Georgia2025.csv,"Removed component analysis, segmentation/CAM exploration, smoke test or transient batch/cache output.",,01675282824ed67fe571d76388741f7f9370324d8409561b463c8b7cdc818edf
data/generatable/ic_blues/heritability_Nebraska2025.csv,deprecated/data/generatable/ic_blues/heritability_Nebraska2025.csv,"Removed component analysis, segmentation/CAM exploration, smoke test or transient batch/cache output.",,c5e8f5294ba4fa7b0ab28162c48170273e85cd09184e84aef46f4886ffceb351
data/generatable/ic_blues/heritability_all.csv,deprecated/data/generatable/ic_blues/heritability_all.csv,"Removed component analysis, segmentation/CAM exploration, smoke test or transient batch/cache output.",,61763c2fedf8a760297c9158859aafb5e55f532050f423bf3628dc65241c1411
data/generatable/ic_blues/variance_partitioning_Alabama2025.csv,deprecated/data/generatable/ic_blues/variance_partitioning_Alabama2025.csv,"Removed component analysis, segmentation/CAM exploration, smoke test or transient batch/cache output.",,3d75e7735ee950800c6673cd2c776227789d6a3127c35159978a22540b4bf9a0
data/generatable/ic_blues/variance_partitioning_Georgia2025.csv,deprecated/data/generatable/ic_blues/variance_partitioning_Georgia2025.csv,"Removed component analysis, segmentation/CAM exploration, smoke test or transient batch/cache output.",,bcaf7a7dc101839a519645a313fcd19a898a99208bc35c8b4597c97d006b767e
data/generatable/ic_blues/variance_partitioning_Nebraska2025.csv,deprecated/data/generatable/ic_blues/variance_partitioning_Nebraska2025.csv,"Removed component analysis, segmentation/CAM exploration, smoke test or transient batch/cache output.",,be58afbfe92a857bbecea98f92c420ef743064df02abca282f2ff92a7aa43c5f
data/generatable/ic_blues/variance_partitioning_all.csv,deprecated/data/generatable/ic_blues/variance_partitioning_all.csv,"Removed component analysis, segmentation/CAM exploration, smoke test or transient batch/cache output.",,68c4ce8bf4224bccd038471b47b62bbad0560981a2e5b508f9c25f0a868c6f1f
data/generatable/ic_blues_horn90/blues_Nebraska2025.csv,deprecated/data/generatable/ic_blues_horn90/blues_Nebraska2025.csv,"Removed component analysis, segmentation/CAM exploration, smoke test or transient batch/cache output.",,5c6ed55eaaf290b4515ff95a9632f7f96a249705957124050a474fce20fef084
data/generatable/ic_blues_horn90/heritability_Nebraska2025.csv,deprecated/data/generatable/ic_blues_horn90/heritability_Nebraska2025.csv,"Removed component analysis, segmentation/CAM exploration, smoke test or transient batch/cache output.",,40aae1993689e49016207511462d2017e92339f5b522da4449cbebc5a5bee500
data/generatable/ic_blues_horn90/variance_partitioning_Nebraska2025.csv,deprecated/data/generatable/ic_blues_horn90/variance_partitioning_Nebraska2025.csv,"Removed component analysis, segmentation/CAM exploration, smoke test or transient batch/cache output.",,3bb8031262c801d407d6658c042ed59e7bf305e8fe94b2430d0a5aa5f8578f43
data/generatable/ic_disease_correlation/ic_human_horn90.csv,deprecated/data/generatable/ic_disease_correlation/ic_human_horn90.csv,"Removed component analysis, segmentation/CAM exploration, smoke test or transient batch/cache output.",,f8a4efdfd2bbd379ac6ce61a5aabb5da239fbb41c47b73a9e4cfdcc2d728d6fb
data/generatable/ic_disease_correlation/ic_human_score_correlation.csv,deprecated/data/generatable/ic_disease_correlation/ic_human_score_correlation.csv,"Removed component analysis, segmentation/CAM exploration, smoke test or transient batch/cache output.",,66a2c89c247c0e82ab2ef7e463fe2ad6e9a1b0c11ac498c923d5be5456c5940c
data/generatable/ic_leafarea_correlation/ic_leafarea_correlation.csv,deprecated/data/generatable/ic_leafarea_correlation/ic_leafarea_correlation.csv,"Removed component analysis, segmentation/CAM exploration, smoke test or transient batch/cache output.",,9b66350ea1cd977f9b47026e7d89a3628d3f7c8a2b8a38a6291151f3592df4b3
data/generatable/logs/extract_sam3_all3_20260625_110323.log,deprecated/data/generatable/logs/extract_sam3_all3_20260625_110323.log,"Transient cache, local-agent state, shell/R history or run log; preserve only selected scientific run metadata.",,756025f36d27c37464a1ec46421c61fc9fbbedc019c7b01a1997a2a4f5cf19a5
data/generatable/phwas_chr4b.log,deprecated/data/generatable/phwas_chr4b.log,"Transient cache, local-agent state, shell/R history or run log; preserve only selected scientific run metadata.",,7ece7e38300a1894b58d5fa3f863350ac0220e771df4f89336210291ec082b43
data/generatable/phwas_run.log,deprecated/data/generatable/phwas_run.log,"Transient cache, local-agent state, shell/R history or run log; preserve only selected scientific run metadata.",,4001a8daf6f043240382c584f95ad6b78338c92e2d965d9f31534191613ca13c
data/generatable/phwas_smoke/1_20650_C_T_phwas_results.csv,deprecated/data/generatable/phwas_smoke/1_20650_C_T_phwas_results.csv,"Removed component analysis, segmentation/CAM exploration, smoke test or transient batch/cache output.",,880babd0760044a33e149d56df851aca280ed2b17b038f3a6a5a875befe82341
data/generatable/phwas_smoke/1_20650_C_T_phwas_results.metadata.json,deprecated/data/generatable/phwas_smoke/1_20650_C_T_phwas_results.metadata.json,"Removed component analysis, segmentation/CAM exploration, smoke test or transient batch/cache output.",,9f5a4284835eca9c3b2e659bf3b1ad076da7bdabde7f6003fa7e400a212d0995
data/generatable/random_forest_exg_nebraska/rf_feature_importance_summary.csv,deprecated/data/generatable/random_forest_exg_nebraska/rf_feature_importance_summary.csv,"Feature-importance tables explicitly contain IC predictors; these are removed ICA random forests, despite their generic directory names.",,513cbe7b557265c3451b1767601f2e1ce6ed1aceb0a95186f29cf9ddcb56480f
data/generatable/random_forest_exg_nebraska/rf_feature_importances_by_fold.csv,deprecated/data/generatable/random_forest_exg_nebraska/rf_feature_importances_by_fold.csv,"Feature-importance tables explicitly contain IC predictors; these are removed ICA random forests, despite their generic directory names.",,717015c98333aa75a6ecfc543c0ccd9151bb3096dc2a8e4cf2c5ab74e159c310
data/generatable/random_forest_exg_nebraska/rf_fold_accuracy.csv,deprecated/data/generatable/random_forest_exg_nebraska/rf_fold_accuracy.csv,"Feature-importance tables explicitly contain IC predictors; these are removed ICA random forests, despite their generic directory names.",,da0300374f96f36f873219dded2238a199f11868566a32f61c3ea869e12d9687
data/generatable/random_forest_exg_nebraska/rf_genotype_accuracy.csv,deprecated/data/generatable/random_forest_exg_nebraska/rf_genotype_accuracy.csv,"Feature-importance tables explicitly contain IC predictors; these are removed ICA random forests, despite their generic directory names.",,61271846146942a0cda1de59817bebd946ca2c90bddb1798966e737241ba9e74
data/generatable/random_forest_exg_nebraska/rf_genotype_predictions.csv,deprecated/data/generatable/random_forest_exg_nebraska/rf_genotype_predictions.csv,"Feature-importance tables explicitly contain IC predictors; these are removed ICA random forests, despite their generic directory names.",,fc7c1186c151b434f66220bfc156d3ba6888c76a79f3cb3f64aa90a66582f887
data/generatable/random_forest_exg_nebraska/rf_image_predictions.csv,deprecated/data/generatable/random_forest_exg_nebraska/rf_image_predictions.csv,"Feature-importance tables explicitly contain IC predictors; these are removed ICA random forests, despite their generic directory names.",,5c53ccb6c5e8c8be146ca6c987d136ecc81114725b0cb404b96599993f9911e3
data/generatable/random_forest_exg_nebraska/rf_overall_accuracy.csv,deprecated/data/generatable/random_forest_exg_nebraska/rf_overall_accuracy.csv,"Feature-importance tables explicitly contain IC predictors; these are removed ICA random forests, despite their generic directory names.",,45afdca18aaa1ab1dcdfd0b782f89b378e18cab12ca5e670a9e3435c9c1d3e17
data/generatable/random_forest_exg_nebraska/rf_predictions.csv,deprecated/data/generatable/random_forest_exg_nebraska/rf_predictions.csv,"Feature-importance tables explicitly contain IC predictors; these are removed ICA random forests, despite their generic directory names.",,7f1aa92c9bca65e4562b5309cc3e0b547ab958b619f7b35e0e20a0467ed01f9a
data/generatable/random_forest_human_nebraska/rf_feature_importance_summary.csv,deprecated/data/generatable/random_forest_human_nebraska/rf_feature_importance_summary.csv,"Feature-importance tables explicitly contain IC predictors; these are removed ICA random forests, despite their generic directory names.",,e541ec418053aed7f7a404d334cfbb9c6ae55aff3acd1ad063c17e93bdca83b4
data/generatable/random_forest_human_nebraska/rf_feature_importances_by_fold.csv,deprecated/data/generatable/random_forest_human_nebraska/rf_feature_importances_by_fold.csv,"Feature-importance tables explicitly contain IC predictors; these are removed ICA random forests, despite their generic directory names.",,e377569d1db3727845b9ce8d354bef88f4bbe8331a8e39cf70405efc486b516f
data/generatable/random_forest_human_nebraska/rf_fold_accuracy.csv,deprecated/data/generatable/random_forest_human_nebraska/rf_fold_accuracy.csv,"Feature-importance tables explicitly contain IC predictors; these are removed ICA random forests, despite their generic directory names.",,fdabd7bcaa3c98477bc4155a161817250b7cd5658c3658605dcd1a675086955b
data/generatable/random_forest_human_nebraska/rf_genotype_accuracy.csv,deprecated/data/generatable/random_forest_human_nebraska/rf_genotype_accuracy.csv,"Feature-importance tables explicitly contain IC predictors; these are removed ICA random forests, despite their generic directory names.",,02bce3a769ddf9bd2ae6e74272a9f507f1efdc195d131f18728db53ef1236c34
data/generatable/random_forest_human_nebraska/rf_genotype_predictions.csv,deprecated/data/generatable/random_forest_human_nebraska/rf_genotype_predictions.csv,"Feature-importance tables explicitly contain IC predictors; these are removed ICA random forests, despite their generic directory names.",,cd6f12270184bde3f175f1747a91707e1816684288b6d959caba5c3452f811ef
data/generatable/random_forest_human_nebraska/rf_image_predictions.csv,deprecated/data/generatable/random_forest_human_nebraska/rf_image_predictions.csv,"Feature-importance tables explicitly contain IC predictors; these are removed ICA random forests, despite their generic directory names.",,6a1edcddcf31efb1fa88f2b50f10b3a26af01db72ef9182fc4c2bc79ecafa6e5
data/generatable/random_forest_human_nebraska/rf_overall_accuracy.csv,deprecated/data/generatable/random_forest_human_nebraska/rf_overall_accuracy.csv,"Feature-importance tables explicitly contain IC predictors; these are removed ICA random forests, despite their generic directory names.",,4d2f98c07a96a0991c282e320cca98fb1106d11ae0237b857b2de2dd3ebce286
data/generatable/random_forest_human_nebraska/rf_predictions.csv,deprecated/data/generatable/random_forest_human_nebraska/rf_predictions.csv,"Feature-importance tables explicitly contain IC predictors; these are removed ICA random forests, despite their generic directory names.",,5a49d17a89216a9e09f1ce5f32e77e6fb77873597e3fc492f215896a206bcba0
data/generatable/sam3_cam_smoke/1064_LeafPhotoA_2025-09-08_12_56_11.568_crop0_cam_summary.csv,deprecated/data/generatable/sam3_cam_smoke/1064_LeafPhotoA_2025-09-08_12_56_11.568_crop0_cam_summary.csv,"Exploratory activation-map/source-crop output or local backup, absent from current manuscript figures.",,af9be42d52259de3e9acb0443ab898697044d56992a88fcb2a83c969b7e2ddce
data/generatable/sam3_cam_smoke/1064_LeafPhotoA_2025-09-08_12_56_11.568_crop0_embedding_mean_1_gradcam_cam.npy,deprecated/data/generatable/sam3_cam_smoke/1064_LeafPhotoA_2025-09-08_12_56_11.568_crop0_embedding_mean_1_gradcam_cam.npy,"Exploratory activation-map/source-crop output or local backup, absent from current manuscript figures.",,c6305e4a768258d90dc2f3329d7d7a58ec2679fb9a9f4784567dfa0f384ad7de
data/generatable/sam3_cam_smoke/1064_LeafPhotoA_2025-09-08_12_56_11.568_crop0_embedding_mean_1_gradcam_metadata.json,deprecated/data/generatable/sam3_cam_smoke/1064_LeafPhotoA_2025-09-08_12_56_11.568_crop0_embedding_mean_1_gradcam_metadata.json,"Exploratory activation-map/source-crop output or local backup, absent from current manuscript figures.",,f749ba2dc2fb884b66bfd04dbc86abd5aadfa9ba8f5b609ef8bde9326c37a286
data/generatable/sam3_cam_smoke/1064_LeafPhotoA_2025-09-08_12_56_11.568_crop0_embedding_mean_1_gradcam_overlay.png,deprecated/data/generatable/sam3_cam_smoke/1064_LeafPhotoA_2025-09-08_12_56_11.568_crop0_embedding_mean_1_gradcam_overlay.png,"Exploratory activation-map/source-crop output or local backup, absent from current manuscript figures.",,b9cb0f98a7de738df028b7d026ebe66b778338cf0f7534851251a0be3e443521
data/generatable/sam3_cam_smoke/1064_LeafPhotoA_2025-09-08_12_56_11.568_crop0_embedding_mean_1_gradcam_side_by_side.png,deprecated/data/generatable/sam3_cam_smoke/1064_LeafPhotoA_2025-09-08_12_56_11.568_crop0_embedding_mean_1_gradcam_side_by_side.png,"Exploratory activation-map/source-crop output or local backup, absent from current manuscript figures.",,5cba3d1cc7cbd34deb6b7adc2be32210daac012553319db435e6ad3ae9eb9819
data/generatable/sam3_cam_smoke/1064_LeafPhotoA_2025-09-08_12_56_11.568_crop0_rgb1008.png,deprecated/data/generatable/sam3_cam_smoke/1064_LeafPhotoA_2025-09-08_12_56_11.568_crop0_rgb1008.png,"Exploratory activation-map/source-crop output or local backup, absent from current manuscript figures.",,e8c0138b4ecae924c82f2a4353169b9d5dc0abe1db073f92e36627da9e320f2f
data/generatable/sam3_cam_smoke/1459_LeafPhotoB_2025-09-08_12_35_29.491_crop0_cam_summary.csv,deprecated/data/generatable/sam3_cam_smoke/1459_LeafPhotoB_2025-09-08_12_35_29.491_crop0_cam_summary.csv,"Exploratory activation-map/source-crop output or local backup, absent from current manuscript figures.",,7be23b05bb5138213c00d628c7e1386b5c84ce8eccf56f41ab169454851c211b
data/generatable/sam3_cam_smoke/1459_LeafPhotoB_2025-09-08_12_35_29.491_crop0_embedding_mean_0_gradcam_cam.npy,deprecated/data/generatable/sam3_cam_smoke/1459_LeafPhotoB_2025-09-08_12_35_29.491_crop0_embedding_mean_0_gradcam_cam.npy,"Exploratory activation-map/source-crop output or local backup, absent from current manuscript figures.",,a794c4872b56bae61856b1d7f1f01b97d07c95bdeb873a7f94860f12c9575f1e
data/generatable/sam3_cam_smoke/1459_LeafPhotoB_2025-09-08_12_35_29.491_crop0_embedding_mean_0_gradcam_metadata.json,deprecated/data/generatable/sam3_cam_smoke/1459_LeafPhotoB_2025-09-08_12_35_29.491_crop0_embedding_mean_0_gradcam_metadata.json,"Exploratory activation-map/source-crop output or local backup, absent from current manuscript figures.",,7865ecb27b22d385ec5096bb18c6d52a68bceea10d0d9429001c348460bfa025
data/generatable/sam3_cam_smoke/1459_LeafPhotoB_2025-09-08_12_35_29.491_crop0_embedding_mean_0_gradcam_overlay.png,deprecated/data/generatable/sam3_cam_smoke/1459_LeafPhotoB_2025-09-08_12_35_29.491_crop0_embedding_mean_0_gradcam_overlay.png,"Exploratory activation-map/source-crop output or local backup, absent from current manuscript figures.",,a7d832deffc2c24959e160743f8600d5f37c2fadeb38616758ac320db71f53b7
data/generatable/sam3_cam_smoke/1459_LeafPhotoB_2025-09-08_12_35_29.491_crop0_embedding_mean_0_gradcam_side_by_side.png,deprecated/data/generatable/sam3_cam_smoke/1459_LeafPhotoB_2025-09-08_12_35_29.491_crop0_embedding_mean_0_gradcam_side_by_side.png,"Exploratory activation-map/source-crop output or local backup, absent from current manuscript figures.",,542895f44083bd145b7810b8d18d44ebbb4f3b071685b99bafa284d416525788
data/generatable/sam3_cam_smoke/1459_LeafPhotoB_2025-09-08_12_35_29.491_crop0_embedding_mean_1_gradcam_cam.npy,deprecated/data/generatable/sam3_cam_smoke/1459_LeafPhotoB_2025-09-08_12_35_29.491_crop0_embedding_mean_1_gradcam_cam.npy,"Exploratory activation-map/source-crop output or local backup, absent from current manuscript figures.",,83c260fd017d5503ba7d34b4a9a7cd0f3f37fd5e801ba05825c6d7991a6b13e8
data/generatable/sam3_cam_smoke/1459_LeafPhotoB_2025-09-08_12_35_29.491_crop0_embedding_mean_1_gradcam_metadata.json,deprecated/data/generatable/sam3_cam_smoke/1459_LeafPhotoB_2025-09-08_12_35_29.491_crop0_embedding_mean_1_gradcam_metadata.json,"Exploratory activation-map/source-crop output or local backup, absent from current manuscript figures.",,c465abbb845bd86b5634bc14e8e29a336219fc6253a5c1735bdf470aa52aeec6
data/generatable/sam3_cam_smoke/1459_LeafPhotoB_2025-09-08_12_35_29.491_crop0_embedding_mean_1_gradcam_overlay.png,deprecated/data/generatable/sam3_cam_smoke/1459_LeafPhotoB_2025-09-08_12_35_29.491_crop0_embedding_mean_1_gradcam_overlay.png,"Exploratory activation-map/source-crop output or local backup, absent from current manuscript figures.",,3cde39a8687046b39737af3265ee6d5f64fe6ade85a7dcc6f767e869a31d8b46
data/generatable/sam3_cam_smoke/1459_LeafPhotoB_2025-09-08_12_35_29.491_crop0_embedding_mean_1_gradcam_side_by_side.png,deprecated/data/generatable/sam3_cam_smoke/1459_LeafPhotoB_2025-09-08_12_35_29.491_crop0_embedding_mean_1_gradcam_side_by_side.png,"Exploratory activation-map/source-crop output or local backup, absent from current manuscript figures.",,e5949caf19208a793d36af625f38da84dfbc7581a90fd52e903c1f7bc564539d
data/generatable/sam3_cam_smoke/1459_LeafPhotoB_2025-09-08_12_35_29.491_crop0_rgb1008.png,deprecated/data/generatable/sam3_cam_smoke/1459_LeafPhotoB_2025-09-08_12_35_29.491_crop0_rgb1008.png,"Exploratory activation-map/source-crop output or local backup, absent from current manuscript figures.",,8b07a02efdc52474a892d0313be3f660927c4c29f2bd66bdaf17856bc0a5655d
data/generatable/sam3_seg_benchmark/overlays/Alabama2025__10105_LeafPhotoA_2025-10-15 15_50_32.504.jpg,deprecated/data/generatable/sam3_seg_benchmark/overlays/Alabama2025__10105_LeafPhotoA_2025-10-15 15_50_32.504.jpg,"Removed component analysis, segmentation/CAM exploration, smoke test or transient batch/cache output.",,d7b923f882fbf7e1fa8ced1c0170a0fbbf2bca67e3d161ecab539e320d3816ea
data/generatable/sam3_seg_benchmark/overlays/Alabama2025__10125_LeafPhotoA_2025-10-15 16_04_49.077.jpg,deprecated/data/generatable/sam3_seg_benchmark/overlays/Alabama2025__10125_LeafPhotoA_2025-10-15 16_04_49.077.jpg,"Removed component analysis, segmentation/CAM exploration, smoke test or transient batch/cache output.",,9553b9bfc805ff84e809806b00c430a32f7d6601cb0b7f7c807eb84b0abfea66
data/generatable/sam3_seg_benchmark/overlays/Alabama2025__10201_LeafPhotoA_2025-10-21 16_04_48.639.jpg,deprecated/data/generatable/sam3_seg_benchmark/overlays/Alabama2025__10201_LeafPhotoA_2025-10-21 16_04_48.639.jpg,"Removed component analysis, segmentation/CAM exploration, smoke test or transient batch/cache output.",,5608bc6064cbd3a62494ef4fb6ab1ddf63a0d9bb04f37bb8770d36d24c9380ea
data/generatable/sam3_seg_benchmark/overlays/Alabama2025__10226_LeafPhotoA_2025-10-21 16_41_07.869.jpg,deprecated/data/generatable/sam3_seg_benchmark/overlays/Alabama2025__10226_LeafPhotoA_2025-10-21 16_41_07.869.jpg,"Removed component analysis, segmentation/CAM exploration, smoke test or transient batch/cache output.",,ed26589e2d5a5238f7261a00cf043c4de1e918f1c3f71b81029c90cac012bc24
data/generatable/sam3_seg_benchmark/overlays/Alabama2025__10404_LeafPhotoA_2025-10-23 14_20_13.221.jpg,deprecated/data/generatable/sam3_seg_benchmark/overlays/Alabama2025__10404_LeafPhotoA_2025-10-23 14_20_13.221.jpg,"Removed component analysis, segmentation/CAM exploration, smoke test or transient batch/cache output.",,dbfced2cea50f987757c0aa2b1269d155cbf025e8ff37fac35e7f56eeeb00986
data/generatable/sam3_seg_benchmark/overlays/Alabama2025__10407_LeafPhotoA_2025-10-23 14_24_27.781.jpg,deprecated/data/generatable/sam3_seg_benchmark/overlays/Alabama2025__10407_LeafPhotoA_2025-10-23 14_24_27.781.jpg,"Removed component analysis, segmentation/CAM exploration, smoke test or transient batch/cache output.",,e2aaafef2becb3c008fb6c5f9a83dc490072293bb8c8f63c5e513d4d2035de68
data/generatable/sam3_seg_benchmark/overlays/Alabama2025__10418_LeafPhotoA_2025-10-23 14_39_10.180.jpg,deprecated/data/generatable/sam3_seg_benchmark/overlays/Alabama2025__10418_LeafPhotoA_2025-10-23 14_39_10.180.jpg,"Removed component analysis, segmentation/CAM exploration, smoke test or transient batch/cache output.",,5b1ddab718c1e1d5922f8cd165a1749e65a50af5a5f48a887bb180794e4a500d
data/generatable/sam3_seg_benchmark/overlays/Alabama2025__10425_LeafPhotoA_2025-10-23 14_51_56.867.jpg,deprecated/data/generatable/sam3_seg_benchmark/overlays/Alabama2025__10425_LeafPhotoA_2025-10-23 14_51_56.867.jpg,"Removed component analysis, segmentation/CAM exploration, smoke test or transient batch/cache output.",,9344dcdc71ec7de5c79e75d6f43d42afe5995d66ff07560deedffef53a227323
data/generatable/sam3_seg_benchmark/overlays/Alabama2025__10515_LeafPhotoA_2025-10-23 15_19_15.012.jpg,deprecated/data/generatable/sam3_seg_benchmark/overlays/Alabama2025__10515_LeafPhotoA_2025-10-23 15_19_15.012.jpg,"Removed component analysis, segmentation/CAM exploration, smoke test or transient batch/cache output.",,b5b5a9a5e28177aaac32df96f8624ef608cb13404c7ec1fac16852ad3c508ead
data/generatable/sam3_seg_benchmark/overlays/Alabama2025__10517_LeafPhotoA_2025-10-23 15_24_51.374.jpg,deprecated/data/generatable/sam3_seg_benchmark/overlays/Alabama2025__10517_LeafPhotoA_2025-10-23 15_24_51.374.jpg,"Removed component analysis, segmentation/CAM exploration, smoke test or transient batch/cache output.",,2dac8d55a7a772302df227682804767eff433c08d5804ccdf7508fd51daf3198
data/generatable/sam3_seg_benchmark/overlays/Alabama2025__10618_LeafPhotoA_2025-10-23 16_12_47.403.jpg,deprecated/data/generatable/sam3_seg_benchmark/overlays/Alabama2025__10618_LeafPhotoA_2025-10-23 16_12_47.403.jpg,"Removed component analysis, segmentation/CAM exploration, smoke test or transient batch/cache output.",,cc3a2c3ce576af393f46fb3959282ffc9da5076d21323e5615184f063a64ac0f
data/generatable/sam3_seg_benchmark/overlays/Alabama2025__10807_LeafPhotoA_2025-10-24 09_29_05.086.jpg,deprecated/data/generatable/sam3_seg_benchmark/overlays/Alabama2025__10807_LeafPhotoA_2025-10-24 09_29_05.086.jpg,"Removed component analysis, segmentation/CAM exploration, smoke test or transient batch/cache output.",,bda0b409136f087293c6366daa6ee7e60c39caa3ec6b5dd27c0b0cd55b960bf0
data/generatable/sam3_seg_benchmark/overlays/Alabama2025__10810_LeafPhotoA_2025-10-24 09_31_45.051.jpg,deprecated/data/generatable/sam3_seg_benchmark/overlays/Alabama2025__10810_LeafPhotoA_2025-10-24 09_31_45.051.jpg,"Removed component analysis, segmentation/CAM exploration, smoke test or transient batch/cache output.",,0755ecce449740bfff1d153f659ecee0a3502c3638f57a6c52680d3d9fa3697f
data/generatable/sam3_seg_benchmark/overlays/Alabama2025__10817_LeafPhotoA_2025-10-24 09_36_39.770.jpg,deprecated/data/generatable/sam3_seg_benchmark/overlays/Alabama2025__10817_LeafPhotoA_2025-10-24 09_36_39.770.jpg,"Removed component analysis, segmentation/CAM exploration, smoke test or transient batch/cache output.",,b8a927184bd561b69d0861f85b33786ac697b0545c5c91960d959f6fad41b6a6
data/generatable/sam3_seg_benchmark/overlays/Alabama2025__10919_LeafPhotoA_2025-10-24 10_41_41.968.jpg,deprecated/data/generatable/sam3_seg_benchmark/overlays/Alabama2025__10919_LeafPhotoA_2025-10-24 10_41_41.968.jpg,"Removed component analysis, segmentation/CAM exploration, smoke test or transient batch/cache output.",,09cb3ff7f11523f76a5301ded4db31cecf298bdfc812f188458757c3d3836214
data/generatable/sam3_seg_benchmark/overlays/Alabama2025__10919_LeafPhotoA_2025-10-24 10_42_30.112.jpg,deprecated/data/generatable/sam3_seg_benchmark/overlays/Alabama2025__10919_LeafPhotoA_2025-10-24 10_42_30.112.jpg,"Removed component analysis, segmentation/CAM exploration, smoke test or transient batch/cache output.",,535eed4788938d13bdfcf0d4abff2205034bee30ad575d49af78b973ed7f13be
data/generatable/sam3_seg_benchmark/overlays/Alabama2025__11010_LeafPhotoA_2025-10-24 11_13_05.082.jpg,deprecated/data/generatable/sam3_seg_benchmark/overlays/Alabama2025__11010_LeafPhotoA_2025-10-24 11_13_05.082.jpg,"Removed component analysis, segmentation/CAM exploration, smoke test or transient batch/cache output.",,5c3e1c4ef03c63f4dd74e5f07085c655b50a35503b9e4e994e955caeb1ba0bf7
data/generatable/sam3_seg_benchmark/overlays/Alabama2025__11013_LeafPhotoA_2025-10-24 11_20_33.992.jpg,deprecated/data/generatable/sam3_seg_benchmark/overlays/Alabama2025__11013_LeafPhotoA_2025-10-24 11_20_33.992.jpg,"Removed component analysis, segmentation/CAM exploration, smoke test or transient batch/cache output.",,c61e9134f517f089f5e12ab63b16ac0b49f92af627360f147a230d66a1455d4c
data/generatable/sam3_seg_benchmark/overlays/Alabama2025__11025_LeafPhotoA_2025-10-24 11_31_53.538.jpg,deprecated/data/generatable/sam3_seg_benchmark/overlays/Alabama2025__11025_LeafPhotoA_2025-10-24 11_31_53.538.jpg,"Removed component analysis, segmentation/CAM exploration, smoke test or transient batch/cache output.",,ab0979ae451477d4d3b9d1ae56fb9552ff33dd9ee11ef1a14ff48c5e26c0827c
data/generatable/sam3_seg_benchmark/overlays/Alabama2025__11109_LeafPhotoA_2025-10-24 11_46_36.628.jpg,deprecated/data/generatable/sam3_seg_benchmark/overlays/Alabama2025__11109_LeafPhotoA_2025-10-24 11_46_36.628.jpg,"Removed component analysis, segmentation/CAM exploration, smoke test or transient batch/cache output.",,55f9f9f2f98153589dbe94a63c60fba481c211159fbad0837fca7da6180a4aca
data/generatable/sam3_seg_benchmark/overlays/Alabama2025__11110_LeafPhotoA_2025-10-24 11_47_01.595.jpg,deprecated/data/generatable/sam3_seg_benchmark/overlays/Alabama2025__11110_LeafPhotoA_2025-10-24 11_47_01.595.jpg,"Removed component analysis, segmentation/CAM exploration, smoke test or transient batch/cache output.",,b9af5e68b8f436d48a86f1ad892c57e82488f991c62d900aed2d241e977755d4
data/generatable/sam3_seg_benchmark/overlays/Alabama2025__11113_LeafPhotoA_2025-10-24 11_50_00.546.jpg,deprecated/data/generatable/sam3_seg_benchmark/overlays/Alabama2025__11113_LeafPhotoA_2025-10-24 11_50_00.546.jpg,"Removed component analysis, segmentation/CAM exploration, smoke test or transient batch/cache output.",,29830a70472db4da47a7ec616b8116c22439ad70f3f90f85b60456f324b08bbc
data/generatable/sam3_seg_benchmark/overlays/Alabama2025__11311_LeafPhotoA_2025-10-24 13_14_43.811.jpg,deprecated/data/generatable/sam3_seg_benchmark/overlays/Alabama2025__11311_LeafPhotoA_2025-10-24 13_14_43.811.jpg,"Removed component analysis, segmentation/CAM exploration, smoke test or transient batch/cache output.",,7bd601c0ccf0c820927020583bf0064f553599fbbe2eaeee919a44ec8ff8f27d
data/generatable/sam3_seg_benchmark/overlays/Alabama2025__11426_LeafPhotoA_2025-10-24 14_03_07.240.jpg,deprecated/data/generatable/sam3_seg_benchmark/overlays/Alabama2025__11426_LeafPhotoA_2025-10-24 14_03_07.240.jpg,"Removed component analysis, segmentation/CAM exploration, smoke test or transient batch/cache output.",,e0c5c27350813497fa217d50716192e3ae4f8f4cbe7831b31b16f1f31fa4d985
data/generatable/sam3_seg_benchmark/overlays/Alabama2025__11520_LeafPhotoA_2025-10-24 14_23_42.462.jpg,deprecated/data/generatable/sam3_seg_benchmark/overlays/Alabama2025__11520_LeafPhotoA_2025-10-24 14_23_42.462.jpg,"Removed component analysis, segmentation/CAM exploration, smoke test or transient batch/cache output.",,cc47dcddbfc4c75640920269912721fcf2e25de92cdc82118d8246254a22d8a9
data/generatable/sam3_seg_benchmark/overlays/Alabama2025__11521_LeafPhotoA_2025-10-24 14_25_48.295.jpg,deprecated/data/generatable/sam3_seg_benchmark/overlays/Alabama2025__11521_LeafPhotoA_2025-10-24 14_25_48.295.jpg,"Removed component analysis, segmentation/CAM exploration, smoke test or transient batch/cache output.",,cdbf6e4bdd7e1d283a416a2acd2570951b90ac371a1d21464fbaa893429b55ee
data/generatable/sam3_seg_benchmark/overlays/Alabama2025__11522_LeafPhotoA_2025-10-24 14_27_01.739.jpg,deprecated/data/generatable/sam3_seg_benchmark/overlays/Alabama2025__11522_LeafPhotoA_2025-10-24 14_27_01.739.jpg,"Removed component analysis, segmentation/CAM exploration, smoke test or transient batch/cache output.",,34563fa97255d294bbb1af175e0ae96d322c375e840ee629544617fc0d1fd4f0
data/generatable/sam3_seg_benchmark/overlays/Alabama2025__20206_LeafPhotoA_2025-10-23 11_26_36.726.jpg,deprecated/data/generatable/sam3_seg_benchmark/overlays/Alabama2025__20206_LeafPhotoA_2025-10-23 11_26_36.726.jpg,"Removed component analysis, segmentation/CAM exploration, smoke test or transient batch/cache output.",,ef00bdfbe8ca1721ef74abbd9ad40ed0a5b1a4f1fee6f3fb5077345cb06a7841
data/generatable/sam3_seg_benchmark/overlays/Alabama2025__20317_LeafPhotoA_2025-10-23 12_11_34.026.jpg,deprecated/data/generatable/sam3_seg_benchmark/overlays/Alabama2025__20317_LeafPhotoA_2025-10-23 12_11_34.026.jpg,"Removed component analysis, segmentation/CAM exploration, smoke test or transient batch/cache output.",,07f450541c23db20ef00b1ba5a73ac1913f05849733b48f67ce7a3d89741ae4b
data/generatable/sam3_seg_benchmark/overlays/Alabama2025__20319_LeafPhotoA_2025-10-23 12_14_05.178.jpg,deprecated/data/generatable/sam3_seg_benchmark/overlays/Alabama2025__20319_LeafPhotoA_2025-10-23 12_14_05.178.jpg,"Removed component analysis, segmentation/CAM exploration, smoke test or transient batch/cache output.",,93b5c33f8c6ab5f02eac6516335dad1ee07ffd3dc966826d514c56f0167a608d
data/generatable/sam3_seg_benchmark/overlays/Alabama2025__20415_LeafPhotoA_2025-10-23 14_07_55.529.jpg,deprecated/data/generatable/sam3_seg_benchmark/overlays/Alabama2025__20415_LeafPhotoA_2025-10-23 14_07_55.529.jpg,"Removed component analysis, segmentation/CAM exploration, smoke test or transient batch/cache output.",,07e935152b279c96702ba1f1a695001fb3f2a16075aa8cb33e4e58ec7bd7a506
data/generatable/sam3_seg_benchmark/overlays/Alabama2025__20510_LeafPhotoA_2025-10-23 14_30_37.554.jpg,deprecated/data/generatable/sam3_seg_benchmark/overlays/Alabama2025__20510_LeafPhotoA_2025-10-23 14_30_37.554.jpg,"Removed component analysis, segmentation/CAM exploration, smoke test or transient batch/cache output.",,8d3fef3c558460cb9cf94818e40382a14d177578c8aa818bf5eb5f47a8d092f2
data/generatable/sam3_seg_benchmark/overlays/Alabama2025__20521_LeafPhotoA_2025-10-23 14_38_26.539.jpg,deprecated/data/generatable/sam3_seg_benchmark/overlays/Alabama2025__20521_LeafPhotoA_2025-10-23 14_38_26.539.jpg,"Removed component analysis, segmentation/CAM exploration, smoke test or transient batch/cache output.",,f0e23e439238e22c184fcd86350e878f4d0a6f8851003f2005accbbe976337d4
data/generatable/sam3_seg_benchmark/overlays/Alabama2025__20601_LeafPhotoA_2025-10-23 14_44_13.105.jpg,deprecated/data/generatable/sam3_seg_benchmark/overlays/Alabama2025__20601_LeafPhotoA_2025-10-23 14_44_13.105.jpg,"Removed component analysis, segmentation/CAM exploration, smoke test or transient batch/cache output.",,aaf3b0fcd457d9c87e8347e9acf59406210bd760c3bc0d40363335b17d87208d
data/generatable/sam3_seg_benchmark/overlays/Alabama2025__20608_LeafPhotoA_2025-10-23 14_49_05.379.jpg,deprecated/data/generatable/sam3_seg_benchmark/overlays/Alabama2025__20608_LeafPhotoA_2025-10-23 14_49_05.379.jpg,"Removed component analysis, segmentation/CAM exploration, smoke test or transient batch/cache output.",,9fbc956e1a6c8c7639c8bacbc37b6d7dc845186021822f538b8c3c2ee6d127b6
data/generatable/sam3_seg_benchmark/overlays/Alabama2025__20817_LeafPhotoA_2025-10-24 10_05_52.213.jpg,deprecated/data/generatable/sam3_seg_benchmark/overlays/Alabama2025__20817_LeafPhotoA_2025-10-24 10_05_52.213.jpg,"Removed component analysis, segmentation/CAM exploration, smoke test or transient batch/cache output.",,3771d48e9e8ef6fcb4a1440cde4b57ea4d89cddf92baf85b4b4175f0ff52f29e
data/generatable/sam3_seg_benchmark/overlays/Alabama2025__20820_LeafPhotoA_2025-10-24 10_12_04.658.jpg,deprecated/data/generatable/sam3_seg_benchmark/overlays/Alabama2025__20820_LeafPhotoA_2025-10-24 10_12_04.658.jpg,"Removed component analysis, segmentation/CAM exploration, smoke test or transient batch/cache output.",,4cd7f7e9fdd291022ba3d7a3f5016595f2eaae30ff68e53a4c6ec973baf21310
data/generatable/sam3_seg_benchmark/overlays/Alabama2025__20903_LeafPhotoA_2025-10-24 10_25_40.981.jpg,deprecated/data/generatable/sam3_seg_benchmark/overlays/Alabama2025__20903_LeafPhotoA_2025-10-24 10_25_40.981.jpg,"Removed component analysis, segmentation/CAM exploration, smoke test or transient batch/cache output.",,13f4ddc71bd814a359449a17c34a484bd7d1c9bf4cf3124e18034584096281fa
data/generatable/sam3_seg_benchmark/overlays/Alabama2025__21019_LeafPhotoA_2025-10-24 11_17_50.486.jpg,deprecated/data/generatable/sam3_seg_benchmark/overlays/Alabama2025__21019_LeafPhotoA_2025-10-24 11_17_50.486.jpg,"Removed component analysis, segmentation/CAM exploration, smoke test or transient batch/cache output.",,aa2da3d6621b9629834e2ce9eb6f9c5294c27f880796e1e0cf7deaf904e70b71
data/generatable/sam3_seg_benchmark/overlays/Alabama2025__21021_LeafPhotoA_2025-10-24 11_21_35.995.jpg,deprecated/data/generatable/sam3_seg_benchmark/overlays/Alabama2025__21021_LeafPhotoA_2025-10-24 11_21_35.995.jpg,"Removed component analysis, segmentation/CAM exploration, smoke test or transient batch/cache output.",,19b42790b274be0e0e74ec3b4454ca47581a860fab8333c812c97d4a9ec06d55
data/generatable/sam3_seg_benchmark/overlays/Alabama2025__21103_LeafPhotoA_2025-10-24 11_31_46.267.jpg,deprecated/data/generatable/sam3_seg_benchmark/overlays/Alabama2025__21103_LeafPhotoA_2025-10-24 11_31_46.267.jpg,"Removed component analysis, segmentation/CAM exploration, smoke test or transient batch/cache output.",,d42c881225f3a3da94ea0c7e936ff8ce8f310d5547a08e9d09e9879ed50fb2d5
data/generatable/sam3_seg_benchmark/overlays/Alabama2025__21110_LeafPhotoA_2025-10-24 11_38_11.706.jpg,deprecated/data/generatable/sam3_seg_benchmark/overlays/Alabama2025__21110_LeafPhotoA_2025-10-24 11_38_11.706.jpg,"Removed component analysis, segmentation/CAM exploration, smoke test or transient batch/cache output.",,79289e8bf847f00d6278e364cce0a629a354ff5eecf736f216357336a991183b
data/generatable/sam3_seg_benchmark/overlays/Alabama2025__21120_LeafPhotoA_2025-10-24 11_47_13.423.jpg,deprecated/data/generatable/sam3_seg_benchmark/overlays/Alabama2025__21120_LeafPhotoA_2025-10-24 11_47_13.423.jpg,"Removed component analysis, segmentation/CAM exploration, smoke test or transient batch/cache output.",,19e535b043f7fa33b8d51952ef16b3068211a41cfea22d8ca0b3b015db39ca7c
data/generatable/sam3_seg_benchmark/overlays/Alabama2025__21127_LeafPhotoA_2025-10-24 11_54_04.189.jpg,deprecated/data/generatable/sam3_seg_benchmark/overlays/Alabama2025__21127_LeafPhotoA_2025-10-24 11_54_04.189.jpg,"Removed component analysis, segmentation/CAM exploration, smoke test or transient batch/cache output.",,9004c6f50f0046960d674153f28310263d2724ad06fa74922092a0d10b9468c3
data/generatable/sam3_seg_benchmark/overlays/Alabama2025__21209_LeafPhotoA_2025-10-24 12_01_50.138.jpg,deprecated/data/generatable/sam3_seg_benchmark/overlays/Alabama2025__21209_LeafPhotoA_2025-10-24 12_01_50.138.jpg,"Removed component analysis, segmentation/CAM exploration, smoke test or transient batch/cache output.",,092bc90cd06ae06ad88acd1716c939a19df5fa02eaeba2a971ea5b9ac06734b2
data/generatable/sam3_seg_benchmark/overlays/Alabama2025__21218_LeafPhotoA_2025-10-24 12_11_22.135.jpg,deprecated/data/generatable/sam3_seg_benchmark/overlays/Alabama2025__21218_LeafPhotoA_2025-10-24 12_11_22.135.jpg,"Removed component analysis, segmentation/CAM exploration, smoke test or transient batch/cache output.",,be8b799ac7cd871cf3b1abc9b7fcdb6291a432dd6c884c7500a32fa3a3b71c49
data/generatable/sam3_seg_benchmark/overlays/Alabama2025__21304_LeafPhotoA_2025-10-24 14_15_02.459.jpg,deprecated/data/generatable/sam3_seg_benchmark/overlays/Alabama2025__21304_LeafPhotoA_2025-10-24 14_15_02.459.jpg,"Removed component analysis, segmentation/CAM exploration, smoke test or transient batch/cache output.",,bab9b3e4c126907be9637d92ca61ab7ea01eb7ed016169482405add47b6b0f0e
data/generatable/sam3_seg_benchmark/overlays/Alabama2025__21326_LeafPhotoA_2025-10-24 14_40_47.417.jpg,deprecated/data/generatable/sam3_seg_benchmark/overlays/Alabama2025__21326_LeafPhotoA_2025-10-24 14_40_47.417.jpg,"Removed component analysis, segmentation/CAM exploration, smoke test or transient batch/cache output.",,7e114b753ecd98a90d70ef339fef3a7ec804baf6af1aecbe92ed8ec6ef37d543
data/generatable/sam3_seg_benchmark/overlays/Alabama2025__21603_LeafPhotoA_2025-10-24 15_36_11.180.jpg,deprecated/data/generatable/sam3_seg_benchmark/overlays/Alabama2025__21603_LeafPhotoA_2025-10-24 15_36_11.180.jpg,"Removed component analysis, segmentation/CAM exploration, smoke test or transient batch/cache output.",,a95435728bdbbe0c600bce72448a41c6cc560fb537fc88296949ed92c4afd57f
data/generatable/sam3_seg_benchmark/overlays/Alabama2025__21621_LeafPhotoA_2025-10-24 15_59_31.076.jpg,deprecated/data/generatable/sam3_seg_benchmark/overlays/Alabama2025__21621_LeafPhotoA_2025-10-24 15_59_31.076.jpg,"Removed component analysis, segmentation/CAM exploration, smoke test or transient batch/cache output.",,2276cb3cd8a2cdda320e188049fc124cd1991242f387b01fb2ff03e6e3494f49
data/generatable/sam3_seg_benchmark/overlays/Georgia2025__250050_LeafPhotoA_2025-10-01 09_16_36.691.jpg,deprecated/data/generatable/sam3_seg_benchmark/overlays/Georgia2025__250050_LeafPhotoA_2025-10-01 09_16_36.691.jpg,"Removed component analysis, segmentation/CAM exploration, smoke test or transient batch/cache output.",,dacf0b10a26c7a4a4e58aa94c6a4d1df327bb5d2a8fbe761e64395fdf6549440
data/generatable/sam3_seg_benchmark/overlays/Georgia2025__250055_LeafPhotoA_2025-10-01 09_09_17.668.jpg,deprecated/data/generatable/sam3_seg_benchmark/overlays/Georgia2025__250055_LeafPhotoA_2025-10-01 09_09_17.668.jpg,"Removed component analysis, segmentation/CAM exploration, smoke test or transient batch/cache output.",,505f67b1829a272e54f1260facbc670264dedbca52e51f0fedb1575c61ab1bc1
data/generatable/sam3_seg_benchmark/overlays/Georgia2025__250101_LeafPhotoA_2025-10-01 09_54_13.824.jpg,deprecated/data/generatable/sam3_seg_benchmark/overlays/Georgia2025__250101_LeafPhotoA_2025-10-01 09_54_13.824.jpg,"Removed component analysis, segmentation/CAM exploration, smoke test or transient batch/cache output.",,4832e7b21a3519880330a598c1a72598dcc97575398b110352fa7a6ca0e2d668
data/generatable/sam3_seg_benchmark/overlays/Georgia2025__250146_LeafPhotoA_2025-10-01 13_31_58.269.jpg,deprecated/data/generatable/sam3_seg_benchmark/overlays/Georgia2025__250146_LeafPhotoA_2025-10-01 13_31_58.269.jpg,"Removed component analysis, segmentation/CAM exploration, smoke test or transient batch/cache output.",,696b0779a8308c2cf6e797a3d2832f776d3e026002fd23188f731f91cccd21f1
data/generatable/sam3_seg_benchmark/overlays/Georgia2025__250151_LeafPhotoA_2025-10-01 13_39_36.637.jpg,deprecated/data/generatable/sam3_seg_benchmark/overlays/Georgia2025__250151_LeafPhotoA_2025-10-01 13_39_36.637.jpg,"Removed component analysis, segmentation/CAM exploration, smoke test or transient batch/cache output.",,87bbd3cb50cce32ac9dfbb285e668b17406cdc4c006a7c331911e01fbd4d1045
data/generatable/sam3_seg_benchmark/overlays/Georgia2025__250199_LeafPhotoA_2025-10-01 10_29_15.936.jpg,deprecated/data/generatable/sam3_seg_benchmark/overlays/Georgia2025__250199_LeafPhotoA_2025-10-01 10_29_15.936.jpg,"Removed component analysis, segmentation/CAM exploration, smoke test or transient batch/cache output.",,d362375ded83b561d71cad96782decd0e3387862fe3739506ee6de3a4d903ce1
data/generatable/sam3_seg_benchmark/overlays/Georgia2025__250223_LeafPhotoA_2025-10-01 13_37_06.230.jpg,deprecated/data/generatable/sam3_seg_benchmark/overlays/Georgia2025__250223_LeafPhotoA_2025-10-01 13_37_06.230.jpg,"Removed component analysis, segmentation/CAM exploration, smoke test or transient batch/cache output.",,045c33d3796a4119b8b09c73c4a93888659f76f8e5890bc5f1fee7654f54544d
data/generatable/sam3_seg_benchmark/overlays/Georgia2025__250306_LeafPhotoA_2025-10-01 14_32_59.030.jpg,deprecated/data/generatable/sam3_seg_benchmark/overlays/Georgia2025__250306_LeafPhotoA_2025-10-01 14_32_59.030.jpg,"Removed component analysis, segmentation/CAM exploration, smoke test or transient batch/cache output.",,67c4c7412fa01d2c380ae44b4c5c5122a02bc12a0e8bbd28cfa21eda0572150c
data/generatable/sam3_seg_benchmark/overlays/Georgia2025__250325_LeafPhotoA_2025-10-01 13_57_16.918.jpg,deprecated/data/generatable/sam3_seg_benchmark/overlays/Georgia2025__250325_LeafPhotoA_2025-10-01 13_57_16.918.jpg,"Removed component analysis, segmentation/CAM exploration, smoke test or transient batch/cache output.",,bec0b4abb1818b40df251c924efd9a45a20853e3b9cbc1a39bd7899d41c30b8d
data/generatable/sam3_seg_benchmark/overlays/Georgia2025__250350_LeafPhotoA_2025-10-01 14_09_44.822.jpg,deprecated/data/generatable/sam3_seg_benchmark/overlays/Georgia2025__250350_LeafPhotoA_2025-10-01 14_09_44.822.jpg,"Removed component analysis, segmentation/CAM exploration, smoke test or transient batch/cache output.",,c3024b7421f66a6a35f44b54382160f7853a78061e15e56f26f790e3ef68dbb0
data/generatable/sam3_seg_benchmark/overlays/Georgia2025__250392_LeafPhotoA_2025-10-02 10_39_12.993.jpg,deprecated/data/generatable/sam3_seg_benchmark/overlays/Georgia2025__250392_LeafPhotoA_2025-10-02 10_39_12.993.jpg,"Removed component analysis, segmentation/CAM exploration, smoke test or transient batch/cache output.",,826bf2ec90ba3c41a9711adc09c46ebfab9251819fcebf29722146786ed511a2
data/generatable/sam3_seg_benchmark/overlays/Georgia2025__250393_LeafPhotoA_2025-10-02 10_37_19.524.jpg,deprecated/data/generatable/sam3_seg_benchmark/overlays/Georgia2025__250393_LeafPhotoA_2025-10-02 10_37_19.524.jpg,"Removed component analysis, segmentation/CAM exploration, smoke test or transient batch/cache output.",,dcba7b049b6176929a62a594b9b76e9f6a3e8056104e207c670fba5785baa894
data/generatable/sam3_seg_benchmark/overlays/Georgia2025__250394_LeafPhotoA_2025-10-02 10_36_14.389.jpg,deprecated/data/generatable/sam3_seg_benchmark/overlays/Georgia2025__250394_LeafPhotoA_2025-10-02 10_36_14.389.jpg,"Removed component analysis, segmentation/CAM exploration, smoke test or transient batch/cache output.",,ad26afd8ab327294bc3f89ab396cc8f84e3376c39fda21c6bd1b27549918ebbf
data/generatable/sam3_seg_benchmark/overlays/Georgia2025__250402_LeafPhotoA_2025-10-02 10_22_07.922.jpg,deprecated/data/generatable/sam3_seg_benchmark/overlays/Georgia2025__250402_LeafPhotoA_2025-10-02 10_22_07.922.jpg,"Removed component analysis, segmentation/CAM exploration, smoke test or transient batch/cache output.",,581e809f3ad9b6fe650ad990ed118a7865391a9a160f53a2464a37de5b7078da
data/generatable/sam3_seg_benchmark/overlays/Georgia2025__250489_LeafPhotoA_2025-10-02 14_36_55.122.jpg,deprecated/data/generatable/sam3_seg_benchmark/overlays/Georgia2025__250489_LeafPhotoA_2025-10-02 14_36_55.122.jpg,"Removed component analysis, segmentation/CAM exploration, smoke test or transient batch/cache output.",,76f1c7750cefe64e264843a5d27fae0cb7f6a3678f387a8b737fccd22c1d4747
data/generatable/sam3_seg_benchmark/overlays/Georgia2025__250505_LeafPhotoA_2025-10-03 08_49_02.813.jpg,deprecated/data/generatable/sam3_seg_benchmark/overlays/Georgia2025__250505_LeafPhotoA_2025-10-03 08_49_02.813.jpg,"Removed component analysis, segmentation/CAM exploration, smoke test or transient batch/cache output.",,d7c351a6b2d81f7c6b1fef913f225e446843bf382b9f3b987b24376ee1bdd02a
data/generatable/sam3_seg_benchmark/overlays/Georgia2025__250555_LeafPhotoA_2025-10-03 09_31_19.278.jpg,deprecated/data/generatable/sam3_seg_benchmark/overlays/Georgia2025__250555_LeafPhotoA_2025-10-03 09_31_19.278.jpg,"Removed component analysis, segmentation/CAM exploration, smoke test or transient batch/cache output.",,916ef1be021da48880d5bd9d751b81019efe1dc3571576a9347b1814d6fe0e13
data/generatable/sam3_seg_benchmark/overlays/Georgia2025__250560_LeafPhotoA_2025-10-03 10_11_30.026.jpg,deprecated/data/generatable/sam3_seg_benchmark/overlays/Georgia2025__250560_LeafPhotoA_2025-10-03 10_11_30.026.jpg,"Removed component analysis, segmentation/CAM exploration, smoke test or transient batch/cache output.",,3f521058bb496cff4a251077489d5e4b31f2c97932ea5136b7c174f97149c83d
data/generatable/sam3_seg_benchmark/overlays/Georgia2025__250568_LeafPhotoA_2025-10-03 10_20_12.934.jpg,deprecated/data/generatable/sam3_seg_benchmark/overlays/Georgia2025__250568_LeafPhotoA_2025-10-03 10_20_12.934.jpg,"Removed component analysis, segmentation/CAM exploration, smoke test or transient batch/cache output.",,8a213a3621a1a40d5f2c15f8a9e43eefa74059f9b92ac575a485baa998cfc0a7
data/generatable/sam3_seg_benchmark/overlays/Georgia2025__250597_LeafPhotoA_2025-10-03 08_54_15.233.jpg,deprecated/data/generatable/sam3_seg_benchmark/overlays/Georgia2025__250597_LeafPhotoA_2025-10-03 08_54_15.233.jpg,"Removed component analysis, segmentation/CAM exploration, smoke test or transient batch/cache output.",,d59d832ea69184935cab71b23143d47fb01660b32570ee09316c46a0ca7a422f
data/generatable/sam3_seg_benchmark/overlays/Georgia2025__250603_LeafPhotoA_2025-10-03 09_00_12.224.jpg,deprecated/data/generatable/sam3_seg_benchmark/overlays/Georgia2025__250603_LeafPhotoA_2025-10-03 09_00_12.224.jpg,"Removed component analysis, segmentation/CAM exploration, smoke test or transient batch/cache output.",,0ff1725e69850860f02faa63fcc8a4a07d5400e4cfc16b9bdbff1bed47bb3f64
data/generatable/sam3_seg_benchmark/overlays/Georgia2025__250615_LeafPhotoA_2025-10-03 09_05_06.720.jpg,deprecated/data/generatable/sam3_seg_benchmark/overlays/Georgia2025__250615_LeafPhotoA_2025-10-03 09_05_06.720.jpg,"Removed component analysis, segmentation/CAM exploration, smoke test or transient batch/cache output.",,3f1c5a63a7650eafb7faea9e543c8f43066991b8583f6f662c6259d4f5e7cde2
data/generatable/sam3_seg_benchmark/overlays/Georgia2025__250666_LeafPhotoA_2025-10-03 10_27_35.248.jpg,deprecated/data/generatable/sam3_seg_benchmark/overlays/Georgia2025__250666_LeafPhotoA_2025-10-03 10_27_35.248.jpg,"Removed component analysis, segmentation/CAM exploration, smoke test or transient batch/cache output.",,dab93ae607bab0f9933d5ea854dad8801993fcb61d5a1dbefcf596c2c5e855cb
data/generatable/sam3_seg_benchmark/overlays/Georgia2025__250685_LeafPhotoA_2025-10-03 10_47_43.531.jpg,deprecated/data/generatable/sam3_seg_benchmark/overlays/Georgia2025__250685_LeafPhotoA_2025-10-03 10_47_43.531.jpg,"Removed component analysis, segmentation/CAM exploration, smoke test or transient batch/cache output.",,0fbbeaac986afc416d303cfb9eb97a6fcc0f4606910b5989486f7884b637efa9
data/generatable/sam3_seg_benchmark/overlays/Georgia2025__250696_LeafPhotoA_2025-10-07 13_46_37.154.jpg,deprecated/data/generatable/sam3_seg_benchmark/overlays/Georgia2025__250696_LeafPhotoA_2025-10-07 13_46_37.154.jpg,"Removed component analysis, segmentation/CAM exploration, smoke test or transient batch/cache output.",,99b294890c33402d79ca3074d662ece15b8bfcc61d24d150d2202a3b4a5f3dc8
data/generatable/sam3_seg_benchmark/overlays/Georgia2025__250732_LeafPhotoA_2025-10-07 13_44_30.709.jpg,deprecated/data/generatable/sam3_seg_benchmark/overlays/Georgia2025__250732_LeafPhotoA_2025-10-07 13_44_30.709.jpg,"Removed component analysis, segmentation/CAM exploration, smoke test or transient batch/cache output.",,77ffc63a8bd5c76ce1cbf663a3e0c6055c8ea3a9d11c61d601309b94f8b0690a
data/generatable/sam3_seg_benchmark/overlays/Georgia2025__250733_LeafPhotoA_2025-10-07 13_46_22.571.jpg,deprecated/data/generatable/sam3_seg_benchmark/overlays/Georgia2025__250733_LeafPhotoA_2025-10-07 13_46_22.571.jpg,"Removed component analysis, segmentation/CAM exploration, smoke test or transient batch/cache output.",,e9ef1bc72ba7eef5fadbea051f43af1cb20a77db4a9680add27b9a181494ef5f
data/generatable/sam3_seg_benchmark/overlays/Georgia2025__250776_LeafPhotoA_2025-10-07 14_14_38.314.jpg,deprecated/data/generatable/sam3_seg_benchmark/overlays/Georgia2025__250776_LeafPhotoA_2025-10-07 14_14_38.314.jpg,"Removed component analysis, segmentation/CAM exploration, smoke test or transient batch/cache output.",,10b183d8573505d2f9f6efe48459d1b5ce7592c34fcfbe3d4ed74a0033f7226a
data/generatable/sam3_seg_benchmark/overlays/Georgia2025__250800_LeafPhotoA_2025-10-07 14_38_41.205.jpg,deprecated/data/generatable/sam3_seg_benchmark/overlays/Georgia2025__250800_LeafPhotoA_2025-10-07 14_38_41.205.jpg,"Removed component analysis, segmentation/CAM exploration, smoke test or transient batch/cache output.",,c68a82cdba614d5c4449ec1d5ed339d6ade90421fa3c7fa7032945fef832c263
data/generatable/sam3_seg_benchmark/overlays/Georgia2025__250815_LeafPhotoA_2025-10-08 08_36_50.706.jpg,deprecated/data/generatable/sam3_seg_benchmark/overlays/Georgia2025__250815_LeafPhotoA_2025-10-08 08_36_50.706.jpg,"Removed component analysis, segmentation/CAM exploration, smoke test or transient batch/cache output.",,c1e2865a0c4651d189c86f1438d59a6b8c90489e6a339db38448f0f15b68f92c
data/generatable/sam3_seg_benchmark/overlays/Georgia2025__250843_LeafPhotoA_2025-10-08 09_27_36.267.jpg,deprecated/data/generatable/sam3_seg_benchmark/overlays/Georgia2025__250843_LeafPhotoA_2025-10-08 09_27_36.267.jpg,"Removed component analysis, segmentation/CAM exploration, smoke test or transient batch/cache output.",,76b6fdcb31cfb553e75bdb8d3aa6b2f1881a7822a159069d66f6df927c4f0a6e
data/generatable/sam3_seg_benchmark/overlays/Georgia2025__250875_LeafPhotoA_2025-10-08 08_43_26.499.jpg,deprecated/data/generatable/sam3_seg_benchmark/overlays/Georgia2025__250875_LeafPhotoA_2025-10-08 08_43_26.499.jpg,"Removed component analysis, segmentation/CAM exploration, smoke test or transient batch/cache output.",,f6de456ed54af7b3a913d8c161d09272ff09dafee84ef157552c856452c7fd2e
data/generatable/sam3_seg_benchmark/overlays/Georgia2025__250891_LeafPhotoA_2025-10-08 09_17_32.247.jpg,deprecated/data/generatable/sam3_seg_benchmark/overlays/Georgia2025__250891_LeafPhotoA_2025-10-08 09_17_32.247.jpg,"Removed component analysis, segmentation/CAM exploration, smoke test or transient batch/cache output.",,f54ba16efd3d3b14e56f8680b0dfa2a8bf733e3e8b01fa2e435afc86f282bd7b
data/generatable/sam3_seg_benchmark/overlays/Georgia2025__250895_LeafPhotoA_2025-10-08 09_13_34.010.jpg,deprecated/data/generatable/sam3_seg_benchmark/overlays/Georgia2025__250895_LeafPhotoA_2025-10-08 09_13_34.010.jpg,"Removed component analysis, segmentation/CAM exploration, smoke test or transient batch/cache output.",,a33cc3bcc47d57d916bd903a4dd59672760dc34e3638b3fbb88e3ad086a5c3be
data/generatable/sam3_seg_benchmark/overlays/Georgia2025__250940_LeafPhotoA_2025-10-08 08_39_17.166.jpg,deprecated/data/generatable/sam3_seg_benchmark/overlays/Georgia2025__250940_LeafPhotoA_2025-10-08 08_39_17.166.jpg,"Removed component analysis, segmentation/CAM exploration, smoke test or transient batch/cache output.",,0297999a6a4c7b1d522d323dfb773e613c36952bab1d82bbb096a24df39cded6
data/generatable/sam3_seg_benchmark/overlays/Georgia2025__250964_LeafPhotoA_2025-10-08 09_01_31.557.jpg,deprecated/data/generatable/sam3_seg_benchmark/overlays/Georgia2025__250964_LeafPhotoA_2025-10-08 09_01_31.557.jpg,"Removed component analysis, segmentation/CAM exploration, smoke test or transient batch/cache output.",,d0fc2f9f2b0928088885a5429c3aa9de34e467f2d726575beb54a171bda0b0cd
data/generatable/sam3_seg_benchmark/overlays/Georgia2025__251020_LeafPhotoA_2025-10-08 10_42_02.938.jpg,deprecated/data/generatable/sam3_seg_benchmark/overlays/Georgia2025__251020_LeafPhotoA_2025-10-08 10_42_02.938.jpg,"Removed component analysis, segmentation/CAM exploration, smoke test or transient batch/cache output.",,40e6e38de849d8bf15f32633f2b6f86ff89b58ca6d2758d469840b5873e16354
data/generatable/sam3_seg_benchmark/overlays/Georgia2025__251051_LeafPhotoA_2025-10-08 13_54_45.426.jpg,deprecated/data/generatable/sam3_seg_benchmark/overlays/Georgia2025__251051_LeafPhotoA_2025-10-08 13_54_45.426.jpg,"Removed component analysis, segmentation/CAM exploration, smoke test or transient batch/cache output.",,f8f932562ab913dc014590d800f362b214a8c1f67be6378402706fcd0b28052b
data/generatable/sam3_seg_benchmark/overlays/Georgia2025__251119_LeafPhotoA_2025-10-08 14_02_14.422.jpg,deprecated/data/generatable/sam3_seg_benchmark/overlays/Georgia2025__251119_LeafPhotoA_2025-10-08 14_02_14.422.jpg,"Removed component analysis, segmentation/CAM exploration, smoke test or transient batch/cache output.",,3a1cd90c2894f47d7ebf8c9b37f86c6cf2ec408f5471be9b641bfeea4007d9ed
data/generatable/sam3_seg_benchmark/overlays/Georgia2025__251143_LeafPhotoA_2025-10-10 10_20_14.600.jpg,deprecated/data/generatable/sam3_seg_benchmark/overlays/Georgia2025__251143_LeafPhotoA_2025-10-10 10_20_14.600.jpg,"Removed component analysis, segmentation/CAM exploration, smoke test or transient batch/cache output.",,9485b4cfba422c16661815c403f888169583e57d7ad618997f5c076e2389759a
data/generatable/sam3_seg_benchmark/overlays/Georgia2025__251233_LeafPhotoA_2025-10-10 10_57_20.470.jpg,deprecated/data/generatable/sam3_seg_benchmark/overlays/Georgia2025__251233_LeafPhotoA_2025-10-10 10_57_20.470.jpg,"Removed component analysis, segmentation/CAM exploration, smoke test or transient batch/cache output.",,12bbf46fda1baf1c8400d249e37320db9c77b9fa4e2d85464a11252946965689
data/generatable/sam3_seg_benchmark/overlays/Georgia2025__251258_LeafPhotoA_2025-10-10 11_05_55.378.jpg,deprecated/data/generatable/sam3_seg_benchmark/overlays/Georgia2025__251258_LeafPhotoA_2025-10-10 11_05_55.378.jpg,"Removed component analysis, segmentation/CAM exploration, smoke test or transient batch/cache output.",,b029d73f940d2d6f1ada2868e3a072bebbed7304bb5bb57aa55cc9c69c75872b
data/generatable/sam3_seg_benchmark/overlays/Georgia2025__251271_LeafPhotoA_2025-10-10 13_54_17.090.jpg,deprecated/data/generatable/sam3_seg_benchmark/overlays/Georgia2025__251271_LeafPhotoA_2025-10-10 13_54_17.090.jpg,"Removed component analysis, segmentation/CAM exploration, smoke test or transient batch/cache output.",,f13909a3cdb81c9a4e5b9636c2dcdeac4de90ebb028b2098739438e873017c05
data/generatable/sam3_seg_benchmark/overlays/Georgia2025__251282_LeafPhotoA_2025-10-10 14_11_45.818.jpg,deprecated/data/generatable/sam3_seg_benchmark/overlays/Georgia2025__251282_LeafPhotoA_2025-10-10 14_11_45.818.jpg,"Removed component analysis, segmentation/CAM exploration, smoke test or transient batch/cache output.",,b5845cc563acec971d0a8b28c86df81f99555ce399883113dc56a6c5e6a6cc5d
data/generatable/sam3_seg_benchmark/overlays/Georgia2025__251312_LeafPhotoA_2025-10-10 14_08_13.020.jpg,deprecated/data/generatable/sam3_seg_benchmark/overlays/Georgia2025__251312_LeafPhotoA_2025-10-10 14_08_13.020.jpg,"Removed component analysis, segmentation/CAM exploration, smoke test or transient batch/cache output.",,0dbbf7bc6adff0561dcf1b1b2a3c10a6b0eba43bd7a698687991e43e68d15b8d
data/generatable/sam3_seg_benchmark/overlays/Georgia2025__251319_LeafPhotoA_2025-10-10 14_02_01.149.jpg,deprecated/data/generatable/sam3_seg_benchmark/overlays/Georgia2025__251319_LeafPhotoA_2025-10-10 14_02_01.149.jpg,"Removed component analysis, segmentation/CAM exploration, smoke test or transient batch/cache output.",,0835cd83e5bd5ad98121d5c1aa5de91a77d5c1b1902f95f4d25e4e95cdcbe200
data/generatable/sam3_seg_benchmark/overlays/Nebraska2025__1129_LeafPhotoA_2025-09-08 10_18_24.399.jpg,deprecated/data/generatable/sam3_seg_benchmark/overlays/Nebraska2025__1129_LeafPhotoA_2025-09-08 10_18_24.399.jpg,"Removed component analysis, segmentation/CAM exploration, smoke test or transient batch/cache output.",,1dac0aa03d712d4417f31ec43ebfdcf836bfb4f4fa9b1f3f9294b2952443d85d
data/generatable/sam3_seg_benchmark/overlays/Nebraska2025__1162_LeafPhotoA_2025-09-08 16_44_44.447.jpg,deprecated/data/generatable/sam3_seg_benchmark/overlays/Nebraska2025__1162_LeafPhotoA_2025-09-08 16_44_44.447.jpg,"Removed component analysis, segmentation/CAM exploration, smoke test or transient batch/cache output.",,c5ab0f48858d42dfbcd1e64f4601539bf628f1e853324a5d512117341da294d2
data/generatable/sam3_seg_benchmark/overlays/Nebraska2025__1175_LeafPhotoA_2025-09-08 16_24_37.781.jpg,deprecated/data/generatable/sam3_seg_benchmark/overlays/Nebraska2025__1175_LeafPhotoA_2025-09-08 16_24_37.781.jpg,"Removed component analysis, segmentation/CAM exploration, smoke test or transient batch/cache output.",,efe122cd75b96e740aa0d778c4f13d4e3e3b823a7a43584ebd4060ff2ce723a9
data/generatable/sam3_seg_benchmark/overlays/Nebraska2025__1189_LeafPhotoA_2025-09-08 15_58_26.047.jpg,deprecated/data/generatable/sam3_seg_benchmark/overlays/Nebraska2025__1189_LeafPhotoA_2025-09-08 15_58_26.047.jpg,"Removed component analysis, segmentation/CAM exploration, smoke test or transient batch/cache output.",,aa00f270ce4a7240ab5970fc1b27aed37c7b25e457b19887dd2c626e59926775
data/generatable/sam3_seg_benchmark/overlays/Nebraska2025__1201_LeafPhotoA_2025-09-08 10_44_12.793.jpg,deprecated/data/generatable/sam3_seg_benchmark/overlays/Nebraska2025__1201_LeafPhotoA_2025-09-08 10_44_12.793.jpg,"Removed component analysis, segmentation/CAM exploration, smoke test or transient batch/cache output.",,4ec5c7fee8d05a6b9f8839767c0f3aa3d8e63b409f4575a79be65d37c077780b
data/generatable/sam3_seg_benchmark/overlays/Nebraska2025__1203_LeafPhotoA_2025-09-08 09_17_50.777.jpg,deprecated/data/generatable/sam3_seg_benchmark/overlays/Nebraska2025__1203_LeafPhotoA_2025-09-08 09_17_50.777.jpg,"Removed component analysis, segmentation/CAM exploration, smoke test or transient batch/cache output.",,e8d6f57a4cddcbcfce27c22ddaae6af8d1377d7e523f4a06a7febd573c96b030
data/generatable/sam3_seg_benchmark/overlays/Nebraska2025__1224_LeafPhotoA_2025-09-08 10_04_48.677.jpg,deprecated/data/generatable/sam3_seg_benchmark/overlays/Nebraska2025__1224_LeafPhotoA_2025-09-08 10_04_48.677.jpg,"Removed component analysis, segmentation/CAM exploration, smoke test or transient batch/cache output.",,f3f1069ead66eac0eeec53d2e67611aad476bea3d88969cd27f0c312939624a3
data/generatable/sam3_seg_benchmark/overlays/Nebraska2025__1266_LeafPhotoA_2025-09-08 16_20_25.613.jpg,deprecated/data/generatable/sam3_seg_benchmark/overlays/Nebraska2025__1266_LeafPhotoA_2025-09-08 16_20_25.613.jpg,"Removed component analysis, segmentation/CAM exploration, smoke test or transient batch/cache output.",,8b8c33edd337c56ae38f8f9d23fe1b85d14e8496e8e6408d4a4adbcc4a8f56b4
data/generatable/sam3_seg_benchmark/overlays/Nebraska2025__1321_LeafPhotoA_2025-09-08 09_44_03.768.jpg,deprecated/data/generatable/sam3_seg_benchmark/overlays/Nebraska2025__1321_LeafPhotoA_2025-09-08 09_44_03.768.jpg,"Removed component analysis, segmentation/CAM exploration, smoke test or transient batch/cache output.",,d27939478cb1d547e95ef1262ea73a1d737e7acdd0d3fc0e0ca8de37dcc7348e
data/generatable/sam3_seg_benchmark/overlays/Nebraska2025__1365_LeafPhotoA_2025-09-08 12_47_05.614.jpg,deprecated/data/generatable/sam3_seg_benchmark/overlays/Nebraska2025__1365_LeafPhotoA_2025-09-08 12_47_05.614.jpg,"Removed component analysis, segmentation/CAM exploration, smoke test or transient batch/cache output.",,c943d0c805febc2e9fb1c75d0027cbcdd78dac79e202b44f842dc758c39b2d59
data/generatable/sam3_seg_benchmark/overlays/Nebraska2025__1374_LeafPhotoA_2025-09-08 12_56_33.851.jpg,deprecated/data/generatable/sam3_seg_benchmark/overlays/Nebraska2025__1374_LeafPhotoA_2025-09-08 12_56_33.851.jpg,"Removed component analysis, segmentation/CAM exploration, smoke test or transient batch/cache output.",,b483e33ec824f3424f23f45caf9ccae7e3724958701d7146b1c6408b0d5c150c
data/generatable/sam3_seg_benchmark/overlays/Nebraska2025__1412_LeafPhotoB_2025-09-08 10_06_06.715.jpg,deprecated/data/generatable/sam3_seg_benchmark/overlays/Nebraska2025__1412_LeafPhotoB_2025-09-08 10_06_06.715.jpg,"Removed component analysis, segmentation/CAM exploration, smoke test or transient batch/cache output.",,2c3e58aea2a8f526655d6c483860c2f0b25c05662f0e3ce2a3dcca5ed0203735
data/generatable/sam3_seg_benchmark/overlays/Nebraska2025__1427_LeafPhotoA_2025-09-08 09_49_09.933.jpg,deprecated/data/generatable/sam3_seg_benchmark/overlays/Nebraska2025__1427_LeafPhotoA_2025-09-08 09_49_09.933.jpg,"Removed component analysis, segmentation/CAM exploration, smoke test or transient batch/cache output.",,a685098252c0ef846a4b3f0369297cce6bd95e42349c3e4d2e5286fa64ac1ef1
data/generatable/sam3_seg_benchmark/overlays/Nebraska2025__1439_LeafPhotoB_2025-09-08 10_29_31.631.jpg,deprecated/data/generatable/sam3_seg_benchmark/overlays/Nebraska2025__1439_LeafPhotoB_2025-09-08 10_29_31.631.jpg,"Removed component analysis, segmentation/CAM exploration, smoke test or transient batch/cache output.",,64bab29e2a516bd243e730b347f5777c97a8292f7cc94480fa92ab11a3d5b827
data/generatable/sam3_seg_benchmark/overlays/Nebraska2025__1446_LeafPhotoB_2025-09-08 10_35_24.930.jpg,deprecated/data/generatable/sam3_seg_benchmark/overlays/Nebraska2025__1446_LeafPhotoB_2025-09-08 10_35_24.930.jpg,"Removed component analysis, segmentation/CAM exploration, smoke test or transient batch/cache output.",,d28c72d3468b4cc10cb62866fd7bffe391b73cf6e3cc56c34a2d90e6b5e24af9
data/generatable/sam3_seg_benchmark/overlays/Nebraska2025__1493_LeafPhotoB_2025-09-08 16_57_00.908.jpg,deprecated/data/generatable/sam3_seg_benchmark/overlays/Nebraska2025__1493_LeafPhotoB_2025-09-08 16_57_00.908.jpg,"Removed component analysis, segmentation/CAM exploration, smoke test or transient batch/cache output.",,4aa67f03f41faf2331fc7df184874e37355a7501d32782e80909d43fa497ead9
data/generatable/sam3_seg_benchmark/overlays/Nebraska2025__1512_LeafPhotoA_2025-09-09 09_08_14.227.jpg,deprecated/data/generatable/sam3_seg_benchmark/overlays/Nebraska2025__1512_LeafPhotoA_2025-09-09 09_08_14.227.jpg,"Removed component analysis, segmentation/CAM exploration, smoke test or transient batch/cache output.",,5eab7230f4043448e19e587f35a290e5ff02a890402c0281424c3267d5dc44dc
data/generatable/sam3_seg_benchmark/overlays/Nebraska2025__1515_LeafPhotoA_2025-09-09 09_11_40.214.jpg,deprecated/data/generatable/sam3_seg_benchmark/overlays/Nebraska2025__1515_LeafPhotoA_2025-09-09 09_11_40.214.jpg,"Removed component analysis, segmentation/CAM exploration, smoke test or transient batch/cache output.",,52c34d8c465d8daf6d0fd4e0f25a560effacfb2066cba55f8c706ec3903c25cb
data/generatable/sam3_seg_benchmark/overlays/Nebraska2025__1521_LeafPhotoA_2025-09-09 09_18_30.185.jpg,deprecated/data/generatable/sam3_seg_benchmark/overlays/Nebraska2025__1521_LeafPhotoA_2025-09-09 09_18_30.185.jpg,"Removed component analysis, segmentation/CAM exploration, smoke test or transient batch/cache output.",,05b711e7098f7ef1e411d22c3d2df3d79c84081c973e87c1e6b7901a09161934
data/generatable/sam3_seg_benchmark/overlays/Nebraska2025__1542_LeafPhotoA_2025-09-09 09_42_23.433.jpg,deprecated/data/generatable/sam3_seg_benchmark/overlays/Nebraska2025__1542_LeafPhotoA_2025-09-09 09_42_23.433.jpg,"Removed component analysis, segmentation/CAM exploration, smoke test or transient batch/cache output.",,0a2c475eefca5168a31fa841c6f208625545ec37537eff4e11a6ebebc6bdc052
data/generatable/sam3_seg_benchmark/overlays/Nebraska2025__1683_LeafPhotoA_2025-09-09 09_26_37.806.jpg,deprecated/data/generatable/sam3_seg_benchmark/overlays/Nebraska2025__1683_LeafPhotoA_2025-09-09 09_26_37.806.jpg,"Removed component analysis, segmentation/CAM exploration, smoke test or transient batch/cache output.",,092f852f055b2437113d0b940c7171529562dc0e340f3d41a07611c00451c4de
data/generatable/sam3_seg_benchmark/overlays/Nebraska2025__1698_LeafPhotoA_2025-09-09 08_50_01.438.jpg,deprecated/data/generatable/sam3_seg_benchmark/overlays/Nebraska2025__1698_LeafPhotoA_2025-09-09 08_50_01.438.jpg,"Removed component analysis, segmentation/CAM exploration, smoke test or transient batch/cache output.",,5066d464877cdee1a9bbdae9c0a142236ab5d25c9c7022e96aa64a45f7693c12
data/generatable/sam3_seg_benchmark/overlays/Nebraska2025__1739_LeafPhotoA_2025-09-09 09_53_43.322.jpg,deprecated/data/generatable/sam3_seg_benchmark/overlays/Nebraska2025__1739_LeafPhotoA_2025-09-09 09_53_43.322.jpg,"Removed component analysis, segmentation/CAM exploration, smoke test or transient batch/cache output.",,0e25e02a0853fce32ba1137c760b2165a80442ccb589afdb1c9d60f4fb5ddb72
data/generatable/sam3_seg_benchmark/overlays/Nebraska2025__1897_LeafPhotoA_2025-09-09 17_20_22.344.jpg,deprecated/data/generatable/sam3_seg_benchmark/overlays/Nebraska2025__1897_LeafPhotoA_2025-09-09 17_20_22.344.jpg,"Removed component analysis, segmentation/CAM exploration, smoke test or transient batch/cache output.",,9fb4a3e226de709682923de85f05e81374768547f8ee046db560b9c83a9303c8
data/generatable/sam3_seg_benchmark/overlays/Nebraska2025__1956_LeafPhotoA_2025-09-09 17_17_49.256.jpg,deprecated/data/generatable/sam3_seg_benchmark/overlays/Nebraska2025__1956_LeafPhotoA_2025-09-09 17_17_49.256.jpg,"Removed component analysis, segmentation/CAM exploration, smoke test or transient batch/cache output.",,ff9ec6040d5f66eee37c8abd0d539fa6fc25f2eec6d64677b96ab6592d7b8a5e
data/generatable/sam3_seg_benchmark/overlays/Nebraska2025__2003_LeafPhotoA_2025-09-08 10_36_50.744.jpg,deprecated/data/generatable/sam3_seg_benchmark/overlays/Nebraska2025__2003_LeafPhotoA_2025-09-08 10_36_50.744.jpg,"Removed component analysis, segmentation/CAM exploration, smoke test or transient batch/cache output.",,04210cdcdfb03dcf82d690587746068f818c49d4aaae64bf6583dd152be5a511
data/generatable/sam3_seg_benchmark/overlays/Nebraska2025__2061_LeafPhotoA_2025-09-08 11_55_36.655.jpg,deprecated/data/generatable/sam3_seg_benchmark/overlays/Nebraska2025__2061_LeafPhotoA_2025-09-08 11_55_36.655.jpg,"Removed component analysis, segmentation/CAM exploration, smoke test or transient batch/cache output.",,ff5d311735ec5a1a02f9aaa49e572d9bc866745f47193af98f01128d2de7599b
data/generatable/sam3_seg_benchmark/overlays/Nebraska2025__2071_LeafPhotoA_2025-09-08 12_05_40.977.jpg,deprecated/data/generatable/sam3_seg_benchmark/overlays/Nebraska2025__2071_LeafPhotoA_2025-09-08 12_05_40.977.jpg,"Removed component analysis, segmentation/CAM exploration, smoke test or transient batch/cache output.",,932b6d3fbe4138282d52c3206349af6f80fb4d173b508502c84404b72c5b47ed
data/generatable/sam3_seg_benchmark/overlays/Nebraska2025__2079_LeafPhotoA_2025-09-08 12_14_55.028.jpg,deprecated/data/generatable/sam3_seg_benchmark/overlays/Nebraska2025__2079_LeafPhotoA_2025-09-08 12_14_55.028.jpg,"Removed component analysis, segmentation/CAM exploration, smoke test or transient batch/cache output.",,b9336842bc7bf80d7bad4aa8408a756eb02f02a04f8e84fc8cb3dd80d97a5810
data/generatable/sam3_seg_benchmark/overlays/Nebraska2025__2108_LeafPhotoA_2025-09-08 11_04_46.395.jpg,deprecated/data/generatable/sam3_seg_benchmark/overlays/Nebraska2025__2108_LeafPhotoA_2025-09-08 11_04_46.395.jpg,"Removed component analysis, segmentation/CAM exploration, smoke test or transient batch/cache output.",,93be3b96147744b08cac61270b856f1f431bb7163d0556d0ab4b16981747926e
data/generatable/sam3_seg_benchmark/overlays/Nebraska2025__2110_LeafPhotoA_2025-09-08 11_07_19.238.jpg,deprecated/data/generatable/sam3_seg_benchmark/overlays/Nebraska2025__2110_LeafPhotoA_2025-09-08 11_07_19.238.jpg,"Removed component analysis, segmentation/CAM exploration, smoke test or transient batch/cache output.",,5ab35bced93409fc5feedb3deca0597c50ad0a89918db58ac41647f74f400b88
data/generatable/sam3_seg_benchmark/overlays/Nebraska2025__2158_LeafPhotoA_2025-09-08 12_35_42.896.jpg,deprecated/data/generatable/sam3_seg_benchmark/overlays/Nebraska2025__2158_LeafPhotoA_2025-09-08 12_35_42.896.jpg,"Removed component analysis, segmentation/CAM exploration, smoke test or transient batch/cache output.",,54023f7ddf527d44bc4ad5586f3fbd1d5b198719ea306ef5be6e9b6fcad541f9
data/generatable/sam3_seg_benchmark/overlays/Nebraska2025__2239_LeafPhotoA_2025-09-08 11_46_35.628.jpg,deprecated/data/generatable/sam3_seg_benchmark/overlays/Nebraska2025__2239_LeafPhotoA_2025-09-08 11_46_35.628.jpg,"Removed component analysis, segmentation/CAM exploration, smoke test or transient batch/cache output.",,5c0375f6c101043407bb5efa61383470c2a71cd7cf7fd32b31d4bf1df278a0f1
data/generatable/sam3_seg_benchmark/overlays/Nebraska2025__2317_LeafPhotoA_2025-09-08 10_45_32.243.jpg,deprecated/data/generatable/sam3_seg_benchmark/overlays/Nebraska2025__2317_LeafPhotoA_2025-09-08 10_45_32.243.jpg,"Removed component analysis, segmentation/CAM exploration, smoke test or transient batch/cache output.",,dd959a41da5b9fe441513f3cd69abb3c8fe80073f17e5d23138f4082a746c38b
data/generatable/sam3_seg_benchmark/overlays/Nebraska2025__2319_LeafPhotoA_2025-09-08 10_47_21.052.jpg,deprecated/data/generatable/sam3_seg_benchmark/overlays/Nebraska2025__2319_LeafPhotoA_2025-09-08 10_47_21.052.jpg,"Removed component analysis, segmentation/CAM exploration, smoke test or transient batch/cache output.",,728d92cc4dcb8f9eb04c23ec61b4e3aa9e84811bfb11e1773bb290ab93adbe49
data/generatable/sam3_seg_benchmark/overlays/Nebraska2025__2363_LeafPhotoA_2025-09-08 11_32_32.542.jpg,deprecated/data/generatable/sam3_seg_benchmark/overlays/Nebraska2025__2363_LeafPhotoA_2025-09-08 11_32_32.542.jpg,"Removed component analysis, segmentation/CAM exploration, smoke test or transient batch/cache output.",,3deb7ba66ceb21a547528385db406b2125dcac6c5e460a8e627cfe5e7741ead8
data/generatable/sam3_seg_benchmark/overlays/Nebraska2025__2410_LeafPhotoB_2025-09-08 10_49_34.518.jpg,deprecated/data/generatable/sam3_seg_benchmark/overlays/Nebraska2025__2410_LeafPhotoB_2025-09-08 10_49_34.518.jpg,"Removed component analysis, segmentation/CAM exploration, smoke test or transient batch/cache output.",,36bf9c81ff2cd3bd14f1bfa02bb5f461cf3bd207f6715502e24bb7f27280832e
data/generatable/sam3_seg_benchmark/overlays/Nebraska2025__2487_LeafPhotoB_2025-09-08 12_02_57.464.jpg,deprecated/data/generatable/sam3_seg_benchmark/overlays/Nebraska2025__2487_LeafPhotoB_2025-09-08 12_02_57.464.jpg,"Removed component analysis, segmentation/CAM exploration, smoke test or transient batch/cache output.",,272ee6d2011bc189ee9f47192f417e0098a1ed84d9d1db78bde30f7ccfc80650
data/generatable/sam3_seg_benchmark/overlays/Nebraska2025__2495_LeafPhotoB_2025-09-08 12_19_33.263.jpg,deprecated/data/generatable/sam3_seg_benchmark/overlays/Nebraska2025__2495_LeafPhotoB_2025-09-08 12_19_33.263.jpg,"Removed component analysis, segmentation/CAM exploration, smoke test or transient batch/cache output.",,05662b005256746349b2604a463e4d5311c1ae8d967df7d5659dcb728d1a7d1b
data/generatable/sam3_seg_benchmark/overlays/Nebraska2025__2520_LeafPhotoA_2025-09-09 10_17_04.786.jpg,deprecated/data/generatable/sam3_seg_benchmark/overlays/Nebraska2025__2520_LeafPhotoA_2025-09-09 10_17_04.786.jpg,"Removed component analysis, segmentation/CAM exploration, smoke test or transient batch/cache output.",,460b7a815596c3fc638e559e730f8d3cbc69e9b427ef1f0c68b92d422867de8b
data/generatable/sam3_seg_benchmark/overlays/Nebraska2025__2595_LeafPhotoA_2025-09-09 10_27_43.323.jpg,deprecated/data/generatable/sam3_seg_benchmark/overlays/Nebraska2025__2595_LeafPhotoA_2025-09-09 10_27_43.323.jpg,"Removed component analysis, segmentation/CAM exploration, smoke test or transient batch/cache output.",,1c75234cd69d9d8d68b69a20b46bce584409ec75069964577a2eccbae592bc7a
data/generatable/sam3_seg_benchmark/overlays/Nebraska2025__2598_LeafPhotoA_2025-09-09 10_25_18.725.jpg,deprecated/data/generatable/sam3_seg_benchmark/overlays/Nebraska2025__2598_LeafPhotoA_2025-09-09 10_25_18.725.jpg,"Removed component analysis, segmentation/CAM exploration, smoke test or transient batch/cache output.",,e22cad3f42eadf4cf66dbb2a6773010c056a3e43e0fe86eae796535099ca79f4
data/generatable/sam3_seg_benchmark/overlays/Nebraska2025__2632_LeafPhotoA_2025-09-09 11_46_23.207.jpg,deprecated/data/generatable/sam3_seg_benchmark/overlays/Nebraska2025__2632_LeafPhotoA_2025-09-09 11_46_23.207.jpg,"Removed component analysis, segmentation/CAM exploration, smoke test or transient batch/cache output.",,8d2e2f6fbe587a881a81f298cc148e54e15b4d69c45813d2ce1d6ac625ad1df8
data/generatable/sam3_seg_benchmark/overlays/Nebraska2025__2643_LeafPhotoA_2025-09-09 11_31_46.042.jpg,deprecated/data/generatable/sam3_seg_benchmark/overlays/Nebraska2025__2643_LeafPhotoA_2025-09-09 11_31_46.042.jpg,"Removed component analysis, segmentation/CAM exploration, smoke test or transient batch/cache output.",,a580cb49f5bc6495d18d0b80520df17538545f4fcf96c0931b84a68388ade1e4
data/generatable/sam3_seg_benchmark/overlays/Nebraska2025__2652_LeafPhotoA_2025-09-09 11_26_57.371.jpg,deprecated/data/generatable/sam3_seg_benchmark/overlays/Nebraska2025__2652_LeafPhotoA_2025-09-09 11_26_57.371.jpg,"Removed component analysis, segmentation/CAM exploration, smoke test or transient batch/cache output.",,8f442067043fdfc69fec36f1c04147d2c8f315070f0618ddd57c97f5be2b5733
data/generatable/sam3_seg_benchmark/overlays/Nebraska2025__2688_LeafPhotoA_2025-09-09 10_45_02.207.jpg,deprecated/data/generatable/sam3_seg_benchmark/overlays/Nebraska2025__2688_LeafPhotoA_2025-09-09 10_45_02.207.jpg,"Removed component analysis, segmentation/CAM exploration, smoke test or transient batch/cache output.",,0a1d377eb073cce258a16ca543ba9376f68e4af42352d3a3224752c92d657f55
data/generatable/sam3_seg_benchmark/overlays/Nebraska2025__2697_LeafPhotoA_2025-09-09 10_31_30.542.jpg,deprecated/data/generatable/sam3_seg_benchmark/overlays/Nebraska2025__2697_LeafPhotoA_2025-09-09 10_31_30.542.jpg,"Removed component analysis, segmentation/CAM exploration, smoke test or transient batch/cache output.",,b8a15cb7286733fa88241c54abee5c0595e69fdda7b100f5e93ec6de19a38642
data/generatable/sam3_seg_benchmark/overlays/Nebraska2025__2701_LeafPhotoA_2025-09-09 10_13_36.912.jpg,deprecated/data/generatable/sam3_seg_benchmark/overlays/Nebraska2025__2701_LeafPhotoA_2025-09-09 10_13_36.912.jpg,"Removed component analysis, segmentation/CAM exploration, smoke test or transient batch/cache output.",,0099e9794290eab6de5dc098d97f26d803eace1981840037eb665f06d5db3d7c
data/generatable/sam3_seg_benchmark/overlays/Nebraska2025__2739_LeafPhotoA_2025-09-09 11_06_56.509.jpg,deprecated/data/generatable/sam3_seg_benchmark/overlays/Nebraska2025__2739_LeafPhotoA_2025-09-09 11_06_56.509.jpg,"Removed component analysis, segmentation/CAM exploration, smoke test or transient batch/cache output.",,65cdb77ea9ed85e45e19fb155a102e31457dbcbd52e980de37bbb15e34d7c559
data/generatable/sam3_seg_benchmark/overlays/Nebraska2025__2858_LeafPhotoA_2025-09-09 14_58_17.179.jpg,deprecated/data/generatable/sam3_seg_benchmark/overlays/Nebraska2025__2858_LeafPhotoA_2025-09-09 14_58_17.179.jpg,"Removed component analysis, segmentation/CAM exploration, smoke test or transient batch/cache output.",,c2da7634271f04e8ae9622cb49c1cfaf1d1ac83bdd55f511db56991d96b71517
data/generatable/sam3_seg_benchmark/overlays/Nebraska2025__2901_LeafPhotoA_2025-09-09 16_13_10.131.jpg,deprecated/data/generatable/sam3_seg_benchmark/overlays/Nebraska2025__2901_LeafPhotoA_2025-09-09 16_13_10.131.jpg,"Removed component analysis, segmentation/CAM exploration, smoke test or transient batch/cache output.",,753cebff648e92f07e6bcf4b570146a2ecbbd3679ff5ef887710ba41127ffb10
data/generatable/sam3_seg_benchmark/overlays/Nebraska2025__2915_LeafPhotoA_2025-09-09 16_35_59.021.jpg,deprecated/data/generatable/sam3_seg_benchmark/overlays/Nebraska2025__2915_LeafPhotoA_2025-09-09 16_35_59.021.jpg,"Removed component analysis, segmentation/CAM exploration, smoke test or transient batch/cache output.",,ffddd4e8b33ea2ad3833386279408ad5505769beb351822359b455416589d993
data/generatable/sam3_seg_benchmark/overlays/Nebraska2025__2942_LeafPhotoA_2025-09-09 16_27_26.746.jpg,deprecated/data/generatable/sam3_seg_benchmark/overlays/Nebraska2025__2942_LeafPhotoA_2025-09-09 16_27_26.746.jpg,"Removed component analysis, segmentation/CAM exploration, smoke test or transient batch/cache output.",,84d04bed152f8157111e6f0302532138cad1ef89d490bd94dfe4b020eaf85b04
data/generatable/sam3_seg_benchmark/overlays/Nebraska2025__2942_LeafPhotoA_2025-09-09 16_27_44.669.jpg,deprecated/data/generatable/sam3_seg_benchmark/overlays/Nebraska2025__2942_LeafPhotoA_2025-09-09 16_27_44.669.jpg,"Removed component analysis, segmentation/CAM exploration, smoke test or transient batch/cache output.",,f5cad457a65392d809cd1ef2c87bc7ffd35d98ae13168cd6bb5e8f9a53b474cd
data/generatable/sam3_seg_benchmark/overlays/Nebraska2025__2958_LeafPhotoA_2025-09-09 16_03_36.451.jpg,deprecated/data/generatable/sam3_seg_benchmark/overlays/Nebraska2025__2958_LeafPhotoA_2025-09-09 16_03_36.451.jpg,"Removed component analysis, segmentation/CAM exploration, smoke test or transient batch/cache output.",,31c7d9f8ad240eeacb0725607106505ec18b324dcfd609ce399a166635fcdf67
data/generatable/sam3_seg_benchmark/overlays/Nebraska2025__2976_LeafPhotoA_2025-09-09 16_25_40.894.jpg,deprecated/data/generatable/sam3_seg_benchmark/overlays/Nebraska2025__2976_LeafPhotoA_2025-09-09 16_25_40.894.jpg,"Removed component analysis, segmentation/CAM exploration, smoke test or transient batch/cache output.",,050709f1dee536c7396d25e505222d7f30b28ac5f91be4493c9bbfc01a9ba932
data/generatable/sam3_seg_benchmark/overlays/Nebraska2025__5038_LeafPhotoA_2025-09-09 17_10_03.443.jpg,deprecated/data/generatable/sam3_seg_benchmark/overlays/Nebraska2025__5038_LeafPhotoA_2025-09-09 17_10_03.443.jpg,"Removed component analysis, segmentation/CAM exploration, smoke test or transient batch/cache output.",,31fbb47ac0c8a46eb0404a971f15c9f6ebbf408616c9f07bef78597c8dae3db8
data/generatable/sam3_seg_benchmark/overlays/Nebraska2025__6038_LeafPhotoA_2025-09-09 16_14_43.340.jpg,deprecated/data/generatable/sam3_seg_benchmark/overlays/Nebraska2025__6038_LeafPhotoA_2025-09-09 16_14_43.340.jpg,"Removed component analysis, segmentation/CAM exploration, smoke test or transient batch/cache output.",,626089dd7c49797618a0fcfa048278ad0b11f1a70020bd31814174b26e1dd4bf
data/generatable/sam3_seg_benchmark/results.csv,deprecated/data/generatable/sam3_seg_benchmark/results.csv,"Removed component analysis, segmentation/CAM exploration, smoke test or transient batch/cache output.",,dca815e2ec93b21f99725f340ea4cf8845cfdcb00f6807df7327b79b67d42121
data/generatable/sam3_seg_benchmark/summary.json,deprecated/data/generatable/sam3_seg_benchmark/summary.json,"Removed component analysis, segmentation/CAM exploration, smoke test or transient batch/cache output.",,26ef205abfcd23eea0b6d90f09e528164762bfe2917ed124e9cf3c29fcc0dd24
data/provided/.~lock.human_disease_scores.csv#,deprecated/data/provided/.~lock.human_disease_scores.csv#,Editor lock file; not scientific data.,,065474f0038101b800f8ddb8e8e2a90f34a70a9ec0059965a1dd8cfc798f75fa
data/provided/human_disease_scores_with_ruben.csv,deprecated/data/provided/human_disease_scores_with_ruben.csv,Confirmed SHA-256 byte-identical to data/provided/human_disease_scores.csv on 2026-09-07; redundant untracked export.,,d918c0e1860a3f16abed4fc3aab8d09766fad504a87cb86f7e9a6347f390b71f
figures/chr10_56_exg_peak/c10_56_locus.pdf,deprecated/figures/chr10_56_exg_peak/c10_56_locus.pdf,Historical or intermediate material outside the active paper.,,47a5532e7d83f2320b16df523002f742ede23a2c7c45bd95d47d040440595639
figures/chr10_56_exg_peak/c10_56_locus.png,deprecated/figures/chr10_56_exg_peak/c10_56_locus.png,Historical or intermediate material outside the active paper.,,3b9db3f08f6df3524336c187fa103f0c185d144a50d2cdb8275cb10ce6103e5f
figures/chr10_56_exg_peak/chr10_56_locus_summary.md,deprecated/figures/chr10_56_exg_peak/chr10_56_locus_summary.md,Historical or intermediate material outside the active paper.,,6dc4ae82aeb736f1f13821add3bc058eda27685f9c65c8cec2ce222d95bc6f4b
figures/chr10_56_exg_peak/codingvar.log,deprecated/figures/chr10_56_exg_peak/codingvar.log,"Transient cache, local-agent state, shell/R history or run log; preserve only selected scientific run metadata.",,b0918bdced9f8ec5e2793d819e5df203ede0f6f9ecb48464d262464fd443640a
figures/chr10_56_exg_peak/codingvar_disease.json,deprecated/figures/chr10_56_exg_peak/codingvar_disease.json,Historical or intermediate material outside the active paper.,,3d287b702685f245744138516a82f966970b79e34b3347a870ed688ba45d2310
figures/chr10_56_exg_peak/compute_c10_codingvar_disease.py,deprecated/figures/chr10_56_exg_peak/compute_c10_codingvar_disease.py,"Exploratory ExG peak characterization is not part of the current paper, which reports no genome-wide-significant human/ExG scan signals.",,f1c45f2479c6116658117ec1afd8da4531c3f3e21d9b564bdf6908e7fb08d91b
figures/chr10_56_exg_peak/compute_c10_disease_size.py,deprecated/figures/chr10_56_exg_peak/compute_c10_disease_size.py,"Exploratory ExG peak characterization is not part of the current paper, which reports no genome-wide-significant human/ExG scan signals.",,b283c7ae18d23cf25c6e1f58f366d4e654d5ac3bdaa2cd767546b52329aab089
figures/chr10_56_exg_peak/compute_c10_eqtl.py,deprecated/figures/chr10_56_exg_peak/compute_c10_eqtl.py,"Exploratory ExG peak characterization is not part of the current paper, which reports no genome-wide-significant human/ExG scan signals.",,0fae99ce99bcd85ffb6bc4f623aa20b8caac1d9631db4e45441bc9f29ac8bb31
figures/chr10_56_exg_peak/compute_c10_exprpheno.py,deprecated/figures/chr10_56_exg_peak/compute_c10_exprpheno.py,"Exploratory ExG peak characterization is not part of the current paper, which reports no genome-wide-significant human/ExG scan signals.",,6476b93ef25b237c8cb74919e7ac0cbd3eb8ae8595bbedea91005b90467def5b
figures/chr10_56_exg_peak/compute_c10_peak.py,deprecated/figures/chr10_56_exg_peak/compute_c10_peak.py,"Exploratory ExG peak characterization is not part of the current paper, which reports no genome-wide-significant human/ExG scan signals.",,17897a30bf435f4fe01228e4031a10f03d658ea923647963c1772b1d6847d80f
figures/chr10_56_exg_peak/disease_size_tests.json,deprecated/figures/chr10_56_exg_peak/disease_size_tests.json,Historical or intermediate material outside the active paper.,,d998847ad5a19c02ea18244a13f51aeec8038fd9aa0bcebd4da896585b93b446
figures/chr10_56_exg_peak/dissize.log,deprecated/figures/chr10_56_exg_peak/dissize.log,"Transient cache, local-agent state, shell/R history or run log; preserve only selected scientific run metadata.",,360779f98763ec41ba396b5193fa523e4df775b885744e2e8405a357884cbf50
figures/chr10_56_exg_peak/eqtl.log,deprecated/figures/chr10_56_exg_peak/eqtl.log,"Transient cache, local-agent state, shell/R history or run log; preserve only selected scientific run metadata.",,80edb0db55d0851f3cef1e09d8f91696e387746fa3d48262b9979cdd9b3193a1
figures/chr10_56_exg_peak/eqtl_genelist.csv,deprecated/figures/chr10_56_exg_peak/eqtl_genelist.csv,Historical or intermediate material outside the active paper.,,0ce1c7a8db6506d8ed920b49366aefbbf536b0ec91d815e72fc002a66caae757
figures/chr10_56_exg_peak/eqtl_table.csv,deprecated/figures/chr10_56_exg_peak/eqtl_table.csv,Historical or intermediate material outside the active paper.,,46e3728e7692493b70257ea35138b693fba39261e5ade1b2de93f6e0b79ecb25
figures/chr10_56_exg_peak/eqtl_tests.json,deprecated/figures/chr10_56_exg_peak/eqtl_tests.json,Historical or intermediate material outside the active paper.,,33240f471b35f512e1b171a8f5e794e9c75494defe8b3f628155864f3317599d
figures/chr10_56_exg_peak/exprpheno.log,deprecated/figures/chr10_56_exg_peak/exprpheno.log,"Transient cache, local-agent state, shell/R history or run log; preserve only selected scientific run metadata.",,8d74104fb3dd790d0fcab01b0d3f6418e7b7074213921a9e486a124bc09daa9b
figures/chr10_56_exg_peak/exprpheno_table.csv,deprecated/figures/chr10_56_exg_peak/exprpheno_table.csv,Historical or intermediate material outside the active paper.,,3b4a011b49d307409a62232af5a4d5dd530a7dec9ef76752ebbefe00125e66b0
figures/chr10_56_exg_peak/exprpheno_tests.json,deprecated/figures/chr10_56_exg_peak/exprpheno_tests.json,Historical or intermediate material outside the active paper.,,c5ffa417c192f598ce2a14b76053764dbb009b9caced7f650f4a67d8970057df
figures/chr10_56_exg_peak/gene_exons.csv,deprecated/figures/chr10_56_exg_peak/gene_exons.csv,Historical or intermediate material outside the active paper.,,33eeb0c3091b288ae9d8ba55707bf409c5ddb240d3f743126eccfb5ea11868be
figures/chr10_56_exg_peak/gene_models.csv,deprecated/figures/chr10_56_exg_peak/gene_models.csv,Historical or intermediate material outside the active paper.,,1760863720df17c657bb9946883c227f365eac4bcdfa323b929e8d2b6fc21e42
figures/chr10_56_exg_peak/geno_pcs.eigenvec,deprecated/figures/chr10_56_exg_peak/geno_pcs.eigenvec,Historical or intermediate material outside the active paper.,,240dd066d1f973bf55039d8cd763cd0cac86db594d9848989cb962218dfca59a
figures/chr10_56_exg_peak/ld_track.csv,deprecated/figures/chr10_56_exg_peak/ld_track.csv,Historical or intermediate material outside the active paper.,,d8b485a13d0d597fd7c319bda4935d9a4c76a65516d68bc667236368b7cc7b23
figures/chr10_56_exg_peak/make_c10_locus_figure.py,deprecated/figures/chr10_56_exg_peak/make_c10_locus_figure.py,"Exploratory ExG peak characterization is not part of the current paper, which reports no genome-wide-significant human/ExG scan signals.",,aed175f816450609b165dcfe298589eab87800d0b31162790b76861a5bd9c149
figures/chr10_56_exg_peak/meta.json,deprecated/figures/chr10_56_exg_peak/meta.json,Historical or intermediate material outside the active paper.,,f167bf7fc79c0ee3a1e819faec0a7360ddc9b1c00c4db6979f7f93ad1a33389a
figures/chr10_56_exg_peak/region_gwas.csv,deprecated/figures/chr10_56_exg_peak/region_gwas.csv,Historical or intermediate material outside the active paper.,,847b3f6f6d948f61cfeb2e1f12bab46f891d3f9b434794ce502683aab42e6fcc
figures/chr1_56p8_exg_peak/chr1_56p8_locus_summary.md,deprecated/figures/chr1_56p8_exg_peak/chr1_56p8_locus_summary.md,Historical or intermediate material outside the active paper.,,e31f87288d6889f4109253ce229210d4de0bb14beb6995b44238dc63681fb2e4
figures/chr1_56p8_exg_peak/coding_variants_r2.csv,deprecated/figures/chr1_56p8_exg_peak/coding_variants_r2.csv,Historical or intermediate material outside the active paper.,,8a90328295ee9d10f6c21c2bc0e63b29d8b7ca903d7beeb86e47a33aa854f99d
figures/chr1_56p8_exg_peak/codingvar_disease.json,deprecated/figures/chr1_56p8_exg_peak/codingvar_disease.json,Historical or intermediate material outside the active paper.,,8c1890cdcbc263502bae2457c4308e2ad8769fa34cdc9af3619793a76be112e1
figures/chr1_56p8_exg_peak/compute_codingvar_disease.py,deprecated/figures/chr1_56p8_exg_peak/compute_codingvar_disease.py,"Exploratory ExG peak characterization is not part of the current paper, which reports no genome-wide-significant human/ExG scan signals.",,f275fbf0f9d3d038616e5dbef17dfaf40185e427441c1645ab9d26a870437c7f
figures/chr1_56p8_exg_peak/compute_codingvar_r2.py,deprecated/figures/chr1_56p8_exg_peak/compute_codingvar_r2.py,"Exploratory ExG peak characterization is not part of the current paper, which reports no genome-wide-significant human/ExG scan signals.",,9885988704b9089aa699643ab43df21f983f91e767d31170d2fd69278160c396
figures/chr1_56p8_exg_peak/compute_disease_size.py,deprecated/figures/chr1_56p8_exg_peak/compute_disease_size.py,"Exploratory ExG peak characterization is not part of the current paper, which reports no genome-wide-significant human/ExG scan signals.",,96a6a72ba1e43462e6a37eff102e2ee261f6a05945c6d71f96a52a12037ccd6e
figures/chr1_56p8_exg_peak/compute_eqtl.py,deprecated/figures/chr1_56p8_exg_peak/compute_eqtl.py,"Exploratory ExG peak characterization is not part of the current paper, which reports no genome-wide-significant human/ExG scan signals.",,2f45d8d98e1d00f34a406dbae59337320fcd6f415b1b066ed401b064da99e14e
figures/chr1_56p8_exg_peak/compute_exprpheno.py,deprecated/figures/chr1_56p8_exg_peak/compute_exprpheno.py,"Exploratory ExG peak characterization is not part of the current paper, which reports no genome-wide-significant human/ExG scan signals.",,f4f4687a5b17ff52bc2f7c8a1b60b5f7f61074d1929c79d540372e72e76fd1ab
figures/chr1_56p8_exg_peak/compute_ld_genes.py,deprecated/figures/chr1_56p8_exg_peak/compute_ld_genes.py,"Exploratory ExG peak characterization is not part of the current paper, which reports no genome-wide-significant human/ExG scan signals.",,d577e9dfd00b201eb1b12a547df3bdee761e649e30e935b7e8cce905db4a86f6
figures/chr1_56p8_exg_peak/disease_size_tests.json,deprecated/figures/chr1_56p8_exg_peak/disease_size_tests.json,Historical or intermediate material outside the active paper.,,cae7977e0b823d4de1c0cf9b9d6e8fb593d4600c2c366f6f9b268f947b8338c7
figures/chr1_56p8_exg_peak/eqtl_genelist.csv,deprecated/figures/chr1_56p8_exg_peak/eqtl_genelist.csv,Historical or intermediate material outside the active paper.,,9c5a0c8f3752af8acc2468dc6543adb1345b2a1a76bdb3e0333090116baf28a8
figures/chr1_56p8_exg_peak/eqtl_table.csv,deprecated/figures/chr1_56p8_exg_peak/eqtl_table.csv,Historical or intermediate material outside the active paper.,,aa716bcfb9bdc6334b96c65360e55059bc6b43988dc7a06341c96e1ac35ce38a
figures/chr1_56p8_exg_peak/eqtl_tests.json,deprecated/figures/chr1_56p8_exg_peak/eqtl_tests.json,Historical or intermediate material outside the active paper.,,d9af6d42f56278855d660de8a65591d608a76732464e7389b4592f7b7d6dec9f
figures/chr1_56p8_exg_peak/exprpheno_table.csv,deprecated/figures/chr1_56p8_exg_peak/exprpheno_table.csv,Historical or intermediate material outside the active paper.,,f7847da87464b64b9fb330b52b70796355814adcffd5e4937a0bd533d29812cd
figures/chr1_56p8_exg_peak/exprpheno_tests.json,deprecated/figures/chr1_56p8_exg_peak/exprpheno_tests.json,Historical or intermediate material outside the active paper.,,e138afbefa717da4a020a9c4146f16c12ef0576d2c4629943fab25834faee4ac
figures/chr1_56p8_exg_peak/gene_exons.csv,deprecated/figures/chr1_56p8_exg_peak/gene_exons.csv,Historical or intermediate material outside the active paper.,,b794ac72ebd4c9fd5067ce93e37804256750ee3e1fda53bf29bacaa28cf3b2b7
figures/chr1_56p8_exg_peak/gene_models.csv,deprecated/figures/chr1_56p8_exg_peak/gene_models.csv,Historical or intermediate material outside the active paper.,,87cb1544d386538b9f3eaabf6350be01a034e5341d528b120f5338b400391cfc
figures/chr1_56p8_exg_peak/geno_pcs.eigenvec,deprecated/figures/chr1_56p8_exg_peak/geno_pcs.eigenvec,Historical or intermediate material outside the active paper.,,240dd066d1f973bf55039d8cd763cd0cac86db594d9848989cb962218dfca59a
figures/chr1_56p8_exg_peak/ld_track.csv,deprecated/figures/chr1_56p8_exg_peak/ld_track.csv,Historical or intermediate material outside the active paper.,,d8c4e66a3c7b69eeabf9f04604a441185018f56bb9dfcdd64cbdbb2ceb0b724b
figures/chr1_56p8_exg_peak/meta.json,deprecated/figures/chr1_56p8_exg_peak/meta.json,Historical or intermediate material outside the active paper.,,9236426cabc2a4f482b4fe465030d9b85a43b6e18f3d8932b3ea4ff4059c72e2
figures/chr1_56p8_exg_peak/region_gwas.csv,deprecated/figures/chr1_56p8_exg_peak/region_gwas.csv,Historical or intermediate material outside the active paper.,,d67b30c8048ad4d7d44af924625808e10d2c011aa663ae7c316dd73a5ff16c55
figures/chr2_gloss_peak/allgenes.log,deprecated/figures/chr2_gloss_peak/allgenes.log,"Transient cache, local-agent state, shell/R history or run log; preserve only selected scientific run metadata.",,4b00cfe5df4f7ae51ee2670f322b0a21adab825bd3e763de0d5af54af28b0481
figures/chr2_gloss_peak/allgenes_tests.json,deprecated/figures/chr2_gloss_peak/allgenes_tests.json,Historical or intermediate material outside the active paper.,,415a427add7a864fa32af738d619a559fa4d9b32f418745df4728e9e6dfc449d
figures/chr2_gloss_peak/chr2_gloss_peak.png,deprecated/figures/chr2_gloss_peak/chr2_gloss_peak.png,Historical or intermediate material outside the active paper.,,a84f441dceecec0b0a1bed458c391c48b7d26208d857e4ae0a5c6e237ff1b775
figures/chr2_gloss_peak/chr2_story.png,deprecated/figures/chr2_gloss_peak/chr2_story.png,Historical or intermediate material outside the active paper.,,66fbba7425848ad598fc5dce81dd59e30fc56a4d74505142366930d9acde6bea
figures/chr2_gloss_peak/chr2_story_legend.md,deprecated/figures/chr2_gloss_peak/chr2_story_legend.md,Historical or intermediate material outside the active paper.,,382b8f9ab2e1328ed8df56bdfdbea4d3245ce8ccdcdc9606486ffabf34d9f975
figures/chr2_gloss_peak/chr2_story_legend_2026-07-26.md,deprecated/figures/chr2_gloss_peak/chr2_story_legend_2026-07-26.md,Historical or intermediate material outside the active paper.,,40197563a4fffb0495fb74ef85b9cbda4b853d8320a0493dd25010323fe10041
figures/chr2_gloss_peak/compute.log,deprecated/figures/chr2_gloss_peak/compute.log,"Transient cache, local-agent state, shell/R history or run log; preserve only selected scientific run metadata.",,435e17a1389f67c3eb2a7daf3c1913298b8794c82ff47d9857b76fbc7d983889
figures/chr2_gloss_peak/compute_allgenes_tests.py,deprecated/figures/chr2_gloss_peak/compute_allgenes_tests.py,Exploratory candidate tests or superseded figure layout are absent from the active manuscript; preserve historical provenance in the archive.,,81af55db40f268bf42efe97600f3412cc434feb3719e1288904c0816b37f7bf6
figures/chr2_gloss_peak/compute_gdsl_tests.py,deprecated/figures/chr2_gloss_peak/compute_gdsl_tests.py,Exploratory candidate tests or superseded figure layout are absent from the active manuscript; preserve historical provenance in the archive.,,924cb124dd51289db76064c9e0da6b973958d9be07e03fdc5e7fa70ed6166529
figures/chr2_gloss_peak/compute_story_panels.py,deprecated/figures/chr2_gloss_peak/compute_story_panels.py,Exploratory candidate tests or superseded figure layout are absent from the active manuscript; preserve historical provenance in the archive.,,ee01eace100e988240b0ba23a93c34d767058bccdf9ac59ebe85955964ce3fa3
figures/chr2_gloss_peak/compute_story_panels_blue.py,deprecated/figures/chr2_gloss_peak/compute_story_panels_blue.py,Exploratory candidate tests or superseded figure layout are absent from the active manuscript; preserve historical provenance in the archive.,,7265701e7bdde69def0c9baad96055169545dcdd1438358e4984595c254950f4
figures/chr2_gloss_peak/gdsl.log,deprecated/figures/chr2_gloss_peak/gdsl.log,"Transient cache, local-agent state, shell/R history or run log; preserve only selected scientific run metadata.",,d681997c869f71cea9798e5d93dc59c67bd0bd1c6ebc8ff2d23db8fd1b0de106
figures/chr2_gloss_peak/gdsl_tests_results.json,deprecated/figures/chr2_gloss_peak/gdsl_tests_results.json,Historical or intermediate material outside the active paper.,,2f16d0595fb740c84c9a6d1461a9ea307d4e775cb78a879fe7ce87ba99d69cc7
figures/chr2_gloss_peak/leaf_montage_rare_vs_common.png,deprecated/figures/chr2_gloss_peak/leaf_montage_rare_vs_common.png,Historical or intermediate material outside the active paper.,,e89e13666f1e4d4d09a0ef17d1af8db17f854c0439429145720aa868d2be2203
figures/chr2_gloss_peak/make_chr2_peak_figure.py,deprecated/figures/chr2_gloss_peak/make_chr2_peak_figure.py,Exploratory candidate tests or superseded figure layout are absent from the active manuscript; preserve historical provenance in the archive.,,5fb2868c0c86adff4832c3b7b216f4fc25e9898b1576d15b1852f02991c106f2
figures/chr2_gloss_peak/make_chr2_story_figure.py,deprecated/figures/chr2_gloss_peak/make_chr2_story_figure.py,Exploratory candidate tests or superseded figure layout are absent from the active manuscript; preserve historical provenance in the archive.,,9f5385e93572182eebb6b0969760eb7fca0d9df51344c7009aee54626ee66e40
figures/chr2_gloss_peak/mlm_pvalues.json,deprecated/figures/chr2_gloss_peak/mlm_pvalues.json,Historical or intermediate material outside the active paper.,,0dcd32a64fa06492e25d63d8a99326924a6137c989018b67e673bd50c96d05c8
figures/chr2_gloss_peak/story.log,deprecated/figures/chr2_gloss_peak/story.log,"Transient cache, local-agent state, shell/R history or run log; preserve only selected scientific run metadata.",,a51e43fdf6b10bef6025043ec8b58169318d8b9474d29da15b78f605e8bc0d45
figures/chr2_gloss_peak/story_box_data.csv,deprecated/figures/chr2_gloss_peak/story_box_data.csv,Historical or intermediate material outside the active paper.,,c0b42d9427e9c6caa3df035abac3d8661c26a8fee2bc971fdd545ec749e59609
figures/chr2_gloss_peak/story_box_data_blue.csv,deprecated/figures/chr2_gloss_peak/story_box_data_blue.csv,Historical or intermediate material outside the active paper.,,b711688e076f1801f2a2e53dd169fc219738ca1cf239b6bd3ed40e1d3cca40d0
figures/chr2_gloss_peak/story_pvalues.json,deprecated/figures/chr2_gloss_peak/story_pvalues.json,Historical or intermediate material outside the active paper.,,62e6050511c1acdcb8df40cd5a140e571cda952b93c4f5b0f0396e148870a787
figures/chr2_gloss_peak/story_pvalues_blue.json,deprecated/figures/chr2_gloss_peak/story_pvalues_blue.json,Historical or intermediate material outside the active paper.,,7166d81e83c92c237c18d98c9da994e542ddfdfa7205326d157e55370956e714
figures/chr4_end_peak/blue_L_mean_test.csv,deprecated/figures/chr4_end_peak/blue_L_mean_test.csv,Historical or intermediate material outside the active paper.,,91e98d14dad0528c0c655bc489967c5bc4dbb22f9f1e74a35d6cff3db47f7b6b
figures/chr4_end_peak/blue_L_mean_test.metadata.json,deprecated/figures/chr4_end_peak/blue_L_mean_test.metadata.json,Historical or intermediate material outside the active paper.,,14709d30211a7582c00eedf694194f54b34b1dc8eb2ab1692f24f492b6eb5bfb
figures/chr4_end_peak/blue_L_sd_test.csv,deprecated/figures/chr4_end_peak/blue_L_sd_test.csv,Historical or intermediate material outside the active paper.,,d8700e4deb4c36a3ccdaaa662692a8858c02ae72bc944c12ef684f9e5ef21a86
figures/chr4_end_peak/blue_L_sd_test.metadata.json,deprecated/figures/chr4_end_peak/blue_L_sd_test.metadata.json,Historical or intermediate material outside the active paper.,,6fed45d0bd6199a0aa21f7a294b97a006f04f8c9c44d1d02a5d814ce9db1e5e5
figures/chr4_end_peak/blue_a_mean_test.csv,deprecated/figures/chr4_end_peak/blue_a_mean_test.csv,Historical or intermediate material outside the active paper.,,f32b1748a5810d35e9748618a3cc0b2b818a1bf4cd56cfdd42206c37f449574c
figures/chr4_end_peak/blue_a_mean_test.metadata.json,deprecated/figures/chr4_end_peak/blue_a_mean_test.metadata.json,Historical or intermediate material outside the active paper.,,6ddbe354580715a58d1550682623f1bef7064710e962ed2f42a57ed7989c7fd9
figures/chr4_end_peak/blue_b_mean_test.csv,deprecated/figures/chr4_end_peak/blue_b_mean_test.csv,Historical or intermediate material outside the active paper.,,c2b05b22a3b0b8af8aa6f95905c5a0302c244b05b493648d60db703f79b7af0f
figures/chr4_end_peak/blue_b_mean_test.metadata.json,deprecated/figures/chr4_end_peak/blue_b_mean_test.metadata.json,Historical or intermediate material outside the active paper.,,2c9b69e6b6261df4df566ffc13afc65e84ca400cd5ba2b8570e3a95024c765a0
figures/chr4_end_peak/blue_b_sd_test.csv,deprecated/figures/chr4_end_peak/blue_b_sd_test.csv,Historical or intermediate material outside the active paper.,,9812dfd84e4977fbfbcd12f6ae4b83e00413b8684b080d96009bd7ce644938fb
figures/chr4_end_peak/blue_b_sd_test.metadata.json,deprecated/figures/chr4_end_peak/blue_b_sd_test.metadata.json,Historical or intermediate material outside the active paper.,,670efa06e73dee7c70f2be6d3c840ccfbd6ebc94ceb6757adb1aca0ccccdc145
figures/chr4_end_peak/blue_disease_exg_test.csv,deprecated/figures/chr4_end_peak/blue_disease_exg_test.csv,Historical or intermediate material outside the active paper.,,05cb21a96798dda40a217b3b714ef24a49b00c851976035999197ef0ada7e99a
figures/chr4_end_peak/blue_disease_exg_test.metadata.json,deprecated/figures/chr4_end_peak/blue_disease_exg_test.metadata.json,Historical or intermediate material outside the active paper.,,f33dcd49a49803492ae7525194ae9bde0d65e3f88ca730c2c37386c6342e0763
figures/chr4_end_peak/blue_gloss_test.csv,deprecated/figures/chr4_end_peak/blue_gloss_test.csv,Historical or intermediate material outside the active paper.,,0d4a4e6376fd390a8d039413227050dab33c5b006595fa2a39dd903853e68810
figures/chr4_end_peak/blue_gloss_test.metadata.json,deprecated/figures/chr4_end_peak/blue_gloss_test.metadata.json,Historical or intermediate material outside the active paper.,,08d276fc959349c1b125e53b2b3406261013793899171342f1376bcf7d568fda
figures/chr4_end_peak/blue_human_score_test.csv,deprecated/figures/chr4_end_peak/blue_human_score_test.csv,Historical or intermediate material outside the active paper.,,74c8807cbf47346a1f7e02ef7b1cdbf0dff2e00e4f0f23b644e8405669f6bcee
figures/chr4_end_peak/blue_human_score_test.metadata.json,deprecated/figures/chr4_end_peak/blue_human_score_test.metadata.json,Historical or intermediate material outside the active paper.,,b1aaaa3ce6d009d23d644a5f36f2258022ea65ae5b0a3454d1760cc27b11b7f5
figures/chr4_end_peak/blue_leaf_area_img_test.csv,deprecated/figures/chr4_end_peak/blue_leaf_area_img_test.csv,Historical or intermediate material outside the active paper.,,32494c7cab9aadf6669576b737f7d823ca5039fc6de6cf9f0e6d49323547d5c2
figures/chr4_end_peak/blue_leaf_area_img_test.metadata.json,deprecated/figures/chr4_end_peak/blue_leaf_area_img_test.metadata.json,Historical or intermediate material outside the active paper.,,2918d23092337cff027392bf26d75d2a726222e4444fce80781de079292cbe15
figures/chr4_end_peak/blue_mask_pixels_blue_test.csv,deprecated/figures/chr4_end_peak/blue_mask_pixels_blue_test.csv,Historical or intermediate material outside the active paper.,,e757cdd4db29862daf1511ae26894d6745aa6b099c881b7634b2f234c8307f79
figures/chr4_end_peak/blue_mask_pixels_blue_test.metadata.json,deprecated/figures/chr4_end_peak/blue_mask_pixels_blue_test.metadata.json,Historical or intermediate material outside the active paper.,,1c3f7c4631cd08b4389bb55ab36586cad9793c879527d5e3a11b542e81891366
figures/chr4_end_peak/blue_mask_pixels_img_test.csv,deprecated/figures/chr4_end_peak/blue_mask_pixels_img_test.csv,Historical or intermediate material outside the active paper.,,881ffae0d0a614cd29d8b06a1ff7a61e5589f730f89f1da6a3c464a1269cc58f
figures/chr4_end_peak/blue_mask_pixels_img_test.metadata.json,deprecated/figures/chr4_end_peak/blue_mask_pixels_img_test.metadata.json,Historical or intermediate material outside the active paper.,,d48ee74101623e6a8e6aac3845f32f72f3e809addc5ee51d5af1c3acd4afa4a7
figures/chr4_end_peak/box.log,deprecated/figures/chr4_end_peak/box.log,"Transient cache, local-agent state, shell/R history or run log; preserve only selected scientific run metadata.",,0ecc6ad8a20b731dcc351170fce5f9eac87276b509aa5ad372ec1c0e9dc723c7
figures/chr4_end_peak/box_data.csv,deprecated/figures/chr4_end_peak/box_data.csv,Historical or intermediate material outside the active paper.,,b8fe5fc636db5185730f220caef4382a5a111380a469885cd48c55c680c51d4e
figures/chr4_end_peak/box_data_blue.csv,deprecated/figures/chr4_end_peak/box_data_blue.csv,Historical or intermediate material outside the active paper.,,fc0a5870cc697e9deec71d050fc2aa7af8ff536b9136fa869ce81b127012cfca
figures/chr4_end_peak/chr4_694_locus_summary_2026-07-26.md,deprecated/figures/chr4_end_peak/chr4_694_locus_summary_2026-07-26.md,Historical or intermediate material outside the active paper.,,b4051ee397848a91fe66229722e4801ee676d6db2ae9a84feec0f851613bdd5d
figures/chr4_end_peak/chr4_end_peak.png,deprecated/figures/chr4_end_peak/chr4_end_peak.png,Historical or intermediate material outside the active paper.,,8699af0a74077b7887ddc9c79107a8df12e0296ad6fd9ce27ca35b0d3d769dd8
figures/chr4_end_peak/chr4_locus_characterization.md,deprecated/figures/chr4_end_peak/chr4_locus_characterization.md,Historical or intermediate material outside the active paper.,,d6d633878d377a2f50babae7d0a1443dd2e66d54960b0d5e121f87970bc2af44
figures/chr4_end_peak/chr4_tests_results.json,deprecated/figures/chr4_end_peak/chr4_tests_results.json,Historical or intermediate material outside the active paper.,,93ed5cc6f2054c2f5d753f99cd3e8fbe9b7e11e2ab3e628f32cb5af1d57e0624
figures/chr4_end_peak/chr4_tests_results_blue.json,deprecated/figures/chr4_end_peak/chr4_tests_results_blue.json,Historical or intermediate material outside the active paper.,,59c004a1d8a69a78c870f944fb061078afd12cf3c9bd625f8c14cf4e60edeada
figures/chr4_end_peak/color_size_pergeno.csv,deprecated/figures/chr4_end_peak/color_size_pergeno.csv,Historical or intermediate material outside the active paper.,,c7b76f1a197a182e5dd9af4f7b5e7fd4b431c687ba949d45cc5223cc2bb92f45
figures/chr4_end_peak/compute.log,deprecated/figures/chr4_end_peak/compute.log,"Transient cache, local-agent state, shell/R history or run log; preserve only selected scientific run metadata.",,d966c25c92412e64e8ddd44107f40718203c12b12c062edb48de6edf6cf48f1c
figures/chr4_end_peak/compute_chr4_boxdata.py,deprecated/figures/chr4_end_peak/compute_chr4_boxdata.py,Exploratory candidate tests or superseded figure layout are absent from the active manuscript; preserve historical provenance in the archive.,,7218c89cf4e4672fc00d824c74598b224bb0764c3e5c224b1524e8f78349812a
figures/chr4_end_peak/compute_chr4_boxdata_blue.py,deprecated/figures/chr4_end_peak/compute_chr4_boxdata_blue.py,Exploratory candidate tests or superseded figure layout are absent from the active manuscript; preserve historical provenance in the archive.,,57da2cdd524bfa48dbdf708c1d9108af944a4c6bff2a1cfe1ef67b007efb50d2
figures/chr4_end_peak/compute_chr4_peak.py,deprecated/figures/chr4_end_peak/compute_chr4_peak.py,Exploratory candidate tests or superseded figure layout are absent from the active manuscript; preserve historical provenance in the archive.,,c57dd3730e743cbc2dee0e8179c55c164aa6a686a4852b131f8f681d5f4707af
figures/chr4_end_peak/compute_chr4_tests.py,deprecated/figures/chr4_end_peak/compute_chr4_tests.py,Exploratory candidate tests or superseded figure layout are absent from the active manuscript; preserve historical provenance in the archive.,,6ce481c7603c85dc6f19910e6470b800572c089ce21ddc42a1e0ac5a51f67dc4
figures/chr4_end_peak/compute_chr4_tests_blue.py,deprecated/figures/chr4_end_peak/compute_chr4_tests_blue.py,Exploratory candidate tests or superseded figure layout are absent from the active manuscript; preserve historical provenance in the archive.,,2a43227e7194a4bd111d8c2dfa54093b05dbbbe92009818405c39f8ca233114b
figures/chr4_end_peak/compute_chr4end_disease_size.py,deprecated/figures/chr4_end_peak/compute_chr4end_disease_size.py,Exploratory candidate tests or superseded figure layout are absent from the active manuscript; preserve historical provenance in the archive.,,a686274a3d985dbf0b18c43e06e57437f94d42fa8c01cfc56457b0b097fb8511
figures/chr4_end_peak/compute_chr4end_disease_size_blue.py,deprecated/figures/chr4_end_peak/compute_chr4end_disease_size_blue.py,Exploratory candidate tests or superseded figure layout are absent from the active manuscript; preserve historical provenance in the archive.,,fed9437e9709096d50a5df1fb128c1893677d3f4faeb9c96ba8d04ddac85d411
figures/chr4_end_peak/disease_size_tests.json,deprecated/figures/chr4_end_peak/disease_size_tests.json,Historical or intermediate material outside the active paper.,,d997064ec2b7f4249ee60b393acb671d35448eab0d48121afc58613f79461c97
figures/chr4_end_peak/disease_size_tests_blue.json,deprecated/figures/chr4_end_peak/disease_size_tests_blue.json,Historical or intermediate material outside the active paper.,,7aa11040df7b3a29c7746094868790eef7f8f2f92b390caf4b59f72ece3d073c
figures/chr4_end_peak/gene_exons.csv,deprecated/figures/chr4_end_peak/gene_exons.csv,Historical or intermediate material outside the active paper.,,0034dbc5f7543bf2fb3da0078dcbf3e4fdca063f8d71854fc722553f56956928
figures/chr4_end_peak/gene_models.csv,deprecated/figures/chr4_end_peak/gene_models.csv,Historical or intermediate material outside the active paper.,,efba46eb2f582b20d4f9768fd4608ab896b03528eb0f0dd296e5145243b28368
figures/chr4_end_peak/ld_track.csv,deprecated/figures/chr4_end_peak/ld_track.csv,Historical or intermediate material outside the active paper.,,15260e83a2edd77b036f92f626dfdcfe3299cd2b912a1390890940823bb43356
figures/chr4_end_peak/make_chr4_peak_figure.py,deprecated/figures/chr4_end_peak/make_chr4_peak_figure.py,Exploratory candidate tests or superseded figure layout are absent from the active manuscript; preserve historical provenance in the archive.,,d7fb18111fe9a4d8225c10bda4c2433f8cd1c544b82f4776e81213a469e3e627
figures/chr4_end_peak/meta.json,deprecated/figures/chr4_end_peak/meta.json,Historical or intermediate material outside the active paper.,,3d3eb778bbab768b4fcf6aca139dd5a40af116013561f9f4d4025a8d6ff0c90e
figures/chr4_end_peak/mlm_pvalues.json,deprecated/figures/chr4_end_peak/mlm_pvalues.json,Historical or intermediate material outside the active paper.,,9c10a74d0d76e581231ed721a631561447fb8f31083e330886ddff2fa40b63f7
figures/chr4_end_peak/mlm_pvalues_blue.json,deprecated/figures/chr4_end_peak/mlm_pvalues_blue.json,Historical or intermediate material outside the active paper.,,52b8d9ea1414ab0e40e86a819ee07b142f6da64e6ff2cbc88f6c89b45f02a565
figures/chr4_end_peak/region_gwas.npz,deprecated/figures/chr4_end_peak/region_gwas.npz,Historical or intermediate material outside the active paper.,,de8142b6392898e4670016a760f6fa731f616b30a7b436adfd75534f34ec5747
figures/chr4_end_peak/tests.log,deprecated/figures/chr4_end_peak/tests.log,"Transient cache, local-agent state, shell/R history or run log; preserve only selected scientific run metadata.",,3b5b655e82fd2e5efd47d2fc024582094f476ba11be5c5fa583d0fdde0852b51
figures/chr4_ggpps_peak/allgenes.log,deprecated/figures/chr4_ggpps_peak/allgenes.log,"Transient cache, local-agent state, shell/R history or run log; preserve only selected scientific run metadata.",,e0427577beb1d447d47707b6d5c64420ffffe7abbb33afe89c2d80cb304fb3bf
figures/chr4_ggpps_peak/allgenes_tests.json,deprecated/figures/chr4_ggpps_peak/allgenes_tests.json,Historical or intermediate material outside the active paper.,,66b7646eaebf077cee25eeacab69788c5faaec2f7061278f187815ba7a468aa7
figures/chr4_ggpps_peak/chr4_65_locus_summary.md,deprecated/figures/chr4_ggpps_peak/chr4_65_locus_summary.md,Historical or intermediate material outside the active paper.,,4cee98233a507994ae6375bdad4c217c55428e2753f396483c64f0e5f1ec639c
figures/chr4_ggpps_peak/chr4_65_locus_summary_2026-07-26.md,deprecated/figures/chr4_ggpps_peak/chr4_65_locus_summary_2026-07-26.md,Historical or intermediate material outside the active paper.,,a98f7bdf45073d85acff98dd87b16f699cc2350944594fc1bbead14ca6938c78
figures/chr4_ggpps_peak/chr4b_story.png,deprecated/figures/chr4_ggpps_peak/chr4b_story.png,Historical or intermediate material outside the active paper.,,31bb4549bfd3c219b36643c7fc51b215698bfe4fe7fe61257c0e1eacfc4c436f
figures/chr4_ggpps_peak/chr4b_story_legend.md,deprecated/figures/chr4_ggpps_peak/chr4b_story_legend.md,Historical or intermediate material outside the active paper.,,ced5734644ca04a54a2553f69c9edbfcebc3cc4aed10539058562290479579ec
figures/chr4_ggpps_peak/compute.log,deprecated/figures/chr4_ggpps_peak/compute.log,"Transient cache, local-agent state, shell/R history or run log; preserve only selected scientific run metadata.",,0ec0025c5b177096e78379147621a0aefcac4f8daa2a04df77ef2d731a4aa76d
figures/chr4_ggpps_peak/compute_chr4b_allgenes.py,deprecated/figures/chr4_ggpps_peak/compute_chr4b_allgenes.py,Exploratory candidate tests or superseded figure layout are absent from the active manuscript; preserve historical provenance in the archive.,,60a4f1e38a2d7794fc0ec6f1af77fc6fa991a9c62ce7d8f06c8a650a90c2ee3c
figures/chr4_ggpps_peak/compute_disease_confirm.py,deprecated/figures/chr4_ggpps_peak/compute_disease_confirm.py,Exploratory candidate tests or superseded figure layout are absent from the active manuscript; preserve historical provenance in the archive.,,db99fff7b55b3b7b08ff07baa8af5283c1bcec55f441237ab472b445fe4d098d
figures/chr4_ggpps_peak/compute_disease_confirm_blue.py,deprecated/figures/chr4_ggpps_peak/compute_disease_confirm_blue.py,Exploratory candidate tests or superseded figure layout are absent from the active manuscript; preserve historical provenance in the archive.,,c5ecc7b5db1626b1dd3472b13dce28fc204fab8141894033a5b37042d3d58e00
figures/chr4_ggpps_peak/compute_midrib_tests.py,deprecated/figures/chr4_ggpps_peak/compute_midrib_tests.py,Exploratory candidate tests or superseded figure layout are absent from the active manuscript; preserve historical provenance in the archive.,,5e9c7d2f74ee7fd5830fb7b26100544400eb6bffe50adacad4cf04cd718d35d4
figures/chr4_ggpps_peak/compute_rawtpm_eqtl.py,deprecated/figures/chr4_ggpps_peak/compute_rawtpm_eqtl.py,Exploratory candidate tests or superseded figure layout are absent from the active manuscript; preserve historical provenance in the archive.,,843505c1decd45853fb0edbc58491945b78587d46c625193b571715027cb1584
figures/chr4_ggpps_peak/compute_tan1_conditioning.py,deprecated/figures/chr4_ggpps_peak/compute_tan1_conditioning.py,Exploratory candidate tests or superseded figure layout are absent from the active manuscript; preserve historical provenance in the archive.,,4bc89e2ca549ef075583dec862e2a0c10768a1b99598045aadb9b1c93e2512ed
figures/chr4_ggpps_peak/eqtl_rawtpm.json,deprecated/figures/chr4_ggpps_peak/eqtl_rawtpm.json,Historical or intermediate material outside the active paper.,,17a42ee8f815824533bb52ad2dcec60288dc722f4ee19f77006a4a6bd594e6e5
figures/chr4_ggpps_peak/leaf_montage_minor_vs_major.png,deprecated/figures/chr4_ggpps_peak/leaf_montage_minor_vs_major.png,Historical or intermediate material outside the active paper.,,faa6b0c7f2ea7d71b5c1760469a73157ce4f720a83f9fb6388efbf9f6d41edaf
figures/chr4_ggpps_peak/make_chr4b_story_figure.py,deprecated/figures/chr4_ggpps_peak/make_chr4b_story_figure.py,Exploratory candidate tests or superseded figure layout are absent from the active manuscript; preserve historical provenance in the archive.,,dda184d6d835a54bc7b0de485df60f02762fbf276f43b3da21cbc8b0c6b5c21a
figures/chr4_ggpps_peak/make_yellowness_profile_figure.py,deprecated/figures/chr4_ggpps_peak/make_yellowness_profile_figure.py,Exploratory candidate tests or superseded figure layout are absent from the active manuscript; preserve historical provenance in the archive.,,81103cd5b67d114ad8c390fc99612afd82bb9d2ec699463f6caaf5e7b225b824
figures/chr4_ggpps_peak/midrib_tests.json,deprecated/figures/chr4_ggpps_peak/midrib_tests.json,Historical or intermediate material outside the active paper.,,15e34751e84a406abf2ad707b6e86922aa327776ce62a629ec198769a8f9c18d
figures/chr4_ggpps_peak/midrib_tests.log,deprecated/figures/chr4_ggpps_peak/midrib_tests.log,"Transient cache, local-agent state, shell/R history or run log; preserve only selected scientific run metadata.",,03e061b28fdf9a063fead86364a1bd2aae28cdf37ec53a6ffa232e9213d2fde5
figures/chr4_ggpps_peak/peak_dims.json,deprecated/figures/chr4_ggpps_peak/peak_dims.json,Historical or intermediate material outside the active paper.,,83163a7a075d7fc5ea82407762b9244b931e59d015ca15b173b6ad5f9f61487b
figures/chr4_ggpps_peak/profile_means.csv,deprecated/figures/chr4_ggpps_peak/profile_means.csv,Historical or intermediate material outside the active paper.,,51886737218f43ae05a8a9c3aa71b974d1d5953a69c582747b233b8ad280d38e
figures/chr4_ggpps_peak/slice_AA.png,deprecated/figures/chr4_ggpps_peak/slice_AA.png,Historical or intermediate material outside the active paper.,,68833be4ace3ed70430e709e76d3b89ff82ad4f21d55e644eb793b03d63b3177
figures/chr4_ggpps_peak/slice_GG.png,deprecated/figures/chr4_ggpps_peak/slice_GG.png,Historical or intermediate material outside the active paper.,,446a443ae77fb086f2c590f458ccb9f94bb6f7c7defea3607b25f2020438875e
figures/chr4_ggpps_peak/tan1.log,deprecated/figures/chr4_ggpps_peak/tan1.log,"Transient cache, local-agent state, shell/R history or run log; preserve only selected scientific run metadata.",,9ac23dacaa40b65bf05787c9e14685a72bb98a7e2b2fa9ef07ab0d05a172145b
figures/chr4_ggpps_peak/tan1_conditioning.json,deprecated/figures/chr4_ggpps_peak/tan1_conditioning.json,Historical or intermediate material outside the active paper.,,05e98aa8746ec05ae030639a8abf3c26e27764f14d13def5832bff41a2fd2fab
figures/chr4_ggpps_peak/yellowness_profile.png,deprecated/figures/chr4_ggpps_peak/yellowness_profile.png,Historical or intermediate material outside the active paper.,,8df74542ef93dbc1a8c888313e1bb4ebdd1e1dc092d5cd6c9d25b817063e2624
figures/chr4_lutein_peak/blue_L_mean_test.csv,deprecated/figures/chr4_lutein_peak/blue_L_mean_test.csv,Historical or intermediate material outside the active paper.,,30ad8016c07a6dc71227206ad63faf9ef7a6ef20b75daad06f6a8bae2ecd67ea
figures/chr4_lutein_peak/blue_L_mean_test.metadata.json,deprecated/figures/chr4_lutein_peak/blue_L_mean_test.metadata.json,Historical or intermediate material outside the active paper.,,bf12b26ef1d3f518dd94687fd7bf0b62c9b8686f763e05cb2e022c5b8ba18ea1
figures/chr4_lutein_peak/blue_L_sd_test.csv,deprecated/figures/chr4_lutein_peak/blue_L_sd_test.csv,Historical or intermediate material outside the active paper.,,7bff02e0ec3f5f7042d84292db0f7a306a3c6d1362581dadf4d5239732b756d9
figures/chr4_lutein_peak/blue_L_sd_test.metadata.json,deprecated/figures/chr4_lutein_peak/blue_L_sd_test.metadata.json,Historical or intermediate material outside the active paper.,,9a66fa5647b12575bf84f04da9f6a440f3187cf22dac23ef132b0470307d4ece
figures/chr4_lutein_peak/blue_a_mean_test.csv,deprecated/figures/chr4_lutein_peak/blue_a_mean_test.csv,Historical or intermediate material outside the active paper.,,0cf83f63b2aa904ee870836f1b0ec267d7b81adcc8eb67779ebd284ebc88a3b3
figures/chr4_lutein_peak/blue_a_mean_test.metadata.json,deprecated/figures/chr4_lutein_peak/blue_a_mean_test.metadata.json,Historical or intermediate material outside the active paper.,,97dc3775d7de07da478f1c8e2f0b86d0cfcf0258a5743e91f4736141126ec1a9
figures/chr4_lutein_peak/blue_b_mean_test.csv,deprecated/figures/chr4_lutein_peak/blue_b_mean_test.csv,Historical or intermediate material outside the active paper.,,0a9d1dfb08d82b89b0446e624874aa6f39f288c0aa54a18a3f0e1b74e708fe14
figures/chr4_lutein_peak/blue_b_mean_test.metadata.json,deprecated/figures/chr4_lutein_peak/blue_b_mean_test.metadata.json,Historical or intermediate material outside the active paper.,,dd3d4dcde401f4545762ca3e44e95e23f4ac3caf947af79d26c1fbd902ddf8c2
figures/chr4_lutein_peak/blue_b_sd_test.csv,deprecated/figures/chr4_lutein_peak/blue_b_sd_test.csv,Historical or intermediate material outside the active paper.,,06625ee5e0da832d3216d6f7fac4057e21e48ec4951c647820e05cc52e56263d
figures/chr4_lutein_peak/blue_b_sd_test.metadata.json,deprecated/figures/chr4_lutein_peak/blue_b_sd_test.metadata.json,Historical or intermediate material outside the active paper.,,050eb7380616ea5380aa4e05c74705083ddb81929a4aa3b5ad54b1fad7b701e2
figures/chr4_lutein_peak/blue_disease_exg_test.csv,deprecated/figures/chr4_lutein_peak/blue_disease_exg_test.csv,Historical or intermediate material outside the active paper.,,a19fe4e7680828b78faf8268079fac815fee4d80e5025199b581cecf13e98975
figures/chr4_lutein_peak/blue_disease_exg_test.metadata.json,deprecated/figures/chr4_lutein_peak/blue_disease_exg_test.metadata.json,Historical or intermediate material outside the active paper.,,1f0687487e5cbc853a9ced82b2a06297c1dddad29d6aed920c1d2c8b1fb9ce8a
figures/chr4_lutein_peak/blue_gloss_test.csv,deprecated/figures/chr4_lutein_peak/blue_gloss_test.csv,Historical or intermediate material outside the active paper.,,cde216972c5c3aaafed587b592125ebc0b249fd23f27e61a6832b26a3ec9c70d
figures/chr4_lutein_peak/blue_gloss_test.metadata.json,deprecated/figures/chr4_lutein_peak/blue_gloss_test.metadata.json,Historical or intermediate material outside the active paper.,,47c1f986c74c2e7df8ed259599b10b2714f199f087f94b3633438bb6a2ce418b
figures/chr4_lutein_peak/blue_human_score_test.csv,deprecated/figures/chr4_lutein_peak/blue_human_score_test.csv,Historical or intermediate material outside the active paper.,,71fa2830c6223044b8accf7a6a8e66b2248e270c34310a50bb729f77b434a144
figures/chr4_lutein_peak/blue_human_score_test.metadata.json,deprecated/figures/chr4_lutein_peak/blue_human_score_test.metadata.json,Historical or intermediate material outside the active paper.,,338d1b68bce668a5b78f902938e66883d8525f9c71cd2ec67228135c1171ce63
figures/chr4_lutein_peak/blue_leaf_area_img_test.csv,deprecated/figures/chr4_lutein_peak/blue_leaf_area_img_test.csv,Historical or intermediate material outside the active paper.,,8e94ac07ff0b05ccf7f2e7174c280ec9b7bea9324348f13743df84ca406a57d7
figures/chr4_lutein_peak/blue_leaf_area_img_test.metadata.json,deprecated/figures/chr4_lutein_peak/blue_leaf_area_img_test.metadata.json,Historical or intermediate material outside the active paper.,,114cdbc5c12528e4afef99c2c608f6c702b1a4925b5d670509d07f19ae306658
figures/chr4_lutein_peak/blue_mask_pixels_blue_test.csv,deprecated/figures/chr4_lutein_peak/blue_mask_pixels_blue_test.csv,Historical or intermediate material outside the active paper.,,784b2a23777f58083ae96028fff0780deb9beb207e941bcf2e2435f788c37a79
figures/chr4_lutein_peak/blue_mask_pixels_blue_test.metadata.json,deprecated/figures/chr4_lutein_peak/blue_mask_pixels_blue_test.metadata.json,Historical or intermediate material outside the active paper.,,e544f25bbe252da040fb4a99a31528ea70e901103d80b2e0231673fad2fc8ff3
figures/chr4_lutein_peak/blue_mask_pixels_img_test.csv,deprecated/figures/chr4_lutein_peak/blue_mask_pixels_img_test.csv,Historical or intermediate material outside the active paper.,,3d2eec7b44ba38d5a27bcbda7ffc609937d2be3d9f1ebccf5a1e24b2e5a4c7c6
figures/chr4_lutein_peak/blue_mask_pixels_img_test.metadata.json,deprecated/figures/chr4_lutein_peak/blue_mask_pixels_img_test.metadata.json,Historical or intermediate material outside the active paper.,,b8d7ce032bb5d1687875c57b5475815485fbc22711edbeadb7c43f69827957a2
figures/chr4_lutein_peak/chr4_4p7_locus_summary.md,deprecated/figures/chr4_lutein_peak/chr4_4p7_locus_summary.md,Historical or intermediate material outside the active paper.,,601f2dc3cb2a9004781694e15992627be4f15e207d7281b45a52b299922186d2
figures/chr4_lutein_peak/chr4_4p7_locus_summary_2026-07-26.md,deprecated/figures/chr4_lutein_peak/chr4_4p7_locus_summary_2026-07-26.md,Historical or intermediate material outside the active paper.,,ccd3257be18cf20adcb406eef4cf5c7838c79d0110695b39b81ae674661d2dec
figures/chr4_lutein_peak/color_size_pergeno.csv,deprecated/figures/chr4_lutein_peak/color_size_pergeno.csv,Historical or intermediate material outside the active paper.,,c7b76f1a197a182e5dd9af4f7b5e7fd4b431c687ba949d45cc5223cc2bb92f45
figures/chr4_lutein_peak/compute_lutein_disease_size.py,deprecated/figures/chr4_lutein_peak/compute_lutein_disease_size.py,Exploratory candidate tests or superseded figure layout are absent from the active manuscript; preserve historical provenance in the archive.,,048bc20facb1b11fc6983ae0d59e473d3b000b4ef27490289fb8ed0c2925b702
figures/chr4_lutein_peak/compute_lutein_disease_size_blue.py,deprecated/figures/chr4_lutein_peak/compute_lutein_disease_size_blue.py,Exploratory candidate tests or superseded figure layout are absent from the active manuscript; preserve historical provenance in the archive.,,5d07097e4a25ecd6da4bc73736a21c27646574c53a39c4c8c7e701761fbcf59c
figures/chr4_lutein_peak/compute_lutein_eqtl.py,deprecated/figures/chr4_lutein_peak/compute_lutein_eqtl.py,Exploratory candidate tests or superseded figure layout are absent from the active manuscript; preserve historical provenance in the archive.,,622d9202df61abed1e754056de9da6ec51c6d55494c99455d1b0acf0b22609b9
figures/chr4_lutein_peak/compute_lutein_expr_disease.py,deprecated/figures/chr4_lutein_peak/compute_lutein_expr_disease.py,Exploratory candidate tests or superseded figure layout are absent from the active manuscript; preserve historical provenance in the archive.,,66f015cdf7d497a05554a14b4f7c54d0899f84961d96793641d91e7e7ead805b
figures/chr4_lutein_peak/compute_lutein_expr_disease_blue.py,deprecated/figures/chr4_lutein_peak/compute_lutein_expr_disease_blue.py,Exploratory candidate tests or superseded figure layout are absent from the active manuscript; preserve historical provenance in the archive.,,940ff5a274b0b3d56fddba57f2f4c143ab1d8509d8aa2ad39de48c3a65f01c16
figures/chr4_lutein_peak/compute_lutein_exprpheno.py,deprecated/figures/chr4_lutein_peak/compute_lutein_exprpheno.py,Exploratory candidate tests or superseded figure layout are absent from the active manuscript; preserve historical provenance in the archive.,,17f80942e8c53bd6f8f0c0d51f8f9411f7fcf8011bd026170d18a159a8804ee1
figures/chr4_lutein_peak/disease_size_tests.json,deprecated/figures/chr4_lutein_peak/disease_size_tests.json,Historical or intermediate material outside the active paper.,,d2d80fa7f683aa096b296ad679c4136f2931b5f9d448a48e5a9e1d5c44cf05f5
figures/chr4_lutein_peak/disease_size_tests_blue.json,deprecated/figures/chr4_lutein_peak/disease_size_tests_blue.json,Historical or intermediate material outside the active paper.,,d4dd11faec761798cc98dad56d9c4f116be08162c7e52d45d809bcd0faa09680
figures/chr4_lutein_peak/eqtl_table.csv,deprecated/figures/chr4_lutein_peak/eqtl_table.csv,Historical or intermediate material outside the active paper.,,cd68bcc2a77c9b97d647d10a9e5c3e939e31ee3550c675b4819e3314e42a2bbc
figures/chr4_lutein_peak/eqtl_tests.json,deprecated/figures/chr4_lutein_peak/eqtl_tests.json,Historical or intermediate material outside the active paper.,,1bfb706ab09dbd8d37e4ef7b31d93c79a41a293a3b7f6a70703f2fdac8cbab37
figures/chr4_lutein_peak/expr_disease_table.csv,deprecated/figures/chr4_lutein_peak/expr_disease_table.csv,Historical or intermediate material outside the active paper.,,447e908c2fe0b737cd0f4d541085b8a0ee5084e353f098bd1cb173b1a1cc6b48
figures/chr4_lutein_peak/expr_disease_table_blue.csv,deprecated/figures/chr4_lutein_peak/expr_disease_table_blue.csv,Historical or intermediate material outside the active paper.,,5fb55e5dc5298ce91e41b74c85e818b06ef215ad85801a19b11fe6d8ba756312
figures/chr4_lutein_peak/expr_disease_tests.json,deprecated/figures/chr4_lutein_peak/expr_disease_tests.json,Historical or intermediate material outside the active paper.,,3aec06820dbee8486e7fac7d2823a8b9c026ef4fd5ff020cee2199155717dc66
figures/chr4_lutein_peak/expr_disease_tests_blue.json,deprecated/figures/chr4_lutein_peak/expr_disease_tests_blue.json,Historical or intermediate material outside the active paper.,,e5c7a75b37d5bcbcadd3a1be94bf88fb352684c716dc70dcb94916935d3d41b3
figures/chr4_lutein_peak/exprpheno_table.csv,deprecated/figures/chr4_lutein_peak/exprpheno_table.csv,Historical or intermediate material outside the active paper.,,fb72c448ebf8c1e1b07c38fb3be1269c89f5e0f74107fb4f1c893637f445ed55
figures/chr4_lutein_peak/exprpheno_tests.json,deprecated/figures/chr4_lutein_peak/exprpheno_tests.json,Historical or intermediate material outside the active paper.,,3dc33df31ac3448b1f0cfd6b54bac238c234cf4ec0004a5be289f871edd89682
figures/chr4_lutein_peak/lutein_locus.png,deprecated/figures/chr4_lutein_peak/lutein_locus.png,Historical or intermediate material outside the active paper.,,25758928ac229bb026f53786d9c6395c14e42c00a1e4d822912b7b5c149d1491
figures/chr4_lutein_peak/make_lutein_locus_figure.py,deprecated/figures/chr4_lutein_peak/make_lutein_locus_figure.py,Exploratory candidate tests or superseded figure layout are absent from the active manuscript; preserve historical provenance in the archive.,,b1480fcae70db6108d72e8d37bf1ad90752b41c7960369d91c1f9748b7625293
figures/chr4_lutein_peak/peak_dims.json,deprecated/figures/chr4_lutein_peak/peak_dims.json,Historical or intermediate material outside the active paper.,,bfd3bd85cc3a0cd6bf724e36e2aeb058081ba1ef69a80827a90b968b28d8ac4d
figures/chr4_pme_peak/__pycache__/compute_structure_test.cpython-312-pytest-9.0.2.pyc,deprecated/figures/chr4_pme_peak/__pycache__/compute_structure_test.cpython-312-pytest-9.0.2.pyc,"Transient cache, local-agent state, shell/R history or run log; preserve only selected scientific run metadata.",,ea084dddd5312f4578645dba967f0a57cd48deeedcd5f8808d7545067e3458e4
figures/chr4_pme_peak/blue_L_mean_test.csv,deprecated/figures/chr4_pme_peak/blue_L_mean_test.csv,Historical or intermediate material outside the active paper.,,6a6ec190580961280f5ce93e3dc5967f57eda2bd5fd5d9485ed8eee88c0100dc
figures/chr4_pme_peak/blue_L_mean_test.metadata.json,deprecated/figures/chr4_pme_peak/blue_L_mean_test.metadata.json,Historical or intermediate material outside the active paper.,,042d09c32a115854bae979852da63b9787879142a7e99dde552c444d2ec7d26e
figures/chr4_pme_peak/blue_L_sd_test.csv,deprecated/figures/chr4_pme_peak/blue_L_sd_test.csv,Historical or intermediate material outside the active paper.,,712728d5f7a4408e6ddd6fbf83a8c2a9bc394e2be76881b73beed68a76949487
figures/chr4_pme_peak/blue_L_sd_test.metadata.json,deprecated/figures/chr4_pme_peak/blue_L_sd_test.metadata.json,Historical or intermediate material outside the active paper.,,b44b7008599ef6439384e28d95ff9934a58095ad585bc3b434d8ec592f6f4350
figures/chr4_pme_peak/blue_a_mean_test.csv,deprecated/figures/chr4_pme_peak/blue_a_mean_test.csv,Historical or intermediate material outside the active paper.,,ed8b3a636f251155101c2a2b72bd0919a5e3d2570c06f0d8438b20ea2f794952
figures/chr4_pme_peak/blue_a_mean_test.metadata.json,deprecated/figures/chr4_pme_peak/blue_a_mean_test.metadata.json,Historical or intermediate material outside the active paper.,,3fda51f0e55f335e7de44e2d196e3b50a30edc0de3970b45f70aaf7c81822adc
figures/chr4_pme_peak/blue_b_mean_test.csv,deprecated/figures/chr4_pme_peak/blue_b_mean_test.csv,Historical or intermediate material outside the active paper.,,48eac1ee67c9e07983a1e7100deb92f895ffe71f0e6aa1fdc03e643737788b02
figures/chr4_pme_peak/blue_b_mean_test.metadata.json,deprecated/figures/chr4_pme_peak/blue_b_mean_test.metadata.json,Historical or intermediate material outside the active paper.,,1df40f3145aee34b245430c56ebff9d916dd2fd2995a1786d4e01a010ab526a5
figures/chr4_pme_peak/blue_b_sd_test.csv,deprecated/figures/chr4_pme_peak/blue_b_sd_test.csv,Historical or intermediate material outside the active paper.,,b130a2c7e46ae8d6c2cfcccd46ac1d58aff477ff5e8f71cae7c275796d666479
figures/chr4_pme_peak/blue_b_sd_test.metadata.json,deprecated/figures/chr4_pme_peak/blue_b_sd_test.metadata.json,Historical or intermediate material outside the active paper.,,94ec1501a7505fc0f76735cc595701475eb6923c79012319a5635baed9e65d02
figures/chr4_pme_peak/blue_disease_exg_test.csv,deprecated/figures/chr4_pme_peak/blue_disease_exg_test.csv,Historical or intermediate material outside the active paper.,,aec5af8193cd63dde64a1c6308e6bbf22b3a69ae099ca480dae6dec3758558b0
figures/chr4_pme_peak/blue_disease_exg_test.metadata.json,deprecated/figures/chr4_pme_peak/blue_disease_exg_test.metadata.json,Historical or intermediate material outside the active paper.,,5d11640eec2b8cc489d3963d72c42f0cc2e36bf5bf83fed0954ea9152f80aad4
figures/chr4_pme_peak/blue_gloss_test.csv,deprecated/figures/chr4_pme_peak/blue_gloss_test.csv,Historical or intermediate material outside the active paper.,,c1e9052e6de7662589b04e36710ea50488273bad71a3136c250ed88f55f5c346
figures/chr4_pme_peak/blue_gloss_test.metadata.json,deprecated/figures/chr4_pme_peak/blue_gloss_test.metadata.json,Historical or intermediate material outside the active paper.,,c0b9029adca13c58824693801063111f269606bcb4854fbbe6483d2c4b606aee
figures/chr4_pme_peak/blue_human_score_test.csv,deprecated/figures/chr4_pme_peak/blue_human_score_test.csv,Historical or intermediate material outside the active paper.,,9f213ff8fff0abfca35083637a86df7a32765f667c654c0cffa3ccfc1f563a99
figures/chr4_pme_peak/blue_human_score_test.metadata.json,deprecated/figures/chr4_pme_peak/blue_human_score_test.metadata.json,Historical or intermediate material outside the active paper.,,6e578289c3a1b7dbcab90e5f9184ee0c7209209a0df1eaf81578b39d2a113048
figures/chr4_pme_peak/blue_leaf_area_img_test.csv,deprecated/figures/chr4_pme_peak/blue_leaf_area_img_test.csv,Historical or intermediate material outside the active paper.,,336d08a28f49c9b98c206cf476173042d20a4dbeb4f7d7e5d15e309099f77c34
figures/chr4_pme_peak/blue_leaf_area_img_test.metadata.json,deprecated/figures/chr4_pme_peak/blue_leaf_area_img_test.metadata.json,Historical or intermediate material outside the active paper.,,872b1bb79f2470ac9fb7cf598582519a2d536bf2333532e2298579cfdcfd8839
figures/chr4_pme_peak/blue_mask_pixels_blue_test.csv,deprecated/figures/chr4_pme_peak/blue_mask_pixels_blue_test.csv,Historical or intermediate material outside the active paper.,,da4b5bf8e0cf4e6cf484c26419fc0e341dc723ab9cc17bec5c6052feb76102f5
figures/chr4_pme_peak/blue_mask_pixels_blue_test.metadata.json,deprecated/figures/chr4_pme_peak/blue_mask_pixels_blue_test.metadata.json,Historical or intermediate material outside the active paper.,,ed55bf58dc5033f264b73127d4739e2c8930d8e19a430a2d2e8b1c15190e1d22
figures/chr4_pme_peak/blue_mask_pixels_img_test.csv,deprecated/figures/chr4_pme_peak/blue_mask_pixels_img_test.csv,Historical or intermediate material outside the active paper.,,4b1f741658350a2a324bfd86f678d89d70754a01fbf216f75b5e21bb84ff1fa3
figures/chr4_pme_peak/blue_mask_pixels_img_test.metadata.json,deprecated/figures/chr4_pme_peak/blue_mask_pixels_img_test.metadata.json,Historical or intermediate material outside the active paper.,,f26d1401f1356da059dc1427a664ef67e0f2e27c259b40892417433facb5d7c5
figures/chr4_pme_peak/chr4_60_locus_summary.md,deprecated/figures/chr4_pme_peak/chr4_60_locus_summary.md,Historical or intermediate material outside the active paper.,,92a66d0fde7ee5e6c79e679360e035280d89c037ef7a6d6a8c5861a1c0ea3b94
figures/chr4_pme_peak/chr4_60_locus_summary_2026-07-26.md,deprecated/figures/chr4_pme_peak/chr4_60_locus_summary_2026-07-26.md,Historical or intermediate material outside the active paper.,,157fcfe93700a4c2bc2b826145ccff67e377d13a7914599855b85f1f120111be
figures/chr4_pme_peak/color_size_pergeno.csv,deprecated/figures/chr4_pme_peak/color_size_pergeno.csv,Historical or intermediate material outside the active paper.,,c7b76f1a197a182e5dd9af4f7b5e7fd4b431c687ba949d45cc5223cc2bb92f45
figures/chr4_pme_peak/compute_pme_disease_size_blue.py,deprecated/figures/chr4_pme_peak/compute_pme_disease_size_blue.py,Exploratory candidate tests or superseded figure layout are absent from the active manuscript; preserve historical provenance in the archive.,,85d877fc98a74c390b2512c239658d0195e4496beac28c6fb5c23a479be80dad
figures/chr4_pme_peak/compute_pme_eqtl.py,deprecated/figures/chr4_pme_peak/compute_pme_eqtl.py,Exploratory candidate tests or superseded figure layout are absent from the active manuscript; preserve historical provenance in the archive.,,8c9b33d4e8dfce4091b41bd2c490fdcc548eba54428a025b3ab7c28e974ea419
figures/chr4_pme_peak/compute_pme_exprpheno.py,deprecated/figures/chr4_pme_peak/compute_pme_exprpheno.py,Exploratory candidate tests or superseded figure layout are absent from the active manuscript; preserve historical provenance in the archive.,,0585fc9b06e9cbd6bb4fb036915c41a1673fb25f12597744d309e7eb5b96a600
figures/chr4_pme_peak/compute_pme_leaffeatures.py,deprecated/figures/chr4_pme_peak/compute_pme_leaffeatures.py,Exploratory candidate tests or superseded figure layout are absent from the active manuscript; preserve historical provenance in the archive.,,0ff6066440efa60a7c4ab72b72bc3827cd073a672da8006ad2fbcd70cea8d8ce
figures/chr4_pme_peak/disease_size_tests_blue.json,deprecated/figures/chr4_pme_peak/disease_size_tests_blue.json,Historical or intermediate material outside the active paper.,,061098a733f1fb949dcbde2d4f5b7318359399a226bba3de3b883339fa7a9d52
figures/chr4_pme_peak/eqtl_table.csv,deprecated/figures/chr4_pme_peak/eqtl_table.csv,Historical or intermediate material outside the active paper.,,84b8a484dcdc2bb619f78b4e2627a7116162f59c7ed16cc61ddb27da031f9826
figures/chr4_pme_peak/eqtl_tests.json,deprecated/figures/chr4_pme_peak/eqtl_tests.json,Historical or intermediate material outside the active paper.,,da73c433a88044cc9d32e769ed85bfc5add703f60c4007b273cbcb91d09e0580
figures/chr4_pme_peak/exprpheno_table.csv,deprecated/figures/chr4_pme_peak/exprpheno_table.csv,Historical or intermediate material outside the active paper.,,fc2e33ad3203e4865a5876cd6fad837177e9cbe0a5e9c9184f3816a475030e5a
figures/chr4_pme_peak/exprpheno_tests.json,deprecated/figures/chr4_pme_peak/exprpheno_tests.json,Historical or intermediate material outside the active paper.,,e15fc576399ad1bbd9a398448301ed85a090cc95d56e713b503843ddbcbe69fb
figures/chr4_pme_peak/leaf_montage_minor_vs_major.local-before-pull.png,deprecated/figures/chr4_pme_peak/leaf_montage_minor_vs_major.local-before-pull.png,"Exploratory activation-map/source-crop output or local backup, absent from current manuscript figures.",,2392274d2bc47088d4c3f0b2dd7b166eb1c8fa7ff34cfbd41a22993c6ef580b3
figures/chr4_pme_peak/leaf_montage_minor_vs_major.png,deprecated/figures/chr4_pme_peak/leaf_montage_minor_vs_major.png,Historical or intermediate material outside the active paper.,,0d600b72e4711e797a8185c928b287575299c212f9d18e4f4a8ba87a28bd367d
figures/chr4_pme_peak/leaffeature_tests.json,deprecated/figures/chr4_pme_peak/leaffeature_tests.json,Historical or intermediate material outside the active paper.,,296ebd149dc234fc3d35fff528b6ccbcbd8957f7987bd7a78f419b3957d2b660
figures/chr4_pme_peak/make_pme_locus_figure.py,deprecated/figures/chr4_pme_peak/make_pme_locus_figure.py,Exploratory candidate tests or superseded figure layout are absent from the active manuscript; preserve historical provenance in the archive.,,978aaf1551f8831a6463fcc4b57df209a8018de50c217f5ab106751241e92a68
figures/chr4_pme_peak/make_pme_montage.py,deprecated/figures/chr4_pme_peak/make_pme_montage.py,Exploratory candidate tests or superseded figure layout are absent from the active manuscript; preserve historical provenance in the archive.,,68487f84f74aca15d282c0dfb7286a1ccc305ced305df7afe212412e4e946988
figures/chr4_pme_peak/make_ugt_scatter.py,deprecated/figures/chr4_pme_peak/make_ugt_scatter.py,Exploratory candidate tests or superseded figure layout are absent from the active manuscript; preserve historical provenance in the archive.,,dbaa3bbc919857f5b73c5d20f5054d883f1c37db3006da130f4a0e545f000dfe
figures/chr4_pme_peak/peak_dims.json,deprecated/figures/chr4_pme_peak/peak_dims.json,Historical or intermediate material outside the active paper.,,31c6f0aff9e9b2b809702a253da281ec3434e2296689ae726fc59fb88eb6ed07
figures/chr4_pme_peak/pme_locus.png,deprecated/figures/chr4_pme_peak/pme_locus.png,Historical or intermediate material outside the active paper.,,b1b8e8e211d1b25e14faefaf974a8a90beca17fc10558027cf35d7ade851805e
figures/chr4_pme_peak/structure_test.json,deprecated/figures/chr4_pme_peak/structure_test.json,Historical or intermediate material outside the active paper.,,4a89e22d42e8c9f9a7243a3a50c232490312549e75e662d1e5a99e7224046a4d
figures/chr4_pme_peak/ugt_expr_scatter.png,deprecated/figures/chr4_pme_peak/ugt_expr_scatter.png,Historical or intermediate material outside the active paper.,,212ae409b40d0db3d28d1bba3c29a341373c888462036197680c8c491529da88
figures/chr4_tan1_peak/chr4_tan1_locus_summary_2026-07-26.md,deprecated/figures/chr4_tan1_peak/chr4_tan1_locus_summary_2026-07-26.md,Historical or intermediate material outside the active paper.,,47e1a74cbcdda3b6af60e228ca6c1654a2c1a037be3b8913b3abfd4e7c870e75
figures/chr4_tan1_peak/compute_tan1_bin_gwas.py,deprecated/figures/chr4_tan1_peak/compute_tan1_bin_gwas.py,Tan1-specific yellowness/bin-GWAS exploration is not active; Figure S14 uses the general chr4:65.4 profile workflow.,,95811b4e7b96bbe790cf3063d0ac52405bc3e5b1a619f72f368161bcf74d0cbf
figures/chr4_tan1_peak/compute_yellowness_profiles.py,deprecated/figures/chr4_tan1_peak/compute_yellowness_profiles.py,Tan1-specific yellowness/bin-GWAS exploration is not active; Figure S14 uses the general chr4:65.4 profile workflow.,,f4d2bbab19d1a9f619947508f45f231d88d22c98c751a765ebe3a346ef9555c9
figures/chr4_tan1_peak/make_yellowness_profile_figure.py,deprecated/figures/chr4_tan1_peak/make_yellowness_profile_figure.py,Tan1-specific yellowness/bin-GWAS exploration is not active; Figure S14 uses the general chr4:65.4 profile workflow.,,1db4f1c729b0a58634bfe5a380a88b473c3c7b79b2a672a36a02ee5644d57fd2
figures/chr4_tan1_peak/marker_meta.json,deprecated/figures/chr4_tan1_peak/marker_meta.json,Historical or intermediate material outside the active paper.,,96f06320108018856baa38a20d0dd95fbbea9ee7f79d5cfa832e0bd098a883dc
figures/chr4_tan1_peak/yellowness_profile.png,deprecated/figures/chr4_tan1_peak/yellowness_profile.png,Historical or intermediate material outside the active paper.,,da345c125eef26d9197f1550eb073e8251528469b972589aa642b15120a76939
figures/chr4_tan1_peak/yellowness_profiles.npz,deprecated/figures/chr4_tan1_peak/yellowness_profiles.npz,Historical or intermediate material outside the active paper.,,496add3b17108757ed16adcbc91f130d8f299ff7c13f177fc41de46cb8beecaa
figures/chr6_51p2_exg_peak/c6_51_locus.pdf,deprecated/figures/chr6_51p2_exg_peak/c6_51_locus.pdf,Historical or intermediate material outside the active paper.,,be37a43f1712f4d157f197ffcd5cb708c21f13e5656b2c61ccd0a24962fe5925
figures/chr6_51p2_exg_peak/c6_51_locus.png,deprecated/figures/chr6_51p2_exg_peak/c6_51_locus.png,Historical or intermediate material outside the active paper.,,4ba082d04e25577aa5d7745aa791c09789f446b351a7a66a5ddbc872bfc2cac3
figures/chr6_51p2_exg_peak/chr6_51p2_locus_summary.md,deprecated/figures/chr6_51p2_exg_peak/chr6_51p2_locus_summary.md,Historical or intermediate material outside the active paper.,,646100a516df596bed94f6359c59b90854b580e1d12ecc122a1ffd4d0ffb05b5
figures/chr6_51p2_exg_peak/coding_variants_r2.csv,deprecated/figures/chr6_51p2_exg_peak/coding_variants_r2.csv,Historical or intermediate material outside the active paper.,,e2302a2b83d5650ad94e36eb1ca9cdcd4a54e8c1633dd8f3cdc94ed719998129
figures/chr6_51p2_exg_peak/codingvar_disease.json,deprecated/figures/chr6_51p2_exg_peak/codingvar_disease.json,Historical or intermediate material outside the active paper.,,ebab3002b5c5231b3db7c921047e247967defef8710acf3091dd45627d6378b2
figures/chr6_51p2_exg_peak/compute_codingvar_disease.py,deprecated/figures/chr6_51p2_exg_peak/compute_codingvar_disease.py,"Exploratory ExG peak characterization is not part of the current paper, which reports no genome-wide-significant human/ExG scan signals.",,bd2dc5ec263fadcfe3a01f42db93645228af26cb0385317a998e0f2e9a87bc45
figures/chr6_51p2_exg_peak/compute_codingvar_r2.py,deprecated/figures/chr6_51p2_exg_peak/compute_codingvar_r2.py,"Exploratory ExG peak characterization is not part of the current paper, which reports no genome-wide-significant human/ExG scan signals.",,617274142f84f6c9fedcc2b8b9440f3c3d1fc10bdce3a74d1046a431a842c785
figures/chr6_51p2_exg_peak/compute_disease_size.py,deprecated/figures/chr6_51p2_exg_peak/compute_disease_size.py,"Exploratory ExG peak characterization is not part of the current paper, which reports no genome-wide-significant human/ExG scan signals.",,b9a187f73bdb9f74357b75c3f73c0c080c48ade5aaefd51820c76a26c5bd7917
figures/chr6_51p2_exg_peak/compute_eqtl.py,deprecated/figures/chr6_51p2_exg_peak/compute_eqtl.py,"Exploratory ExG peak characterization is not part of the current paper, which reports no genome-wide-significant human/ExG scan signals.",,9306ea10b43796486a90084bb03ac9d82b3d7482a6666123a3c7f4ea0f8cd118
figures/chr6_51p2_exg_peak/compute_exprpheno.py,deprecated/figures/chr6_51p2_exg_peak/compute_exprpheno.py,"Exploratory ExG peak characterization is not part of the current paper, which reports no genome-wide-significant human/ExG scan signals.",,90f858c3b55102a592e9df8a7570e790365d65cbe183770cb454cce31d3e4084
figures/chr6_51p2_exg_peak/compute_ld_genes.py,deprecated/figures/chr6_51p2_exg_peak/compute_ld_genes.py,"Exploratory ExG peak characterization is not part of the current paper, which reports no genome-wide-significant human/ExG scan signals.",,4381c6b062ee7c98e8cc233a2eab99c9e8fce530486bd8fab8b40573f56314d7
figures/chr6_51p2_exg_peak/disease_size_tests.json,deprecated/figures/chr6_51p2_exg_peak/disease_size_tests.json,Historical or intermediate material outside the active paper.,,bb1c0f4284ea2ef631e105da8752f0a3f6ec7697620a10c78de903b29d75ee65
figures/chr6_51p2_exg_peak/eqtl_genelist.csv,deprecated/figures/chr6_51p2_exg_peak/eqtl_genelist.csv,Historical or intermediate material outside the active paper.,,facb74a28daeeb4573617a25ea61d0b9965f594da6269e456161916ff0483675
figures/chr6_51p2_exg_peak/eqtl_table.csv,deprecated/figures/chr6_51p2_exg_peak/eqtl_table.csv,Historical or intermediate material outside the active paper.,,560d008e7100b8adbff2f6320b6f54d42791e283b380104e54865d3867806b5c
figures/chr6_51p2_exg_peak/eqtl_tests.json,deprecated/figures/chr6_51p2_exg_peak/eqtl_tests.json,Historical or intermediate material outside the active paper.,,b2eac17c05dcd817e452aecb0c38d2817576c34982018ec456a65fbfd7815362
figures/chr6_51p2_exg_peak/exprpheno_table.csv,deprecated/figures/chr6_51p2_exg_peak/exprpheno_table.csv,Historical or intermediate material outside the active paper.,,2f706711bff137247b3487cc49a4f6a8c799d80e8c81941fdfed2c1fa77a08b7
figures/chr6_51p2_exg_peak/exprpheno_tests.json,deprecated/figures/chr6_51p2_exg_peak/exprpheno_tests.json,Historical or intermediate material outside the active paper.,,49cab5344d964ae4ab99ee1d3bc2b9179375ea69ec05e39180254f2dcefd4b38
figures/chr6_51p2_exg_peak/gene_exons.csv,deprecated/figures/chr6_51p2_exg_peak/gene_exons.csv,Historical or intermediate material outside the active paper.,,571595987107ee6b1593a73c88a41bf5e1b289b1cec15a731e76497ba301a4d2
figures/chr6_51p2_exg_peak/gene_models.csv,deprecated/figures/chr6_51p2_exg_peak/gene_models.csv,Historical or intermediate material outside the active paper.,,d645c7d180806034f460b08c0ede684987539a2a0a75111db60f2b093657903b
figures/chr6_51p2_exg_peak/geno_pcs.eigenvec,deprecated/figures/chr6_51p2_exg_peak/geno_pcs.eigenvec,Historical or intermediate material outside the active paper.,,240dd066d1f973bf55039d8cd763cd0cac86db594d9848989cb962218dfca59a
figures/chr6_51p2_exg_peak/ld_track.csv,deprecated/figures/chr6_51p2_exg_peak/ld_track.csv,Historical or intermediate material outside the active paper.,,13c339b3fa458d93d01ee808ce7b37ef8564c4092e86d5d1dfa6fca9217b73b9
figures/chr6_51p2_exg_peak/make_c6_locus_figure.py,deprecated/figures/chr6_51p2_exg_peak/make_c6_locus_figure.py,"Exploratory ExG peak characterization is not part of the current paper, which reports no genome-wide-significant human/ExG scan signals.",,320099fcc56c07d1b094eccd8d630c039b56cc86c200ddf02bd3737eed3b20fb
figures/chr6_51p2_exg_peak/meta.json,deprecated/figures/chr6_51p2_exg_peak/meta.json,Historical or intermediate material outside the active paper.,,61ed47070fcd245e90e904a7485fd5b0dba741216d110cffaddf56b7626a22c4
figures/chr6_51p2_exg_peak/region_gwas.csv,deprecated/figures/chr6_51p2_exg_peak/region_gwas.csv,Historical or intermediate material outside the active paper.,,a8533210465555eed0be32df211db6a6cb37f3ee51dd5e83630033f66e17c2e5
figures/chr6_p_peak/1059_LeafPhotoA_2025-09-08_12_51_19.205_crop0_cam_summary.csv,deprecated/figures/chr6_p_peak/1059_LeafPhotoA_2025-09-08_12_51_19.205_crop0_cam_summary.csv,"Exploratory activation-map/source-crop output or local backup, absent from current manuscript figures.",,90a8d56312938c47e443f834c06919068bdd0b3ca578e81dc303b8efe308edac
figures/chr6_p_peak/1059_LeafPhotoA_2025-09-08_12_51_19.205_crop0_embedding_mean_30_gradcam_cam.npy,deprecated/figures/chr6_p_peak/1059_LeafPhotoA_2025-09-08_12_51_19.205_crop0_embedding_mean_30_gradcam_cam.npy,"Exploratory activation-map/source-crop output or local backup, absent from current manuscript figures.",,7a79b5003155f7d52019b4227c4f141b849d3cbedf5c141ebc6f88258fbd7093
figures/chr6_p_peak/1059_LeafPhotoA_2025-09-08_12_51_19.205_crop0_embedding_mean_30_gradcam_metadata.json,deprecated/figures/chr6_p_peak/1059_LeafPhotoA_2025-09-08_12_51_19.205_crop0_embedding_mean_30_gradcam_metadata.json,"Exploratory activation-map/source-crop output or local backup, absent from current manuscript figures.",,43de88c2a0e61a3b5cc0e7fbea456a72e94bec5d0129da70d044f163b7defe40
figures/chr6_p_peak/1059_LeafPhotoA_2025-09-08_12_51_19.205_crop0_embedding_mean_30_gradcam_overlay.png,deprecated/figures/chr6_p_peak/1059_LeafPhotoA_2025-09-08_12_51_19.205_crop0_embedding_mean_30_gradcam_overlay.png,"Exploratory activation-map/source-crop output or local backup, absent from current manuscript figures.",,734a1144a922c5a05f547b67baeb09037b85fe7779d092d9e3b8164be7f125bd
figures/chr6_p_peak/1059_LeafPhotoA_2025-09-08_12_51_19.205_crop0_embedding_mean_30_gradcam_side_by_side.png,deprecated/figures/chr6_p_peak/1059_LeafPhotoA_2025-09-08_12_51_19.205_crop0_embedding_mean_30_gradcam_side_by_side.png,"Exploratory activation-map/source-crop output or local backup, absent from current manuscript figures.",,5043df975b624b2391079433158c8b5a492bbad78508ebcad70e4c8287aad411
figures/chr6_p_peak/1059_LeafPhotoA_2025-09-08_12_51_19.205_crop0_rgb1008.png,deprecated/figures/chr6_p_peak/1059_LeafPhotoA_2025-09-08_12_51_19.205_crop0_rgb1008.png,"Exploratory activation-map/source-crop output or local backup, absent from current manuscript figures.",,e9f0fb7c29d293c900b69ac2ebec09578db90257cb3fd3999cd9383647978ecb
figures/chr6_p_peak/1169_LeafPhotoA_2025-09-08_16_34_08.310_crop1_cam_summary.csv,deprecated/figures/chr6_p_peak/1169_LeafPhotoA_2025-09-08_16_34_08.310_crop1_cam_summary.csv,"Exploratory activation-map/source-crop output or local backup, absent from current manuscript figures.",,cc568c05e2d91e230dbb157bfb813b13f9dd746d260d8b9f6dae6b7a20b7aa23
figures/chr6_p_peak/1169_LeafPhotoA_2025-09-08_16_34_08.310_crop1_embedding_mean_30_gradcam_cam.npy,deprecated/figures/chr6_p_peak/1169_LeafPhotoA_2025-09-08_16_34_08.310_crop1_embedding_mean_30_gradcam_cam.npy,"Exploratory activation-map/source-crop output or local backup, absent from current manuscript figures.",,28c973678abc4bd44441f8a48dab52f6bbabdbbc491510e3fecc2db64d809ff7
figures/chr6_p_peak/1169_LeafPhotoA_2025-09-08_16_34_08.310_crop1_embedding_mean_30_gradcam_metadata.json,deprecated/figures/chr6_p_peak/1169_LeafPhotoA_2025-09-08_16_34_08.310_crop1_embedding_mean_30_gradcam_metadata.json,"Exploratory activation-map/source-crop output or local backup, absent from current manuscript figures.",,05f3425cb1dbdd505d91391f8c8588510c5ce6edc0a58c558798c327b0f11056
figures/chr6_p_peak/1169_LeafPhotoA_2025-09-08_16_34_08.310_crop1_embedding_mean_30_gradcam_overlay.png,deprecated/figures/chr6_p_peak/1169_LeafPhotoA_2025-09-08_16_34_08.310_crop1_embedding_mean_30_gradcam_overlay.png,"Exploratory activation-map/source-crop output or local backup, absent from current manuscript figures.",,07ff71f9cb1968e3ce4ca456bf054fc6d7dba9f1c0c9b31c45bb749c202a0837
figures/chr6_p_peak/1169_LeafPhotoA_2025-09-08_16_34_08.310_crop1_embedding_mean_30_gradcam_side_by_side.png,deprecated/figures/chr6_p_peak/1169_LeafPhotoA_2025-09-08_16_34_08.310_crop1_embedding_mean_30_gradcam_side_by_side.png,"Exploratory activation-map/source-crop output or local backup, absent from current manuscript figures.",,1145e83661b64940e7a830868349b0a51c987d31d75da3f6671b314c890c8e9b
figures/chr6_p_peak/1169_LeafPhotoA_2025-09-08_16_34_08.310_crop1_rgb1008.png,deprecated/figures/chr6_p_peak/1169_LeafPhotoA_2025-09-08_16_34_08.310_crop1_rgb1008.png,"Exploratory activation-map/source-crop output or local backup, absent from current manuscript figures.",,8cccb8c47c0af1e5c1f49d8de8172a0942c474c321cb6733b63b1e72a65c88ac
figures/chr6_p_peak/1193_LeafPhotoA_2025-09-08_15_50_58.786_crop1_cam_summary.csv,deprecated/figures/chr6_p_peak/1193_LeafPhotoA_2025-09-08_15_50_58.786_crop1_cam_summary.csv,"Exploratory activation-map/source-crop output or local backup, absent from current manuscript figures.",,28b53aa60d8274490cd2abeaf2f43433814fa81bd89696c916607ae1232d3f8f
figures/chr6_p_peak/1193_LeafPhotoA_2025-09-08_15_50_58.786_crop1_embedding_mean_30_gradcam_cam.npy,deprecated/figures/chr6_p_peak/1193_LeafPhotoA_2025-09-08_15_50_58.786_crop1_embedding_mean_30_gradcam_cam.npy,"Exploratory activation-map/source-crop output or local backup, absent from current manuscript figures.",,6fb6315ce0e082ad05dd7cd7a1c25462e41b4de45037273d63e3a0a46be41eb6
figures/chr6_p_peak/1193_LeafPhotoA_2025-09-08_15_50_58.786_crop1_embedding_mean_30_gradcam_metadata.json,deprecated/figures/chr6_p_peak/1193_LeafPhotoA_2025-09-08_15_50_58.786_crop1_embedding_mean_30_gradcam_metadata.json,"Exploratory activation-map/source-crop output or local backup, absent from current manuscript figures.",,647a1fab0c53f1c661a34a02b5336d1a4d054d569e3c575d28d64523650c444a
figures/chr6_p_peak/1193_LeafPhotoA_2025-09-08_15_50_58.786_crop1_embedding_mean_30_gradcam_overlay.png,deprecated/figures/chr6_p_peak/1193_LeafPhotoA_2025-09-08_15_50_58.786_crop1_embedding_mean_30_gradcam_overlay.png,"Exploratory activation-map/source-crop output or local backup, absent from current manuscript figures.",,ace11ed394eb084abdec6cbe2a0210e66df2e047a23b0d019375162cfe82501e
figures/chr6_p_peak/1193_LeafPhotoA_2025-09-08_15_50_58.786_crop1_embedding_mean_30_gradcam_side_by_side.png,deprecated/figures/chr6_p_peak/1193_LeafPhotoA_2025-09-08_15_50_58.786_crop1_embedding_mean_30_gradcam_side_by_side.png,"Exploratory activation-map/source-crop output or local backup, absent from current manuscript figures.",,c3d4f06ae14b09c710475b5fbee8265cd95ba335f60729d69f71c07cb6dd516e
figures/chr6_p_peak/1193_LeafPhotoA_2025-09-08_15_50_58.786_crop1_rgb1008.png,deprecated/figures/chr6_p_peak/1193_LeafPhotoA_2025-09-08_15_50_58.786_crop1_rgb1008.png,"Exploratory activation-map/source-crop output or local backup, absent from current manuscript figures.",,71efd8316504ed7ebd312e949d95683243d6da72181be01b5d68b240b76b139d
figures/chr6_p_peak/1986_LeafPhotoA_2025-09-09_16_28_01.285_crop1_cam_summary.csv,deprecated/figures/chr6_p_peak/1986_LeafPhotoA_2025-09-09_16_28_01.285_crop1_cam_summary.csv,"Exploratory activation-map/source-crop output or local backup, absent from current manuscript figures.",,65758e24173cccb2a01e4e4168f92f1ec62dbfe67a0b4437076630b1b5dd2d30
figures/chr6_p_peak/1986_LeafPhotoA_2025-09-09_16_28_01.285_crop1_embedding_mean_30_gradcam_cam.npy,deprecated/figures/chr6_p_peak/1986_LeafPhotoA_2025-09-09_16_28_01.285_crop1_embedding_mean_30_gradcam_cam.npy,"Exploratory activation-map/source-crop output or local backup, absent from current manuscript figures.",,7a473bbe295ce297d1776fca5fe692f8300daab341cd68d2ccdb74f33e1bc0b7
figures/chr6_p_peak/1986_LeafPhotoA_2025-09-09_16_28_01.285_crop1_embedding_mean_30_gradcam_metadata.json,deprecated/figures/chr6_p_peak/1986_LeafPhotoA_2025-09-09_16_28_01.285_crop1_embedding_mean_30_gradcam_metadata.json,"Exploratory activation-map/source-crop output or local backup, absent from current manuscript figures.",,8b1543314e13354089f6be7d7e7b3ef71e2cf3461e2f2a923451cf41b2702efe
figures/chr6_p_peak/1986_LeafPhotoA_2025-09-09_16_28_01.285_crop1_embedding_mean_30_gradcam_overlay.png,deprecated/figures/chr6_p_peak/1986_LeafPhotoA_2025-09-09_16_28_01.285_crop1_embedding_mean_30_gradcam_overlay.png,"Exploratory activation-map/source-crop output or local backup, absent from current manuscript figures.",,17a333b1f61210a21273f690dab0d6ede63da9c211075dff01e76df57ed1685c
figures/chr6_p_peak/1986_LeafPhotoA_2025-09-09_16_28_01.285_crop1_embedding_mean_30_gradcam_side_by_side.png,deprecated/figures/chr6_p_peak/1986_LeafPhotoA_2025-09-09_16_28_01.285_crop1_embedding_mean_30_gradcam_side_by_side.png,"Exploratory activation-map/source-crop output or local backup, absent from current manuscript figures.",,e21f91d528107ccbf0ea9a02e972911f707efdf53b32650fc0d9839f8a2a8b3d
figures/chr6_p_peak/1986_LeafPhotoA_2025-09-09_16_28_01.285_crop1_rgb1008.png,deprecated/figures/chr6_p_peak/1986_LeafPhotoA_2025-09-09_16_28_01.285_crop1_rgb1008.png,"Exploratory activation-map/source-crop output or local backup, absent from current manuscript figures.",,581acb38bd7e367b2e8fcaa121cab29d860ee7ab738412000c7de4d8d4331552
figures/chr6_p_peak/2154_LeafPhotoA_2025-09-08_12_30_32.350_crop0_cam_summary.csv,deprecated/figures/chr6_p_peak/2154_LeafPhotoA_2025-09-08_12_30_32.350_crop0_cam_summary.csv,"Exploratory activation-map/source-crop output or local backup, absent from current manuscript figures.",,6c66da34b88a3e1408e3765b7032a93cd98309e59367ce031442aeac3ac7f426
figures/chr6_p_peak/2154_LeafPhotoA_2025-09-08_12_30_32.350_crop0_embedding_mean_30_gradcam_cam.npy,deprecated/figures/chr6_p_peak/2154_LeafPhotoA_2025-09-08_12_30_32.350_crop0_embedding_mean_30_gradcam_cam.npy,"Exploratory activation-map/source-crop output or local backup, absent from current manuscript figures.",,3b9fb259cde48ce02ca38a92f8f547a7e4523694df121ed76ce1c21ff545d63a
figures/chr6_p_peak/2154_LeafPhotoA_2025-09-08_12_30_32.350_crop0_embedding_mean_30_gradcam_metadata.json,deprecated/figures/chr6_p_peak/2154_LeafPhotoA_2025-09-08_12_30_32.350_crop0_embedding_mean_30_gradcam_metadata.json,"Exploratory activation-map/source-crop output or local backup, absent from current manuscript figures.",,a6d9a97f86d9b3be02c33513105224c5025503ed2da7acd7f441516fc1396c76
figures/chr6_p_peak/2154_LeafPhotoA_2025-09-08_12_30_32.350_crop0_embedding_mean_30_gradcam_overlay.png,deprecated/figures/chr6_p_peak/2154_LeafPhotoA_2025-09-08_12_30_32.350_crop0_embedding_mean_30_gradcam_overlay.png,"Exploratory activation-map/source-crop output or local backup, absent from current manuscript figures.",,3a3aa13f6059e6fccea41020965b467a49937f65d7cadd2b14f001cec1572bf9
figures/chr6_p_peak/2154_LeafPhotoA_2025-09-08_12_30_32.350_crop0_embedding_mean_30_gradcam_side_by_side.png,deprecated/figures/chr6_p_peak/2154_LeafPhotoA_2025-09-08_12_30_32.350_crop0_embedding_mean_30_gradcam_side_by_side.png,"Exploratory activation-map/source-crop output or local backup, absent from current manuscript figures.",,8af128763a812a7a8d844d045910c1424832c85cf2e3a1a3097dbfdeed42e380
figures/chr6_p_peak/2154_LeafPhotoA_2025-09-08_12_30_32.350_crop0_rgb1008.png,deprecated/figures/chr6_p_peak/2154_LeafPhotoA_2025-09-08_12_30_32.350_crop0_rgb1008.png,"Exploratory activation-map/source-crop output or local backup, absent from current manuscript figures.",,d2c151fe47898fc868d1d970e69270d9dde1925e7a974265cc8f35e3703795f0
figures/chr6_p_peak/2831_LeafPhotoA_2025-09-09_10_47_36.937_crop0_cam_summary.csv,deprecated/figures/chr6_p_peak/2831_LeafPhotoA_2025-09-09_10_47_36.937_crop0_cam_summary.csv,"Exploratory activation-map/source-crop output or local backup, absent from current manuscript figures.",,98995013bbd62aaedfe9ba89cc5f3457bf751ab2a94fc66f69a4741867852c57
figures/chr6_p_peak/2831_LeafPhotoA_2025-09-09_10_47_36.937_crop0_embedding_mean_30_gradcam_cam.npy,deprecated/figures/chr6_p_peak/2831_LeafPhotoA_2025-09-09_10_47_36.937_crop0_embedding_mean_30_gradcam_cam.npy,"Exploratory activation-map/source-crop output or local backup, absent from current manuscript figures.",,73505bf60d48e3cff5d5a948edee9ff3180dc586ae620fc9560ec07e246e01f7
figures/chr6_p_peak/2831_LeafPhotoA_2025-09-09_10_47_36.937_crop0_embedding_mean_30_gradcam_metadata.json,deprecated/figures/chr6_p_peak/2831_LeafPhotoA_2025-09-09_10_47_36.937_crop0_embedding_mean_30_gradcam_metadata.json,"Exploratory activation-map/source-crop output or local backup, absent from current manuscript figures.",,90b81d3cc453d6504aadc7ef4b9d81b51c20cc0b17171c066f73859fd8314f30
figures/chr6_p_peak/2831_LeafPhotoA_2025-09-09_10_47_36.937_crop0_embedding_mean_30_gradcam_overlay.png,deprecated/figures/chr6_p_peak/2831_LeafPhotoA_2025-09-09_10_47_36.937_crop0_embedding_mean_30_gradcam_overlay.png,"Exploratory activation-map/source-crop output or local backup, absent from current manuscript figures.",,dfb31703fb3bfe4ed900ea8c2b8da7394e173de16206b39f1239800cb5679d4f
figures/chr6_p_peak/2831_LeafPhotoA_2025-09-09_10_47_36.937_crop0_embedding_mean_30_gradcam_side_by_side.png,deprecated/figures/chr6_p_peak/2831_LeafPhotoA_2025-09-09_10_47_36.937_crop0_embedding_mean_30_gradcam_side_by_side.png,"Exploratory activation-map/source-crop output or local backup, absent from current manuscript figures.",,ee7a81d1ba5f812ce58712ee7f6132136783a9083af364845da30083267da216
figures/chr6_p_peak/2831_LeafPhotoA_2025-09-09_10_47_36.937_crop0_embedding_mean_30_spatial_diagnostic_positive_cam_layers.csv,deprecated/figures/chr6_p_peak/2831_LeafPhotoA_2025-09-09_10_47_36.937_crop0_embedding_mean_30_spatial_diagnostic_positive_cam_layers.csv,"Exploratory activation-map/source-crop output or local backup, absent from current manuscript figures.",,74a0ca16608cf1ae4ef3d6264627edd58028ce53d8003c4f6e1bde549079965f
figures/chr6_p_peak/2831_LeafPhotoA_2025-09-09_10_47_36.937_crop0_embedding_mean_30_spatial_diagnostic_positive_channel_values_grid.npy,deprecated/figures/chr6_p_peak/2831_LeafPhotoA_2025-09-09_10_47_36.937_crop0_embedding_mean_30_spatial_diagnostic_positive_channel_values_grid.npy,"Exploratory activation-map/source-crop output or local backup, absent from current manuscript figures.",,cb88a25efe096425a90845b93ca2085bf0573c5d9ba0fc3190be67de5a86ea27
figures/chr6_p_peak/2831_LeafPhotoA_2025-09-09_10_47_36.937_crop0_embedding_mean_30_spatial_diagnostic_positive_channel_values_overlay.png,deprecated/figures/chr6_p_peak/2831_LeafPhotoA_2025-09-09_10_47_36.937_crop0_embedding_mean_30_spatial_diagnostic_positive_channel_values_overlay.png,"Exploratory activation-map/source-crop output or local backup, absent from current manuscript figures.",,8f8a0b932f4374eb51664cc644136f70cc8d3f3bccae29e569f7ec683bb1bb2e
figures/chr6_p_peak/2831_LeafPhotoA_2025-09-09_10_47_36.937_crop0_embedding_mean_30_spatial_diagnostic_positive_gradcam_layer10_cam.npy,deprecated/figures/chr6_p_peak/2831_LeafPhotoA_2025-09-09_10_47_36.937_crop0_embedding_mean_30_spatial_diagnostic_positive_gradcam_layer10_cam.npy,"Exploratory activation-map/source-crop output or local backup, absent from current manuscript figures.",,74adbd0b3b13262d18238257496875abaab5a343d310e4d1fcbadeb467eca02c
figures/chr6_p_peak/2831_LeafPhotoA_2025-09-09_10_47_36.937_crop0_embedding_mean_30_spatial_diagnostic_positive_gradcam_layer10_overlay.png,deprecated/figures/chr6_p_peak/2831_LeafPhotoA_2025-09-09_10_47_36.937_crop0_embedding_mean_30_spatial_diagnostic_positive_gradcam_layer10_overlay.png,"Exploratory activation-map/source-crop output or local backup, absent from current manuscript figures.",,98ef6ed1e8a36e56744be813cd4ae0a78083478801ca3ce7902b146091ef2965
figures/chr6_p_peak/2831_LeafPhotoA_2025-09-09_10_47_36.937_crop0_embedding_mean_30_spatial_diagnostic_positive_gradcam_layer11_cam.npy,deprecated/figures/chr6_p_peak/2831_LeafPhotoA_2025-09-09_10_47_36.937_crop0_embedding_mean_30_spatial_diagnostic_positive_gradcam_layer11_cam.npy,"Exploratory activation-map/source-crop output or local backup, absent from current manuscript figures.",,4237d89a00ac5bf561cffce48a60712e8daed51ea007917f2f08c8f84428802f
figures/chr6_p_peak/2831_LeafPhotoA_2025-09-09_10_47_36.937_crop0_embedding_mean_30_spatial_diagnostic_positive_gradcam_layer11_overlay.png,deprecated/figures/chr6_p_peak/2831_LeafPhotoA_2025-09-09_10_47_36.937_crop0_embedding_mean_30_spatial_diagnostic_positive_gradcam_layer11_overlay.png,"Exploratory activation-map/source-crop output or local backup, absent from current manuscript figures.",,54ee99e9150d3c8eb22db36dedf2cb1c57ebba810404f1f6979c66713e838aac
figures/chr6_p_peak/2831_LeafPhotoA_2025-09-09_10_47_36.937_crop0_embedding_mean_30_spatial_diagnostic_positive_gradcam_layer12_cam.npy,deprecated/figures/chr6_p_peak/2831_LeafPhotoA_2025-09-09_10_47_36.937_crop0_embedding_mean_30_spatial_diagnostic_positive_gradcam_layer12_cam.npy,"Exploratory activation-map/source-crop output or local backup, absent from current manuscript figures.",,dbface98e3144cf5021438c9e91fb343fc96f81ec0fe1eaa12456efcea323007
figures/chr6_p_peak/2831_LeafPhotoA_2025-09-09_10_47_36.937_crop0_embedding_mean_30_spatial_diagnostic_positive_gradcam_layer12_overlay.png,deprecated/figures/chr6_p_peak/2831_LeafPhotoA_2025-09-09_10_47_36.937_crop0_embedding_mean_30_spatial_diagnostic_positive_gradcam_layer12_overlay.png,"Exploratory activation-map/source-crop output or local backup, absent from current manuscript figures.",,669e0e58166c15d5d2bec6319f647e3d8912a21c9ef788248d21675005f85e07
figures/chr6_p_peak/2831_LeafPhotoA_2025-09-09_10_47_36.937_crop0_embedding_mean_30_spatial_diagnostic_positive_gradcam_layer15_cam.npy,deprecated/figures/chr6_p_peak/2831_LeafPhotoA_2025-09-09_10_47_36.937_crop0_embedding_mean_30_spatial_diagnostic_positive_gradcam_layer15_cam.npy,"Exploratory activation-map/source-crop output or local backup, absent from current manuscript figures.",,a1fa0ab64759d12f293a441822519b99dadbd481ab2908ca4b5c8b92d260591f
figures/chr6_p_peak/2831_LeafPhotoA_2025-09-09_10_47_36.937_crop0_embedding_mean_30_spatial_diagnostic_positive_gradcam_layer15_overlay.png,deprecated/figures/chr6_p_peak/2831_LeafPhotoA_2025-09-09_10_47_36.937_crop0_embedding_mean_30_spatial_diagnostic_positive_gradcam_layer15_overlay.png,"Exploratory activation-map/source-crop output or local backup, absent from current manuscript figures.",,0424a59ccdee402e910e9d9e617f97f332b356ac986016faf5667eb6dfa2b4e4
figures/chr6_p_peak/2831_LeafPhotoA_2025-09-09_10_47_36.937_crop0_embedding_mean_30_spatial_diagnostic_positive_gradcam_layer19_cam.npy,deprecated/figures/chr6_p_peak/2831_LeafPhotoA_2025-09-09_10_47_36.937_crop0_embedding_mean_30_spatial_diagnostic_positive_gradcam_layer19_cam.npy,"Exploratory activation-map/source-crop output or local backup, absent from current manuscript figures.",,0dcbc6f60a855d270b45467b3582c77c62b444ba0a4f293c09af2d3bfb389809
figures/chr6_p_peak/2831_LeafPhotoA_2025-09-09_10_47_36.937_crop0_embedding_mean_30_spatial_diagnostic_positive_gradcam_layer19_overlay.png,deprecated/figures/chr6_p_peak/2831_LeafPhotoA_2025-09-09_10_47_36.937_crop0_embedding_mean_30_spatial_diagnostic_positive_gradcam_layer19_overlay.png,"Exploratory activation-map/source-crop output or local backup, absent from current manuscript figures.",,e1e03acb82e10509fb0ea11514cb3f0047e910efd90f6020bf1d14ccbae45a67
figures/chr6_p_peak/2831_LeafPhotoA_2025-09-09_10_47_36.937_crop0_embedding_mean_30_spatial_diagnostic_positive_gradcam_layer23_cam.npy,deprecated/figures/chr6_p_peak/2831_LeafPhotoA_2025-09-09_10_47_36.937_crop0_embedding_mean_30_spatial_diagnostic_positive_gradcam_layer23_cam.npy,"Exploratory activation-map/source-crop output or local backup, absent from current manuscript figures.",,99809e6e9460e26d5227bd4bb09d785f383bc0d5d9b5ee1b19407dd37cbbf80f
figures/chr6_p_peak/2831_LeafPhotoA_2025-09-09_10_47_36.937_crop0_embedding_mean_30_spatial_diagnostic_positive_gradcam_layer23_overlay.png,deprecated/figures/chr6_p_peak/2831_LeafPhotoA_2025-09-09_10_47_36.937_crop0_embedding_mean_30_spatial_diagnostic_positive_gradcam_layer23_overlay.png,"Exploratory activation-map/source-crop output or local backup, absent from current manuscript figures.",,c01b0a9afa9762ce0a9302b7cde422e412dfd277e59faf2e63ef5c364ee0a3c0
figures/chr6_p_peak/2831_LeafPhotoA_2025-09-09_10_47_36.937_crop0_embedding_mean_30_spatial_diagnostic_positive_gradcam_layer27_cam.npy,deprecated/figures/chr6_p_peak/2831_LeafPhotoA_2025-09-09_10_47_36.937_crop0_embedding_mean_30_spatial_diagnostic_positive_gradcam_layer27_cam.npy,"Exploratory activation-map/source-crop output or local backup, absent from current manuscript figures.",,c17c33b52bb1a409905cca644a41c1ea185d10b9cb42b3d2f0de26dfb551c75a
figures/chr6_p_peak/2831_LeafPhotoA_2025-09-09_10_47_36.937_crop0_embedding_mean_30_spatial_diagnostic_positive_gradcam_layer27_overlay.png,deprecated/figures/chr6_p_peak/2831_LeafPhotoA_2025-09-09_10_47_36.937_crop0_embedding_mean_30_spatial_diagnostic_positive_gradcam_layer27_overlay.png,"Exploratory activation-map/source-crop output or local backup, absent from current manuscript figures.",,8f02a99900b6599e10ec765c7fcdc1bc3e008dde382a95424d32f8dcefcf872c
figures/chr6_p_peak/2831_LeafPhotoA_2025-09-09_10_47_36.937_crop0_embedding_mean_30_spatial_diagnostic_positive_gradcam_layer31_cam.npy,deprecated/figures/chr6_p_peak/2831_LeafPhotoA_2025-09-09_10_47_36.937_crop0_embedding_mean_30_spatial_diagnostic_positive_gradcam_layer31_cam.npy,"Exploratory activation-map/source-crop output or local backup, absent from current manuscript figures.",,73505bf60d48e3cff5d5a948edee9ff3180dc586ae620fc9560ec07e246e01f7
figures/chr6_p_peak/2831_LeafPhotoA_2025-09-09_10_47_36.937_crop0_embedding_mean_30_spatial_diagnostic_positive_gradcam_layer31_overlay.png,deprecated/figures/chr6_p_peak/2831_LeafPhotoA_2025-09-09_10_47_36.937_crop0_embedding_mean_30_spatial_diagnostic_positive_gradcam_layer31_overlay.png,"Exploratory activation-map/source-crop output or local backup, absent from current manuscript figures.",,dfb31703fb3bfe4ed900ea8c2b8da7394e173de16206b39f1239800cb5679d4f
figures/chr6_p_peak/2831_LeafPhotoA_2025-09-09_10_47_36.937_crop0_embedding_mean_30_spatial_diagnostic_positive_gradcam_layer4_cam.npy,deprecated/figures/chr6_p_peak/2831_LeafPhotoA_2025-09-09_10_47_36.937_crop0_embedding_mean_30_spatial_diagnostic_positive_gradcam_layer4_cam.npy,"Exploratory activation-map/source-crop output or local backup, absent from current manuscript figures.",,9927c616fec85d87ca0c19c93c0818cc856cab4f3f9d19c76aec0ba405c34891
figures/chr6_p_peak/2831_LeafPhotoA_2025-09-09_10_47_36.937_crop0_embedding_mean_30_spatial_diagnostic_positive_gradcam_layer4_overlay.png,deprecated/figures/chr6_p_peak/2831_LeafPhotoA_2025-09-09_10_47_36.937_crop0_embedding_mean_30_spatial_diagnostic_positive_gradcam_layer4_overlay.png,"Exploratory activation-map/source-crop output or local backup, absent from current manuscript figures.",,a6d6a479f8c0ec079368d5dabc920a81fdd965882d044481fb63cc5842dd71ac
figures/chr6_p_peak/2831_LeafPhotoA_2025-09-09_10_47_36.937_crop0_embedding_mean_30_spatial_diagnostic_positive_gradcam_layer5_cam.npy,deprecated/figures/chr6_p_peak/2831_LeafPhotoA_2025-09-09_10_47_36.937_crop0_embedding_mean_30_spatial_diagnostic_positive_gradcam_layer5_cam.npy,"Exploratory activation-map/source-crop output or local backup, absent from current manuscript figures.",,cb7b94625429e45d848862841c536d3728849b6d536979ea4f65e9bd0b922038
figures/chr6_p_peak/2831_LeafPhotoA_2025-09-09_10_47_36.937_crop0_embedding_mean_30_spatial_diagnostic_positive_gradcam_layer5_overlay.png,deprecated/figures/chr6_p_peak/2831_LeafPhotoA_2025-09-09_10_47_36.937_crop0_embedding_mean_30_spatial_diagnostic_positive_gradcam_layer5_overlay.png,"Exploratory activation-map/source-crop output or local backup, absent from current manuscript figures.",,33b460bba8338e969647791bb704d136cd241d66ead5ffc9c8465d496c81d640
figures/chr6_p_peak/2831_LeafPhotoA_2025-09-09_10_47_36.937_crop0_embedding_mean_30_spatial_diagnostic_positive_gradcam_layer6_cam.npy,deprecated/figures/chr6_p_peak/2831_LeafPhotoA_2025-09-09_10_47_36.937_crop0_embedding_mean_30_spatial_diagnostic_positive_gradcam_layer6_cam.npy,"Exploratory activation-map/source-crop output or local backup, absent from current manuscript figures.",,0fca90ce9deac3ac38d8eed4af631298ea5dd05b1a171dd48aabecff781012ba
figures/chr6_p_peak/2831_LeafPhotoA_2025-09-09_10_47_36.937_crop0_embedding_mean_30_spatial_diagnostic_positive_gradcam_layer6_overlay.png,deprecated/figures/chr6_p_peak/2831_LeafPhotoA_2025-09-09_10_47_36.937_crop0_embedding_mean_30_spatial_diagnostic_positive_gradcam_layer6_overlay.png,"Exploratory activation-map/source-crop output or local backup, absent from current manuscript figures.",,81530b688ecf67ce0f44fa9a47464134242137683637c28f1aecdf3989dfe9f8
figures/chr6_p_peak/2831_LeafPhotoA_2025-09-09_10_47_36.937_crop0_embedding_mean_30_spatial_diagnostic_positive_gradcam_layer7_cam.npy,deprecated/figures/chr6_p_peak/2831_LeafPhotoA_2025-09-09_10_47_36.937_crop0_embedding_mean_30_spatial_diagnostic_positive_gradcam_layer7_cam.npy,"Exploratory activation-map/source-crop output or local backup, absent from current manuscript figures.",,2b38e29c1d811060f100b8584473dc7517db9b79432b785a7be9262095637d4e
figures/chr6_p_peak/2831_LeafPhotoA_2025-09-09_10_47_36.937_crop0_embedding_mean_30_spatial_diagnostic_positive_gradcam_layer7_overlay.png,deprecated/figures/chr6_p_peak/2831_LeafPhotoA_2025-09-09_10_47_36.937_crop0_embedding_mean_30_spatial_diagnostic_positive_gradcam_layer7_overlay.png,"Exploratory activation-map/source-crop output or local backup, absent from current manuscript figures.",,82a93b007fffdc4e66e590a6152eeb4c6a54c8b7aacbe8e14eaa1ae770c7b0fd
figures/chr6_p_peak/2831_LeafPhotoA_2025-09-09_10_47_36.937_crop0_embedding_mean_30_spatial_diagnostic_positive_gradcam_layer8_cam.npy,deprecated/figures/chr6_p_peak/2831_LeafPhotoA_2025-09-09_10_47_36.937_crop0_embedding_mean_30_spatial_diagnostic_positive_gradcam_layer8_cam.npy,"Exploratory activation-map/source-crop output or local backup, absent from current manuscript figures.",,85a14463c2f4aabc4b704c65d3759cb2820bb07b187bd347213d37437d2a5239
figures/chr6_p_peak/2831_LeafPhotoA_2025-09-09_10_47_36.937_crop0_embedding_mean_30_spatial_diagnostic_positive_gradcam_layer8_overlay.png,deprecated/figures/chr6_p_peak/2831_LeafPhotoA_2025-09-09_10_47_36.937_crop0_embedding_mean_30_spatial_diagnostic_positive_gradcam_layer8_overlay.png,"Exploratory activation-map/source-crop output or local backup, absent from current manuscript figures.",,93e5971d87aa8334bffca7a3f0c916ee63c703784b201eb5ba0ef8f7adbe7917
figures/chr6_p_peak/2831_LeafPhotoA_2025-09-09_10_47_36.937_crop0_embedding_mean_30_spatial_diagnostic_positive_gradcam_layer9_cam.npy,deprecated/figures/chr6_p_peak/2831_LeafPhotoA_2025-09-09_10_47_36.937_crop0_embedding_mean_30_spatial_diagnostic_positive_gradcam_layer9_cam.npy,"Exploratory activation-map/source-crop output or local backup, absent from current manuscript figures.",,1925a171b3628eed11d638540221f3ee525b0c050a0c0f246642ec0d8111887c
figures/chr6_p_peak/2831_LeafPhotoA_2025-09-09_10_47_36.937_crop0_embedding_mean_30_spatial_diagnostic_positive_gradcam_layer9_overlay.png,deprecated/figures/chr6_p_peak/2831_LeafPhotoA_2025-09-09_10_47_36.937_crop0_embedding_mean_30_spatial_diagnostic_positive_gradcam_layer9_overlay.png,"Exploratory activation-map/source-crop output or local backup, absent from current manuscript figures.",,abb9b0d1b34b07749af03ca719604bb9895b7f1bc3f0de3eaaced97aadb1596b
figures/chr6_p_peak/2831_LeafPhotoA_2025-09-09_10_47_36.937_crop0_embedding_mean_30_spatial_diagnostic_positive_mean_contribution_grid.npy,deprecated/figures/chr6_p_peak/2831_LeafPhotoA_2025-09-09_10_47_36.937_crop0_embedding_mean_30_spatial_diagnostic_positive_mean_contribution_grid.npy,"Exploratory activation-map/source-crop output or local backup, absent from current manuscript figures.",,8d14895b0bcb27bc508d62e37ffc7346b21547fba4f65a30d4fdcfee9eb37c52
figures/chr6_p_peak/2831_LeafPhotoA_2025-09-09_10_47_36.937_crop0_embedding_mean_30_spatial_diagnostic_positive_mean_contribution_overlay.png,deprecated/figures/chr6_p_peak/2831_LeafPhotoA_2025-09-09_10_47_36.937_crop0_embedding_mean_30_spatial_diagnostic_positive_mean_contribution_overlay.png,"Exploratory activation-map/source-crop output or local backup, absent from current manuscript figures.",,14c1c377af7d2944893b4e3ac6484ae73b09fc196e14f157ac9a284f4fb9f3a9
figures/chr6_p_peak/2831_LeafPhotoA_2025-09-09_10_47_36.937_crop0_embedding_mean_30_spatial_diagnostic_positive_metadata.json,deprecated/figures/chr6_p_peak/2831_LeafPhotoA_2025-09-09_10_47_36.937_crop0_embedding_mean_30_spatial_diagnostic_positive_metadata.json,"Exploratory activation-map/source-crop output or local backup, absent from current manuscript figures.",,79a5e2d34af292618c6cfbca4ef9e46de4de21a08dc4a3ba7bd7bb2a46454776
figures/chr6_p_peak/2831_LeafPhotoA_2025-09-09_10_47_36.937_crop0_embedding_mean_30_spatial_diagnostic_positive_panel.png,deprecated/figures/chr6_p_peak/2831_LeafPhotoA_2025-09-09_10_47_36.937_crop0_embedding_mean_30_spatial_diagnostic_positive_panel.png,"Exploratory activation-map/source-crop output or local backup, absent from current manuscript figures.",,67b49e3491d6334581cba8f2732e45205ec15fbfa93affa88147ed12dd6c9954
figures/chr6_p_peak/2831_LeafPhotoA_2025-09-09_10_47_36.937_crop0_embedding_mean_30_spatial_diagnostic_positive_signed_deviation_grid.npy,deprecated/figures/chr6_p_peak/2831_LeafPhotoA_2025-09-09_10_47_36.937_crop0_embedding_mean_30_spatial_diagnostic_positive_signed_deviation_grid.npy,"Exploratory activation-map/source-crop output or local backup, absent from current manuscript figures.",,0e457b1573b15438c4f714ad637381565431fefb410eff8be5c53ae685a89cb1
figures/chr6_p_peak/2831_LeafPhotoA_2025-09-09_10_47_36.937_crop0_embedding_mean_30_spatial_diagnostic_positive_signed_deviation_overlay.png,deprecated/figures/chr6_p_peak/2831_LeafPhotoA_2025-09-09_10_47_36.937_crop0_embedding_mean_30_spatial_diagnostic_positive_signed_deviation_overlay.png,"Exploratory activation-map/source-crop output or local backup, absent from current manuscript figures.",,ab42c47f6e5be26f5f3a2a6c298ce8cf95b38a6e1f71851ab020069d807f1e52
figures/chr6_p_peak/2831_LeafPhotoA_2025-09-09_10_47_36.937_crop0_embedding_mean_30_spatial_diagnostic_rgb1008.png,deprecated/figures/chr6_p_peak/2831_LeafPhotoA_2025-09-09_10_47_36.937_crop0_embedding_mean_30_spatial_diagnostic_rgb1008.png,"Exploratory activation-map/source-crop output or local backup, absent from current manuscript figures.",,4239ec0bb9b3aab1f058f620b3b432754f66e00c625f0549021bd7a8715b9fb5
figures/chr6_p_peak/2831_LeafPhotoA_2025-09-09_10_47_36.937_crop0_rgb1008.png,deprecated/figures/chr6_p_peak/2831_LeafPhotoA_2025-09-09_10_47_36.937_crop0_rgb1008.png,"Exploratory activation-map/source-crop output or local backup, absent from current manuscript figures.",,4239ec0bb9b3aab1f058f620b3b432754f66e00c625f0549021bd7a8715b9fb5
figures/chr6_p_peak/blue_L_mean_test.csv,deprecated/figures/chr6_p_peak/blue_L_mean_test.csv,Historical or intermediate material outside the active paper.,,5b2087c6e8363e738f2a0349b8f48e309b6bb27974b86b81361441577fc743e7
figures/chr6_p_peak/blue_L_mean_test.metadata.json,deprecated/figures/chr6_p_peak/blue_L_mean_test.metadata.json,Historical or intermediate material outside the active paper.,,f62730a985c2999bd221260e92ea6f1af9dab382b2deb48e19ace1a5f296777b
figures/chr6_p_peak/blue_L_sd_test.csv,deprecated/figures/chr6_p_peak/blue_L_sd_test.csv,Historical or intermediate material outside the active paper.,,e1ba4782da5f7426a88755f1274fa6109c981e10227aaddd72ee5aa67c2ed2d5
figures/chr6_p_peak/blue_L_sd_test.metadata.json,deprecated/figures/chr6_p_peak/blue_L_sd_test.metadata.json,Historical or intermediate material outside the active paper.,,ce4fbf2d8df018fe5dc003b6e28402c96197a40bc615defcc5b6fdc583adb7ae
figures/chr6_p_peak/blue_a_mean_test.csv,deprecated/figures/chr6_p_peak/blue_a_mean_test.csv,Historical or intermediate material outside the active paper.,,2b3f018d64b99746fa642c20b23717fd491e8dc662ead7a25ba96ea69d321a1d
figures/chr6_p_peak/blue_a_mean_test.metadata.json,deprecated/figures/chr6_p_peak/blue_a_mean_test.metadata.json,Historical or intermediate material outside the active paper.,,13f8d2d228842912b0768b6fbc0c1ea68dab56da37e748549dda27ef96b7de0d
figures/chr6_p_peak/blue_b_mean_test.csv,deprecated/figures/chr6_p_peak/blue_b_mean_test.csv,Historical or intermediate material outside the active paper.,,7673c9e2101202fe3d4f64de721509d169b4a5794d027f0de1046a9a32ffbc58
figures/chr6_p_peak/blue_b_mean_test.metadata.json,deprecated/figures/chr6_p_peak/blue_b_mean_test.metadata.json,Historical or intermediate material outside the active paper.,,63b5626b46fc7cb1be334072b210a7b720a0676d60faf91464d4465ec24fb13c
figures/chr6_p_peak/blue_b_sd_test.csv,deprecated/figures/chr6_p_peak/blue_b_sd_test.csv,Historical or intermediate material outside the active paper.,,74cfe970c2019d4307be4bd1deb24631af6181386f0936559e6bb7f03241cf53
figures/chr6_p_peak/blue_b_sd_test.metadata.json,deprecated/figures/chr6_p_peak/blue_b_sd_test.metadata.json,Historical or intermediate material outside the active paper.,,12118003765e572cf51232f5b9b43c859fb449b994a8652a6fcf79b47a69dcd9
figures/chr6_p_peak/blue_disease_exg_test.csv,deprecated/figures/chr6_p_peak/blue_disease_exg_test.csv,Historical or intermediate material outside the active paper.,,6e62f5c24b179b7012c11dd366e3eae45d29389ecc59eb5be457d645372c3176
figures/chr6_p_peak/blue_disease_exg_test.metadata.json,deprecated/figures/chr6_p_peak/blue_disease_exg_test.metadata.json,Historical or intermediate material outside the active paper.,,baa81873784ae841ebd310d2f4e72988d8ff2f2aebed821a344ba0f274da526e
figures/chr6_p_peak/blue_gloss_test.csv,deprecated/figures/chr6_p_peak/blue_gloss_test.csv,Historical or intermediate material outside the active paper.,,8e914a8711e031cc2f98ded92b4e8da9a2f4dd33fff0824992c832cf5951c542
figures/chr6_p_peak/blue_gloss_test.metadata.json,deprecated/figures/chr6_p_peak/blue_gloss_test.metadata.json,Historical or intermediate material outside the active paper.,,07f938a08d9b58cafda776a66ed15d0ee8c4781329560c1fe343d9f5802fdec1
figures/chr6_p_peak/blue_human_score_test.csv,deprecated/figures/chr6_p_peak/blue_human_score_test.csv,Historical or intermediate material outside the active paper.,,056536e972ab91bacebe86ea034bb473953548b9053d36cc1e67f7648ae2abf3
figures/chr6_p_peak/blue_human_score_test.metadata.json,deprecated/figures/chr6_p_peak/blue_human_score_test.metadata.json,Historical or intermediate material outside the active paper.,,67bb21e91f363b5a648f865dcaa041a0511f2ca1aee4f74c36717bdbf232c05c
figures/chr6_p_peak/blue_leaf_area_img_test.csv,deprecated/figures/chr6_p_peak/blue_leaf_area_img_test.csv,Historical or intermediate material outside the active paper.,,fa44384f625658521d144f48a194e72b20e9e76f68dcf67fe460243d63075a42
figures/chr6_p_peak/blue_leaf_area_img_test.metadata.json,deprecated/figures/chr6_p_peak/blue_leaf_area_img_test.metadata.json,Historical or intermediate material outside the active paper.,,6b7a272b8db2b3f02acad70217f1742032875cf709f3b74a316c22a2da05a57a
figures/chr6_p_peak/blue_mask_pixels_blue_test.csv,deprecated/figures/chr6_p_peak/blue_mask_pixels_blue_test.csv,Historical or intermediate material outside the active paper.,,c7e64817d752afdfde8b1512be0ae0848bb8a0b89a543d72d70e5bcd4ee1c753
figures/chr6_p_peak/blue_mask_pixels_blue_test.metadata.json,deprecated/figures/chr6_p_peak/blue_mask_pixels_blue_test.metadata.json,Historical or intermediate material outside the active paper.,,7b39d131b0a7808fe1c30ff96a8c183db1205a26bbacf3d073a4f3142f238998
figures/chr6_p_peak/blue_mask_pixels_img_test.csv,deprecated/figures/chr6_p_peak/blue_mask_pixels_img_test.csv,Historical or intermediate material outside the active paper.,,8fa802b8f339813c05ed227ca21eb01116b65ebce79e1037b202508543ab7343
figures/chr6_p_peak/blue_mask_pixels_img_test.metadata.json,deprecated/figures/chr6_p_peak/blue_mask_pixels_img_test.metadata.json,Historical or intermediate material outside the active paper.,,71d4a94fa3042f491b0571df58b052ca7ffad52f228615633dfd9307d752cfd5
figures/chr6_p_peak/chr6_p_locus_summary.md,deprecated/figures/chr6_p_peak/chr6_p_locus_summary.md,Historical or intermediate material outside the active paper.,,64cc808a0b445e72ff96b616e20d6e53f0c4b531e1f05e462000da0d130c1730
figures/chr6_p_peak/chr6_p_locus_summary_2026-07-26.md,deprecated/figures/chr6_p_peak/chr6_p_locus_summary_2026-07-26.md,Historical or intermediate material outside the active paper.,,907fba23fa7d2d22dd0344aac7fc9299b34aaa10e14a91ae49fe42e95225c65c
figures/chr6_p_peak/color_size_pergeno.csv,deprecated/figures/chr6_p_peak/color_size_pergeno.csv,Historical or intermediate material outside the active paper.,,c7b76f1a197a182e5dd9af4f7b5e7fd4b431c687ba949d45cc5223cc2bb92f45
figures/chr6_p_peak/compute_p_disease_size.py,deprecated/figures/chr6_p_peak/compute_p_disease_size.py,Exploratory candidate tests or superseded figure layout are absent from the active manuscript; preserve historical provenance in the archive.,,19d83c91adb706a70d5b9154578eebba1817ab549e06e1529c6b12db4a597055
figures/chr6_p_peak/compute_p_disease_size_blue.py,deprecated/figures/chr6_p_peak/compute_p_disease_size_blue.py,Exploratory candidate tests or superseded figure layout are absent from the active manuscript; preserve historical provenance in the archive.,,0232a5b502979fa6eb6fde320cb05891b80ace965c05004c259e4903b3887cc3
figures/chr6_p_peak/compute_p_eqtl.py,deprecated/figures/chr6_p_peak/compute_p_eqtl.py,Exploratory candidate tests or superseded figure layout are absent from the active manuscript; preserve historical provenance in the archive.,,2015042f3a5b7746212eccb20c4470b8435e2b2ea56c51f9a4bec2973cd19e1a
figures/chr6_p_peak/compute_p_exprpheno.py,deprecated/figures/chr6_p_peak/compute_p_exprpheno.py,Exploratory candidate tests or superseded figure layout are absent from the active manuscript; preserve historical provenance in the archive.,,94a3e2a7de0f45db353e4c53676f43541f5aa92d50530ba06fb69e3c7b87316b
figures/chr6_p_peak/compute_p_peak.py,deprecated/figures/chr6_p_peak/compute_p_peak.py,Exploratory candidate tests or superseded figure layout are absent from the active manuscript; preserve historical provenance in the archive.,,4584c7a6dab8da8d456521bc8c28b7a0d1838f7e2b81bb13e58910bdde831e90
figures/chr6_p_peak/disease_size_tests.json,deprecated/figures/chr6_p_peak/disease_size_tests.json,Historical or intermediate material outside the active paper.,,5c7afbd81c0875e780694401a42dc94cd11fa9adc6e174da7d234b4a1a12a8c7
figures/chr6_p_peak/disease_size_tests_blue.json,deprecated/figures/chr6_p_peak/disease_size_tests_blue.json,Historical or intermediate material outside the active paper.,,0017a204c288a66bb5901cb9ccad78f3739d38f8d79e115338706aadafcb1c16
figures/chr6_p_peak/embedding_mean_30_gradcam_examples.csv,deprecated/figures/chr6_p_peak/embedding_mean_30_gradcam_examples.csv,"Exploratory activation-map/source-crop output or local backup, absent from current manuscript figures.",,32a61c21a281abd19b17f40455b19f68234436cfc51fa784e49db171372a1fe5
figures/chr6_p_peak/embedding_mean_30_gradcam_overlay_montage.png,deprecated/figures/chr6_p_peak/embedding_mean_30_gradcam_overlay_montage.png,"Exploratory activation-map/source-crop output or local backup, absent from current manuscript figures.",,c56cf6e4426ad15438aed19f06cabe41b406f91c9e213bd05531567bde596fae
figures/chr6_p_peak/embedding_mean_30_high1_layer8_original_gradcam.png,deprecated/figures/chr6_p_peak/embedding_mean_30_high1_layer8_original_gradcam.png,"Exploratory activation-map/source-crop output or local backup, absent from current manuscript figures.",,016d9dccc7d3d01f08581cda4d5d463ada614d9f93d6b1f3aa17da592d6d3cf1
figures/chr6_p_peak/embedding_mean_30_high1_layer_sweep_panel.png,deprecated/figures/chr6_p_peak/embedding_mean_30_high1_layer_sweep_panel.png,"Exploratory activation-map/source-crop output or local backup, absent from current manuscript figures.",,84e13e8df8a295e40cb858ce7803f0a42017b2629f9e42c8dca84aeb6a7809d3
figures/chr6_p_peak/eqtl_genelist.csv,deprecated/figures/chr6_p_peak/eqtl_genelist.csv,Historical or intermediate material outside the active paper.,,035e89f5c1004b6cd6eb99c31590d7d8fd96d06cfa66d9358d2bd65218cdd65b
figures/chr6_p_peak/eqtl_table.csv,deprecated/figures/chr6_p_peak/eqtl_table.csv,Historical or intermediate material outside the active paper.,,a2a53b582b24bc4aff8b2b1889a2d330311fb7456df0d1b51a68749dc427d3f2
figures/chr6_p_peak/eqtl_tests.json,deprecated/figures/chr6_p_peak/eqtl_tests.json,Historical or intermediate material outside the active paper.,,a1372dddedc04b09883d9a29c74bca33a8e4cbc9ee4dee73318f525c853a132d
figures/chr6_p_peak/exprpheno_table.csv,deprecated/figures/chr6_p_peak/exprpheno_table.csv,Historical or intermediate material outside the active paper.,,f8965e616391aa50bd6baf103b23ce1cf4e9802c23bc3af2b53ac31e1b90d01b
figures/chr6_p_peak/exprpheno_tests.json,deprecated/figures/chr6_p_peak/exprpheno_tests.json,Historical or intermediate material outside the active paper.,,17c85af0b24ab36b929ac3170f838e5e3488a1d6be5e9f20675a97e8b2b0e916
figures/chr6_p_peak/gene_exons.csv,deprecated/figures/chr6_p_peak/gene_exons.csv,Historical or intermediate material outside the active paper.,,0634b4f0a2eca96602e8689d9c0dd3bea5475acdcc0b8a4ddcac8bba72364758
figures/chr6_p_peak/gene_models.csv,deprecated/figures/chr6_p_peak/gene_models.csv,Historical or intermediate material outside the active paper.,,d2a60021b18ba69ca4d70b1c85e25903887a19fbe06700a3f6ee424311137456
figures/chr6_p_peak/geno_pcs.eigenvec,deprecated/figures/chr6_p_peak/geno_pcs.eigenvec,Historical or intermediate material outside the active paper.,,240dd066d1f973bf55039d8cd763cd0cac86db594d9848989cb962218dfca59a
figures/chr6_p_peak/ld_track.csv,deprecated/figures/chr6_p_peak/ld_track.csv,Historical or intermediate material outside the active paper.,,8c4a35982a0854a3271543bd257ba7cac516459878423b9ee4ef16b5074d7d38
figures/chr6_p_peak/make_p_locus_figure.py,deprecated/figures/chr6_p_peak/make_p_locus_figure.py,Exploratory candidate tests or superseded figure layout are absent from the active manuscript; preserve historical provenance in the archive.,,cfb5851a8a784279a5209b36e9f5049742a58bd676afcfe019e776d2e723ec5a
figures/chr6_p_peak/meta.json,deprecated/figures/chr6_p_peak/meta.json,Historical or intermediate material outside the active paper.,,47849805e45cdff927bec9ad7db28ae9a60d4468b40debb9df2576378a8be70e
figures/chr6_p_peak/p_locus.png,deprecated/figures/chr6_p_peak/p_locus.png,Historical or intermediate material outside the active paper.,,fd0c8ba368a35b82ce22f4441af179b719fadf2f64f22b6ebd4d9b2473840cd4
figures/chr6_p_peak/peak_dims.json,deprecated/figures/chr6_p_peak/peak_dims.json,Historical or intermediate material outside the active paper.,,fa6b28c445083d48603281ee5857a91cee720290a79279fd7bcec16a5b87746e
figures/chr6_p_peak/region_gwas.npz,deprecated/figures/chr6_p_peak/region_gwas.npz,Historical or intermediate material outside the active paper.,,7eea9b9b4cc65767dc4d7d7489c114dacc2f37ffa93ca22c2e383cfc823c5096
figures/chr6_p_peak/snpeff_coding_r2.csv,deprecated/figures/chr6_p_peak/snpeff_coding_r2.csv,Historical or intermediate material outside the active paper.,,6e1734b91572fab247023d73ea2437e8c010bd14018e297a23a473e64baaa1b3
figures/chr9_62_peak/blue_L_mean_test.csv,deprecated/figures/chr9_62_peak/blue_L_mean_test.csv,Historical or intermediate material outside the active paper.,,6e0b649028748425f900f82eedf2179daf8f43ce45f2cf2844ca7244db211b77
figures/chr9_62_peak/blue_L_mean_test.metadata.json,deprecated/figures/chr9_62_peak/blue_L_mean_test.metadata.json,Historical or intermediate material outside the active paper.,,bda94969eae89218fc9f24a3788d75a4e7534f966851e94431b2e6adfbc8b7c2
figures/chr9_62_peak/blue_L_sd_test.csv,deprecated/figures/chr9_62_peak/blue_L_sd_test.csv,Historical or intermediate material outside the active paper.,,10210a46e3f92327d9ac5adc8a97b6149c6ea5aea0acd83cd09b7e8bdbac1a53
figures/chr9_62_peak/blue_L_sd_test.metadata.json,deprecated/figures/chr9_62_peak/blue_L_sd_test.metadata.json,Historical or intermediate material outside the active paper.,,4aec45a27a2ee66ca00633e6e47b78e166d2b10ebd64ff6e84e2adb35546d806
figures/chr9_62_peak/blue_a_mean_test.csv,deprecated/figures/chr9_62_peak/blue_a_mean_test.csv,Historical or intermediate material outside the active paper.,,7cee320680b5cbcd5bfcef5cc047a6d2b6c3fe1646d232346cf31f88214eeed6
figures/chr9_62_peak/blue_a_mean_test.metadata.json,deprecated/figures/chr9_62_peak/blue_a_mean_test.metadata.json,Historical or intermediate material outside the active paper.,,9c06aaae9375cbc1f44dec7a462f722f9495d6f75d9311f73a335b3d6222d5a6
figures/chr9_62_peak/blue_b_mean_test.csv,deprecated/figures/chr9_62_peak/blue_b_mean_test.csv,Historical or intermediate material outside the active paper.,,d860bd97830d02dd474bf6e63db07101cb1c36903eac40c3769bf68f8601b2c2
figures/chr9_62_peak/blue_b_mean_test.metadata.json,deprecated/figures/chr9_62_peak/blue_b_mean_test.metadata.json,Historical or intermediate material outside the active paper.,,caf265d64605f237dcf0b0ddf85baac0149186ba01afbcbeaa23878535acc411
figures/chr9_62_peak/blue_b_sd_test.csv,deprecated/figures/chr9_62_peak/blue_b_sd_test.csv,Historical or intermediate material outside the active paper.,,fd4d631fa59d57a466bf006e9511a595f7e61f78cddce1050cbef8b13b795a31
figures/chr9_62_peak/blue_b_sd_test.metadata.json,deprecated/figures/chr9_62_peak/blue_b_sd_test.metadata.json,Historical or intermediate material outside the active paper.,,0691600845bce2a129a12d9e9bdd6404a4a3bc48a248232dac8f84e9e5c71704
figures/chr9_62_peak/blue_disease_exg_test.csv,deprecated/figures/chr9_62_peak/blue_disease_exg_test.csv,Historical or intermediate material outside the active paper.,,99341f82972ee5d1510349b723d7ae0c3269e141a239248ab9f85ba84695a2ca
figures/chr9_62_peak/blue_disease_exg_test.metadata.json,deprecated/figures/chr9_62_peak/blue_disease_exg_test.metadata.json,Historical or intermediate material outside the active paper.,,b6300e0b67a80720240310948ec261cb26757f4457e41a29e627886eb5d194d7
figures/chr9_62_peak/blue_gloss_test.csv,deprecated/figures/chr9_62_peak/blue_gloss_test.csv,Historical or intermediate material outside the active paper.,,b435bfd8eef34ae8d7f79a3c0ec7b54d2481f26ec0d000df43134f4f5e50aeb7
figures/chr9_62_peak/blue_gloss_test.metadata.json,deprecated/figures/chr9_62_peak/blue_gloss_test.metadata.json,Historical or intermediate material outside the active paper.,,b48d91d0cf091bfb4d11f3f54b49eec1b84d4bb9c30dd425ffeca6f8fcf60c2e
figures/chr9_62_peak/blue_human_score_test.csv,deprecated/figures/chr9_62_peak/blue_human_score_test.csv,Historical or intermediate material outside the active paper.,,89e34cdaa90603eb74ab317aa1558f5b75574f986a6b4c1e0da60ac9ffeb3236
figures/chr9_62_peak/blue_human_score_test.metadata.json,deprecated/figures/chr9_62_peak/blue_human_score_test.metadata.json,Historical or intermediate material outside the active paper.,,285cbdb67c0b2ef6b29499239a383450b5eb9c8409bdf13b71201dfc8b27f740
figures/chr9_62_peak/blue_leaf_area_img_test.csv,deprecated/figures/chr9_62_peak/blue_leaf_area_img_test.csv,Historical or intermediate material outside the active paper.,,06062e5d0c159816d181ea9c0e8c7f4c2647b7484f3a28d026ea16f25b9a64d7
figures/chr9_62_peak/blue_leaf_area_img_test.metadata.json,deprecated/figures/chr9_62_peak/blue_leaf_area_img_test.metadata.json,Historical or intermediate material outside the active paper.,,7d12db4be8416f61a05b6b4f85da094ef03b2b7f9f13d3580b4dc5d17cbbd73d
figures/chr9_62_peak/blue_mask_pixels_blue_test.csv,deprecated/figures/chr9_62_peak/blue_mask_pixels_blue_test.csv,Historical or intermediate material outside the active paper.,,dbfed8bf7df18f2852012fafe5a2d97aa74a4333edb36a0409eef2e7d74665b3
figures/chr9_62_peak/blue_mask_pixels_blue_test.metadata.json,deprecated/figures/chr9_62_peak/blue_mask_pixels_blue_test.metadata.json,Historical or intermediate material outside the active paper.,,1beaf781ad02dd943fbe280653cff3eac0372dbf272f830b574988d47ac53b12
figures/chr9_62_peak/blue_mask_pixels_img_test.csv,deprecated/figures/chr9_62_peak/blue_mask_pixels_img_test.csv,Historical or intermediate material outside the active paper.,,eccb5f13b8a6bca58f5c194f91fd058452514eaf431a185706d6b39b4dd568a4
figures/chr9_62_peak/blue_mask_pixels_img_test.metadata.json,deprecated/figures/chr9_62_peak/blue_mask_pixels_img_test.metadata.json,Historical or intermediate material outside the active paper.,,83c52f1994059451568658ebdbc9b5686189c5f0f757c47f95bdc756d1e9e07e
figures/chr9_62_peak/c62_locus.png,deprecated/figures/chr9_62_peak/c62_locus.png,Historical or intermediate material outside the active paper.,,89d0c6ef34c997c837facc89113a622ddc43d2d8bcd588e28e0e2891cc5ef512
figures/chr9_62_peak/chr9_62_locus_summary.md,deprecated/figures/chr9_62_peak/chr9_62_locus_summary.md,Historical or intermediate material outside the active paper.,,f23574d5fd35d986ff5808ec4df2ba70464ac0941e5317220b4eee8283550b52
figures/chr9_62_peak/chr9_62_locus_summary_2026-07-26b.md,deprecated/figures/chr9_62_peak/chr9_62_locus_summary_2026-07-26b.md,Historical or intermediate material outside the active paper.,,c9bfd9570b3109bc049867c09296f6188c212aba7ed992e1accc8b6a7470d172
figures/chr9_62_peak/coding_variants_r2.csv,deprecated/figures/chr9_62_peak/coding_variants_r2.csv,Historical or intermediate material outside the active paper.,,7c4d89134bea5d0b63e64bac98178db3033e324f126a9423caf2f89e8c3ca822
figures/chr9_62_peak/codingvar_disease.json,deprecated/figures/chr9_62_peak/codingvar_disease.json,Historical or intermediate material outside the active paper.,,06a991578c15f3996847e43b695be48ab80a65ba0a42f6c353ea49990631b014
figures/chr9_62_peak/codingvar_disease_blue.json,deprecated/figures/chr9_62_peak/codingvar_disease_blue.json,Historical or intermediate material outside the active paper.,,33d6e6c500f4a753d14762d58af6576463dc61c78d189923119e7110a28e3975
figures/chr9_62_peak/color_size_pergeno.csv,deprecated/figures/chr9_62_peak/color_size_pergeno.csv,Historical or intermediate material outside the active paper.,,c7b76f1a197a182e5dd9af4f7b5e7fd4b431c687ba949d45cc5223cc2bb92f45
figures/chr9_62_peak/compute_c62_codingvar_disease.py,deprecated/figures/chr9_62_peak/compute_c62_codingvar_disease.py,Exploratory candidate tests or superseded figure layout are absent from the active manuscript; preserve historical provenance in the archive.,,81033c9f5c9b896b92e98fc1d1d113f11bb057972188b6c9798986a6e18d80e4
figures/chr9_62_peak/compute_c62_codingvar_disease_blue.py,deprecated/figures/chr9_62_peak/compute_c62_codingvar_disease_blue.py,Exploratory candidate tests or superseded figure layout are absent from the active manuscript; preserve historical provenance in the archive.,,9612d0061b5c783a44b4c31889b4d1c551e8a5898f811d377771a4a2dc647a90
figures/chr9_62_peak/compute_c62_disease_size.py,deprecated/figures/chr9_62_peak/compute_c62_disease_size.py,Exploratory candidate tests or superseded figure layout are absent from the active manuscript; preserve historical provenance in the archive.,,2dd945b5b5e21ff952502076551bf40a3d2b28e9e79620a28383460befc022c2
figures/chr9_62_peak/compute_c62_disease_size_blue.py,deprecated/figures/chr9_62_peak/compute_c62_disease_size_blue.py,Exploratory candidate tests or superseded figure layout are absent from the active manuscript; preserve historical provenance in the archive.,,349322459a76a93b853c78e07bfbf27b9e66b4062a5cd0e249fcce08630cadd8
figures/chr9_62_peak/compute_c62_eqtl.py,deprecated/figures/chr9_62_peak/compute_c62_eqtl.py,Exploratory candidate tests or superseded figure layout are absent from the active manuscript; preserve historical provenance in the archive.,,29ea4e80aeef35ddc4c0d02e37ea9866a225abf7a3f660a9b7165f7d1211c9da
figures/chr9_62_peak/compute_c62_expr_disease.py,deprecated/figures/chr9_62_peak/compute_c62_expr_disease.py,Exploratory candidate tests or superseded figure layout are absent from the active manuscript; preserve historical provenance in the archive.,,e8aa2b99432a6c5cfca7ce473073bb3d7f8966973fe08ed0a999c2565046d72e
figures/chr9_62_peak/compute_c62_expr_disease_blue.py,deprecated/figures/chr9_62_peak/compute_c62_expr_disease_blue.py,Exploratory candidate tests or superseded figure layout are absent from the active manuscript; preserve historical provenance in the archive.,,e304c9c7730e4c3a436c8aff8d12bb7cf615ca906f08580ac1bcdb639a7c9e0a
figures/chr9_62_peak/compute_c62_exprpheno.py,deprecated/figures/chr9_62_peak/compute_c62_exprpheno.py,Exploratory candidate tests or superseded figure layout are absent from the active manuscript; preserve historical provenance in the archive.,,482c9f83d01a6e847679c49724a30fa501699250b8d384d9c87247079ef7961f
figures/chr9_62_peak/disease_size_tests.json,deprecated/figures/chr9_62_peak/disease_size_tests.json,Historical or intermediate material outside the active paper.,,ba2324374b79e225d81bf8c7205776645b9b815906434580d7dacac0ae0f3649
figures/chr9_62_peak/disease_size_tests_blue.json,deprecated/figures/chr9_62_peak/disease_size_tests_blue.json,Historical or intermediate material outside the active paper.,,c4ee01456d482b68a196ae8fe3cea8520d454739753cc84c9adbb6a1f39b8ceb
figures/chr9_62_peak/eqtl_table.csv,deprecated/figures/chr9_62_peak/eqtl_table.csv,Historical or intermediate material outside the active paper.,,f7c4f9e7798d9e72b654840212e83f34fe1f76e07ad991053cc23729ceb60648
figures/chr9_62_peak/eqtl_tests.json,deprecated/figures/chr9_62_peak/eqtl_tests.json,Historical or intermediate material outside the active paper.,,e477c2e1ca8c169beed310a432f36fee68498e8df37d3f3911c2ba94952e397a
figures/chr9_62_peak/expr_disease_table.csv,deprecated/figures/chr9_62_peak/expr_disease_table.csv,Historical or intermediate material outside the active paper.,,38af07133b251849f5cea77dd6b0e4ba06f25fc8e7afa77e0aee1b11623c1bac
figures/chr9_62_peak/expr_disease_table_blue.csv,deprecated/figures/chr9_62_peak/expr_disease_table_blue.csv,Historical or intermediate material outside the active paper.,,8b4b6d9460e7fe7c328877ae1ea1438da6df11dcc0ae92015918bd00bef41745
figures/chr9_62_peak/expr_disease_tests.json,deprecated/figures/chr9_62_peak/expr_disease_tests.json,Historical or intermediate material outside the active paper.,,739789722ba0b93c91e6e7d571a216ef5fa8540f8d4be8bfc21948aa24bcb1fb
figures/chr9_62_peak/expr_disease_tests_blue.json,deprecated/figures/chr9_62_peak/expr_disease_tests_blue.json,Historical or intermediate material outside the active paper.,,7f850097ae3f1b6045ea29c8d2c02587db21062d2c26cdb9cf6b4d0574a15601
figures/chr9_62_peak/exprpheno_table.csv,deprecated/figures/chr9_62_peak/exprpheno_table.csv,Historical or intermediate material outside the active paper.,,8dab666b5735f241a346c4b441b1adbb07cc527e3a6f2b84f3a4c45de78875b3
figures/chr9_62_peak/exprpheno_tests.json,deprecated/figures/chr9_62_peak/exprpheno_tests.json,Historical or intermediate material outside the active paper.,,71e35596aa09eafb6a91fdb4cac9c14e70170ce66101894589e9c3678ed22c6f
figures/chr9_62_peak/make_c62_locus_figure.py,deprecated/figures/chr9_62_peak/make_c62_locus_figure.py,Exploratory candidate tests or superseded figure layout are absent from the active manuscript; preserve historical provenance in the archive.,,ad51191fead4ab35e10e1791b17402ba29facc2d35402c077d1aa8c1851499b1
figures/chr9_62_peak/peak_dims.json,deprecated/figures/chr9_62_peak/peak_dims.json,Historical or intermediate material outside the active paper.,,2f67e28457be50da03ce935219be18abc6692d8b3b7f865b64d94917346e3b90
figures/chr9_cs1a_peak/blue_L_mean_test.csv,deprecated/figures/chr9_cs1a_peak/blue_L_mean_test.csv,Historical or intermediate material outside the active paper.,,497938770569b00513921c73ed3a31cedb4cc13c5054b832d9020451ca03c7a4
figures/chr9_cs1a_peak/blue_L_mean_test.metadata.json,deprecated/figures/chr9_cs1a_peak/blue_L_mean_test.metadata.json,Historical or intermediate material outside the active paper.,,527e62bccc8b87336ab647e4eda41e8216caf8a2c82d316c482ebb7e8a70e816
figures/chr9_cs1a_peak/blue_L_sd_test.csv,deprecated/figures/chr9_cs1a_peak/blue_L_sd_test.csv,Historical or intermediate material outside the active paper.,,fdffebe520cb6697ec6c987a08d0495de3970c86f7686b3c0cbd2c688ad5dc52
figures/chr9_cs1a_peak/blue_L_sd_test.metadata.json,deprecated/figures/chr9_cs1a_peak/blue_L_sd_test.metadata.json,Historical or intermediate material outside the active paper.,,13f4d9b914d72d7879bd3cb412607aa065ca6f4726fafebdd54f99814be5edee
figures/chr9_cs1a_peak/blue_a_mean_test.csv,deprecated/figures/chr9_cs1a_peak/blue_a_mean_test.csv,Historical or intermediate material outside the active paper.,,63afee9a30d528114c8b446871773e502f9d26a240ac8af0ee4c1d333bf592e8
figures/chr9_cs1a_peak/blue_a_mean_test.metadata.json,deprecated/figures/chr9_cs1a_peak/blue_a_mean_test.metadata.json,Historical or intermediate material outside the active paper.,,2c87b9cdb775e4d7968edfa44f4f23ae32c1499ec6a190e78ce054dd48121b57
figures/chr9_cs1a_peak/blue_b_mean_test.csv,deprecated/figures/chr9_cs1a_peak/blue_b_mean_test.csv,Historical or intermediate material outside the active paper.,,fc313bda580e0ca6fb8079885fa522c260d7bc394b82905335dc2ecd48d5aa41
figures/chr9_cs1a_peak/blue_b_mean_test.metadata.json,deprecated/figures/chr9_cs1a_peak/blue_b_mean_test.metadata.json,Historical or intermediate material outside the active paper.,,652e46255df8daacb09fb014326f7d17d5ce039a63fd4ab448a356b69c975373
figures/chr9_cs1a_peak/blue_b_sd_test.csv,deprecated/figures/chr9_cs1a_peak/blue_b_sd_test.csv,Historical or intermediate material outside the active paper.,,061cbb018ad9f6b0cf8abf03e12d29d9bce83dd7d6676b30708d18d086000987
figures/chr9_cs1a_peak/blue_b_sd_test.metadata.json,deprecated/figures/chr9_cs1a_peak/blue_b_sd_test.metadata.json,Historical or intermediate material outside the active paper.,,f926db74d0e7388c8cb3fe2dae614f2c1f148016428c84193b508afc56eacac7
figures/chr9_cs1a_peak/blue_disease_exg_test.csv,deprecated/figures/chr9_cs1a_peak/blue_disease_exg_test.csv,Historical or intermediate material outside the active paper.,,cabb9924428f014cbc016cea685e28a112c0a936c0d9081e3849099ba4e86855
figures/chr9_cs1a_peak/blue_disease_exg_test.metadata.json,deprecated/figures/chr9_cs1a_peak/blue_disease_exg_test.metadata.json,Historical or intermediate material outside the active paper.,,30c2811080604427225cd04eaf795e8eba7cb5f46149e6ffd38a50f30fff928f
figures/chr9_cs1a_peak/blue_gloss_test.csv,deprecated/figures/chr9_cs1a_peak/blue_gloss_test.csv,Historical or intermediate material outside the active paper.,,c941923b32c48a7e1d37a88bd62a64256b75988c8005081712668808eb24387f
figures/chr9_cs1a_peak/blue_gloss_test.metadata.json,deprecated/figures/chr9_cs1a_peak/blue_gloss_test.metadata.json,Historical or intermediate material outside the active paper.,,de2cf3f5a10ac8555b468c2e2f16804d1b4d6bcc61ea0eee54adfe217b2f8b0c
figures/chr9_cs1a_peak/blue_human_score_test.csv,deprecated/figures/chr9_cs1a_peak/blue_human_score_test.csv,Historical or intermediate material outside the active paper.,,f1885a41aa39983e975237e2b43a7e6ee25507891880616f755650aa33181219
figures/chr9_cs1a_peak/blue_human_score_test.metadata.json,deprecated/figures/chr9_cs1a_peak/blue_human_score_test.metadata.json,Historical or intermediate material outside the active paper.,,3156ccb00f6875fbe7e2d0dcd11c00857a011e84e29d16f05facd500f14e8b21
figures/chr9_cs1a_peak/blue_leaf_area_img_test.csv,deprecated/figures/chr9_cs1a_peak/blue_leaf_area_img_test.csv,Historical or intermediate material outside the active paper.,,83644cc2b1a36921c9b061bda79b5bf6e465e468edded9517e373883f4d470cc
figures/chr9_cs1a_peak/blue_leaf_area_img_test.metadata.json,deprecated/figures/chr9_cs1a_peak/blue_leaf_area_img_test.metadata.json,Historical or intermediate material outside the active paper.,,296feee42e7cb17b05dbd79ff77af450791f2d37805a0e8f1effddec4d8e9c5c
figures/chr9_cs1a_peak/blue_mask_pixels_blue_test.csv,deprecated/figures/chr9_cs1a_peak/blue_mask_pixels_blue_test.csv,Historical or intermediate material outside the active paper.,,a6ed0b8d9320a3b96db31e2363f6ceb952b8f4717b6178376c6ec027bba3db84
figures/chr9_cs1a_peak/blue_mask_pixels_blue_test.metadata.json,deprecated/figures/chr9_cs1a_peak/blue_mask_pixels_blue_test.metadata.json,Historical or intermediate material outside the active paper.,,a8f406c006b25ed463ff071c9d8c02a00773b3e3a0dd136003f92fd3ec9851eb
figures/chr9_cs1a_peak/blue_mask_pixels_img_test.csv,deprecated/figures/chr9_cs1a_peak/blue_mask_pixels_img_test.csv,Historical or intermediate material outside the active paper.,,7f736d21c1bd1ac1882e0eb7434f264e5ddf71274af668657968ffbfd11e909c
figures/chr9_cs1a_peak/blue_mask_pixels_img_test.metadata.json,deprecated/figures/chr9_cs1a_peak/blue_mask_pixels_img_test.metadata.json,Historical or intermediate material outside the active paper.,,482483a2eb523ecda787c6274c0ed14497495806ea237857bd7bbf9643ceb8ee
figures/chr9_cs1a_peak/chr9_60_locus_summary.md,deprecated/figures/chr9_cs1a_peak/chr9_60_locus_summary.md,Historical or intermediate material outside the active paper.,,d75d233233071073a8ea6536b55fca02e9c00a9243bfe48b3f361dc33d90c4a9
figures/chr9_cs1a_peak/chr9_60_locus_summary_2026-07-26.md,deprecated/figures/chr9_cs1a_peak/chr9_60_locus_summary_2026-07-26.md,Historical or intermediate material outside the active paper.,,c01b90d373f0e6f6ccd04757dcfe5773b2fc82b7152f249fa537485574055c5b
figures/chr9_cs1a_peak/coding_variant_ld.csv,deprecated/figures/chr9_cs1a_peak/coding_variant_ld.csv,Historical or intermediate material outside the active paper.,,c03f4f6a7429b770b60743e1b918b4cf8c52fc3b225ad904d4713d354bd6a85b
figures/chr9_cs1a_peak/color_size_pergeno.csv,deprecated/figures/chr9_cs1a_peak/color_size_pergeno.csv,Historical or intermediate material outside the active paper.,,c7b76f1a197a182e5dd9af4f7b5e7fd4b431c687ba949d45cc5223cc2bb92f45
figures/chr9_cs1a_peak/compute_cs1a_disease_size.py,deprecated/figures/chr9_cs1a_peak/compute_cs1a_disease_size.py,"Detailed Cs1A/candidate story was superseded by the Dw1 interpretation; retain the Dw1 hotspot row in the canonical summary, not this separate investigation.",,5252753430583bf2afaab6faf0faa770eaeb4c87b29a257b3ecda09507039657
figures/chr9_cs1a_peak/compute_cs1a_disease_size_blue.py,deprecated/figures/chr9_cs1a_peak/compute_cs1a_disease_size_blue.py,"Detailed Cs1A/candidate story was superseded by the Dw1 interpretation; retain the Dw1 hotspot row in the canonical summary, not this separate investigation.",,d5240c287f32597394cb56e61d59fb9adba7072d9a102c2899a629f08fec5d7c
figures/chr9_cs1a_peak/compute_cs1a_eqtl.py,deprecated/figures/chr9_cs1a_peak/compute_cs1a_eqtl.py,"Detailed Cs1A/candidate story was superseded by the Dw1 interpretation; retain the Dw1 hotspot row in the canonical summary, not this separate investigation.",,b49270aa234c19204112a91a9efc90c001c5e350a8ff5ed17a90d9f1beb363e2
figures/chr9_cs1a_peak/compute_cs1a_exprpheno.py,deprecated/figures/chr9_cs1a_peak/compute_cs1a_exprpheno.py,"Detailed Cs1A/candidate story was superseded by the Dw1 interpretation; retain the Dw1 hotspot row in the canonical summary, not this separate investigation.",,3ef4449efd42e53503e0b95e6067de93fe66ffc92a1e3683ad32126b8503b8f9
figures/chr9_cs1a_peak/compute_cs1a_peak.py,deprecated/figures/chr9_cs1a_peak/compute_cs1a_peak.py,"Detailed Cs1A/candidate story was superseded by the Dw1 interpretation; retain the Dw1 hotspot row in the canonical summary, not this separate investigation.",,691b77cb4c4b56d51f10108707911009a40f39473b2da587d9a7ce5769c74684
figures/chr9_cs1a_peak/cs1a_locus.png,deprecated/figures/chr9_cs1a_peak/cs1a_locus.png,Historical or intermediate material outside the active paper.,,288aa46f3664e5b8d24d7f85ebc55d950dab78fe321d01ae5ddbbc3886daf18d
figures/chr9_cs1a_peak/disease_size_tests.json,deprecated/figures/chr9_cs1a_peak/disease_size_tests.json,Historical or intermediate material outside the active paper.,,e1c2991c558e23e04cea23e636e71eda585e653d2c41c81b2478e8737370c51f
figures/chr9_cs1a_peak/disease_size_tests_blue.json,deprecated/figures/chr9_cs1a_peak/disease_size_tests_blue.json,Historical or intermediate material outside the active paper.,,57c61c5fcf106829a890e4cf764d342a53747066d323d6ec1655ba6a5decece6
figures/chr9_cs1a_peak/eqtl_genelist.csv,deprecated/figures/chr9_cs1a_peak/eqtl_genelist.csv,Historical or intermediate material outside the active paper.,,ec73b2a82c06fde78ef266f9ba3b3f2e309d0ba5b1d345a5d469747a6fdc3f62
figures/chr9_cs1a_peak/eqtl_table.csv,deprecated/figures/chr9_cs1a_peak/eqtl_table.csv,Historical or intermediate material outside the active paper.,,45953b0d6e1a877c4c615e821317ba4373aa8df839317f19b5b20967e0086404
figures/chr9_cs1a_peak/eqtl_tests.json,deprecated/figures/chr9_cs1a_peak/eqtl_tests.json,Historical or intermediate material outside the active paper.,,57fc25049fa1740f024942e01884f8d19aa2e7419bc5784a9751ea29a598f0af
figures/chr9_cs1a_peak/exprpheno_table.csv,deprecated/figures/chr9_cs1a_peak/exprpheno_table.csv,Historical or intermediate material outside the active paper.,,6ea8eaf88f8b15bb73d31834042ae88d01f8a2f9fa179422fbb1ebb767fbcfca
figures/chr9_cs1a_peak/exprpheno_tests.json,deprecated/figures/chr9_cs1a_peak/exprpheno_tests.json,Historical or intermediate material outside the active paper.,,2f2e6f9300c71dacf1463b2b8d1c07289a7884ad7263cc04479fc5a07326bb0a
figures/chr9_cs1a_peak/gene_exons.csv,deprecated/figures/chr9_cs1a_peak/gene_exons.csv,Historical or intermediate material outside the active paper.,,0801e8cc8577cc15a8173d10bf43c7e1261bb0ed714b942ef114d9201148f843
figures/chr9_cs1a_peak/gene_models.csv,deprecated/figures/chr9_cs1a_peak/gene_models.csv,Historical or intermediate material outside the active paper.,,54d1c2bc3ea7ff8e9870a76e4123b042159d78f7f2b518535e1b724c58e7fb7c
figures/chr9_cs1a_peak/geno_pcs.eigenvec,deprecated/figures/chr9_cs1a_peak/geno_pcs.eigenvec,Historical or intermediate material outside the active paper.,,240dd066d1f973bf55039d8cd763cd0cac86db594d9848989cb962218dfca59a
figures/chr9_cs1a_peak/ld_track.csv,deprecated/figures/chr9_cs1a_peak/ld_track.csv,Historical or intermediate material outside the active paper.,,efddfefb697891a43c0c282d0c1961d6d78af48bce38b708912cbf4051dd4169
figures/chr9_cs1a_peak/make_cs1a_locus_figure.py,deprecated/figures/chr9_cs1a_peak/make_cs1a_locus_figure.py,"Detailed Cs1A/candidate story was superseded by the Dw1 interpretation; retain the Dw1 hotspot row in the canonical summary, not this separate investigation.",,f55a878c881fe3d89e549f61dab3d88714be39c396b914cfe2fc80358a54ff56
figures/chr9_cs1a_peak/meta.json,deprecated/figures/chr9_cs1a_peak/meta.json,Historical or intermediate material outside the active paper.,,97dfe888e83d865fe0b87122e91a2c62e8c5c56f5f656009bd8c7c1259d00edd
figures/chr9_cs1a_peak/peak_dims.json,deprecated/figures/chr9_cs1a_peak/peak_dims.json,Historical or intermediate material outside the active paper.,,8876388d7e8e13aea27305d5ce22de4fd7d710b4e340c00e7c84e292cdd91032
figures/chr9_cs1a_peak/region_gwas.npz,deprecated/figures/chr9_cs1a_peak/region_gwas.npz,Historical or intermediate material outside the active paper.,,f9bc7f5c8295fab2de94b46df1b3360b7520a03579b0656438801f6ef18be74f
figures/embedding_gwas_hotspots/__pycache__/make_embedding_gwas_hotspot_figure.cpython-312.pyc,deprecated/figures/embedding_gwas_hotspots/__pycache__/make_embedding_gwas_hotspot_figure.cpython-312.pyc,"Transient cache, local-agent state, shell/R history or run log; preserve only selected scientific run metadata.",,bf4e1a1071f91faf21fa5dfcb86f174f69044762b0c61a70feaffed406862543
figures/embedding_gwas_hotspots/annotate_peaks.R,deprecated/figures/embedding_gwas_hotspots/annotate_peaks.R,Exploratory candidate tests or superseded figure layout are absent from the active manuscript; preserve historical provenance in the archive.,,5ead2f6de8ad4b3dc956c76caf97e530e978c862af6279c12b971d6864cd0bc6
figures/embedding_gwas_hotspots/compute_disease_screen.py,deprecated/figures/embedding_gwas_hotspots/compute_disease_screen.py,Exploratory candidate tests or superseded figure layout are absent from the active manuscript; preserve historical provenance in the archive.,,e4237c96aff7a52f6af666573c4e4b47abd09791edffd77c6e74187cc7282c11
figures/embedding_gwas_hotspots/compute_exg_peak_disease.py,deprecated/figures/embedding_gwas_hotspots/compute_exg_peak_disease.py,"Exploratory ExG peak characterization is not part of the current paper, which reports no genome-wide-significant human/ExG scan signals.",,25fe1b7ab4bced85ab94248e2359f23125ca8d266d9e705341924d9bedf3bfb1
figures/embedding_gwas_hotspots/disease_screen.csv,deprecated/figures/embedding_gwas_hotspots/disease_screen.csv,Historical or intermediate material outside the active paper.,,f5acf5c048b908d75d0f91a22d82a3680e70276720b739340caabfc4a4386b17
figures/embedding_gwas_hotspots/disease_screen.json,deprecated/figures/embedding_gwas_hotspots/disease_screen.json,Historical or intermediate material outside the active paper.,,b6fa8dba31fc8b354ccefb6b29a0e39049d72ae271c46b7b7c640f57028bb270
figures/embedding_gwas_hotspots/embedding_cor_matrices.R,deprecated/figures/embedding_gwas_hotspots/embedding_cor_matrices.R,Exploratory candidate tests or superseded figure layout are absent from the active manuscript; preserve historical provenance in the archive.,,2614f0bb681adde64571eebf1aa5c10d0643e3908f4ff8a16a0f53156e584c09
figures/embedding_gwas_hotspots/embedding_correlation_matrix_2.png,deprecated/figures/embedding_gwas_hotspots/embedding_correlation_matrix_2.png,Historical or intermediate material outside the active paper.,,a65b6a07bfa638c1d7b303ef5129a663833f21384c2832c3b19f26b500952399
figures/embedding_gwas_hotspots/embedding_correlation_matrix_4a.png,deprecated/figures/embedding_gwas_hotspots/embedding_correlation_matrix_4a.png,Historical or intermediate material outside the active paper.,,a642a5088cee9bdea932216257ab1bad98d323befb7bff3184a89dea53e25f76
figures/embedding_gwas_hotspots/embedding_correlation_matrix_4b.png,deprecated/figures/embedding_gwas_hotspots/embedding_correlation_matrix_4b.png,Historical or intermediate material outside the active paper.,,56eacb0bd1c28f29018875df2074ebd7d805bb7613ba79c16e12a9d7e8e8a00e
figures/embedding_gwas_hotspots/embedding_correlation_matrix_4c.png,deprecated/figures/embedding_gwas_hotspots/embedding_correlation_matrix_4c.png,Historical or intermediate material outside the active paper.,,82208947c4d94b855de69e53ab8ea6532617cbc3cc29ebb6326d90c921c657fe
figures/embedding_gwas_hotspots/embedding_correlation_matrix_4d.png,deprecated/figures/embedding_gwas_hotspots/embedding_correlation_matrix_4d.png,Historical or intermediate material outside the active paper.,,0f98514752d73401d0d9ee58a7235a1894dd02ecf6fc9d138fdaaa3f696a5f49
figures/embedding_gwas_hotspots/embedding_correlation_matrix_4e.png,deprecated/figures/embedding_gwas_hotspots/embedding_correlation_matrix_4e.png,Historical or intermediate material outside the active paper.,,5d9f0b4531a9b484c71c26c750d565086ee7e0db4b46bbbd371c2c1abd6693cb
figures/embedding_gwas_hotspots/embedding_correlation_matrix_6a.png,deprecated/figures/embedding_gwas_hotspots/embedding_correlation_matrix_6a.png,Historical or intermediate material outside the active paper.,,73faeb726d9d9837c52124127d508f83331a255f2b79a67ce04a77e324d39a94
figures/embedding_gwas_hotspots/embedding_correlation_matrix_6b.png,deprecated/figures/embedding_gwas_hotspots/embedding_correlation_matrix_6b.png,Historical or intermediate material outside the active paper.,,abeaac4fc4f1b14c5959dc14cc5155fc635946cb69822b5d469fe3923dcdc03c
figures/embedding_gwas_hotspots/embedding_correlation_matrix_6c.png,deprecated/figures/embedding_gwas_hotspots/embedding_correlation_matrix_6c.png,Historical or intermediate material outside the active paper.,,b0beff7812678da3f84b71c34b20ec182ed575a70ba589f93663e6b1e30c5143
figures/embedding_gwas_hotspots/embedding_correlation_matrix_9a.png,deprecated/figures/embedding_gwas_hotspots/embedding_correlation_matrix_9a.png,Historical or intermediate material outside the active paper.,,e8abe9740a54bf863977d16e678a7ab2d242b42aab1956ec968427a138eea3ee
figures/embedding_gwas_hotspots/embedding_correlation_matrix_9b.png,deprecated/figures/embedding_gwas_hotspots/embedding_correlation_matrix_9b.png,Historical or intermediate material outside the active paper.,,62fc7bbdf6e391a376eb866dd53d41997756289dbbc268bc2ac800bab723e2a8
figures/embedding_gwas_hotspots/embedding_correlation_matrix_9c.png,deprecated/figures/embedding_gwas_hotspots/embedding_correlation_matrix_9c.png,Historical or intermediate material outside the active paper.,,31eff7bc8e2217c355ff6717d6213456ebd93302ddc997758f71edd3df4695c6
figures/embedding_gwas_hotspots/embedding_correlation_matrix_all_hotspots_clustered.png,deprecated/figures/embedding_gwas_hotspots/embedding_correlation_matrix_all_hotspots_clustered.png,Historical or intermediate material outside the active paper.,,2c262072c865d40735a038a6cbaf435b86e77d9808a667ddad9a9c1d27946dea
figures/embedding_gwas_hotspots/embedding_gwas_hotspots_dino2_sam3_miami_nebraska2025.png,deprecated/figures/embedding_gwas_hotspots/embedding_gwas_hotspots_dino2_sam3_miami_nebraska2025.png,Historical or intermediate material outside the active paper.,,d86239ee65a97f5f9c498e1eda532a03bd063aaac43735f8699449e3066d559e
figures/embedding_gwas_hotspots/embedding_gwas_hotspots_nebraska2025.png,deprecated/figures/embedding_gwas_hotspots/embedding_gwas_hotspots_nebraska2025.png,Historical or intermediate material outside the active paper.,,0fb19cd1a771bf2b7b6001754135065258a78061bdcd02651cc89e9af3f5ee8b
figures/embedding_gwas_hotspots/embedding_gwas_hotspots_nebraska2025_allele_effects.csv,deprecated/figures/embedding_gwas_hotspots/embedding_gwas_hotspots_nebraska2025_allele_effects.csv,Historical or intermediate material outside the active paper.,,8e524c8980240abb3c63afa89837002f2f3fc518dfedbe414e6271064dfc94ad
figures/embedding_gwas_hotspots/embedding_gwas_hotspots_sam3_nebraska2025.png,deprecated/figures/embedding_gwas_hotspots/embedding_gwas_hotspots_sam3_nebraska2025.png,Historical or intermediate material outside the active paper.,,42c8760b0a685ce0e40b51dd7f521587c1d8636ce28a6a0f915de90182d1d9c5
figures/embedding_gwas_hotspots/exg_peak_disease.csv,deprecated/figures/embedding_gwas_hotspots/exg_peak_disease.csv,Historical or intermediate material outside the active paper.,,ed1e7266e1192b530fc26297c267c276a37f0bc500fc209ebe2c4084c1b52ade
figures/embedding_gwas_hotspots/hotspot_candidate_gene_analysis.md,deprecated/figures/embedding_gwas_hotspots/hotspot_candidate_gene_analysis.md,Historical or intermediate material outside the active paper.,,78be675f4986b8c46a9f7e37a229ac1257ef2064aa6a70461919f15d5d753805
figures/embedding_gwas_hotspots/hotspot_master_table.md,deprecated/figures/embedding_gwas_hotspots/hotspot_master_table.md,Historical or intermediate material outside the active paper.,,4ad1d3d6a3b32172d339d8672e7baa674192ee0f07145b263011be0e01e6b6a8
figures/ica_characterization/IC66_detail.png,deprecated/figures/ica_characterization/IC66_detail.png,Historical or intermediate material outside the active paper.,,55062af9e122cfd445d93312c0d967b1b30d776ae2e338bc440797c60b8b076c
figures/ica_characterization/ICA_methods_and_results.md,deprecated/figures/ica_characterization/ICA_methods_and_results.md,Historical or intermediate material outside the active paper.,,f7b3b64f73fdd9d980307626f0e88901cd29d97652224ded09b04b6bf6999a90
figures/ica_characterization/component_count_selection.py,deprecated/figures/ica_characterization/component_count_selection.py,ICA/component-selection analyses are outside the active Results and figure manifest.,,4e1d174a7583089ad238e2838cec7ffb4410d1fe4ba433a04b6ccc34891a9291
figures/ica_characterization/disease_prediction_vs_n_ics.png,deprecated/figures/ica_characterization/disease_prediction_vs_n_ics.png,Historical or intermediate material outside the active paper.,,f923c2a7ff422cc791c964c21ca448dee61746039f4ffeb2b1453ed2b0c26381
figures/ica_characterization/geometry_position.png,deprecated/figures/ica_characterization/geometry_position.png,Historical or intermediate material outside the active paper.,,e8bf455bc828be1d0ac3d5cb952ad8272efabcff566f8e1f9560af3501f222df
figures/ica_characterization/ic_vs_embedding_distributions.png,deprecated/figures/ica_characterization/ic_vs_embedding_distributions.png,Historical or intermediate material outside the active paper.,,bb43a87cc44549b2b1b7ee14710db49c04d75370b74cd732bf723790dfea9bbf
figures/ica_characterization/ica_characterization.png,deprecated/figures/ica_characterization/ica_characterization.png,Historical or intermediate material outside the active paper.,,45d5a0972a0d57001d3517c2d76b5e5890f23acb5387e01e89c79208533bb42f
figures/ica_characterization/make_disease_prediction_curve.py,deprecated/figures/ica_characterization/make_disease_prediction_curve.py,ICA/component-selection analyses are outside the active Results and figure manifest.,,30c2b6effd929e25134cbe250034dc624b47ddfe51edf5c608bbb48b4fd2002d
figures/ica_characterization/make_ic66_detail.py,deprecated/figures/ica_characterization/make_ic66_detail.py,ICA/component-selection analyses are outside the active Results and figure manifest.,,d51dac024c99116675ad5f8cb0ae962214ab71fc4607bfc4e44fb7abf82f59d0
figures/ica_characterization/make_ic_vs_embedding_distributions.py,deprecated/figures/ica_characterization/make_ic_vs_embedding_distributions.py,ICA/component-selection analyses are outside the active Results and figure manifest.,,2e0e4bf66fd45cba0a3229fec283cd9e60403d90fe5bda911eab3e0e13586a8c
figures/ica_characterization/make_ica_characterization_figure.py,deprecated/figures/ica_characterization/make_ica_characterization_figure.py,ICA/component-selection analyses are outside the active Results and figure manifest.,,0e3490d7c55cc3ff5bb4fc383933ce0d549a17ee1beae15ef50358b97f285956
figures/ica_characterization/make_montages.py,deprecated/figures/ica_characterization/make_montages.py,ICA/component-selection analyses are outside the active Results and figure manifest.,,15a37b13e007d30fefd95b7558e1bce943be2847e9dfdc6f82dce0ad450edb0d
figures/ica_characterization/montage_disease.png,deprecated/figures/ica_characterization/montage_disease.png,Historical or intermediate material outside the active paper.,,36377192ec68c73c82dfa2ef195c1d8ef7e7bc70b746fb6522f7416b36ce224e
figures/ica_characterization/montage_geometry.png,deprecated/figures/ica_characterization/montage_geometry.png,Historical or intermediate material outside the active paper.,,5b31ea83e295c9a3e88b878a8fa79514554459b7f884fd6f11fce134a7b6a844
figures/ica_vp_gwas_cor/figure4.R,deprecated/figures/ica_vp_gwas_cor/figure4.R,ICA/component-selection analyses are outside the active Results and figure manifest.,,f48bddde922b8b942f3c206592aea856f1ff3b30f2111d5395adba8324f5a325
figures/lysm_rlk_story/1489_LeafPhotoB_2025-09-08_16_53_25.747_crop1_rgb1008.png,deprecated/figures/lysm_rlk_story/1489_LeafPhotoB_2025-09-08_16_53_25.747_crop1_rgb1008.png,"Exploratory activation-map/source-crop output or local backup, absent from current manuscript figures.",,46abd907442de15b8e734be73974a253e903126aa68316519cbd743bce628150
figures/lysm_rlk_story/2492_LeafPhotoB_2025-09-08_12_07_02.332_crop0_embedding_std_466_spatial_diagnostic_cam_layers.csv,deprecated/figures/lysm_rlk_story/2492_LeafPhotoB_2025-09-08_12_07_02.332_crop0_embedding_std_466_spatial_diagnostic_cam_layers.csv,"Exploratory activation-map/source-crop output or local backup, absent from current manuscript figures.",,6847fff4847f61f47acf524f6fcc4a1a79119b9a37b309df212e135f1ee69d88
figures/lysm_rlk_story/2492_LeafPhotoB_2025-09-08_12_07_02.332_crop0_embedding_std_466_spatial_diagnostic_channel_values_grid.npy,deprecated/figures/lysm_rlk_story/2492_LeafPhotoB_2025-09-08_12_07_02.332_crop0_embedding_std_466_spatial_diagnostic_channel_values_grid.npy,"Exploratory activation-map/source-crop output or local backup, absent from current manuscript figures.",,c71d80b25f4545c50e1a501a40da4e554114ec437c854b2aca950791fa276aa1
figures/lysm_rlk_story/2492_LeafPhotoB_2025-09-08_12_07_02.332_crop0_embedding_std_466_spatial_diagnostic_channel_values_overlay.png,deprecated/figures/lysm_rlk_story/2492_LeafPhotoB_2025-09-08_12_07_02.332_crop0_embedding_std_466_spatial_diagnostic_channel_values_overlay.png,"Exploratory activation-map/source-crop output or local backup, absent from current manuscript figures.",,1e9b75094c600ff90c45bf60d95515e7eb89eec78c0d0ee7a0783e5e093a0bd0
figures/lysm_rlk_story/2492_LeafPhotoB_2025-09-08_12_07_02.332_crop0_embedding_std_466_spatial_diagnostic_gradcam_layer8_cam.npy,deprecated/figures/lysm_rlk_story/2492_LeafPhotoB_2025-09-08_12_07_02.332_crop0_embedding_std_466_spatial_diagnostic_gradcam_layer8_cam.npy,"Exploratory activation-map/source-crop output or local backup, absent from current manuscript figures.",,7efad3cb3cb6802a334da00befd6a227ef9e8d94a8e30b4fc8a08e27958091fb
figures/lysm_rlk_story/2492_LeafPhotoB_2025-09-08_12_07_02.332_crop0_embedding_std_466_spatial_diagnostic_gradcam_layer8_overlay.png,deprecated/figures/lysm_rlk_story/2492_LeafPhotoB_2025-09-08_12_07_02.332_crop0_embedding_std_466_spatial_diagnostic_gradcam_layer8_overlay.png,"Exploratory activation-map/source-crop output or local backup, absent from current manuscript figures.",,6dd2f3345e299f0645869bb7cb83ad1343dc730155fe539cf8d152a1724748b3
figures/lysm_rlk_story/2492_LeafPhotoB_2025-09-08_12_07_02.332_crop0_embedding_std_466_spatial_diagnostic_metadata.json,deprecated/figures/lysm_rlk_story/2492_LeafPhotoB_2025-09-08_12_07_02.332_crop0_embedding_std_466_spatial_diagnostic_metadata.json,"Exploratory activation-map/source-crop output or local backup, absent from current manuscript figures.",,09dd9109f0a19bd42e258b7261fa56dc6f20ea11ee91ba2650e7e71dd19ac62e
figures/lysm_rlk_story/2492_LeafPhotoB_2025-09-08_12_07_02.332_crop0_embedding_std_466_spatial_diagnostic_negative_cam_layers.csv,deprecated/figures/lysm_rlk_story/2492_LeafPhotoB_2025-09-08_12_07_02.332_crop0_embedding_std_466_spatial_diagnostic_negative_cam_layers.csv,"Exploratory activation-map/source-crop output or local backup, absent from current manuscript figures.",,23f6ae5e49be972a69f6c6b78ea75d74245ceb97640afcbab17e58333945d8a2
figures/lysm_rlk_story/2492_LeafPhotoB_2025-09-08_12_07_02.332_crop0_embedding_std_466_spatial_diagnostic_negative_channel_values_grid.npy,deprecated/figures/lysm_rlk_story/2492_LeafPhotoB_2025-09-08_12_07_02.332_crop0_embedding_std_466_spatial_diagnostic_negative_channel_values_grid.npy,"Exploratory activation-map/source-crop output or local backup, absent from current manuscript figures.",,c71d80b25f4545c50e1a501a40da4e554114ec437c854b2aca950791fa276aa1
figures/lysm_rlk_story/2492_LeafPhotoB_2025-09-08_12_07_02.332_crop0_embedding_std_466_spatial_diagnostic_negative_channel_values_overlay.png,deprecated/figures/lysm_rlk_story/2492_LeafPhotoB_2025-09-08_12_07_02.332_crop0_embedding_std_466_spatial_diagnostic_negative_channel_values_overlay.png,"Exploratory activation-map/source-crop output or local backup, absent from current manuscript figures.",,1e9b75094c600ff90c45bf60d95515e7eb89eec78c0d0ee7a0783e5e093a0bd0
figures/lysm_rlk_story/2492_LeafPhotoB_2025-09-08_12_07_02.332_crop0_embedding_std_466_spatial_diagnostic_negative_gradcam_layer8_cam.npy,deprecated/figures/lysm_rlk_story/2492_LeafPhotoB_2025-09-08_12_07_02.332_crop0_embedding_std_466_spatial_diagnostic_negative_gradcam_layer8_cam.npy,"Exploratory activation-map/source-crop output or local backup, absent from current manuscript figures.",,5e861f03757bc35d4a830b9bada0152bc03d6c0dfc76ae247da7daeff41f4dd8
figures/lysm_rlk_story/2492_LeafPhotoB_2025-09-08_12_07_02.332_crop0_embedding_std_466_spatial_diagnostic_negative_gradcam_layer8_overlay.png,deprecated/figures/lysm_rlk_story/2492_LeafPhotoB_2025-09-08_12_07_02.332_crop0_embedding_std_466_spatial_diagnostic_negative_gradcam_layer8_overlay.png,"Exploratory activation-map/source-crop output or local backup, absent from current manuscript figures.",,e981812353eb4ca6bbdb76fede801fac6e88493c5e5655b38a2b1484e1e07931
figures/lysm_rlk_story/2492_LeafPhotoB_2025-09-08_12_07_02.332_crop0_embedding_std_466_spatial_diagnostic_negative_metadata.json,deprecated/figures/lysm_rlk_story/2492_LeafPhotoB_2025-09-08_12_07_02.332_crop0_embedding_std_466_spatial_diagnostic_negative_metadata.json,"Exploratory activation-map/source-crop output or local backup, absent from current manuscript figures.",,55e647cab0eb73101f29489c30334e1a2abde9274ee2a0533eaee99936226526
figures/lysm_rlk_story/2492_LeafPhotoB_2025-09-08_12_07_02.332_crop0_embedding_std_466_spatial_diagnostic_negative_panel.png,deprecated/figures/lysm_rlk_story/2492_LeafPhotoB_2025-09-08_12_07_02.332_crop0_embedding_std_466_spatial_diagnostic_negative_panel.png,"Exploratory activation-map/source-crop output or local backup, absent from current manuscript figures.",,3366bee2d7fb05d97b26950260883e1b7af958cb2e4b6b9e81beced210a36644
figures/lysm_rlk_story/2492_LeafPhotoB_2025-09-08_12_07_02.332_crop0_embedding_std_466_spatial_diagnostic_negative_signed_deviation_grid.npy,deprecated/figures/lysm_rlk_story/2492_LeafPhotoB_2025-09-08_12_07_02.332_crop0_embedding_std_466_spatial_diagnostic_negative_signed_deviation_grid.npy,"Exploratory activation-map/source-crop output or local backup, absent from current manuscript figures.",,85b941150d9c9b9ccf09425eb53c39ec5c1c96a49453657fd7d738ae396bf86d
figures/lysm_rlk_story/2492_LeafPhotoB_2025-09-08_12_07_02.332_crop0_embedding_std_466_spatial_diagnostic_negative_signed_deviation_overlay.png,deprecated/figures/lysm_rlk_story/2492_LeafPhotoB_2025-09-08_12_07_02.332_crop0_embedding_std_466_spatial_diagnostic_negative_signed_deviation_overlay.png,"Exploratory activation-map/source-crop output or local backup, absent from current manuscript figures.",,a526af95da7ac1794d6ce248518c462e048dd186c34ec7daba5aec73e3834727
figures/lysm_rlk_story/2492_LeafPhotoB_2025-09-08_12_07_02.332_crop0_embedding_std_466_spatial_diagnostic_negative_std_variance_contribution_grid.npy,deprecated/figures/lysm_rlk_story/2492_LeafPhotoB_2025-09-08_12_07_02.332_crop0_embedding_std_466_spatial_diagnostic_negative_std_variance_contribution_grid.npy,"Exploratory activation-map/source-crop output or local backup, absent from current manuscript figures.",,147b285c2c0b30f8fb6c2e2e997b5d4f5e29e9f0cce59ef41b2c3334e89fc547
figures/lysm_rlk_story/2492_LeafPhotoB_2025-09-08_12_07_02.332_crop0_embedding_std_466_spatial_diagnostic_negative_std_variance_contribution_overlay.png,deprecated/figures/lysm_rlk_story/2492_LeafPhotoB_2025-09-08_12_07_02.332_crop0_embedding_std_466_spatial_diagnostic_negative_std_variance_contribution_overlay.png,"Exploratory activation-map/source-crop output or local backup, absent from current manuscript figures.",,e862bc218ff3e0cfffc035e03dba3cd1fc877b35c17d217d6c70a4410220dbbf
figures/lysm_rlk_story/2492_LeafPhotoB_2025-09-08_12_07_02.332_crop0_embedding_std_466_spatial_diagnostic_panel.png,deprecated/figures/lysm_rlk_story/2492_LeafPhotoB_2025-09-08_12_07_02.332_crop0_embedding_std_466_spatial_diagnostic_panel.png,"Exploratory activation-map/source-crop output or local backup, absent from current manuscript figures.",,0af26b79cca0251cb58803ad20166b05cd36cb06ff09c056f4988848408587cf
figures/lysm_rlk_story/2492_LeafPhotoB_2025-09-08_12_07_02.332_crop0_embedding_std_466_spatial_diagnostic_rgb1008.png,deprecated/figures/lysm_rlk_story/2492_LeafPhotoB_2025-09-08_12_07_02.332_crop0_embedding_std_466_spatial_diagnostic_rgb1008.png,"Exploratory activation-map/source-crop output or local backup, absent from current manuscript figures.",,7e2f32c9ebed85119c0d8e5f956c90bee3efc072e5117533be74d78e02853d6f
figures/lysm_rlk_story/2492_LeafPhotoB_2025-09-08_12_07_02.332_crop0_embedding_std_466_spatial_diagnostic_signed_deviation_grid.npy,deprecated/figures/lysm_rlk_story/2492_LeafPhotoB_2025-09-08_12_07_02.332_crop0_embedding_std_466_spatial_diagnostic_signed_deviation_grid.npy,"Exploratory activation-map/source-crop output or local backup, absent from current manuscript figures.",,85b941150d9c9b9ccf09425eb53c39ec5c1c96a49453657fd7d738ae396bf86d
figures/lysm_rlk_story/2492_LeafPhotoB_2025-09-08_12_07_02.332_crop0_embedding_std_466_spatial_diagnostic_signed_deviation_overlay.png,deprecated/figures/lysm_rlk_story/2492_LeafPhotoB_2025-09-08_12_07_02.332_crop0_embedding_std_466_spatial_diagnostic_signed_deviation_overlay.png,"Exploratory activation-map/source-crop output or local backup, absent from current manuscript figures.",,a526af95da7ac1794d6ce248518c462e048dd186c34ec7daba5aec73e3834727
figures/lysm_rlk_story/2492_LeafPhotoB_2025-09-08_12_07_02.332_crop0_embedding_std_466_spatial_diagnostic_std_variance_contribution_grid.npy,deprecated/figures/lysm_rlk_story/2492_LeafPhotoB_2025-09-08_12_07_02.332_crop0_embedding_std_466_spatial_diagnostic_std_variance_contribution_grid.npy,"Exploratory activation-map/source-crop output or local backup, absent from current manuscript figures.",,147b285c2c0b30f8fb6c2e2e997b5d4f5e29e9f0cce59ef41b2c3334e89fc547
figures/lysm_rlk_story/2492_LeafPhotoB_2025-09-08_12_07_02.332_crop0_embedding_std_466_spatial_diagnostic_std_variance_contribution_overlay.png,deprecated/figures/lysm_rlk_story/2492_LeafPhotoB_2025-09-08_12_07_02.332_crop0_embedding_std_466_spatial_diagnostic_std_variance_contribution_overlay.png,"Exploratory activation-map/source-crop output or local backup, absent from current manuscript figures.",,e862bc218ff3e0cfffc035e03dba3cd1fc877b35c17d217d6c70a4410220dbbf
figures/lysm_rlk_story/2668_LeafPhotoA_2025-09-09_11_41_41.343_crop1_cam_summary.csv,deprecated/figures/lysm_rlk_story/2668_LeafPhotoA_2025-09-09_11_41_41.343_crop1_cam_summary.csv,"Exploratory activation-map/source-crop output or local backup, absent from current manuscript figures.",,d6b71b42e721a80a10b6fe881a612ee04f9ad164557dc57c62fe99f0d728bf1d
figures/lysm_rlk_story/2668_LeafPhotoA_2025-09-09_11_41_41.343_crop1_embedding_std_466_gradcam_cam.npy,deprecated/figures/lysm_rlk_story/2668_LeafPhotoA_2025-09-09_11_41_41.343_crop1_embedding_std_466_gradcam_cam.npy,"Exploratory activation-map/source-crop output or local backup, absent from current manuscript figures.",,9e10bc3fa2848bb02297037f217e217a874f5aa427f1bf19aa99d0e18f78edb5
figures/lysm_rlk_story/2668_LeafPhotoA_2025-09-09_11_41_41.343_crop1_embedding_std_466_gradcam_metadata.json,deprecated/figures/lysm_rlk_story/2668_LeafPhotoA_2025-09-09_11_41_41.343_crop1_embedding_std_466_gradcam_metadata.json,"Exploratory activation-map/source-crop output or local backup, absent from current manuscript figures.",,13e1b21f12e342b6ce75b2f3fccb43e22b0c3a991ebcdc1ab44c52eefd141f47
figures/lysm_rlk_story/2668_LeafPhotoA_2025-09-09_11_41_41.343_crop1_embedding_std_466_gradcam_overlay.png,deprecated/figures/lysm_rlk_story/2668_LeafPhotoA_2025-09-09_11_41_41.343_crop1_embedding_std_466_gradcam_overlay.png,"Exploratory activation-map/source-crop output or local backup, absent from current manuscript figures.",,cf4ccf9436321ac865a794cb019aeabbf8a11ba6cd73ae898a1473b096ebddce
figures/lysm_rlk_story/2668_LeafPhotoA_2025-09-09_11_41_41.343_crop1_embedding_std_466_gradcam_side_by_side.png,deprecated/figures/lysm_rlk_story/2668_LeafPhotoA_2025-09-09_11_41_41.343_crop1_embedding_std_466_gradcam_side_by_side.png,"Exploratory activation-map/source-crop output or local backup, absent from current manuscript figures.",,9fb18e556e61d38e4dbc8161aaa6465a0e50b5f92fae252f9a6c16f751f96bd4
figures/lysm_rlk_story/2668_LeafPhotoA_2025-09-09_11_41_41.343_crop1_embedding_std_466_spatial_diagnostic_cam_layers.csv,deprecated/figures/lysm_rlk_story/2668_LeafPhotoA_2025-09-09_11_41_41.343_crop1_embedding_std_466_spatial_diagnostic_cam_layers.csv,"Exploratory activation-map/source-crop output or local backup, absent from current manuscript figures.",,75b51c6eaa386159ff59c5fc944658730e43d1bde4f0cb341bdf720d8e37f094
figures/lysm_rlk_story/2668_LeafPhotoA_2025-09-09_11_41_41.343_crop1_embedding_std_466_spatial_diagnostic_channel_values_grid.npy,deprecated/figures/lysm_rlk_story/2668_LeafPhotoA_2025-09-09_11_41_41.343_crop1_embedding_std_466_spatial_diagnostic_channel_values_grid.npy,"Exploratory activation-map/source-crop output or local backup, absent from current manuscript figures.",,23034d62d9248bd1819fa9392ba6c94700cdf4c6f4b2b1df977daf7a6adf2278
figures/lysm_rlk_story/2668_LeafPhotoA_2025-09-09_11_41_41.343_crop1_embedding_std_466_spatial_diagnostic_channel_values_overlay.png,deprecated/figures/lysm_rlk_story/2668_LeafPhotoA_2025-09-09_11_41_41.343_crop1_embedding_std_466_spatial_diagnostic_channel_values_overlay.png,"Exploratory activation-map/source-crop output or local backup, absent from current manuscript figures.",,ea0e65038b097a16c4d9f5be1381a79cb3eb5ade580598e799d829cc5f119ae5
figures/lysm_rlk_story/2668_LeafPhotoA_2025-09-09_11_41_41.343_crop1_embedding_std_466_spatial_diagnostic_gradcam_layer10_cam.npy,deprecated/figures/lysm_rlk_story/2668_LeafPhotoA_2025-09-09_11_41_41.343_crop1_embedding_std_466_spatial_diagnostic_gradcam_layer10_cam.npy,"Exploratory activation-map/source-crop output or local backup, absent from current manuscript figures.",,da8c85b011c022f51c92e5766889ef965b175be2337dc5550c2f7de98a4721d2
figures/lysm_rlk_story/2668_LeafPhotoA_2025-09-09_11_41_41.343_crop1_embedding_std_466_spatial_diagnostic_gradcam_layer10_overlay.png,deprecated/figures/lysm_rlk_story/2668_LeafPhotoA_2025-09-09_11_41_41.343_crop1_embedding_std_466_spatial_diagnostic_gradcam_layer10_overlay.png,"Exploratory activation-map/source-crop output or local backup, absent from current manuscript figures.",,9d36baaecc2abb774452cf7183e668eb983b9d7d06ef3f27adf4aaa364019ff5
figures/lysm_rlk_story/2668_LeafPhotoA_2025-09-09_11_41_41.343_crop1_embedding_std_466_spatial_diagnostic_gradcam_layer11_cam.npy,deprecated/figures/lysm_rlk_story/2668_LeafPhotoA_2025-09-09_11_41_41.343_crop1_embedding_std_466_spatial_diagnostic_gradcam_layer11_cam.npy,"Exploratory activation-map/source-crop output or local backup, absent from current manuscript figures.",,da3ee756bd2ad0d4e195f6adb790352b2446bbedcc7894d80f7f405a191af1ff
figures/lysm_rlk_story/2668_LeafPhotoA_2025-09-09_11_41_41.343_crop1_embedding_std_466_spatial_diagnostic_gradcam_layer11_overlay.png,deprecated/figures/lysm_rlk_story/2668_LeafPhotoA_2025-09-09_11_41_41.343_crop1_embedding_std_466_spatial_diagnostic_gradcam_layer11_overlay.png,"Exploratory activation-map/source-crop output or local backup, absent from current manuscript figures.",,2785bdf7cafe434941ad45c83941f2a3a443a68cfc2650471bc81937ce8ae640
figures/lysm_rlk_story/2668_LeafPhotoA_2025-09-09_11_41_41.343_crop1_embedding_std_466_spatial_diagnostic_gradcam_layer12_cam.npy,deprecated/figures/lysm_rlk_story/2668_LeafPhotoA_2025-09-09_11_41_41.343_crop1_embedding_std_466_spatial_diagnostic_gradcam_layer12_cam.npy,"Exploratory activation-map/source-crop output or local backup, absent from current manuscript figures.",,291d6a10d81ce17d1becb6b29e629c0e12b3aeae1d3efd14cf9bf8447ec2b468
figures/lysm_rlk_story/2668_LeafPhotoA_2025-09-09_11_41_41.343_crop1_embedding_std_466_spatial_diagnostic_gradcam_layer12_overlay.png,deprecated/figures/lysm_rlk_story/2668_LeafPhotoA_2025-09-09_11_41_41.343_crop1_embedding_std_466_spatial_diagnostic_gradcam_layer12_overlay.png,"Exploratory activation-map/source-crop output or local backup, absent from current manuscript figures.",,bdc9e1b61d18870aeb399b4b8937942f2e35992b21989420da296b0ce6d2f95e
figures/lysm_rlk_story/2668_LeafPhotoA_2025-09-09_11_41_41.343_crop1_embedding_std_466_spatial_diagnostic_gradcam_layer15_cam.npy,deprecated/figures/lysm_rlk_story/2668_LeafPhotoA_2025-09-09_11_41_41.343_crop1_embedding_std_466_spatial_diagnostic_gradcam_layer15_cam.npy,"Exploratory activation-map/source-crop output or local backup, absent from current manuscript figures.",,620926e70afde42d12c6850322ab0b5c99f84619fa116806d6c73cf1eae6d518
figures/lysm_rlk_story/2668_LeafPhotoA_2025-09-09_11_41_41.343_crop1_embedding_std_466_spatial_diagnostic_gradcam_layer15_overlay.png,deprecated/figures/lysm_rlk_story/2668_LeafPhotoA_2025-09-09_11_41_41.343_crop1_embedding_std_466_spatial_diagnostic_gradcam_layer15_overlay.png,"Exploratory activation-map/source-crop output or local backup, absent from current manuscript figures.",,e286b2f7781e1820f42cdc22d95057f8ed1bd44fef89abd26176a6d4cf376fe3
figures/lysm_rlk_story/2668_LeafPhotoA_2025-09-09_11_41_41.343_crop1_embedding_std_466_spatial_diagnostic_gradcam_layer23_cam.npy,deprecated/figures/lysm_rlk_story/2668_LeafPhotoA_2025-09-09_11_41_41.343_crop1_embedding_std_466_spatial_diagnostic_gradcam_layer23_cam.npy,"Exploratory activation-map/source-crop output or local backup, absent from current manuscript figures.",,a2b936f3246eedd7d28f4b3c7e07ddbef9224cedcece25d7c9061270cf00bd94
figures/lysm_rlk_story/2668_LeafPhotoA_2025-09-09_11_41_41.343_crop1_embedding_std_466_spatial_diagnostic_gradcam_layer23_overlay.png,deprecated/figures/lysm_rlk_story/2668_LeafPhotoA_2025-09-09_11_41_41.343_crop1_embedding_std_466_spatial_diagnostic_gradcam_layer23_overlay.png,"Exploratory activation-map/source-crop output or local backup, absent from current manuscript figures.",,6346b312fb298fef4b725ba9718b08f1f465125fda5c7472bf68062ac461f64b
figures/lysm_rlk_story/2668_LeafPhotoA_2025-09-09_11_41_41.343_crop1_embedding_std_466_spatial_diagnostic_gradcam_layer31_cam.npy,deprecated/figures/lysm_rlk_story/2668_LeafPhotoA_2025-09-09_11_41_41.343_crop1_embedding_std_466_spatial_diagnostic_gradcam_layer31_cam.npy,"Exploratory activation-map/source-crop output or local backup, absent from current manuscript figures.",,9e10bc3fa2848bb02297037f217e217a874f5aa427f1bf19aa99d0e18f78edb5
figures/lysm_rlk_story/2668_LeafPhotoA_2025-09-09_11_41_41.343_crop1_embedding_std_466_spatial_diagnostic_gradcam_layer31_overlay.png,deprecated/figures/lysm_rlk_story/2668_LeafPhotoA_2025-09-09_11_41_41.343_crop1_embedding_std_466_spatial_diagnostic_gradcam_layer31_overlay.png,"Exploratory activation-map/source-crop output or local backup, absent from current manuscript figures.",,cf4ccf9436321ac865a794cb019aeabbf8a11ba6cd73ae898a1473b096ebddce
figures/lysm_rlk_story/2668_LeafPhotoA_2025-09-09_11_41_41.343_crop1_embedding_std_466_spatial_diagnostic_gradcam_layer4_cam.npy,deprecated/figures/lysm_rlk_story/2668_LeafPhotoA_2025-09-09_11_41_41.343_crop1_embedding_std_466_spatial_diagnostic_gradcam_layer4_cam.npy,"Exploratory activation-map/source-crop output or local backup, absent from current manuscript figures.",,32064a1beb1536496d7fd33cdc8f83cc0cd83e8b5bf8061babf2ca18502d42fa
figures/lysm_rlk_story/2668_LeafPhotoA_2025-09-09_11_41_41.343_crop1_embedding_std_466_spatial_diagnostic_gradcam_layer4_overlay.png,deprecated/figures/lysm_rlk_story/2668_LeafPhotoA_2025-09-09_11_41_41.343_crop1_embedding_std_466_spatial_diagnostic_gradcam_layer4_overlay.png,"Exploratory activation-map/source-crop output or local backup, absent from current manuscript figures.",,17eaea495bf793415dd0b150f735240ec757db43fd717d9bc79adff378d2307c
figures/lysm_rlk_story/2668_LeafPhotoA_2025-09-09_11_41_41.343_crop1_embedding_std_466_spatial_diagnostic_gradcam_layer5_cam.npy,deprecated/figures/lysm_rlk_story/2668_LeafPhotoA_2025-09-09_11_41_41.343_crop1_embedding_std_466_spatial_diagnostic_gradcam_layer5_cam.npy,"Exploratory activation-map/source-crop output or local backup, absent from current manuscript figures.",,e1f43c8bc4eaaa56a4c8ef95b0981860897ebab02024a5dda05090ebbc64ceee
figures/lysm_rlk_story/2668_LeafPhotoA_2025-09-09_11_41_41.343_crop1_embedding_std_466_spatial_diagnostic_gradcam_layer5_overlay.png,deprecated/figures/lysm_rlk_story/2668_LeafPhotoA_2025-09-09_11_41_41.343_crop1_embedding_std_466_spatial_diagnostic_gradcam_layer5_overlay.png,"Exploratory activation-map/source-crop output or local backup, absent from current manuscript figures.",,8a2f83774c3e9ffd4cdefe6fe5a273f16e8d5c55db9cdac2c94b83d995026978
figures/lysm_rlk_story/2668_LeafPhotoA_2025-09-09_11_41_41.343_crop1_embedding_std_466_spatial_diagnostic_gradcam_layer6_cam.npy,deprecated/figures/lysm_rlk_story/2668_LeafPhotoA_2025-09-09_11_41_41.343_crop1_embedding_std_466_spatial_diagnostic_gradcam_layer6_cam.npy,"Exploratory activation-map/source-crop output or local backup, absent from current manuscript figures.",,405805d956672a788eca54621b90da70d9e4efab3c9698806dff96a8f2c12e9a
figures/lysm_rlk_story/2668_LeafPhotoA_2025-09-09_11_41_41.343_crop1_embedding_std_466_spatial_diagnostic_gradcam_layer6_overlay.png,deprecated/figures/lysm_rlk_story/2668_LeafPhotoA_2025-09-09_11_41_41.343_crop1_embedding_std_466_spatial_diagnostic_gradcam_layer6_overlay.png,"Exploratory activation-map/source-crop output or local backup, absent from current manuscript figures.",,24b0af1a5e73d8ba094e191e127ebaedad70a745d033a535eee668c4612f02db
figures/lysm_rlk_story/2668_LeafPhotoA_2025-09-09_11_41_41.343_crop1_embedding_std_466_spatial_diagnostic_gradcam_layer7_cam.npy,deprecated/figures/lysm_rlk_story/2668_LeafPhotoA_2025-09-09_11_41_41.343_crop1_embedding_std_466_spatial_diagnostic_gradcam_layer7_cam.npy,"Exploratory activation-map/source-crop output or local backup, absent from current manuscript figures.",,a0894325879f1213176f042e96ce41fbbb74cac2c5b767865643453eb71da876
figures/lysm_rlk_story/2668_LeafPhotoA_2025-09-09_11_41_41.343_crop1_embedding_std_466_spatial_diagnostic_gradcam_layer7_overlay.png,deprecated/figures/lysm_rlk_story/2668_LeafPhotoA_2025-09-09_11_41_41.343_crop1_embedding_std_466_spatial_diagnostic_gradcam_layer7_overlay.png,"Exploratory activation-map/source-crop output or local backup, absent from current manuscript figures.",,013ac8762b326ddf7d94d470d8c9f0c26de8fd9bf07f14ca80b16fd926ece2d9
figures/lysm_rlk_story/2668_LeafPhotoA_2025-09-09_11_41_41.343_crop1_embedding_std_466_spatial_diagnostic_gradcam_layer8_cam.npy,deprecated/figures/lysm_rlk_story/2668_LeafPhotoA_2025-09-09_11_41_41.343_crop1_embedding_std_466_spatial_diagnostic_gradcam_layer8_cam.npy,"Exploratory activation-map/source-crop output or local backup, absent from current manuscript figures.",,8b7fb7417236a7b99cb702ea42e345ec8d11bd19b25c334290c51385a029a8a5
figures/lysm_rlk_story/2668_LeafPhotoA_2025-09-09_11_41_41.343_crop1_embedding_std_466_spatial_diagnostic_gradcam_layer8_overlay.png,deprecated/figures/lysm_rlk_story/2668_LeafPhotoA_2025-09-09_11_41_41.343_crop1_embedding_std_466_spatial_diagnostic_gradcam_layer8_overlay.png,"Exploratory activation-map/source-crop output or local backup, absent from current manuscript figures.",,a8ce3fa125a81f9974e5833102de33ae854bdff9915b48abc48ec8f9098d30d1
figures/lysm_rlk_story/2668_LeafPhotoA_2025-09-09_11_41_41.343_crop1_embedding_std_466_spatial_diagnostic_gradcam_layer9_cam.npy,deprecated/figures/lysm_rlk_story/2668_LeafPhotoA_2025-09-09_11_41_41.343_crop1_embedding_std_466_spatial_diagnostic_gradcam_layer9_cam.npy,"Exploratory activation-map/source-crop output or local backup, absent from current manuscript figures.",,02940b529b064a1b54f441bb3dadc61ef5c87cf5a596fef63c53b45dc6ef5174
figures/lysm_rlk_story/2668_LeafPhotoA_2025-09-09_11_41_41.343_crop1_embedding_std_466_spatial_diagnostic_gradcam_layer9_overlay.png,deprecated/figures/lysm_rlk_story/2668_LeafPhotoA_2025-09-09_11_41_41.343_crop1_embedding_std_466_spatial_diagnostic_gradcam_layer9_overlay.png,"Exploratory activation-map/source-crop output or local backup, absent from current manuscript figures.",,fe6dd957f5749adf42d4d4c3d0b694fb98f7cf6a3d685413e292fec22fb365d5
figures/lysm_rlk_story/2668_LeafPhotoA_2025-09-09_11_41_41.343_crop1_embedding_std_466_spatial_diagnostic_layers4_12_panel.png,deprecated/figures/lysm_rlk_story/2668_LeafPhotoA_2025-09-09_11_41_41.343_crop1_embedding_std_466_spatial_diagnostic_layers4_12_panel.png,"Exploratory activation-map/source-crop output or local backup, absent from current manuscript figures.",,9a763c11338408e0111af388551cf0f010cd2c7a147e31ef9c35a1e2854c624f
figures/lysm_rlk_story/2668_LeafPhotoA_2025-09-09_11_41_41.343_crop1_embedding_std_466_spatial_diagnostic_metadata.json,deprecated/figures/lysm_rlk_story/2668_LeafPhotoA_2025-09-09_11_41_41.343_crop1_embedding_std_466_spatial_diagnostic_metadata.json,"Exploratory activation-map/source-crop output or local backup, absent from current manuscript figures.",,d5fe6c65e501f63a7d7634785187fb921910f79dbfb0562dc32d703e2bf35efd
figures/lysm_rlk_story/2668_LeafPhotoA_2025-09-09_11_41_41.343_crop1_embedding_std_466_spatial_diagnostic_panel.png,deprecated/figures/lysm_rlk_story/2668_LeafPhotoA_2025-09-09_11_41_41.343_crop1_embedding_std_466_spatial_diagnostic_panel.png,"Exploratory activation-map/source-crop output or local backup, absent from current manuscript figures.",,afc68516726a10630f2ad2a981d5bd35729ed7b90504ea74a83b326ebf399ba6
figures/lysm_rlk_story/2668_LeafPhotoA_2025-09-09_11_41_41.343_crop1_embedding_std_466_spatial_diagnostic_rgb1008.png,deprecated/figures/lysm_rlk_story/2668_LeafPhotoA_2025-09-09_11_41_41.343_crop1_embedding_std_466_spatial_diagnostic_rgb1008.png,"Exploratory activation-map/source-crop output or local backup, absent from current manuscript figures.",,450bd76918fd97997c93653bf621b4058b11751d87a45b22068f389cfdbfad66
figures/lysm_rlk_story/2668_LeafPhotoA_2025-09-09_11_41_41.343_crop1_embedding_std_466_spatial_diagnostic_signed_deviation_grid.npy,deprecated/figures/lysm_rlk_story/2668_LeafPhotoA_2025-09-09_11_41_41.343_crop1_embedding_std_466_spatial_diagnostic_signed_deviation_grid.npy,"Exploratory activation-map/source-crop output or local backup, absent from current manuscript figures.",,82433b9b488e13edc780bee8c96053e77c6344b97b246e4992e6f09f2a3998eb
figures/lysm_rlk_story/2668_LeafPhotoA_2025-09-09_11_41_41.343_crop1_embedding_std_466_spatial_diagnostic_signed_deviation_overlay.png,deprecated/figures/lysm_rlk_story/2668_LeafPhotoA_2025-09-09_11_41_41.343_crop1_embedding_std_466_spatial_diagnostic_signed_deviation_overlay.png,"Exploratory activation-map/source-crop output or local backup, absent from current manuscript figures.",,bd82dcacb61543bef0280b035cabaa8a26695fb3e468f3ee71bbee39f24b95bb
figures/lysm_rlk_story/2668_LeafPhotoA_2025-09-09_11_41_41.343_crop1_embedding_std_466_spatial_diagnostic_std_variance_contribution_grid.npy,deprecated/figures/lysm_rlk_story/2668_LeafPhotoA_2025-09-09_11_41_41.343_crop1_embedding_std_466_spatial_diagnostic_std_variance_contribution_grid.npy,"Exploratory activation-map/source-crop output or local backup, absent from current manuscript figures.",,5416d7177f3eacb208f595184793d693ef14de007602bea8f0e57e0231fa28b2
figures/lysm_rlk_story/2668_LeafPhotoA_2025-09-09_11_41_41.343_crop1_embedding_std_466_spatial_diagnostic_std_variance_contribution_overlay.png,deprecated/figures/lysm_rlk_story/2668_LeafPhotoA_2025-09-09_11_41_41.343_crop1_embedding_std_466_spatial_diagnostic_std_variance_contribution_overlay.png,"Exploratory activation-map/source-crop output or local backup, absent from current manuscript figures.",,42177f7f69cf082dbbcd1c15cce7aae8622e9cd70a4a37c30ccf82e06b421718
figures/lysm_rlk_story/2668_LeafPhotoA_2025-09-09_11_41_41.343_crop1_rgb1008.png,deprecated/figures/lysm_rlk_story/2668_LeafPhotoA_2025-09-09_11_41_41.343_crop1_rgb1008.png,"Exploratory activation-map/source-crop output or local backup, absent from current manuscript figures.",,450bd76918fd97997c93653bf621b4058b11751d87a45b22068f389cfdbfad66
figures/lysm_rlk_story/2719_LeafPhotoA_2025-09-09_10_39_28.624_crop0_cam_summary.csv,deprecated/figures/lysm_rlk_story/2719_LeafPhotoA_2025-09-09_10_39_28.624_crop0_cam_summary.csv,"Exploratory activation-map/source-crop output or local backup, absent from current manuscript figures.",,fef092589ffb57bdc4647bbfac242e565862fab5cbddab115d8300a175a231ff
figures/lysm_rlk_story/2719_LeafPhotoA_2025-09-09_10_39_28.624_crop0_embedding_std_466_gradcam_cam.npy,deprecated/figures/lysm_rlk_story/2719_LeafPhotoA_2025-09-09_10_39_28.624_crop0_embedding_std_466_gradcam_cam.npy,"Exploratory activation-map/source-crop output or local backup, absent from current manuscript figures.",,79fb059aee4d4138b969af18eb894349d0363a40fb7596522ef1c4a6030b7bf9
figures/lysm_rlk_story/2719_LeafPhotoA_2025-09-09_10_39_28.624_crop0_embedding_std_466_gradcam_metadata.json,deprecated/figures/lysm_rlk_story/2719_LeafPhotoA_2025-09-09_10_39_28.624_crop0_embedding_std_466_gradcam_metadata.json,"Exploratory activation-map/source-crop output or local backup, absent from current manuscript figures.",,b36ef4f0d8c68b1fe2fda3abe6f94dcad6c7b5ba1e1e8dc8762af7d877dec7bb
figures/lysm_rlk_story/2719_LeafPhotoA_2025-09-09_10_39_28.624_crop0_embedding_std_466_gradcam_overlay.png,deprecated/figures/lysm_rlk_story/2719_LeafPhotoA_2025-09-09_10_39_28.624_crop0_embedding_std_466_gradcam_overlay.png,"Exploratory activation-map/source-crop output or local backup, absent from current manuscript figures.",,cc4e7f73e819890766ee5912500c6eb584b14395d84d37168e57a299598cce8a
figures/lysm_rlk_story/2719_LeafPhotoA_2025-09-09_10_39_28.624_crop0_embedding_std_466_gradcam_side_by_side.png,deprecated/figures/lysm_rlk_story/2719_LeafPhotoA_2025-09-09_10_39_28.624_crop0_embedding_std_466_gradcam_side_by_side.png,"Exploratory activation-map/source-crop output or local backup, absent from current manuscript figures.",,f0b61c99ab9ca6e0edb507078cea6faa870d5c2fcc847f2783de484476a11c55
figures/lysm_rlk_story/2719_LeafPhotoA_2025-09-09_10_39_28.624_crop0_rgb1008.png,deprecated/figures/lysm_rlk_story/2719_LeafPhotoA_2025-09-09_10_39_28.624_crop0_rgb1008.png,"Exploratory activation-map/source-crop output or local backup, absent from current manuscript figures.",,d1d05017f49a5e7dc736f1ce8d8f3515fe2caf9fadc91c86439b1f9b11210181
figures/lysm_rlk_story/LEGEND.md,deprecated/figures/lysm_rlk_story/LEGEND.md,Historical or intermediate material outside the active paper.,,1395d7c148ead4098e546520b5b66c2e54ac6af53fba61e31f1093785726ec2c
figures/lysm_rlk_story/compute.log,deprecated/figures/lysm_rlk_story/compute.log,"Transient cache, local-agent state, shell/R history or run log; preserve only selected scientific run metadata.",,f5f8d513bbd1ce8baf5bdfb90eb16b45cb6a198366fcf4f212cf2474552e1ada
figures/lysm_rlk_story/embedding_std_466_gradcam_examples.csv,deprecated/figures/lysm_rlk_story/embedding_std_466_gradcam_examples.csv,"Exploratory activation-map/source-crop output or local backup, absent from current manuscript figures.",,c0f3b8ff8366a272726e7e9c4e1a4e272ef7d60cf63eb8887f01c962cd389062
figures/lysm_rlk_story/embedding_std_466_layer8_high_low_2x2.png,deprecated/figures/lysm_rlk_story/embedding_std_466_layer8_high_low_2x2.png,Historical or intermediate material outside the active paper.,,d09d47e650bfcd906003f65a65afa8df810c28938114bfd542785f3c3d164cc7
figures/lysm_rlk_story/embedding_std_466_layer8_high_positive_low_negative_2x2.png,deprecated/figures/lysm_rlk_story/embedding_std_466_layer8_high_positive_low_negative_2x2.png,Historical or intermediate material outside the active paper.,,b401e2e5fc58ab9a60d516ba45eae0b33dd346e735daf45dd69034a7b3568e12
figures/lysm_rlk_story/embedding_std_466_low_layer8_positive_vs_negative.png,deprecated/figures/lysm_rlk_story/embedding_std_466_low_layer8_positive_vs_negative.png,Historical or intermediate material outside the active paper.,,dcf9295e4aba1bfb359dcfa1083ddb20697c64f652bb66232ed52b025f84f2dd
figures/lysm_rlk_story/joint_allele_model.py,deprecated/figures/lysm_rlk_story/joint_allele_model.py,Older LysM conditional model; the current disease-BLUE and covariate-corrected checks are retained in check_chr9_candidate_claims.py.,,f0a4d2ced952b8f79e7a01d66217c5aec25651a4f622f651a7762e3c2c1027bd
figures/lysm_rlk_story/joint_allele_model_findings.md,deprecated/figures/lysm_rlk_story/joint_allele_model_findings.md,Historical or intermediate material outside the active paper.,,c4069e6f1823e5f9a6388b7ca2757b2c320bdcc6636eb173652aa3ba9a6bd2ae
figures/lysm_rlk_story/joint_pvalues.json,deprecated/figures/lysm_rlk_story/joint_pvalues.json,Historical or intermediate material outside the active paper.,,7f4a50642de250d65a1cf22ff8bd403c60b3ab2bd83aad5efe76630afff05500
figures/lysm_rlk_story/line_categories.csv,deprecated/figures/lysm_rlk_story/line_categories.csv,Historical or intermediate material outside the active paper.,,64b916842802b2d5619c11863905040fdc22965cca341345cb9ea329e2978da8
figures/lysm_rlk_story/lysm_rlk_story.png,deprecated/figures/lysm_rlk_story/lysm_rlk_story.png,Historical or intermediate material outside the active paper.,,b6f3ee2d39ae140f0e78ed12c9ca588cd84cf11e190d03a169d9a972b7c132ba
figures/lysm_rlk_story/lysm_rlk_story_v1_template.png,deprecated/figures/lysm_rlk_story/lysm_rlk_story_v1_template.png,Historical or intermediate material outside the active paper.,,eb5ee31cdea3ae973b0a7b1ace74ad782f4fee675d5033ed0be64df0491fd329
figures/lysm_rlk_story/lysm_rlk_story_v2_template.png,deprecated/figures/lysm_rlk_story/lysm_rlk_story_v2_template.png,Historical or intermediate material outside the active paper.,,33cef6b75888753b1426865a0a5bc6e62445b89ead8938458ab216ad1e3d99a5
figures/lysm_rlk_story/make_lysm_figure.py,deprecated/figures/lysm_rlk_story/make_lysm_figure.py,Exploratory candidate tests or superseded figure layout are absent from the active manuscript; preserve historical provenance in the archive.,,0e78b969d25c3ddb975812863f902b884b0f665ae32761dd3e369587c5feb8a9
figures/lysm_rlk_story/make_lysm_figure_v1_template.py,deprecated/figures/lysm_rlk_story/make_lysm_figure_v1_template.py,Exploratory candidate tests or superseded figure layout are absent from the active manuscript; preserve historical provenance in the archive.,,b637b41f91365c3ccd7484c8f5286eb7938a49bb26b3a0ab870fd30d85cc24fd
figures/lysm_rlk_story/make_lysm_figure_v2.py,deprecated/figures/lysm_rlk_story/make_lysm_figure_v2.py,Exploratory candidate tests or superseded figure layout are absent from the active manuscript; preserve historical provenance in the archive.,,6eefd835e304412ae2523b1be8a6e5f0dc500e16c86de2db258c8c00f146f957
figures/lysm_rlk_story/make_lysm_figure_v2_template.py,deprecated/figures/lysm_rlk_story/make_lysm_figure_v2_template.py,Exploratory candidate tests or superseded figure layout are absent from the active manuscript; preserve historical provenance in the archive.,,c7a8824bbe2919f0919dd853dcc1f45a9db9a6b3e2ce59512b905216f9100b00
figures/lysm_rlk_story/mlm_pvalues.json,deprecated/figures/lysm_rlk_story/mlm_pvalues.json,Historical or intermediate material outside the active paper.,,3323741ac1d43b9040362b46e0f3a8ea48bf5a7b5d7b79d3981137842080008f
figures/main/figure2/partial_correlation_distributions.R,deprecated/figures/main/figure2/partial_correlation_distributions.R,Exploratory candidate tests or superseded figure layout are absent from the active manuscript; preserve historical provenance in the archive.,,90969dae1ddc49811f3899497e1dae3bcf6fca2676f90b4505c25b9b5f049b08
figures/mask_area/mask_area_histograms.png,deprecated/figures/mask_area/mask_area_histograms.png,Historical or intermediate material outside the active paper.,,2083d3f9153bededc2f4ecd603bbca0972fb0668bde3b0fa4941044684a8d177
figures/mask_area/mask_area_histograms_2016crop_dedup.png,deprecated/figures/mask_area/mask_area_histograms_2016crop_dedup.png,Historical or intermediate material outside the active paper.,,87e19d9fabe4b4358df97609010277169d6b13dea0b9d2a4239d01c885d372a9
figures/supplemental/gdsl_hotspots/chr2_gloss_score_significance.csv,deprecated/figures/supplemental/gdsl_hotspots/chr2_gloss_score_significance.csv,Old/raw-score or duplicated panel input superseded by current BLUE/test exports; remove only after all retained reader paths are updated.,,0facbfb95fd68336269213a6b67b04664bbf4841c50081548558fca1604e418b
figures/supplemental/gdsl_hotspots/chr4_gdsl_score_significance.csv,deprecated/figures/supplemental/gdsl_hotspots/chr4_gdsl_score_significance.csv,Old/raw-score or duplicated panel input superseded by current BLUE/test exports; remove only after all retained reader paths are updated.,,a11044610543db17beba2ac211815b924a65329997403049c40a8c08732fa292
figures/supplemental/gdsl_hotspots/genotypes_common.csv,deprecated/figures/supplemental/gdsl_hotspots/genotypes_common.csv,Old/raw-score or duplicated panel input superseded by current BLUE/test exports; remove only after all retained reader paths are updated.,,2f3672d96315f3d1dd0ab14cd790c32951e26cbc21ac637288ae94e7075066fd
figures/supplemental/gdsl_hotspots/human_disease_scores.csv,deprecated/figures/supplemental/gdsl_hotspots/human_disease_scores.csv,Old/raw-score or duplicated panel input superseded by current BLUE/test exports; remove only after all retained reader paths are updated.,,d918c0e1860a3f16abed4fc3aab8d09766fad504a87cb86f7e9a6347f390b71f
figures/supplemental/ja_hotspots/chr4_candidate_tpm_human_score_significance.csv,deprecated/figures/supplemental/ja_hotspots/chr4_candidate_tpm_human_score_significance.csv,Unused expression-as-disease predictor or former UGT biomass branch; distinct from the retained marker eQTL panel.,,00b36d8d046f4594f8f756ac427f2da2f693ba9790af01de7474039441cb533b
figures/supplemental/ja_hotspots/chr4_candidate_tpm_human_score_significance.metadata.json,deprecated/figures/supplemental/ja_hotspots/chr4_candidate_tpm_human_score_significance.metadata.json,Unused expression-as-disease predictor or former UGT biomass branch; distinct from the retained marker eQTL panel.,,3e7d4f6a0066ef1979b862a328e9e49720b766a3e26048cbda5dce649a69dedf
figures/supplemental/ja_hotspots/chr4_ja_score_significance.csv,deprecated/figures/supplemental/ja_hotspots/chr4_ja_score_significance.csv,Old/raw-score or duplicated panel input superseded by current BLUE/test exports; remove only after all retained reader paths are updated.,,ee9a44fd03f13fafd751a116a524b0c8f79704e28817c051c2d1883b1f50150e
figures/supplemental/ja_hotspots/chr9_candidate_tpm_human_score_significance.csv,deprecated/figures/supplemental/ja_hotspots/chr9_candidate_tpm_human_score_significance.csv,Unused expression-as-disease predictor or former UGT biomass branch; distinct from the retained marker eQTL panel.,,844b44981d38924a90affc990117815081cd4fad11be13ebad46d72d20a553db
figures/supplemental/ja_hotspots/chr9_candidate_tpm_human_score_significance.metadata.json,deprecated/figures/supplemental/ja_hotspots/chr9_candidate_tpm_human_score_significance.metadata.json,Unused expression-as-disease predictor or former UGT biomass branch; distinct from the retained marker eQTL panel.,,6b92436df133a8eb5c16dc257aa54ceb05da8e392cb505fd6f2a7a12aafe86ba
figures/supplemental/ja_hotspots/chr9_ja_score_significance.csv,deprecated/figures/supplemental/ja_hotspots/chr9_ja_score_significance.csv,Old/raw-score or duplicated panel input superseded by current BLUE/test exports; remove only after all retained reader paths are updated.,,78d711f0bfaeb74630b574fe3e636a3f2413a62a9e5c170caa2f3937aba6f532
figures/supplemental/ja_hotspots/compute_chr4_candidate_tpm_human_score_test.py,deprecated/figures/supplemental/ja_hotspots/compute_chr4_candidate_tpm_human_score_test.py,Expression-as-predictor disease tests are not the active marker-to-expression panels; retain raw-TPM marker eQTL tests instead.,,de777129ce6b4cc96bdb11f6d7314a175d5e8cab180adedcedf7c207b2ac412a
figures/supplemental/ja_hotspots/compute_chr9_candidate_tpm_human_score_test.py,deprecated/figures/supplemental/ja_hotspots/compute_chr9_candidate_tpm_human_score_test.py,Expression-as-predictor disease tests are not the active marker-to-expression panels; retain raw-TPM marker eQTL tests instead.,,3ac94aaf1d3c3a70d389348aebfe795898fc31de85091e524fe1fe4cb234f1dc
figures/supplemental/ja_hotspots/genotypes_common.csv,deprecated/figures/supplemental/ja_hotspots/genotypes_common.csv,Old/raw-score or duplicated panel input superseded by current BLUE/test exports; remove only after all retained reader paths are updated.,,2f3672d96315f3d1dd0ab14cd790c32951e26cbc21ac637288ae94e7075066fd
figures/supplemental/ja_hotspots/human_disease_scores.csv,deprecated/figures/supplemental/ja_hotspots/human_disease_scores.csv,Old/raw-score or duplicated panel input superseded by current BLUE/test exports; remove only after all retained reader paths are updated.,,d918c0e1860a3f16abed4fc3aab8d09766fad504a87cb86f7e9a6347f390b71f
figures/supplemental/lysm_hotspot/G019100_tpm_human_score_significance.csv,deprecated/figures/supplemental/lysm_hotspot/G019100_tpm_human_score_significance.csv,Unused expression-as-disease predictor or former UGT biomass branch; distinct from the retained marker eQTL panel.,,e65788f6a993d38c41dbfca81ab5a6e1e565b1db8ffae346027f225ce99fc6b9
figures/supplemental/lysm_hotspot/G019100_tpm_human_score_significance.metadata.json,deprecated/figures/supplemental/lysm_hotspot/G019100_tpm_human_score_significance.metadata.json,Unused expression-as-disease predictor or former UGT biomass branch; distinct from the retained marker eQTL panel.,,ffa7785a7a0fbd047f7877de643d638a9046549d5e952edba953b55dd707cd9b
figures/supplemental/lysm_hotspot/compute_g019100_tpm_human_score_test.py,deprecated/figures/supplemental/lysm_hotspot/compute_g019100_tpm_human_score_test.py,Expression-as-predictor disease tests are not the active marker-to-expression panels; retain raw-TPM marker eQTL tests instead.,,0cddd49c787973960e1c3ec7044a9331c66ba93dedb12b5f3b39c4ae5f147a54
figures/supplemental/lysm_hotspot/genotypes_common.csv,deprecated/figures/supplemental/lysm_hotspot/genotypes_common.csv,Old/raw-score or duplicated panel input superseded by current BLUE/test exports; remove only after all retained reader paths are updated.,,2f3672d96315f3d1dd0ab14cd790c32951e26cbc21ac637288ae94e7075066fd
figures/supplemental/lysm_hotspot/human_disease_scores.csv,deprecated/figures/supplemental/lysm_hotspot/human_disease_scores.csv,Old/raw-score or duplicated panel input superseded by current BLUE/test exports; remove only after all retained reader paths are updated.,,d918c0e1860a3f16abed4fc3aab8d09766fad504a87cb86f7e9a6347f390b71f
figures/supplemental/lysm_hotspot/peak_marker_nebraska_significance.csv,deprecated/figures/supplemental/lysm_hotspot/peak_marker_nebraska_significance.csv,Old/raw-score or duplicated panel input superseded by current BLUE/test exports; remove only after all retained reader paths are updated.,,f6959fc68483a00ad41db720f51370ba0bc6dd5587f766f895a293b0f722b9ce
figures/supplemental/repeatability_vs_disease_cor/.Rhistory,deprecated/figures/supplemental/repeatability_vs_disease_cor/.Rhistory,Historical or intermediate material outside the active paper.,,ccf845f62984b3f7977c2ad1689796244e297b5db967db4b6cacb01163fb51ab
figures/supplemental/rf_dino2_scores/dino2_embedding_human_score_rf_image_predicitions.csv,deprecated/figures/supplemental/rf_dino2_scores/dino2_embedding_human_score_rf_image_predicitions.csv,Confirmed byte-identical to the correctly spelled predictions.csv file. Update the R reader to that canonical path before archiving this misspelled file.,,fb932c6c3897e0f29d1bb6c75ecaa9f531d7db06d7e88d15a8e1ae58e81713e9
figures/supplemental/tan1_gloss/4:64959396:G:A_gloss_significance.csv,deprecated/figures/supplemental/tan1_gloss/4:64959396:G:A_gloss_significance.csv,Historical or intermediate material outside the active paper.,,38bee7bba85f627decbd9422026a3466318a4fca443ebdf96c0e6517a8b68e0d
figures/supplemental/tan1_gloss/4:64959396:G:A_gloss_significance.metadata.json,deprecated/figures/supplemental/tan1_gloss/4:64959396:G:A_gloss_significance.metadata.json,Historical or intermediate material outside the active paper.,,534183eb8402bec1fdf4115f285faccce88207065c81491321eac1ffe2a45639
figures/supplemental/tan1_gloss/compute_tan1_gloss_test.py,deprecated/figures/supplemental/tan1_gloss/compute_tan1_gloss_test.py,Exploratory candidate tests or superseded figure layout are absent from the active manuscript; preserve historical provenance in the archive.,,930f60160c4b9a537683c9196f342a0b7df8d0c9032ba5023215553c28912f0b
figures/supplemental/tan1_gloss/expression.csv,deprecated/figures/supplemental/tan1_gloss/expression.csv,Historical or intermediate material outside the active paper.,,c6438a1ec636d3d3cb782a0e53140e2753bf5a1fcae47ac39a3edcc3d6da7c9d
figures/supplemental/tan1_gloss/gloss_filtered.csv,deprecated/figures/supplemental/tan1_gloss/gloss_filtered.csv,Historical or intermediate material outside the active paper.,,c20fa613cef66b2c5526f388f3c785596f83410426857da879c0156024719400
figures/supplemental/tan1_gloss/lead_marker_genotypes.csv,deprecated/figures/supplemental/tan1_gloss/lead_marker_genotypes.csv,Historical or intermediate material outside the active paper.,,977187bfae582e3843e4117a94222d09de278f019ac9811332bf136b27684fb5
figures/supplemental/tan1_gloss/tan1_gloss.R,deprecated/figures/supplemental/tan1_gloss/tan1_gloss.R,Exploratory candidate tests or superseded figure layout are absent from the active manuscript; preserve historical provenance in the archive.,,a7d036aec99c2d369d63c3b37bc3b581fa62cec1892b4370fe00090e76d68c9c
figures/supplemental/ugt_biomass_disease/mi2021_total_plot_dry_weight.csv,deprecated/figures/supplemental/ugt_biomass_disease/mi2021_total_plot_dry_weight.csv,Unused expression-as-disease predictor or former UGT biomass branch; distinct from the retained marker eQTL panel.,,a2fff1dc65cb7cce79c3344c008cfbcbdb4987af12afc2f98a9086e67176ac7e
figures/variance_partitioning/__pycache__/make_variance_partition_figures.cpython-312.pyc,deprecated/figures/variance_partitioning/__pycache__/make_variance_partition_figures.cpython-312.pyc,"Transient cache, local-agent state, shell/R history or run log; preserve only selected scientific run metadata.",,24bb73c49a9d9225391f0177e127060ecdc891bd13cee8c147b3fa28775463dc
figures/variance_partitioning/ic_variance_partition_all_environments.csv,deprecated/figures/variance_partitioning/ic_variance_partition_all_environments.csv,Historical or intermediate material outside the active paper.,,3cc54be80d644cc4c05cb47358f26e971867a51dee8f32a9e303f627326b6b42
figures/variance_partitioning/ic_variance_partition_all_environments.png,deprecated/figures/variance_partitioning/ic_variance_partition_all_environments.png,Historical or intermediate material outside the active paper.,,0a1e0b72b01c8f933fd038c8c058c1ea3900300ca6928c915fd6b5ad9a9a0b36
figures/variance_partitioning/ic_variance_partition_nebraska2025.csv,deprecated/figures/variance_partitioning/ic_variance_partition_nebraska2025.csv,Historical or intermediate material outside the active paper.,,1a5747d1e162168b6133fcd56d1e46e42db1740a95fd8025861836a7e5b54375
figures/variance_partitioning/ic_variance_partition_nebraska2025.png,deprecated/figures/variance_partitioning/ic_variance_partition_nebraska2025.png,Historical or intermediate material outside the active paper.,,472a4e5b8040be7b754215dc395e3375b8d9540f77ba04a68e1de59b8eedbf8a
figures/variance_partitioning/make_variance_partition_figures.py,deprecated/figures/variance_partitioning/make_variance_partition_figures.py,Exploratory candidate tests or superseded figure layout are absent from the active manuscript; preserve historical provenance in the archive.,,0a1a0d3212703fc2731621639e51a1345f1a82b15ef458195d20cc6ae7c60012
scratchpad_phwas.log,deprecated/scratchpad_phwas.log,"Transient cache, local-agent state, shell/R history or run log; preserve only selected scientific run metadata.",,28eade59dabcb62cda2254ca987a409c5383bbcdb4a3296e9f0336e688cb6e7d
scripts/.Rapp.history,deprecated/scripts/.Rapp.history,"Transient cache, local-agent state, shell/R history or run log; preserve only selected scientific run metadata.",,e3b0c44298fc1c149afbf4c8996fb92427ae41e4649b934ca495991b7852b855
scripts/__pycache__/audit_embedding_coverage.cpython-312.pyc,deprecated/scripts/__pycache__/audit_embedding_coverage.cpython-312.pyc,"Transient cache, local-agent state, shell/R history or run log; preserve only selected scientific run metadata.",,b42a08f32ccd437e1c24ad0a50fc035054ac9cd1e373c7294ae505569c5dfdb0
scripts/__pycache__/calculate_blues.cpython-312.pyc,deprecated/scripts/__pycache__/calculate_blues.cpython-312.pyc,"Transient cache, local-agent state, shell/R history or run log; preserve only selected scientific run metadata.",,82e74ff504d1ca19d0699c64b47a4c03a26f3819aac8cf0713ffb895d756a2d2
scripts/__pycache__/calculate_pcs_ics.cpython-312.pyc,deprecated/scripts/__pycache__/calculate_pcs_ics.cpython-312.pyc,"Transient cache, local-agent state, shell/R history or run log; preserve only selected scientific run metadata.",,28e7b73c70434dc65a3f59f1545448d0016a3378a55b94c66065c361a0b34cb5
scripts/__pycache__/check_chr4_65_raw_eqtl.cpython-312.pyc,deprecated/scripts/__pycache__/check_chr4_65_raw_eqtl.cpython-312.pyc,"Transient cache, local-agent state, shell/R history or run log; preserve only selected scientific run metadata.",,19b4f2a344cdd164651f7f99893b18369e92ad7c72034aeafa3f1faf971643d9
scripts/__pycache__/check_chr9_candidate_claims.cpython-312.pyc,deprecated/scripts/__pycache__/check_chr9_candidate_claims.cpython-312.pyc,"Transient cache, local-agent state, shell/R history or run log; preserve only selected scientific run metadata.",,79b513b98de9cfa59f5cb25eb4f637bb1ae10f8fc13dea4f8c69652e07cc792c
scripts/__pycache__/check_vq_region_raw_eqtl.cpython-312.pyc,deprecated/scripts/__pycache__/check_vq_region_raw_eqtl.cpython-312.pyc,"Transient cache, local-agent state, shell/R history or run log; preserve only selected scientific run metadata.",,eae488795614e84328fc65c2ccaddd4b6151cd61b5d7622ec7afbe1e64bcd8d0
scripts/__pycache__/correlate_ics_disease.cpython-312.pyc,deprecated/scripts/__pycache__/correlate_ics_disease.cpython-312.pyc,"Transient cache, local-agent state, shell/R history or run log; preserve only selected scientific run metadata.",,fc791664dbcdc69ad5bd232ca98709f3a62e7fc3bf8bc275feb145c475b6ccfc
scripts/__pycache__/diagnose_sam3_embedding_spatial.cpython-312.pyc,deprecated/scripts/__pycache__/diagnose_sam3_embedding_spatial.cpython-312.pyc,"Transient cache, local-agent state, shell/R history or run log; preserve only selected scientific run metadata.",,eb89e24382c67ae9e8a2a9af5b6394faddced860914dd3df9487f95cdc5b6de9
scripts/__pycache__/embedding_annotation.cpython-312.pyc,deprecated/scripts/__pycache__/embedding_annotation.cpython-312.pyc,"Transient cache, local-agent state, shell/R history or run log; preserve only selected scientific run metadata.",,cd7c6a3ca0c0cb670b5a52419a30441353eb1a403c3c5a7664eef98230931b6f
scripts/__pycache__/embedding_io.cpython-312.pyc,deprecated/scripts/__pycache__/embedding_io.cpython-312.pyc,"Transient cache, local-agent state, shell/R history or run log; preserve only selected scientific run metadata.",,42b2818d411049a4464f39875bb9091444f1972bc7cbe4515da1f9a8071070df
scripts/__pycache__/explain_sam3_embedding_cam.cpython-312.pyc,deprecated/scripts/__pycache__/explain_sam3_embedding_cam.cpython-312.pyc,"Transient cache, local-agent state, shell/R history or run log; preserve only selected scientific run metadata.",,41c1340f547d10bf3aef0b7248fa09e30dedd234b67aeb7832125668abe04c5e
scripts/__pycache__/extract_embeddings.cpython-312.pyc,deprecated/scripts/__pycache__/extract_embeddings.cpython-312.pyc,"Transient cache, local-agent state, shell/R history or run log; preserve only selected scientific run metadata.",,0e22a615518de15d35c08089bd3de4dabc3cb0125ffea2606df5d2ef046e5f11
scripts/__pycache__/figure_data_io.cpython-312.pyc,deprecated/scripts/__pycache__/figure_data_io.cpython-312.pyc,"Transient cache, local-agent state, shell/R history or run log; preserve only selected scientific run metadata.",,3f3fc6f2d2d2442faa88545e0c81b5772edc31622aed9bb8f2f201d8751cb091
scripts/__pycache__/merge_embeddings.cpython-312.pyc,deprecated/scripts/__pycache__/merge_embeddings.cpython-312.pyc,"Transient cache, local-agent state, shell/R history or run log; preserve only selected scientific run metadata.",,b4fafbc02034da7c7d1e5a26846c026c0d234d882c3634ac1122b1963bc3ee7f
scripts/__pycache__/prepare_candidate_disease_panels.cpython-312.pyc,deprecated/scripts/__pycache__/prepare_candidate_disease_panels.cpython-312.pyc,"Transient cache, local-agent state, shell/R history or run log; preserve only selected scientific run metadata.",,36b2898cbc774610996c8bd6b4c289b370fbfb3ba9e454f7319f01d4bd0d2fae
scripts/__pycache__/prepare_chr2_leaf_water_figure.cpython-312.pyc,deprecated/scripts/__pycache__/prepare_chr2_leaf_water_figure.cpython-312.pyc,"Transient cache, local-agent state, shell/R history or run log; preserve only selected scientific run metadata.",,39896f6d2d6e44420e038065e27e0da381d6fa9642708df731f079944875c1cd
scripts/__pycache__/prepare_chr4_65_expression_figure.cpython-312.pyc,deprecated/scripts/__pycache__/prepare_chr4_65_expression_figure.cpython-312.pyc,"Transient cache, local-agent state, shell/R history or run log; preserve only selected scientific run metadata.",,9e7baa448882d55bee24255b969b810c27ec363630f0e3e4a073953bd77d1a8f
scripts/__pycache__/rebuild_embeddings_from_precalculated.cpython-312.pyc,deprecated/scripts/__pycache__/rebuild_embeddings_from_precalculated.cpython-312.pyc,"Transient cache, local-agent state, shell/R history or run log; preserve only selected scientific run metadata.",,1b7d8016b339d01a16c01b47a08e978347d9998e1e83ac04026d32e8e6021f70
scripts/__pycache__/run_all_hotspot_embedding_replication.cpython-312.pyc,deprecated/scripts/__pycache__/run_all_hotspot_embedding_replication.cpython-312.pyc,"Transient cache, local-agent state, shell/R history or run log; preserve only selected scientific run metadata.",,92d3e9c5b1a53558ea154afc3eb358dc505ab01b2a3c93c9480a3b8eeb328252
scripts/__pycache__/run_gwas_panicle.cpython-312.pyc,deprecated/scripts/__pycache__/run_gwas_panicle.cpython-312.pyc,"Transient cache, local-agent state, shell/R history or run log; preserve only selected scientific run metadata.",,1886ab5bffd58ea64f8114459acb2af553dde8ca140273f1c41e2f33620ffe61
scripts/__pycache__/run_hotspot_embedding_replication.cpython-312.pyc,deprecated/scripts/__pycache__/run_hotspot_embedding_replication.cpython-312.pyc,"Transient cache, local-agent state, shell/R history or run log; preserve only selected scientific run metadata.",,51cc1d87308b58810f8d8295603804bf053e6639a8fdbcae31f4f2e0db104b9d
scripts/__pycache__/run_phwas_panicle.cpython-312.pyc,deprecated/scripts/__pycache__/run_phwas_panicle.cpython-312.pyc,"Transient cache, local-agent state, shell/R history or run log; preserve only selected scientific run metadata.",,4337aea41f1722a306336cf6a22f3bfeff6b800967c8346daf13bc7a9357be0a
scripts/__pycache__/run_single_marker_test.cpython-312.pyc,deprecated/scripts/__pycache__/run_single_marker_test.cpython-312.pyc,"Transient cache, local-agent state, shell/R history or run log; preserve only selected scientific run metadata.",,c49f853fc81e388089be726c8ca7400b09522b3a7afb9465d34ead4ac9b72c17
scripts/__pycache__/segment_leaf.cpython-312.pyc,deprecated/scripts/__pycache__/segment_leaf.cpython-312.pyc,"Transient cache, local-agent state, shell/R history or run log; preserve only selected scientific run metadata.",,731635f19153569dc60039fee5be158faae8256c80c13f59c9b2f7b97c868480
scripts/__pycache__/train_random_forest.cpython-312.pyc,deprecated/scripts/__pycache__/train_random_forest.cpython-312.pyc,"Transient cache, local-agent state, shell/R history or run log; preserve only selected scientific run metadata.",,1e815b6fd121e03e860f8916a38ab9950a6f369743bd6e4321ad366a7d2ba24f
scripts/__pycache__/verify_chr2_leaf_water.cpython-312.pyc,deprecated/scripts/__pycache__/verify_chr2_leaf_water.cpython-312.pyc,"Transient cache, local-agent state, shell/R history or run log; preserve only selected scientific run metadata.",,28551793f82f367aa898a92c2214a0782b98ad2c4c0f165ed8686c541008a2c7
scripts/__pycache__/verify_lysm_grain_mass.cpython-312.pyc,deprecated/scripts/__pycache__/verify_lysm_grain_mass.cpython-312.pyc,"Transient cache, local-agent state, shell/R history or run log; preserve only selected scientific run metadata.",,0bfaaf987558d5f26b8518add1dc099faac7aaf669b2d03031fa822ebfc87387
scripts/audit_vq_expression_populations.py,deprecated/scripts/audit_vq_expression_populations.py,"Optional diagnostic, local repair/batch operation or sensitivity analysis; not a paper analysis. Preserve relevant production commands in the main workflow recipe.",,ff014f16002e42eeb90b002423d83da6b04879b4f2d7190cb32fd20da8a1d683
scripts/calculate_pcs_ics.py,deprecated/scripts/calculate_pcs_ics.py,ICA/component-selection analyses are outside the active Results and figure manifest.,,c21374824e5443913886337ec14dda363c0e8fbe5b0265a23485a59bcfbce643
scripts/choose_k_sweep.py,deprecated/scripts/choose_k_sweep.py,ICA/component-selection analyses are outside the active Results and figure manifest.,,fd8d586596a85a7cb68c648d74be84fc76894094d7ea6865364caab57cfb1d3d
scripts/correlate_ics_disease.py,deprecated/scripts/correlate_ics_disease.py,ICA/component-selection analyses are outside the active Results and figure manifest.,,bec96bf5ccf63d4243f8fdb651f2bef9d3c4c28a0d553fd6fb0260469e08dce1
scripts/diagnose_sam3_embedding_spatial.py,deprecated/scripts/diagnose_sam3_embedding_spatial.py,"Optional diagnostic, local repair/batch operation or sensitivity analysis; not a paper analysis. Preserve relevant production commands in the main workflow recipe.",,0a29e1a9ddbe64c0190466761e350d00c2ccebd46f683f86ec9dd18247d8bb44
scripts/explain_sam3_embedding_cam.py,deprecated/scripts/explain_sam3_embedding_cam.py,"Optional diagnostic, local repair/batch operation or sensitivity analysis; not a paper analysis. Preserve relevant production commands in the main workflow recipe.",,843bc54a5c89b841ce97887553382d0c928468aefeb5b0a3838b36bdae92baae
scripts/horn_parallel_analysis.py,deprecated/scripts/horn_parallel_analysis.py,ICA/component-selection analyses are outside the active Results and figure manifest.,,91048b655c441c0eddaa9568a8c31b142972a2c1010f4470b5c311cc862d5d58
scripts/measure_leaf_width.py,deprecated/scripts/measure_leaf_width.py,"Optional diagnostic, local repair/batch operation or sensitivity analysis; not a paper analysis. Preserve relevant production commands in the main workflow recipe.",,a122573710e734068cc640c33a2fd09bbcd47d8e7e0345683e5cd1eda61e7825
scripts/merge_embeddings.py,deprecated/scripts/merge_embeddings.py,"Optional diagnostic, local repair/batch operation or sensitivity analysis; not a paper analysis. Preserve relevant production commands in the main workflow recipe.",,8a1ea33a812bb3d389f9a0489f927e027c90a89782702338d1e2acb507b6387c
scripts/plot_mask_area_histograms.py,deprecated/scripts/plot_mask_area_histograms.py,"Optional diagnostic, local repair/batch operation or sensitivity analysis; not a paper analysis. Preserve relevant production commands in the main workflow recipe.",,aeb5652e0c327effefe40c1f10230ddd2d60372d9ec3b0da98c90056bfa8ee16
scripts/rebuild_embeddings_from_precalculated.py,deprecated/scripts/rebuild_embeddings_from_precalculated.py,"Optional diagnostic, local repair/batch operation or sensitivity analysis; not a paper analysis. Preserve relevant production commands in the main workflow recipe.",,fc5a7c355072596ccb2a6348bd4ad8b6d154085e34b2aa8a46b9146437c6b9f0
scripts/rerun_dino2_pipeline_after_preprocess_fix.sh,deprecated/scripts/rerun_dino2_pipeline_after_preprocess_fix.sh,"Optional diagnostic, local repair/batch operation or sensitivity analysis; not a paper analysis. Preserve relevant production commands in the main workflow recipe.",,d876845ba00d13b1b453237ed289812972727abc6d8504ab2966b540c6f2f1cc
scripts/run_evening_batch.sh,deprecated/scripts/run_evening_batch.sh,"Optional diagnostic, local repair/batch operation or sensitivity analysis; not a paper analysis. Preserve relevant production commands in the main workflow recipe.",,378aba47203c01469deaef3ac3e77751acd8d969880917feafe5886cd7233fb0
scripts/run_hotspot_embedding_pair_tests_no_peak_marker.py,deprecated/scripts/run_hotspot_embedding_pair_tests_no_peak_marker.py,"Optional diagnostic, local repair/batch operation or sensitivity analysis; not a paper analysis. Preserve relevant production commands in the main workflow recipe.",,2551aa4ef571f758723731bad126bbff708f1ffa7acb3b9143d7246562a3234d
scripts/run_measure_leaf_widths.sh,deprecated/scripts/run_measure_leaf_widths.sh,"Optional diagnostic, local repair/batch operation or sensitivity analysis; not a paper analysis. Preserve relevant production commands in the main workflow recipe.",,b143945c6649b158a8ee9e947faf57339f9dbc2d0f075629820fc47b36c54bfa
scripts/sam3_segmentation_benchmark.py,deprecated/scripts/sam3_segmentation_benchmark.py,"Optional diagnostic, local repair/batch operation or sensitivity analysis; not a paper analysis. Preserve relevant production commands in the main workflow recipe.",,7c7c597b8842f44414427083a57a9a112769ac0e87165e77e2e80028b28bf64c
tests/__pycache__/test_review_fixes.cpython-312-pytest-9.0.2.pyc,deprecated/tests/__pycache__/test_review_fixes.cpython-312-pytest-9.0.2.pyc,"Transient cache, local-agent state, shell/R history or run log; preserve only selected scientific run metadata.",,df483f2d8cd91acbb35a5e75b38d53f13401ff93a7c55ef917c0d3b538832d75
tests/__pycache__/test_review_fixes.cpython-312.pyc,deprecated/tests/__pycache__/test_review_fixes.cpython-312.pyc,"Transient cache, local-agent state, shell/R history or run log; preserve only selected scientific run metadata.",,c7ebfa4bc5982fdf7f352b1e5a7b49720810fd32b920eeabc2e7d79a7cc1a31c
scripts/__pycache__/partial_correlation_test.cpython-312.pyc,deprecated/scripts/__pycache__/partial_correlation_test.cpython-312.pyc,Pre-consolidation bytecode cache,,703e008c9c980922d839b01f337f7dd55097333dd31a85cc163ec0caaacbd39b
figures/chr2_gloss_peak/meta.json,data/provided/loci/chr2_gdsl/meta.json,Retained compact locus/hotspot inputs separated from exploratory figure folders,,0274ef3f74e62382fdcd69ee4e20773f1bd335f76895ce3dab650f139fee7496
figures/chr2_gloss_peak/gene_exons.csv,data/provided/loci/chr2_gdsl/gene_exons.csv,Retained compact locus/hotspot inputs separated from exploratory figure folders,,7f5d7d109ba40d9e64a8d2b9402110778925b76df6599e2bbdf175c98f440293
figures/chr2_gloss_peak/story_biomass_data.csv,data/provided/loci/chr2_gdsl/story_biomass_data.csv,Retained compact locus/hotspot inputs separated from exploratory figure folders,,471b73cbdc9571e7f31ac223e0fd35494443c72fbbfc5ced57dbd79711058f5f
figures/chr2_gloss_peak/region_gwas.npz,data/provided/loci/chr2_gdsl/region_gwas.npz,Retained compact locus/hotspot inputs separated from exploratory figure folders,,73af44cc454c292402a5f56625903b2d20365204764815b74cfca746f77587d9
figures/chr2_gloss_peak/gene_models.csv,data/provided/loci/chr2_gdsl/gene_models.csv,Retained compact locus/hotspot inputs separated from exploratory figure folders,,e212526f0f6a1b8a15e6fc03238975c02faf05774ef0e0c687e4bb2f0515ac46
figures/chr2_gloss_peak/box_data.csv,data/provided/loci/chr2_gdsl/box_data.csv,Retained compact locus/hotspot inputs separated from exploratory figure folders,,f265f294c9caaf7248fdcf3953db40c0b31cb06d7fb1246fdfa68c8404b58b3f
figures/chr2_gloss_peak/ld_track.csv,data/provided/loci/chr2_gdsl/ld_track.csv,Retained compact locus/hotspot inputs separated from exploratory figure folders,,871b7dab04b6f71271cfc715d7e9201e40e8ddee021263971a449f262143145d
figures/chr2_gloss_peak/geno_pcs.eigenvec,data/provided/loci/chr2_gdsl/geno_pcs.eigenvec,Retained compact locus/hotspot inputs separated from exploratory figure folders,,240dd066d1f973bf55039d8cd763cd0cac86db594d9848989cb962218dfca59a
figures/chr4_ggpps_peak/meta.json,data/provided/loci/chr4_gdsl/meta.json,Retained compact locus/hotspot inputs separated from exploratory figure folders,,423179a6d38bc378aec4e6deed600acf07c19050660b9b357316c58463fa3e41
figures/chr4_ggpps_peak/gene_exons.csv,data/provided/loci/chr4_gdsl/gene_exons.csv,Retained compact locus/hotspot inputs separated from exploratory figure folders,,f56b7d99e807085297b9c1781b5970d104c58f6351d68441c301456c1db467c0
figures/chr4_ggpps_peak/midrib_pergeno.csv,data/provided/loci/chr4_gdsl/midrib_pergeno.csv,Retained compact locus/hotspot inputs separated from exploratory figure folders,,9514f018f9b76e773a48c3beb7f61da951ff8f1da427f5f6f04019530d017e56
figures/chr4_ggpps_peak/region_gwas.npz,data/provided/loci/chr4_gdsl/region_gwas.npz,Retained compact locus/hotspot inputs separated from exploratory figure folders,,9fdc6d90c0a94ca9195fc664f33b38456e447fbde8a20153d0afb751c9b5d5fc
figures/chr4_ggpps_peak/gene_models.csv,data/provided/loci/chr4_gdsl/gene_models.csv,Retained compact locus/hotspot inputs separated from exploratory figure folders,,4e57cc5ede55d04ebd232230c58ef931a0ba6882bf5ce6cbec24311366fbe836
figures/chr4_ggpps_peak/box_data.csv,data/provided/loci/chr4_gdsl/box_data.csv,Retained compact locus/hotspot inputs separated from exploratory figure folders,,d79b9048e4299d2a9037e67e699a0c396f4cd7c5515580586b65b518505240b7
figures/chr4_ggpps_peak/story_box_chr4.csv,data/provided/loci/chr4_gdsl/story_box_chr4.csv,Retained compact locus/hotspot inputs separated from exploratory figure folders,,2c1be763032720b47f7889404d18ea7e7adaca8d85d2f6146659bb8a0ad804c7
figures/chr4_ggpps_peak/ld_track.csv,data/provided/loci/chr4_gdsl/ld_track.csv,Retained compact locus/hotspot inputs separated from exploratory figure folders,,87fd0e1c08618f2432eb6357cfb83bfdc605921093fec636484af8a837e381a7
figures/chr4_ggpps_peak/geno_pcs.eigenvec,data/provided/loci/chr4_gdsl/geno_pcs.eigenvec,Retained compact locus/hotspot inputs separated from exploratory figure folders,,240dd066d1f973bf55039d8cd763cd0cac86db594d9848989cb962218dfca59a
figures/chr4_lutein_peak/meta.json,data/provided/loci/chr4_cyp97b/meta.json,Retained compact locus/hotspot inputs separated from exploratory figure folders,,95997e5beae2df94208c920513fd5dfa87ca7d5b113469dc1bb3d6a18cc0c8b1
figures/chr4_lutein_peak/gene_exons.csv,data/provided/loci/chr4_cyp97b/gene_exons.csv,Retained compact locus/hotspot inputs separated from exploratory figure folders,,04a655f71d73977b6c8947a985b26875460a63e924a0946bccfda70895f13733
figures/chr4_lutein_peak/region_gwas.npz,data/provided/loci/chr4_cyp97b/region_gwas.npz,Retained compact locus/hotspot inputs separated from exploratory figure folders,,1aa4a0e9cec65967987aebe6ccf6930e4fa460bc3cab055d1cf8dae7266a5a6d
figures/chr4_lutein_peak/eqtl_genelist.csv,data/provided/loci/chr4_cyp97b/eqtl_genelist.csv,Retained compact locus/hotspot inputs separated from exploratory figure folders,,f1458d39dd27fcacb095a0356c3dcdf272ab136b58ca05fee75706769c26c8bb
figures/chr4_lutein_peak/gene_models.csv,data/provided/loci/chr4_cyp97b/gene_models.csv,Retained compact locus/hotspot inputs separated from exploratory figure folders,,e50bdf42f174e556a6b198770cfa3513e7809a1941932b00693e2db742941fb8
figures/chr4_lutein_peak/ld_track.csv,data/provided/loci/chr4_cyp97b/ld_track.csv,Retained compact locus/hotspot inputs separated from exploratory figure folders,,46cf2caad6ea6da3d645e6d0ac5d588b613b4237b85536bda4aef075c74a4148
figures/chr4_lutein_peak/geno_pcs.eigenvec,data/provided/loci/chr4_cyp97b/geno_pcs.eigenvec,Retained compact locus/hotspot inputs separated from exploratory figure folders,,240dd066d1f973bf55039d8cd763cd0cac86db594d9848989cb962218dfca59a
figures/chr4_pme_peak/meta.json,data/provided/loci/chr4_ugt/meta.json,Retained compact locus/hotspot inputs separated from exploratory figure folders,,51763d804e1cb90e4b07d21a6142e68cb9598a5b025b252c90eb8e0239c7f5a3
figures/chr4_pme_peak/gene_exons.csv,data/provided/loci/chr4_ugt/gene_exons.csv,Retained compact locus/hotspot inputs separated from exploratory figure folders,,e51f67c6406080320f5625b9a33c4a73604c322407cf35b69471aae1776e2c73
figures/chr4_pme_peak/region_gwas.npz,data/provided/loci/chr4_ugt/region_gwas.npz,Retained compact locus/hotspot inputs separated from exploratory figure folders,,d480eb36c4c304db7a33a354854a7524845a06838b7a49b0b8388e6ed83b8be0
figures/chr4_pme_peak/eqtl_genelist.csv,data/provided/loci/chr4_ugt/eqtl_genelist.csv,Retained compact locus/hotspot inputs separated from exploratory figure folders,,ac985ead391b77b4a54a71a175c5f480b1bbdf68fae6041a4257f47d6f4df011
figures/chr4_pme_peak/gene_models.csv,data/provided/loci/chr4_ugt/gene_models.csv,Retained compact locus/hotspot inputs separated from exploratory figure folders,,c3c2c5db6f283a7f433341cf0c61d60202c9941edd519c82c979a08b8b7d600c
figures/chr4_pme_peak/lead_dosage.csv,data/provided/loci/chr4_ugt/lead_dosage.csv,Retained compact locus/hotspot inputs separated from exploratory figure folders,,a33574e3f1f075baa554904c6d4fe28f8a3be97681fdba3f45b21e2877707b8a
figures/chr4_pme_peak/ld_track.csv,data/provided/loci/chr4_ugt/ld_track.csv,Retained compact locus/hotspot inputs separated from exploratory figure folders,,b7eaa97cc17d3227de507e0642cfc17a465bd6a35102392bb3f632360bbd68f1
figures/chr4_pme_peak/geno_pcs.eigenvec,data/provided/loci/chr4_ugt/geno_pcs.eigenvec,Retained compact locus/hotspot inputs separated from exploratory figure folders,,240dd066d1f973bf55039d8cd763cd0cac86db594d9848989cb962218dfca59a
figures/chr9_62_peak/meta.json,data/provided/loci/chr9_jar1/meta.json,Retained compact locus/hotspot inputs separated from exploratory figure folders,,e92d8e3197b31d081696b9f8f7381f71a59387d58a72bbeb93ff6de5bd604fc3
figures/chr9_62_peak/gene_exons.csv,data/provided/loci/chr9_jar1/gene_exons.csv,Retained compact locus/hotspot inputs separated from exploratory figure folders,,f4d160cdd798a852e0c050e7ce71c7c636e032d8dc1933037907b7df9b4e1d7b
figures/chr9_62_peak/region_gwas.npz,data/provided/loci/chr9_jar1/region_gwas.npz,Retained compact locus/hotspot inputs separated from exploratory figure folders,,47f07d1f251955f7faa8c70ee703187b86769fcf2b4da12af1d3a4dcb1236d29
figures/chr9_62_peak/eqtl_genelist.csv,data/provided/loci/chr9_jar1/eqtl_genelist.csv,Retained compact locus/hotspot inputs separated from exploratory figure folders,,56ddf0be35f422b50d76801e637afeceeda0d1aeb999396fb0dca80d6cb55a67
figures/chr9_62_peak/gene_models.csv,data/provided/loci/chr9_jar1/gene_models.csv,Retained compact locus/hotspot inputs separated from exploratory figure folders,,cc83056098a7981c9cabb7918ec859a026492e8d16581eb69b808cfdf5ae40eb
figures/chr9_62_peak/ld_track.csv,data/provided/loci/chr9_jar1/ld_track.csv,Retained compact locus/hotspot inputs separated from exploratory figure folders,,914e51a13718646dbf1b340e20f480c3b46e7df0bbfbf5575806bf2782ff2670
figures/chr9_62_peak/geno_pcs.eigenvec,data/provided/loci/chr9_jar1/geno_pcs.eigenvec,Retained compact locus/hotspot inputs separated from exploratory figure folders,,240dd066d1f973bf55039d8cd763cd0cac86db594d9848989cb962218dfca59a
figures/lysm_rlk_story/meta.json,data/provided/loci/chr9_lysm/meta.json,Retained compact locus/hotspot inputs separated from exploratory figure folders,,4bed77075d6b9d66b82a97455c4717130ccc013aaaf362983af90d7af2496d46
figures/lysm_rlk_story/gene_exons.csv,data/provided/loci/chr9_lysm/gene_exons.csv,Retained compact locus/hotspot inputs separated from exploratory figure folders,,9c2cb13e4023cc49f4289e4f43418addb1416b2ebeb2fb46c4102459236337dd
figures/lysm_rlk_story/region_gwas.npz,data/provided/loci/chr9_lysm/region_gwas.npz,Retained compact locus/hotspot inputs separated from exploratory figure folders,,1e68dcff732efef457ec3be648521534e7b8af181e4b601af142317d2b7ea460
figures/lysm_rlk_story/gene_models.csv,data/provided/loci/chr9_lysm/gene_models.csv,Retained compact locus/hotspot inputs separated from exploratory figure folders,,495200f4c5bc9fbbdd77d7b4476f6c745d276b1aced317dfc7af0a8434d16fc2
figures/lysm_rlk_story/box_data.csv,data/provided/loci/chr9_lysm/box_data.csv,Retained compact locus/hotspot inputs separated from exploratory figure folders,,c4cb2a7fe7df0235d6b4b0cb5f4b2bb9acaa159b3bef54017d2f95b505a649f9
figures/embedding_gwas_hotspots/sam3_peaks_ge10_embeddings.csv,data/provided/hotspots/sam3_peaks_ge10_embeddings.csv,Retained compact locus/hotspot inputs separated from exploratory figure folders,,507aaac64e136810044767175e6543f0fa0dad7f11b275e389cdf160465d5d3e
figures/embedding_gwas_hotspots/embedding_gwas_hotspots_nebraska2025.csv,data/provided/hotspots/embedding_gwas_hotspots_nebraska2025.csv,Retained compact locus/hotspot inputs separated from exploratory figure folders,,0e0dad2214be1247cfe1095cafc55df1f468e6751ec49dc42a91842cece41aad
figures/embedding_gwas_hotspots/dino2_peaks_ge10_embeddings.csv,data/provided/hotspots/dino2_peaks_ge10_embeddings.csv,Retained compact locus/hotspot inputs separated from exploratory figure folders,,c26085c89ea7c75ec33fd0c053aa15f56f9fa1c35cf8bdb6fb01ecbf66f9382a
figures/embedding_gwas_hotspots/hotspot_master_table.csv,data/provided/hotspots/hotspot_master_table.csv,Retained compact locus/hotspot inputs separated from exploratory figure folders,,ea90722d246b1b028298384189d2dda0e633cb94e223eb9a1ec121be3e733af4
figures/embedding_gwas_hotspots/embedding_gwas_hotspots_sam3_nebraska2025.csv,data/provided/hotspots/embedding_gwas_hotspots_sam3_nebraska2025.csv,Retained compact locus/hotspot inputs separated from exploratory figure folders,,ed010ddb0d4b066d9399d32c5385be2caa5342e88f8520d891cb6a22ad7ab561
scripts/prepare_hotspot_score_stars.py,deprecated/scripts/prepare_hotspot_score_stars.py,Consolidate recently added S9 regeneration helper,scripts/run_hotspot_disease.py --stage score-stars,40a7e414445b5afd1d15d6419a2bb723dcab5bc5f203d32dc5706c8281b046e6
data/generatable/embedding_blues/heritability_all.csv,deprecated/data/generatable/embedding_blues/heritability_all.csv,Earlier extraction/representative workflow; current scripts use the 2016crop raw features and all-pair replication,Current 2016crop raw-feature / all-pair workflow,f42611c3780777908fc7f6e04c931a961d5335b1b9d8c572a72576c3666d8cde
data/generatable/embedding_blues/blues_Nebraska2025.csv,deprecated/data/generatable/embedding_blues/blues_Nebraska2025.csv,Earlier extraction/representative workflow; current scripts use the 2016crop raw features and all-pair replication,Current 2016crop raw-feature / all-pair workflow,b07f6d1a87fe9a00ae91efac38a0de197ec52d185ecf77676b83590d8a8eb095
data/generatable/embedding_blues/variance_partitioning_all.csv,deprecated/data/generatable/embedding_blues/variance_partitioning_all.csv,Earlier extraction/representative workflow; current scripts use the 2016crop raw features and all-pair replication,Current 2016crop raw-feature / all-pair workflow,dc3f6a4deb01d59630937b4cf41cc0fc63d20cf650811f09ec1214851c4adef3
data/generatable/repr_blues/blues_Alabama2025.csv,deprecated/data/generatable/repr_blues/blues_Alabama2025.csv,Earlier extraction/representative workflow; current scripts use the 2016crop raw features and all-pair replication,Current 2016crop raw-feature / all-pair workflow,ceb057a4653b793e8885b1b50d0a893ed4e272328ff184cc1c6867d1f685cb86
data/generatable/repr_blues/marker_genotypes.csv,deprecated/data/generatable/repr_blues/marker_genotypes.csv,Earlier extraction/representative workflow; current scripts use the 2016crop raw features and all-pair replication,Current 2016crop raw-feature / all-pair workflow,53727420809e2f131d08eb6e6e7dbba99c38e7e150859a4ffd9dd95708776753
data/generatable/repr_blues/blues_Nebraska2025.csv,deprecated/data/generatable/repr_blues/blues_Nebraska2025.csv,Earlier extraction/representative workflow; current scripts use the 2016crop raw features and all-pair replication,Current 2016crop raw-feature / all-pair workflow,6c9e482d703aaf2272e6d40910e784efa2d3a0896a39f301493fc04f0671226d
data/generatable/repr_blues/blues_Georgia2025.csv,deprecated/data/generatable/repr_blues/blues_Georgia2025.csv,Earlier extraction/representative workflow; current scripts use the 2016crop raw features and all-pair replication,Current 2016crop raw-feature / all-pair workflow,1f99dd91b10868a2e809053935d76588eda27513443a8321cbe365c185642855
data/generatable/hotspot_embedding_replication/representative_embeddings.csv,deprecated/data/generatable/hotspot_embedding_replication/representative_embeddings.csv,Earlier extraction/representative workflow; current scripts use the 2016crop raw features and all-pair replication,Current 2016crop raw-feature / all-pair workflow,65ec2cffc83a660aa1c8b2c1828798c3d10956cbf682ea36fc1a359a5d677adb
data/generatable/hotspot_embedding_replication/replication_counts.json,deprecated/data/generatable/hotspot_embedding_replication/replication_counts.json,Earlier extraction/representative workflow; current scripts use the 2016crop raw features and all-pair replication,Current 2016crop raw-feature / all-pair workflow,3805a1ecc1a9f317a009ef21af0d10171b569ffbdf8c28e349ffc93afcab7115
data/generatable/hotspot_embedding_replication/replication_summary.csv,deprecated/data/generatable/hotspot_embedding_replication/replication_summary.csv,Earlier extraction/representative workflow; current scripts use the 2016crop raw features and all-pair replication,Current 2016crop raw-feature / all-pair workflow,eb77ade30d0b830f59552dc898c8d393e3f2877745df1186f500c31715296ba2
data/generatable/hotspot_embedding_replication/representative_embedding_scores.npz,deprecated/data/generatable/hotspot_embedding_replication/representative_embedding_scores.npz,Earlier extraction/representative workflow; current scripts use the 2016crop raw features and all-pair replication,Current 2016crop raw-feature / all-pair workflow,84c1e5cbcec3c9ae31bec409711f677318281699240bd883130cad1a3e479f2c
data/generatable/hotspot_embedding_replication/blues_all_environments.csv,deprecated/data/generatable/hotspot_embedding_replication/blues_all_environments.csv,Earlier extraction/representative workflow; current scripts use the 2016crop raw features and all-pair replication,Current 2016crop raw-feature / all-pair workflow,601c4d01802497472f84c5ef85bd2970bf1520829845c098cf8a2ae8dfc911c6
data/generatable/hotspot_embedding_replication/blues/blues_Alabama2025.csv,deprecated/data/generatable/hotspot_embedding_replication/blues/blues_Alabama2025.csv,Earlier extraction/representative workflow; current scripts use the 2016crop raw features and all-pair replication,Current 2016crop raw-feature / all-pair workflow,7687d9f5597d6ba890fd34c2a2468e5212a606696a607efb08c5bbe59b7a5479
data/generatable/hotspot_embedding_replication/blues/blues_Nebraska2025.csv,deprecated/data/generatable/hotspot_embedding_replication/blues/blues_Nebraska2025.csv,Earlier extraction/representative workflow; current scripts use the 2016crop raw features and all-pair replication,Current 2016crop raw-feature / all-pair workflow,c3cccf62bf470dea8bd34a06565b79c10ec1d0f4cb9bb4f66071b82fb062cfd7
data/generatable/hotspot_embedding_replication/blues/blues_Georgia2025.csv,deprecated/data/generatable/hotspot_embedding_replication/blues/blues_Georgia2025.csv,Earlier extraction/representative workflow; current scripts use the 2016crop raw features and all-pair replication,Current 2016crop raw-feature / all-pair workflow,71872640f20083e975eeed576adc7486e3a81bbee8df4db0b4c6858ff836223f
data/generatable/hotspot_embedding_replication/single_marker_tests/4_60_5_significance.csv,deprecated/data/generatable/hotspot_embedding_replication/single_marker_tests/4_60_5_significance.csv,Earlier extraction/representative workflow; current scripts use the 2016crop raw features and all-pair replication,Current 2016crop raw-feature / all-pair workflow,b5dc648a8cdf42f81d8d5e5b2703b769a1a0c0ba0adb232305bae04d00df719b
data/generatable/hotspot_embedding_replication/single_marker_tests/6_52_1_significance.csv,deprecated/data/generatable/hotspot_embedding_replication/single_marker_tests/6_52_1_significance.csv,Earlier extraction/representative workflow; current scripts use the 2016crop raw features and all-pair replication,Current 2016crop raw-feature / all-pair workflow,c6158c113bc862b098a75b1b866aa75c63d596a7950e09d6af42dc9f311f2d29
data/generatable/hotspot_embedding_replication/single_marker_tests/4_69_4_significance.csv,deprecated/data/generatable/hotspot_embedding_replication/single_marker_tests/4_69_4_significance.csv,Earlier extraction/representative workflow; current scripts use the 2016crop raw features and all-pair replication,Current 2016crop raw-feature / all-pair workflow,a5e5c167634107d0151c7e686c86ff671c44a05d439b13faf4795049794490e7
data/generatable/hotspot_embedding_replication/single_marker_tests/run_metadata.json,deprecated/data/generatable/hotspot_embedding_replication/single_marker_tests/run_metadata.json,Earlier extraction/representative workflow; current scripts use the 2016crop raw features and all-pair replication,Current 2016crop raw-feature / all-pair workflow,330a1470187d59a805abf2e68a989d71a51b3b7d8b03e432e4d2dbacb4f94955
data/generatable/hotspot_embedding_replication/single_marker_tests/6_44_1_significance.csv,deprecated/data/generatable/hotspot_embedding_replication/single_marker_tests/6_44_1_significance.csv,Earlier extraction/representative workflow; current scripts use the 2016crop raw features and all-pair replication,Current 2016crop raw-feature / all-pair workflow,cb0f8304295fb0b36dcff231a434f8d5e3d836c32c89ce79225dceac595442f1
data/generatable/hotspot_embedding_replication/single_marker_tests/6_58_5_significance.csv,deprecated/data/generatable/hotspot_embedding_replication/single_marker_tests/6_58_5_significance.csv,Earlier extraction/representative workflow; current scripts use the 2016crop raw features and all-pair replication,Current 2016crop raw-feature / all-pair workflow,506603a83dfbe368157b22c10d937b56603e4b829eb738ad7f06e73f28cd845a
data/generatable/hotspot_embedding_replication/single_marker_tests/4_65_4_significance.csv,deprecated/data/generatable/hotspot_embedding_replication/single_marker_tests/4_65_4_significance.csv,Earlier extraction/representative workflow; current scripts use the 2016crop raw features and all-pair replication,Current 2016crop raw-feature / all-pair workflow,0cd4eb603307279e175e328134ec251875a09d0622362af76cb70f025dc03fda
data/generatable/hotspot_embedding_replication/single_marker_tests/4_64_9_significance.csv,deprecated/data/generatable/hotspot_embedding_replication/single_marker_tests/4_64_9_significance.csv,Earlier extraction/representative workflow; current scripts use the 2016crop raw features and all-pair replication,Current 2016crop raw-feature / all-pair workflow,e9cf74a89c4e50a5368a94f457073a45b09167f0a085d7c6f1599a95365f46e9
data/generatable/hotspot_embedding_replication/single_marker_tests/4_4_7_significance.csv,deprecated/data/generatable/hotspot_embedding_replication/single_marker_tests/4_4_7_significance.csv,Earlier extraction/representative workflow; current scripts use the 2016crop raw features and all-pair replication,Current 2016crop raw-feature / all-pair workflow,974b0d9e9c86b9082ba5dd05027674f452fef02b371658896205498a01f4b849
data/generatable/hotspot_embedding_replication/single_marker_tests/9_1_7_significance.csv,deprecated/data/generatable/hotspot_embedding_replication/single_marker_tests/9_1_7_significance.csv,Earlier extraction/representative workflow; current scripts use the 2016crop raw features and all-pair replication,Current 2016crop raw-feature / all-pair workflow,2b0a03eabd940dfe0e22acb1bd68ddb3f34106390bae5c0a968c7aea02f7c753
data/generatable/hotspot_embedding_replication/single_marker_tests/9_60_8_significance.csv,deprecated/data/generatable/hotspot_embedding_replication/single_marker_tests/9_60_8_significance.csv,Earlier extraction/representative workflow; current scripts use the 2016crop raw features and all-pair replication,Current 2016crop raw-feature / all-pair workflow,419482ee97dc6510ffa160241062ecafa7a212b9bd4504ba026976c50ffcb629
data/generatable/hotspot_embedding_replication/single_marker_tests/2_52_3_significance.csv,deprecated/data/generatable/hotspot_embedding_replication/single_marker_tests/2_52_3_significance.csv,Earlier extraction/representative workflow; current scripts use the 2016crop raw features and all-pair replication,Current 2016crop raw-feature / all-pair workflow,ae03a13f7c540888c0d6241013e3ca3247820c30723ed2d7bb8da6214602496c
data/generatable/hotspot_embedding_replication/single_marker_tests/9_62_2_significance.csv,deprecated/data/generatable/hotspot_embedding_replication/single_marker_tests/9_62_2_significance.csv,Earlier extraction/representative workflow; current scripts use the 2016crop raw features and all-pair replication,Current 2016crop raw-feature / all-pair workflow,c979f3cad7c54eb23a8bd9935408938bcb4f2ff48694662c4adb8b934aa455b2
data/generatable/embeddings/repr_traits_3.csv,deprecated/data/generatable/embeddings/repr_traits_3.csv,Earlier extraction/representative workflow; current scripts use the 2016crop raw features and all-pair replication,Current 2016crop raw-feature / all-pair workflow,fe0356298d8ab402fdc3533a908082fcd3033e98de97ce4b05454248e8930704
data/generatable/embeddings/sam3_all3_embeddings_float32.npz,deprecated/data/generatable/embeddings/sam3_all3_embeddings_float32.npz,Earlier extraction/representative workflow; current scripts use the 2016crop raw features and all-pair replication,Current 2016crop raw-feature / all-pair workflow,edfd1d683242d633d9df73e08d660f90a80ab71b99dc193e7b9304ae538d20c8
data/generatable/embeddings/dino2_nebraska2025_embeddings_float32.npz,deprecated/data/generatable/embeddings/dino2_nebraska2025_embeddings_float32.npz,Earlier extraction/representative workflow; current scripts use the 2016crop raw features and all-pair replication,Current 2016crop raw-feature / all-pair workflow,a3c2632f87191515a9f7235f6fcc8e09bdebe93ddfbb93b9b0530879189b2bbf
data/generatable/gwas/embedding_ne_with_cov/effective_tests.json,deprecated/data/generatable/gwas/embedding_ne_with_cov/effective_tests.json,Earlier extraction/representative workflow; current scripts use the 2016crop raw features and all-pair replication,Current 2016crop raw-feature / all-pair workflow,b6e9009b3bd384ff7b3bb7ede26c7a0d3f2cef4627aaf382232c49463c3fe10d
data/generatable/gwas/embedding_ne_with_cov/run_metadata.json,deprecated/data/generatable/gwas/embedding_ne_with_cov/run_metadata.json,Earlier extraction/representative workflow; current scripts use the 2016crop raw features and all-pair replication,Current 2016crop raw-feature / all-pair workflow,f28fa66629fec280e112fd95c1dde0cd95b423fda61642094459cb24cc8d3b5b
data/generatable/gwas/embedding_ne_with_cov/top_markers.csv,deprecated/data/generatable/gwas/embedding_ne_with_cov/top_markers.csv,Earlier extraction/representative workflow; current scripts use the 2016crop raw features and all-pair replication,Current 2016crop raw-feature / all-pair workflow,dbcf2c061d727135cd29554556907b9a56421cf086b0f8477625142a6eef5297
data/generatable/gwas/embedding_ne_with_cov/significant_markers.csv,deprecated/data/generatable/gwas/embedding_ne_with_cov/significant_markers.csv,Earlier extraction/representative workflow; current scripts use the 2016crop raw features and all-pair replication,Current 2016crop raw-feature / all-pair workflow,abb4c9d6ab2dd662b961b049e8f9738e5fc0c7af7d29f067899a51c5739d5fa2
data/generatable/gwas/embedding_ne_with_cov/gwas_summary.csv,deprecated/data/generatable/gwas/embedding_ne_with_cov/gwas_summary.csv,Earlier extraction/representative workflow; current scripts use the 2016crop raw features and all-pair replication,Current 2016crop raw-feature / all-pair workflow,958b1bd33c0d55eda5edb70d9f89c93f4c13f69fe4ad966ec7d9794e740f4d70
data/provided/hotspots/embedding_gwas_hotspots_nebraska2025.csv,deprecated/data/provided/hotspots/embedding_gwas_hotspots_nebraska2025.csv,Retired fixed-bin plot/candidate intermediate; no retained consumer after consolidation,Canonical hotspot/SG2021/transverse-profile workflow,0e0dad2214be1247cfe1095cafc55df1f468e6751ec49dc42a91842cece41aad
data/provided/hotspots/hotspot_master_table.csv,deprecated/data/provided/hotspots/hotspot_master_table.csv,Retired fixed-bin plot/candidate intermediate; no retained consumer after consolidation,Canonical hotspot/SG2021/transverse-profile workflow,ea90722d246b1b028298384189d2dda0e633cb94e223eb9a1ec121be3e733af4
data/provided/hotspots/embedding_gwas_hotspots_sam3_nebraska2025.csv,deprecated/data/provided/hotspots/embedding_gwas_hotspots_sam3_nebraska2025.csv,Retired fixed-bin plot/candidate intermediate; no retained consumer after consolidation,Canonical hotspot/SG2021/transverse-profile workflow,ed010ddb0d4b066d9399d32c5385be2caa5342e88f8520d891cb6a22ad7ab561
data/provided/loci/chr9_jar1/geno_pcs.eigenvec,deprecated/data/provided/loci/chr9_jar1/geno_pcs.eigenvec,Retired fixed-bin plot/candidate intermediate; no retained consumer after consolidation,Canonical hotspot/SG2021/transverse-profile workflow,240dd066d1f973bf55039d8cd763cd0cac86db594d9848989cb962218dfca59a
data/provided/loci/chr4_gdsl/geno_pcs.eigenvec,deprecated/data/provided/loci/chr4_gdsl/geno_pcs.eigenvec,Retired fixed-bin plot/candidate intermediate; no retained consumer after consolidation,Canonical hotspot/SG2021/transverse-profile workflow,240dd066d1f973bf55039d8cd763cd0cac86db594d9848989cb962218dfca59a
data/provided/loci/chr4_cyp97b/geno_pcs.eigenvec,deprecated/data/provided/loci/chr4_cyp97b/geno_pcs.eigenvec,Retired fixed-bin plot/candidate intermediate; no retained consumer after consolidation,Canonical hotspot/SG2021/transverse-profile workflow,240dd066d1f973bf55039d8cd763cd0cac86db594d9848989cb962218dfca59a
data/provided/loci/chr2_gdsl/geno_pcs.eigenvec,deprecated/data/provided/loci/chr2_gdsl/geno_pcs.eigenvec,Retired fixed-bin plot/candidate intermediate; no retained consumer after consolidation,Canonical hotspot/SG2021/transverse-profile workflow,240dd066d1f973bf55039d8cd763cd0cac86db594d9848989cb962218dfca59a
data/provided/loci/chr4_gdsl/box_data.csv,deprecated/data/provided/loci/chr4_gdsl/box_data.csv,Retired fixed-bin plot/candidate intermediate; no retained consumer after consolidation,Canonical hotspot/SG2021/transverse-profile workflow,d79b9048e4299d2a9037e67e699a0c396f4cd7c5515580586b65b518505240b7
data/provided/loci/chr4_gdsl/midrib_pergeno.csv,deprecated/data/provided/loci/chr4_gdsl/midrib_pergeno.csv,Retired fixed-bin plot/candidate intermediate; no retained consumer after consolidation,Canonical hotspot/SG2021/transverse-profile workflow,9514f018f9b76e773a48c3beb7f61da951ff8f1da427f5f6f04019530d017e56
data/provided/loci/chr4_gdsl/story_box_chr4.csv,deprecated/data/provided/loci/chr4_gdsl/story_box_chr4.csv,Retired fixed-bin plot/candidate intermediate; no retained consumer after consolidation,Canonical hotspot/SG2021/transverse-profile workflow,2c1be763032720b47f7889404d18ea7e7adaca8d85d2f6146659bb8a0ad804c7
scripts/run_candidate_analysis.py,deprecated/scripts/run_candidate_analysis.py,Second pass: retain figure generation and main datasets; retire one-off checks and wrappers,Frozen candidate expression and association tables,735eed4eb20b4bffed4bfe817ba412edb99713fe34e67d5227c34e40898ee1fe
scripts/run_hotspot_disease.py,deprecated/scripts/run_hotspot_disease.py,Second pass: retain figure generation and main datasets; retire one-off checks and wrappers,Frozen hotspot disease and significance tables,6bb58b26d59848520152c1b51dcc3f6f370c6064125d646465fd239793930d52
scripts/run_external_traits.py,deprecated/scripts/run_external_traits.py,Second pass: retain figure generation and main datasets; retire one-off checks and wrappers,scripts/run_phwas_panicle.py; frozen external-trait figure inputs,278011c3381776924ed179eb1a13c883759e7c5dabf66d7eb20182df2d3c7a71
scripts/prepare_candidate_panels.py,deprecated/scripts/prepare_candidate_panels.py,Second pass: retain figure generation and main datasets; retire one-off checks and wrappers,Frozen candidate panel inputs,05e96145b9a43fdec28de9a1fc6dea958fd841e43e6cb13e2aa4b7dc0f6df4e6
scripts/audit_embedding_coverage.py,deprecated/scripts/audit_embedding_coverage.py,Second pass: retain figure generation and main datasets; retire one-off checks and wrappers,Development audit retired,597ca84983d6bed805ab12f7899952974c0e9e754296a449a488ef35362529fb
scripts/reannotate_embeddings.py,deprecated/scripts/reannotate_embeddings.py,Second pass: retain figure generation and main datasets; retire one-off checks and wrappers,scripts/extract_embeddings.py performs annotation,b475cc7014a9691f9d50378d4fe773c608c2e439cc1d6b1d0828ed24eb72ba04
scripts/render_figures.py,deprecated/scripts/render_figures.py,Second pass: retain figure generation and main datasets; retire one-off checks and wrappers,Run scripts/figures/ generators directly,ec468f7eef8bb79e04916ab9081a12411e2f2dfab9d2cbf8cc61c7a92c8e2311
scripts/check_manuscript_homozygotes.py,deprecated/scripts/check_manuscript_homozygotes.py,Second pass: retain figure generation and main datasets; retire one-off checks and wrappers,Frozen manuscript homozygote-check results,519ec00b91914e757bfb01980ce2edda8579f9856c490397a0d2c4e34ae42dc2
scripts/run_single_marker_test.py,deprecated/scripts/run_single_marker_test.py,Standalone single-marker testing archived; only dependency functions retained,scripts/marker_utils.py,77b4a78bf746cb186c815115a24679fa22f392434e4dce3ebba0ec41de955f9f
tests/test_manuscript_workflows.py,deprecated/tests/test_manuscript_workflows.py,Preserved full consolidation tests before retiring candidate-specific checks,tests/test_manuscript_workflows.py (retained workflow checks only),fd431695e33a5b5b0758117be99c5ac145db8ee56297eeb4785f53bf65b81f5a
data/provided/candidate_disease_panels/README.md,figures/shared/candidate_disease_panels/README.md,"Frozen final figure input, not primary provided data",figures/shared/candidate_disease_panels/README.md,d75c5b43b56b9047b06e01b527ed48768a5aac30c7073d55cfed436d3d0000de
data/provided/candidate_disease_panels/genotypes.csv,figures/shared/candidate_disease_panels/genotypes.csv,"Frozen final figure input, not primary provided data",figures/shared/candidate_disease_panels/genotypes.csv,2b7951699a9b2796ee680f53e1b3170e6565eb68b88ea38145dac4e915172e12
data/provided/candidate_disease_panels/tests.csv,figures/shared/candidate_disease_panels/tests.csv,"Frozen final figure input, not primary provided data",figures/shared/candidate_disease_panels/tests.csv,e71bde9810cc5081b606e33b4cae06ee7be90af3c9dc89f3a806b11b9fc4269d
data/provided/chr2_leaf_water_figure/README.md,figures/shared/chr2_leaf_water_figure/README.md,"Frozen final figure input, not primary provided data",figures/shared/chr2_leaf_water_figure/README.md,fc7bc5a5b366ae3766084850cd08d555fea8bbf68344a77cbee9471cceebdf4e
data/provided/chr2_leaf_water_figure/chr2_human_current.csv,figures/shared/chr2_leaf_water_figure/chr2_human_current.csv,"Frozen final figure input, not primary provided data",figures/shared/chr2_leaf_water_figure/chr2_human_current.csv,276a66c721b3c819c3295efabe166bf96c449b602c8c8f040f7013ebd0187c4b
data/provided/chr2_leaf_water_figure/chr4_expression_genotypes.csv,figures/shared/chr2_leaf_water_figure/chr4_expression_genotypes.csv,"Frozen final figure input, not primary provided data",figures/shared/chr2_leaf_water_figure/chr4_expression_genotypes.csv,c83c6dabf0f1909ae0e13eb828f7edd289a5a57a3f07325a7d3fbaf8f3142079
data/provided/chr2_leaf_water_figure/chr4_human_current.csv,figures/shared/chr2_leaf_water_figure/chr4_human_current.csv,"Frozen final figure input, not primary provided data",figures/shared/chr2_leaf_water_figure/chr4_human_current.csv,4599334ed6991f6a5869790ed4c2616302a109b0fc5708afa0f53a39de32420a
data/provided/chr2_leaf_water_figure/disease_genotypes.csv,figures/shared/chr2_leaf_water_figure/disease_genotypes.csv,"Frozen final figure input, not primary provided data",figures/shared/chr2_leaf_water_figure/disease_genotypes.csv,063fdf7fc2aa6beffc34213fcc4acad051c8f6918097c7b90be2f6a5ef04ba00
data/provided/chr2_leaf_water_figure/phenotypes.csv,figures/shared/chr2_leaf_water_figure/phenotypes.csv,"Frozen final figure input, not primary provided data",figures/shared/chr2_leaf_water_figure/phenotypes.csv,077eb035b40d1dd0ed7dbbfb6e39e08e370a944ee6835a0a801686b1928c4f2a
data/provided/chr2_leaf_water_figure/tests.csv,figures/shared/chr2_leaf_water_figure/tests.csv,"Frozen final figure input, not primary provided data",figures/shared/chr2_leaf_water_figure/tests.csv,41872e9ed4fc5d0febd594edc1c5cc774e7e3102d5e83999b7f74f2d0d5bfe67
data/provided/hotspot_score_stability/4_60556616_TC_T.csv,figures/shared/hotspot_score_stability/4_60556616_TC_T.csv,"Frozen final figure input, not primary provided data",figures/shared/hotspot_score_stability/4_60556616_TC_T.csv,4d3dafed7de666aebba87a1b2ffd3b59fca064d842f35b99332137e32e1bd9d2
data/provided/hotspot_score_stability/4_60556616_TC_T.metadata.json,figures/shared/hotspot_score_stability/4_60556616_TC_T.metadata.json,"Frozen final figure input, not primary provided data",figures/shared/hotspot_score_stability/4_60556616_TC_T.metadata.json,dc760160d7fd8bb7409a53ada24a84f8b9be9acbcf10ac13c2d9dda4e644a005
data/provided/hotspot_score_stability/4_64959396_G_A.csv,figures/shared/hotspot_score_stability/4_64959396_G_A.csv,"Frozen final figure input, not primary provided data",figures/shared/hotspot_score_stability/4_64959396_G_A.csv,6639b16586278a40f111afffb9094e5db13b170eee58210718260bb2c614a618
data/provided/hotspot_score_stability/4_64959396_G_A.metadata.json,figures/shared/hotspot_score_stability/4_64959396_G_A.metadata.json,"Frozen final figure input, not primary provided data",figures/shared/hotspot_score_stability/4_64959396_G_A.metadata.json,bb372ad35ba41879e443b82a335c96cfde47d17e3a4acd6911e77e9cf96eb2f6
data/provided/hotspot_score_stability/4_65447981_G_A.csv,figures/shared/hotspot_score_stability/4_65447981_G_A.csv,"Frozen final figure input, not primary provided data",figures/shared/hotspot_score_stability/4_65447981_G_A.csv,96c9408d74d0ca179a15f42a23b67e9237d75fe3612afc109a17249de513461e
data/provided/hotspot_score_stability/4_65447981_G_A.metadata.json,figures/shared/hotspot_score_stability/4_65447981_G_A.metadata.json,"Frozen final figure input, not primary provided data",figures/shared/hotspot_score_stability/4_65447981_G_A.metadata.json,7d118b20e38d5f9d9a6ff55b91052b4635b01bccbb73cc29f91667ab5f895522
data/provided/hotspot_score_stability/6_58476610_G_A.csv,figures/shared/hotspot_score_stability/6_58476610_G_A.csv,"Frozen final figure input, not primary provided data",figures/shared/hotspot_score_stability/6_58476610_G_A.csv,bf4efd75bd3cc22563624d5f9e2a1c5664dd12caaa6c015296d93228f0e15961
data/provided/hotspot_score_stability/6_58476610_G_A.metadata.json,figures/shared/hotspot_score_stability/6_58476610_G_A.metadata.json,"Frozen final figure input, not primary provided data",figures/shared/hotspot_score_stability/6_58476610_G_A.metadata.json,45b9bda1e2eaa984f5402109b5a2d6c42f18e9b47ad2830cc47073687a416e6d
data/provided/hotspot_score_stability/README.md,figures/shared/hotspot_score_stability/README.md,"Frozen final figure input, not primary provided data",figures/shared/hotspot_score_stability/README.md,cd367c0100814869a5dc24e76cb9a528ba0c47716094592b52baff75b2219544
data/provided/loci/chr2_gdsl/box_data.csv,figures/shared/loci/chr2_gdsl/box_data.csv,Frozen figure phenotype/allele input; original calculation is not maintained,figures/shared/loci/chr2_gdsl/box_data.csv,f265f294c9caaf7248fdcf3953db40c0b31cb06d7fb1246fdfa68c8404b58b3f
data/provided/loci/chr2_gdsl/gene_exons.csv,data/generatable/loci/chr2_gdsl/gene_exons.csv,"Reproducible regional association, gene-track or LD output; keep outside Git",data/generatable/loci/chr2_gdsl/gene_exons.csv,7f5d7d109ba40d9e64a8d2b9402110778925b76df6599e2bbdf175c98f440293
data/provided/loci/chr2_gdsl/gene_models.csv,data/generatable/loci/chr2_gdsl/gene_models.csv,"Reproducible regional association, gene-track or LD output; keep outside Git",data/generatable/loci/chr2_gdsl/gene_models.csv,e212526f0f6a1b8a15e6fc03238975c02faf05774ef0e0c687e4bb2f0515ac46
data/provided/loci/chr2_gdsl/ld_track.csv,data/generatable/loci/chr2_gdsl/ld_track.csv,"Reproducible regional association, gene-track or LD output; keep outside Git",data/generatable/loci/chr2_gdsl/ld_track.csv,871b7dab04b6f71271cfc715d7e9201e40e8ddee021263971a449f262143145d
data/provided/loci/chr2_gdsl/meta.json,data/generatable/loci/chr2_gdsl/meta.json,"Reproducible regional association, gene-track or LD output; keep outside Git",data/generatable/loci/chr2_gdsl/meta.json,0274ef3f74e62382fdcd69ee4e20773f1bd335f76895ce3dab650f139fee7496
data/provided/loci/chr2_gdsl/region_gwas.npz,data/generatable/loci/chr2_gdsl/region_gwas.npz,"Reproducible regional association, gene-track or LD output; keep outside Git",data/generatable/loci/chr2_gdsl/region_gwas.npz,73af44cc454c292402a5f56625903b2d20365204764815b74cfca746f77587d9
data/provided/loci/chr2_gdsl/story_biomass_data.csv,deprecated/data/provided/loci/chr2_gdsl/story_biomass_data.csv,Inputs only for retired candidate-specific tests; no active consumer,deprecated/data/provided/loci/chr2_gdsl/story_biomass_data.csv,471b73cbdc9571e7f31ac223e0fd35494443c72fbbfc5ced57dbd79711058f5f
data/provided/loci/chr4_cyp97b/eqtl_genelist.csv,deprecated/data/provided/loci/chr4_cyp97b/eqtl_genelist.csv,Inputs only for retired candidate-specific tests; no active consumer,deprecated/data/provided/loci/chr4_cyp97b/eqtl_genelist.csv,f1458d39dd27fcacb095a0356c3dcdf272ab136b58ca05fee75706769c26c8bb
data/provided/loci/chr4_cyp97b/gene_exons.csv,data/generatable/loci/chr4_cyp97b/gene_exons.csv,"Reproducible regional association, gene-track or LD output; keep outside Git",data/generatable/loci/chr4_cyp97b/gene_exons.csv,04a655f71d73977b6c8947a985b26875460a63e924a0946bccfda70895f13733
data/provided/loci/chr4_cyp97b/gene_models.csv,data/generatable/loci/chr4_cyp97b/gene_models.csv,"Reproducible regional association, gene-track or LD output; keep outside Git",data/generatable/loci/chr4_cyp97b/gene_models.csv,e50bdf42f174e556a6b198770cfa3513e7809a1941932b00693e2db742941fb8
data/provided/loci/chr4_cyp97b/ld_track.csv,data/generatable/loci/chr4_cyp97b/ld_track.csv,"Reproducible regional association, gene-track or LD output; keep outside Git",data/generatable/loci/chr4_cyp97b/ld_track.csv,46cf2caad6ea6da3d645e6d0ac5d588b613b4237b85536bda4aef075c74a4148
data/provided/loci/chr4_cyp97b/meta.json,data/generatable/loci/chr4_cyp97b/meta.json,"Reproducible regional association, gene-track or LD output; keep outside Git",data/generatable/loci/chr4_cyp97b/meta.json,95997e5beae2df94208c920513fd5dfa87ca7d5b113469dc1bb3d6a18cc0c8b1
data/provided/loci/chr4_cyp97b/region_gwas.npz,data/generatable/loci/chr4_cyp97b/region_gwas.npz,"Reproducible regional association, gene-track or LD output; keep outside Git",data/generatable/loci/chr4_cyp97b/region_gwas.npz,1aa4a0e9cec65967987aebe6ccf6930e4fa460bc3cab055d1cf8dae7266a5a6d
data/provided/loci/chr4_gdsl/gene_exons.csv,data/generatable/loci/chr4_gdsl/gene_exons.csv,"Reproducible regional association, gene-track or LD output; keep outside Git",data/generatable/loci/chr4_gdsl/gene_exons.csv,f56b7d99e807085297b9c1781b5970d104c58f6351d68441c301456c1db467c0
data/provided/loci/chr4_gdsl/gene_models.csv,data/generatable/loci/chr4_gdsl/gene_models.csv,"Reproducible regional association, gene-track or LD output; keep outside Git",data/generatable/loci/chr4_gdsl/gene_models.csv,4e57cc5ede55d04ebd232230c58ef931a0ba6882bf5ce6cbec24311366fbe836
data/provided/loci/chr4_gdsl/ld_track.csv,data/generatable/loci/chr4_gdsl/ld_track.csv,"Reproducible regional association, gene-track or LD output; keep outside Git",data/generatable/loci/chr4_gdsl/ld_track.csv,87fd0e1c08618f2432eb6357cfb83bfdc605921093fec636484af8a837e381a7
data/provided/loci/chr4_gdsl/meta.json,data/generatable/loci/chr4_gdsl/meta.json,"Reproducible regional association, gene-track or LD output; keep outside Git",data/generatable/loci/chr4_gdsl/meta.json,423179a6d38bc378aec4e6deed600acf07c19050660b9b357316c58463fa3e41
data/provided/loci/chr4_gdsl/region_gwas.npz,data/generatable/loci/chr4_gdsl/region_gwas.npz,"Reproducible regional association, gene-track or LD output; keep outside Git",data/generatable/loci/chr4_gdsl/region_gwas.npz,9fdc6d90c0a94ca9195fc664f33b38456e447fbde8a20153d0afb751c9b5d5fc
data/provided/loci/chr4_ugt/eqtl_genelist.csv,deprecated/data/provided/loci/chr4_ugt/eqtl_genelist.csv,Inputs only for retired candidate-specific tests; no active consumer,deprecated/data/provided/loci/chr4_ugt/eqtl_genelist.csv,ac985ead391b77b4a54a71a175c5f480b1bbdf68fae6041a4257f47d6f4df011
data/provided/loci/chr4_ugt/gene_exons.csv,data/generatable/loci/chr4_ugt/gene_exons.csv,"Reproducible regional association, gene-track or LD output; keep outside Git",data/generatable/loci/chr4_ugt/gene_exons.csv,e51f67c6406080320f5625b9a33c4a73604c322407cf35b69471aae1776e2c73
data/provided/loci/chr4_ugt/gene_models.csv,data/generatable/loci/chr4_ugt/gene_models.csv,"Reproducible regional association, gene-track or LD output; keep outside Git",data/generatable/loci/chr4_ugt/gene_models.csv,c3c2c5db6f283a7f433341cf0c61d60202c9941edd519c82c979a08b8b7d600c
data/provided/loci/chr4_ugt/geno_pcs.eigenvec,data/provided/population_structure/geno_pcs.eigenvec,Frozen population PCs consumed by the main correlation workflow,data/provided/population_structure/geno_pcs.eigenvec,240dd066d1f973bf55039d8cd763cd0cac86db594d9848989cb962218dfca59a
data/provided/loci/chr4_ugt/ld_track.csv,data/generatable/loci/chr4_ugt/ld_track.csv,"Reproducible regional association, gene-track or LD output; keep outside Git",data/generatable/loci/chr4_ugt/ld_track.csv,b7eaa97cc17d3227de507e0642cfc17a465bd6a35102392bb3f632360bbd68f1
data/provided/loci/chr4_ugt/lead_dosage.csv,deprecated/data/provided/loci/chr4_ugt/lead_dosage.csv,Inputs only for retired candidate-specific tests; no active consumer,deprecated/data/provided/loci/chr4_ugt/lead_dosage.csv,a33574e3f1f075baa554904c6d4fe28f8a3be97681fdba3f45b21e2877707b8a
data/provided/loci/chr4_ugt/meta.json,data/generatable/loci/chr4_ugt/meta.json,"Reproducible regional association, gene-track or LD output; keep outside Git",data/generatable/loci/chr4_ugt/meta.json,51763d804e1cb90e4b07d21a6142e68cb9598a5b025b252c90eb8e0239c7f5a3
data/provided/loci/chr4_ugt/region_gwas.npz,data/generatable/loci/chr4_ugt/region_gwas.npz,"Reproducible regional association, gene-track or LD output; keep outside Git",data/generatable/loci/chr4_ugt/region_gwas.npz,d480eb36c4c304db7a33a354854a7524845a06838b7a49b0b8388e6ed83b8be0
data/provided/loci/chr9_jar1/eqtl_genelist.csv,deprecated/data/provided/loci/chr9_jar1/eqtl_genelist.csv,Inputs only for retired candidate-specific tests; no active consumer,deprecated/data/provided/loci/chr9_jar1/eqtl_genelist.csv,56ddf0be35f422b50d76801e637afeceeda0d1aeb999396fb0dca80d6cb55a67
data/provided/loci/chr9_jar1/gene_exons.csv,data/generatable/loci/chr9_jar1/gene_exons.csv,"Reproducible regional association, gene-track or LD output; keep outside Git",data/generatable/loci/chr9_jar1/gene_exons.csv,f4d160cdd798a852e0c050e7ce71c7c636e032d8dc1933037907b7df9b4e1d7b
data/provided/loci/chr9_jar1/gene_models.csv,data/generatable/loci/chr9_jar1/gene_models.csv,"Reproducible regional association, gene-track or LD output; keep outside Git",data/generatable/loci/chr9_jar1/gene_models.csv,cc83056098a7981c9cabb7918ec859a026492e8d16581eb69b808cfdf5ae40eb
data/provided/loci/chr9_jar1/ld_track.csv,data/generatable/loci/chr9_jar1/ld_track.csv,"Reproducible regional association, gene-track or LD output; keep outside Git",data/generatable/loci/chr9_jar1/ld_track.csv,914e51a13718646dbf1b340e20f480c3b46e7df0bbfbf5575806bf2782ff2670
data/provided/loci/chr9_jar1/meta.json,data/generatable/loci/chr9_jar1/meta.json,"Reproducible regional association, gene-track or LD output; keep outside Git",data/generatable/loci/chr9_jar1/meta.json,e92d8e3197b31d081696b9f8f7381f71a59387d58a72bbeb93ff6de5bd604fc3
data/provided/loci/chr9_jar1/region_gwas.npz,data/generatable/loci/chr9_jar1/region_gwas.npz,"Reproducible regional association, gene-track or LD output; keep outside Git",data/generatable/loci/chr9_jar1/region_gwas.npz,47f07d1f251955f7faa8c70ee703187b86769fcf2b4da12af1d3a4dcb1236d29
data/provided/loci/chr9_lysm/box_data.csv,figures/shared/loci/chr9_lysm/box_data.csv,Frozen figure phenotype/allele input; original calculation is not maintained,figures/shared/loci/chr9_lysm/box_data.csv,c4cb2a7fe7df0235d6b4b0cb5f4b2bb9acaa159b3bef54017d2f95b505a649f9
data/provided/loci/chr9_lysm/gene_exons.csv,data/generatable/loci/chr9_lysm/gene_exons.csv,"Reproducible regional association, gene-track or LD output; keep outside Git",data/generatable/loci/chr9_lysm/gene_exons.csv,9c2cb13e4023cc49f4289e4f43418addb1416b2ebeb2fb46c4102459236337dd
data/provided/loci/chr9_lysm/gene_models.csv,data/generatable/loci/chr9_lysm/gene_models.csv,"Reproducible regional association, gene-track or LD output; keep outside Git",data/generatable/loci/chr9_lysm/gene_models.csv,495200f4c5bc9fbbdd77d7b4476f6c745d276b1aced317dfc7af0a8434d16fc2
data/provided/loci/chr9_lysm/meta.json,data/generatable/loci/chr9_lysm/meta.json,"Reproducible regional association, gene-track or LD output; keep outside Git",data/generatable/loci/chr9_lysm/meta.json,4bed77075d6b9d66b82a97455c4717130ccc013aaaf362983af90d7af2496d46
data/provided/loci/chr9_lysm/region_gwas.npz,data/generatable/loci/chr9_lysm/region_gwas.npz,"Reproducible regional association, gene-track or LD output; keep outside Git",data/generatable/loci/chr9_lysm/region_gwas.npz,1e68dcff732efef457ec3be648521534e7b8af181e4b601af142317d2b7ea460
data/provided/leaf_area_image_level.csv,data/generatable/leaf_area_image_level.csv,Unused generated image-area export; main covariate workflow reads mask_pixels from embeddings,data/generatable/leaf_area_image_level.csv,6b490b5229debda027ab8e31234fc1b9158d48fe04c5bb9ee03287fff1151ea5
data/provided/genotypes_allsites.csv,data/generatable/genotypes_allsites.csv,Generated dependency; generation integrated into retained analysis entry point,data/generatable/genotypes_allsites.csv,2f3672d96315f3d1dd0ab14cd790c32951e26cbc21ac637288ae94e7075066fd
data/provided/population_structure/geno_pcs.eigenvec,data/generatable/population_structure/geno_pcs.eigenvec,Generated dependency; generation integrated into retained analysis entry point,data/generatable/population_structure/geno_pcs.eigenvec,240dd066d1f973bf55039d8cd763cd0cac86db594d9848989cb962218dfca59a
data/provided/hotspots/sam3_peaks_ge10_embeddings.csv,data/generatable/hotspots/sam3_peaks_ge10_embeddings.csv,Generated dependency; generation integrated into retained analysis entry point,data/generatable/hotspots/sam3_peaks_ge10_embeddings.csv,507aaac64e136810044767175e6543f0fa0dad7f11b275e389cdf160465d5d3e
data/provided/hotspots/dino2_peaks_ge10_embeddings.csv,data/generatable/hotspots/dino2_peaks_ge10_embeddings.csv,Generated dependency; generation integrated into retained analysis entry point,data/generatable/hotspots/dino2_peaks_ge10_embeddings.csv,c26085c89ea7c75ec33fd0c053aa15f56f9fa1c35cf8bdb6fb01ecbf66f9382a
data/provided/flowering_time_plot_level.csv,data/externalsourcerequired/phenotypes/flowering_time_plot_level.csv,Unused original observations retained locally; active workflows consume combined covariates,data/externalsourcerequired/phenotypes/flowering_time_plot_level.csv,739e730413c1e2c53905f46703792552941116d1c8116c2d2292032f78aaafd4
data/provided/lysm_grain_mass_figure/phenotypes.csv,figures/supplemental/chr9_1_panicle_wt/phenotypes.csv,Final phenotype input belongs beside its figure,figures/supplemental/chr9_1_panicle_wt/phenotypes.csv,e4587532e506ba5adb59841a579e785cf13c41dd5ca9e92e0427a92285f1513f
data/provided/lysm_grain_mass_figure/tests.csv,data/generatable/repository_cleanup/lysm/tests.csv,Local validation evidence only; excluded from distributable repository,data/generatable/repository_cleanup/lysm/tests.csv,4ad2fecee903681c8da6450d1ad38974396299e4ff449ef829ec6bb4aa0de515
data/provided/lysm_grain_mass_figure/test_metadata.json,data/generatable/repository_cleanup/lysm/test_metadata.json,Local validation evidence only; excluded from distributable repository,data/generatable/repository_cleanup/lysm/test_metadata.json,35192d432d6d3cacd30cf68947119bcbbb8b456958982a1df82c72faea0d7a5b
data/provided/lysm_grain_mass_figure/input_audit.json,data/generatable/repository_cleanup/lysm/input_audit.json,Local validation evidence only; excluded from distributable repository,data/generatable/repository_cleanup/lysm/input_audit.json,fb08e59e2b09d8216f186bca19ddd7ff5aa465103a1a158f37e69ac9bd7d00ab
scripts/prepare_lysm_mass_panels.py,deprecated/scripts/prepare_lysm_mass_panels.py,One-off phenotype freezing complete; tests now belong to figure generation,deprecated/scripts/prepare_lysm_mass_panels.py,f9e01e1e5aa27783cd68154801803702e6cb60d40e8f4e3547fe3fe7fa16f4bf
data/provided/rf_model_list.txt,deprecated/data/provided/rf_model_list.txt,RF figure settings consolidated into its plotting code,deprecated/data/provided/rf_model_list.txt,1a18f84f13ee2eeaf4fa4319f65263de78e9b8f81f0867dfdb8af6e3b22e600d
data/provided/rf_predictor_prefix_list.txt,deprecated/data/provided/rf_predictor_prefix_list.txt,RF figure settings consolidated into its plotting code,deprecated/data/provided/rf_predictor_prefix_list.txt,78811574525f9952f67b9e58665a883f467ac903730526b35a37acb0d5025154
data/provided/rf_target_list.txt,deprecated/data/provided/rf_target_list.txt,RF figure settings consolidated into its plotting code,deprecated/data/provided/rf_target_list.txt,649a4ce655bffaec9aa59222137bad0db8e1c86dcab6f76373f62d5c3240c788
figures/main/figure2/rf_model_list.txt,deprecated/figures/main/figure2/rf_model_list.txt,RF figure settings consolidated into its plotting code,deprecated/figures/main/figure2/rf_model_list.txt,1a18f84f13ee2eeaf4fa4319f65263de78e9b8f81f0867dfdb8af6e3b22e600d
figures/main/figure2/rf_predictor_prefix_list.txt,deprecated/figures/main/figure2/rf_predictor_prefix_list.txt,RF figure settings consolidated into its plotting code,deprecated/figures/main/figure2/rf_predictor_prefix_list.txt,78811574525f9952f67b9e58665a883f467ac903730526b35a37acb0d5025154
figures/main/figure2/rf_target_list.txt,deprecated/figures/main/figure2/rf_target_list.txt,RF figure settings consolidated into its plotting code,deprecated/figures/main/figure2/rf_target_list.txt,649a4ce655bffaec9aa59222137bad0db8e1c86dcab6f76373f62d5c3240c788
data/generatable/population_structure/geno_pcs.eigenvec,data/provided/population_structure/geno_pcs.eigenvec,Retain original population PCs as a provided manuscript input,data/provided/population_structure/geno_pcs.eigenvec,240dd066d1f973bf55039d8cd763cd0cac86db594d9848989cb962218dfca59a
