{
  "A_ciseQTL_lead_to_expr": {
    "Sobic.002G164700": {
      "mean_TPM": 0.03,
      "n": 750,
      "effect": 0.005525593801687957,
      "p": 0.5901421285655577
    },
    "Sobic.002G164800": {
      "mean_TPM": 4.29,
      "n": 750,
      "effect": 0.06289306499806976,
      "p": 0.015778120160699655
    },
    "Sobic.002G164833": {
      "mean_TPM": 0.0,
      "n": 750,
      "effect": -0.0018528296514828137,
      "p": 0.5121792039677293
    },
    "Sobic.002G164866": {
      "mean_TPM": 0.0,
      "n": 750,
      "effect": -0.000539395354419103,
      "p": 0.5474841595803979
    },
    "Sobic.002G164900": {
      "mean_TPM": 4.23,
      "n": 750,
      "effect": 0.09140687147636631,
      "p": 0.38641071253028514
    },
    "Sobic.002G164960": {
      "mean_TPM": 0.39,
      "n": 750,
      "effect": -0.001009739118651279,
      "p": 0.9812574221452692
    },
    "Sobic.002G165080": {
      "mean_TPM": 0.01,
      "n": 750,
      "effect": -0.005963046612399569,
      "p": 0.4966644672716336
    },
    "Sobic.002G165140": {
      "mean_TPM": 98.59,
      "n": 750,
      "effect": -0.010526205094566454,
      "p": 0.7999905039409639
    },
    "Sobic.002G165300": {
      "mean_TPM": 10.93,
      "n": 750,
      "effect": 0.4241104804334,
      "p": 3.732836007147371e-11
    },
    "Sobic.002G165402": {
      "mean_TPM": 18.62,
      "n": 750,
      "effect": 0.2365217689565906,
      "p": 8.703298928438217e-05
    }
  },
  "B_expr_to_target": {
    "Sobic.002G164700": {
      "emb": {
        "n": 736,
        "spearman_rho": -0.032326902566791875,
        "spearman_p": 0.38116860763159033,
        "partial_r": 0.045188658748302454,
        "partial_p": 0.22077143216731926
      },
      "gloss": {
        "n": 740,
        "spearman_rho": -0.012622131787791084,
        "spearman_p": 0.7317547099262771,
        "partial_r": -0.031095907150936908,
        "partial_p": 0.39829265526852214
      },
      "disease_exg": {
        "n": 740,
        "spearman_rho": -0.04708027907368932,
        "spearman_p": 0.2008032537684222,
        "partial_r": 0.036605000951417395,
        "partial_p": 0.32002154102024544
      }
    },
    "Sobic.002G164800": {
      "emb": {
        "n": 736,
        "spearman_rho": -0.038679277426839534,
        "spearman_p": 0.2946611378265187,
        "partial_r": 0.027566081302430157,
        "partial_p": 0.45523270034895
      },
      "gloss": {
        "n": 740,
        "spearman_rho": -0.0042202125631628186,
        "spearman_p": 0.9087553388153937,
        "partial_r": -0.013108084237832003,
        "partial_p": 0.7218473505385145
      },
      "disease_exg": {
        "n": 740,
        "spearman_rho": -0.05096890576849578,
        "spearman_p": 0.16603394757715784,
        "partial_r": 0.020649316070924233,
        "partial_p": 0.5749118434194425
      }
    },
    "Sobic.002G164833": {
      "emb": {
        "n": 736,
        "spearman_rho": -0.04529689382189843,
        "spearman_p": 0.21966655240167396,
        "partial_r": -0.0263522216030236,
        "partial_p": 0.4753343642163944
      },
      "gloss": {
        "n": 740,
        "spearman_rho": -0.1116823199134439,
        "spearman_p": 0.0023464159060101,
        "partial_r": -0.12145825810560551,
        "partial_p": 0.0009306270085405509
      },
      "disease_exg": {
        "n": 740,
        "spearman_rho": -0.036389216621771185,
        "spearman_p": 0.3228844803431977,
        "partial_r": -0.01842839952624977,
        "partial_p": 0.616721854495914
      }
    },
    "Sobic.002G164866": {
      "emb": {
        "n": 736,
        "spearman_rho": -0.03660358605179844,
        "spearman_p": 0.3213561490388717,
        "partial_r": -0.03744162041791996,
        "partial_p": 0.310394355231076
      },
      "gloss": {
        "n": 740,
        "spearman_rho": 0.01839053263296787,
        "spearman_p": 0.6174461355622739,
        "partial_r": 0.013406264700799968,
        "partial_p": 0.7157910425766886
      },
      "disease_exg": {
        "n": 740,
        "spearman_rho": -0.027210583543861768,
        "spearman_p": 0.45985026651878114,
        "partial_r": -0.02346015765437389,
        "partial_p": 0.5239984014200311
      }
    },
    "Sobic.002G164900": {
      "emb": {
        "n": 736,
        "spearman_rho": -0.1119474420946527,
        "spearman_p": 0.002354329725813211,
        "partial_r": -0.03487456970740658,
        "partial_p": 0.34475964120681507
      },
      "gloss": {
        "n": 740,
        "spearman_rho": 0.0002507266676315129,
        "spearman_p": 0.9945672677276609,
        "partial_r": -0.04131335773812306,
        "partial_p": 0.26168212002051217
      },
      "disease_exg": {
        "n": 740,
        "spearman_rho": -0.1133744590701189,
        "spearman_p": 0.002009196675627627,
        "partial_r": -0.03653575487240818,
        "partial_p": 0.3209384594106335
      }
    },
    "Sobic.002G164960": {
      "emb": {
        "n": 736,
        "spearman_rho": -0.12105252898704713,
        "spearman_p": 0.0009997430359442322,
        "partial_r": -0.021277815891483996,
        "partial_p": 0.5643875745677599
      },
      "gloss": {
        "n": 740,
        "spearman_rho": -0.031088663151997164,
        "spearman_p": 0.39840261194259974,
        "partial_r": -0.07368873402989838,
        "partial_p": 0.04508221941841032
      },
      "disease_exg": {
        "n": 740,
        "spearman_rho": -0.12276000193528891,
        "spearman_p": 0.0008185260072188833,
        "partial_r": -0.031160116142992734,
        "partial_p": 0.39731882461057816
      }
    },
    "Sobic.002G165080": {
      "emb": {
        "n": 736,
        "spearman_rho": -0.0630857359067008,
        "spearman_p": 0.08721633868548816,
        "partial_r": -0.049032682767853435,
        "partial_p": 0.18392661337821611
      },
      "gloss": {
        "n": 740,
        "spearman_rho": -0.013171175585866052,
        "spearman_p": 0.7205644424735549,
        "partial_r": -0.012491075221997893,
        "partial_p": 0.7344343663484305
      },
      "disease_exg": {
        "n": 740,
        "spearman_rho": 0.0145355474473705,
        "spearman_p": 0.693018501969193,
        "partial_r": 0.02682663168592105,
        "partial_p": 0.4662092059240216
      }
    },
    "Sobic.002G165140": {
      "emb": {
        "n": 736,
        "spearman_rho": 0.06947747020713518,
        "spearman_p": 0.05957176931883048,
        "partial_r": 0.015628984368187437,
        "partial_p": 0.6720699064596349
      },
      "gloss": {
        "n": 740,
        "spearman_rho": 0.004251863874525647,
        "spearman_p": 0.9080740284863026,
        "partial_r": 0.04424177854701928,
        "partial_p": 0.22934006100144816
      },
      "disease_exg": {
        "n": 740,
        "spearman_rho": 0.07654606136385193,
        "spearman_p": 0.03735955765280207,
        "partial_r": 0.021766034138580782,
        "partial_p": 0.5544070365660626
      }
    },
    "Sobic.002G165300": {
      "emb": {
        "n": 736,
        "spearman_rho": -0.0016341077166583055,
        "spearman_p": 0.9646996194881141,
        "partial_r": 0.026377787941139985,
        "partial_p": 0.4749060319895127
      },
      "gloss": {
        "n": 740,
        "spearman_rho": 0.015407855235401884,
        "spearman_p": 0.6756142901742604,
        "partial_r": 0.040169688144565674,
        "partial_p": 0.2751290711332925
      },
      "disease_exg": {
        "n": 740,
        "spearman_rho": -0.028928853315661054,
        "spearman_p": 0.4319940364632382,
        "partial_r": 0.038213016682750796,
        "partial_p": 0.29921031290974326
      }
    },
    "Sobic.002G165402": {
      "emb": {
        "n": 736,
        "spearman_rho": 0.10204161102627266,
        "spearman_p": 0.0055910190769296745,
        "partial_r": 0.08576356958509779,
        "partial_p": 0.01996306217193985
      },
      "gloss": {
        "n": 740,
        "spearman_rho": -0.01323237037956758,