{
  "note": "GDSL/WDL1 Sobic.002G164900 has NO coding variants in the panel (snpEff): no large-effect test possible for it.",
  "E1_ciseQTL_lead_to_GDSLexpr": {
    "n": 750,
    "effect": 0.09140687147636631,
    "se": 0.10547085654285827,
    "p": 0.38641071253028514
  },
  "E2_GDSLexpr_to_pheno": {
    "gloss": {
      "n": 740,
      "spearman_rho": 0.0002507266676315129,
      "spearman_p": 0.9945672677276609,
      "partial_r": -0.04131335773812306,
      "partial_p": 0.26168212002051217
    },
    "disease_exg": {
      "n": 740,
      "spearman_rho": -0.1133744590701189,
      "spearman_p": 0.002009196675627627,
      "partial_r": -0.03653575487240818,
      "partial_p": 0.3209384594106335
    }
  },
  "V_largeeffect": {
    "G164960 Ser128fs (HIGH)": {
      "pos": 52523771,
      "r2_to_lead": 0.0015915377140925285,
      "gloss": {
        "n": 895,
        "effect": 0.0006370818935124661,
        "se": 0.0010289460015039068,
        "p": 0.535969968842331
      },
      "disease_exg": {
        "n": 895,
        "effect": -0.02489021057316822,
        "se": 0.07521252893772074,
        "p": 0.7407741427908194
      }
    },
    "G164960 Ser127fs (HIGH)": {
      "pos": 52523773,
      "r2_to_lead": 0.0015952272037362894,
      "gloss": {
        "n": 895,
        "effect": 0.0006370818935124661,
        "se": 0.0010289460015039068,
        "p": 0.535969968842331
      },
      "disease_exg": {
        "n": 895,
        "effect": -0.02489021057316822,
        "se": 0.07521252893772074,
        "p": 0.7407741427908194
      }
    },
    "G165402 Glu93fs (HIGH)": {
      "pos": 52638364,
      "r2_to_lead": 0.0023987805797207272,
      "gloss": {
        "n": 895,
        "effect": -0.00011205111619179367,
        "se": 0.0007731052642157795,
        "p": 0.8847939528768509
      },
      "disease_exg": {
        "n": 895,
        "effect": 0.018288735889829114,
        "se": 0.056174856724318684,
        "p": 0.7448279217212181
      }
    },
    "G165402 Asp94fs (HIGH)": {
      "pos": 52638365,
      "r2_to_lead": 0.0043898156277436306,
      "gloss": {
        "n": 895,
        "effect": -0.0010870195876325616,
        "se": 0.0017763437834222742,
        "p": 0.5407326940978752
      },
      "disease_exg": {
        "n": 895,
        "effect": 0.1565915456861532,
        "se": 0.1280093019606385,
        "p": 0.22154751095794667
      }
    },
    "G165300 Thr274Met (MOD, MYB)": {
      "pos": 52632827,
      "r2_to_lead": 0.003545974828318365,
      "gloss": {
        "n": 895,
        "effect": -2.3885029240214402e-05,
        "se": 0.0009439273139461852,
        "p": 0.9798182592845125
      },
      "disease_exg": {
        "n": 895,
        "effect": -0.09909276333759771,
        "se": 0.06773948213689299,
        "p": 0.1438620129788633
      }
    },
    "G164960 Ser170Cys (MOD)": {
      "pos": 52523645,
      "r2_to_lead": 0.0016448213201528926,
      "gloss": {
        "n": 895,
        "effect": 0.00042564094874346375,
        "se": 0.0010212996914183183,
        "p": 0.6769517557522804
      },
      "disease_exg": {
        "n": 895,
        "effect": -0.01384278228909054,
        "se": 0.074781979297257,
        "p": 0.8531861799465319
      }
    }
  }
}