{
  "peak_gloss": {
    "beta_std": 0.3168383958758581,
    "p": 0.00020825818175148215
  },
  "gloss_emb_spearman": {
    "rho": 0.11143010019918369,
    "p": 0.0008626810943160577,
    "n": 891
  }
}