{
  "marker": "Chr02:52,490,664 (GGAGT>G, 4-bp del)",
  "gloss": {
    "n": 895,
    "n_carrier": 51,
    "beta_std": 0.3168383958758581,
    "se": 0.08543505315943134,
    "p": 0.00020825818175148215
  },
  "disease_exg": {
    "n": 895,
    "n_carrier": 51,
    "beta_std": 0.31233118075683475,
    "se": 0.0818944135627035,
    "p": 0.00020599161685167528
  },
  "human_score": {
    "n": 541,
    "n_carrier": 30,
    "beta_std": 0.3503955418415712,
    "se": 0.10215593394929803,
    "p": 0.0006502415403350963
  },
  "biomass_pooled": {
    "dry": {
      "n": 376,
      "n_carrier": 14,
      "beta_std": -0.18570391547808163,
      "se": 0.15797650703210556,
      "p": 0.24054623676452544
    },
    "fresh": {
      "n": 376,
      "n_carrier": 14,
      "beta_std": -0.38000140718536424,
      "se": 0.15708011973134017,
      "p": 0.016039462685819728
    },
    "water": {
      "n": 376,
      "n_carrier": 14,
      "beta_std": -0.46157916272631444,
      "se": 0.15715112532776357,
      "p": 0.0035201301465202094
    },
    "water_frac": {
      "n": 376,
      "n_carrier": 14,
      "beta_std": -0.6302978153867601,
      "se": 0.15661533793596588,
      "p": 0.00010184494001272803
    }
  },
  "biomass_MI2021": {
    "dry": {
      "n": 368,
      "n_carrier": 13,
      "beta_std": -0.27752187741633094,
      "se": 0.15118435317752096,
      "p": 0.06723151366548069
    },
    "fresh": {
      "n": 368,
      "n_carrier": 13,
      "beta_std": -0.44678205086853084,
      "se": 0.14951141661695702,
      "p": 0.0029975177626754804
    },
    "water": {
      "n": 368,
      "n_carrier": 13,
      "beta_std": -0.5361246840067196,
      "se": 0.15756108258868706,
      "p": 0.0008486175264453831
    },
    "water_frac": {
      "n": 368,
      "n_carrier": 13,
      "beta_std": -0.6505193366194367,
      "se": 0.1497319011944741,
      "p": 2.5755104864575377e-05
    }
  }
}