{
  "n": 750,
  "beta_std": 0.32057184286850976,
  "p": 2.1237512923623263e-05
}