{
  "marker_to_trait": {
    "chr4_65.4_lead": {
      "midrib_b": {
        "n": 895,
        "n_carrier": 814,
        "beta_std": -0.315692510109428,
        "p": 2.963377169224801e-05
      },
      "lamina_b": {
        "n": 895,
        "n_carrier": 814,
        "beta_std": -0.21821899113247767,
        "p": 0.0037011379857920194
      },
      "contrast": {
        "n": 895,
        "n_carrier": 814,
        "beta_std": -0.2352732402329354,
        "p": 0.003789861340534685
      },
      "whole_b": {
        "n": 895,
        "n_carrier": 814,
        "beta_std": -0.22198672429239893,
        "p": 0.002796870956095592
      }
    },
    "His277_missense": {
      "midrib_b": {
        "n": 895,
        "n_carrier": 815,
        "beta_std": -0.2682023304577571,
        "p": 0.0003537752561522693
      },
      "lamina_b": {
        "n": 895,
        "n_carrier": 815,
        "beta_std": -0.17352511035636772,
        "p": 0.020489037444182654
      },
      "contrast": {
        "n": 895,
        "n_carrier": 815,
        "beta_std": -0.21728437727421354,
        "p": 0.0067432642686671
      },
      "whole_b": {
        "n": 895,
        "n_carrier": 815,
        "beta_std": -0.17794447872171043,
        "p": 0.016217184221546055
      }
    }
  },
  "ciseQTL": {
    "chr4_65.4_lead": {
      "n": 750,
      "n_carrier": 677,
      "beta_std": 0.3484479475183874,
      "p": 4.067113975821938e-06
    },
    "His277_missense": {
      "n": 750,
      "n_carrier": 678,
      "beta_std": 0.3506084108239188,
      "p": 2.95066540068979e-06
    }
  },
  "expr_to_contrast": {
    "contrast": {
      "n": 740,
      "spearman_rho": -0.008394085874970836,
      "spearman_p": 0.8196759199316168,
      "partial_r": -0.07666706967064443,
      "partial_p": 0.037058979322066705
    },
    "midrib_b": {
      "n": 740,
      "spearman_rho": -0.027559889248978835,
      "spearman_p": 0.4541074672983684,
      "partial_r": -0.046390615607480194,
      "partial_p": 0.20748669960488855
    }
  }
}