{
  "emb": {
    "chr4_lead": {
      "uncond": {
        "beta_std": 0.5912730728361669,
        "p": 3.187128402534924e-14
      },
      "cond_Tan1": {
        "beta_std": 0.5548579578179407,
        "p": 4.1844430805550177e-13
      }
    },
    "His277": {
      "uncond": {
        "beta_std": 0.5612813349595468,
        "p": 2.7570647404947484e-13
      },
      "cond_Tan1": {
        "beta_std": 0.524982986278233,
        "p": 4.014820088071924e-12
      }
    },
    "Tan1": {
      "uncond": {
        "beta_std": 0.2380784448604429,
        "p": 3.6571631786942435e-08
      },
      "cond_chr4": {
        "beta_std": 0.20483769103912455,
        "p": 5.003595165393597e-07
      }
    }
  },
  "yellowness_b": {
    "chr4_lead": {
      "uncond": {
        "beta_std": -0.22567218419714857,
        "p": 0.002363691005041823
      },
      "cond_Tan1": {
        "beta_std": -0.228852660339073,
        "p": 0.002753840178501257
      }
    },
    "His277": {
      "uncond": {
        "beta_std": -0.18136212798173207,
        "p": 0.014240495458958962
      },
      "cond_Tan1": {
        "beta_std": -0.1814907947437641,
        "p": 0.017166456570316006
      }
    },
    "Tan1": {
      "uncond": {
        "beta_std": -0.025172466711360045,
        "p": 0.5671011062536169
      },
      "cond_chr4": {
        "beta_std": -0.001307411566126575,
        "p": 0.9768450614964064
      }
    }
  },
  "gloss": {
    "chr4_lead": {
      "uncond": {
        "beta_std": -0.2590890945002933,
        "p": 0.0013586727068951494
      },
      "cond_Tan1": {
        "beta_std": -0.23776327454692522,
        "p": 0.0036760682432853907
      }
    },
    "His277": {
      "uncond": {
        "beta_std": -0.19806055334626413,
        "p": 0.013370632587572985
      },
      "cond_Tan1": {
        "beta_std": -0.17527449233795311,
        "p": 0.030555159562590826
      }
    },
    "Tan1": {
      "uncond": {
        "beta_std": -0.0946675207552728,
        "p": 0.04093854736486498
      },
      "cond_chr4": {
        "beta_std": -0.07105644798072468,
        "p": 0.12726872621630028
      }
    }
  },
  "brightness_L": {
    "chr4_lead": {
      "uncond": {
        "beta_std": -0.053665563225045114,
        "p": 0.491173770358464
      },
      "cond_Tan1": {
        "beta_std": -0.07368008056029339,
        "p": 0.35294568590230235
      }
    },
    "His277": {
      "uncond": {
        "beta_std": -0.09004162196960126,
        "p": 0.24455194170568628
      },
      "cond_Tan1": {
        "beta_std": -0.11131519081992126,
        "p": 0.1573714765853156
      }
    },
    "Tan1": {
      "uncond": {
        "beta_std": 0.06005666330808889,
        "p": 0.18137517381643373
      },
      "cond_chr4": {
        "beta_std": 0.06741190708857456,
        "p": 0.1393768632502338
      }
    }
  }
}