genotype,b_mean,a_mean,L_mean,b_sd,L_sd,gloss,leaf_area_img,mask_pixels_img,mask_pixels_blue
BTx643,12.27669448852539,-7.018418502807617,24.6379623413086,3.1526889324188234,7.743123531341553,0.0632937671248395,3695842.8,3695842.8,3868874.246669932
BTx645,11.46242380142212,-5.49849804242452,24.11512279510498,2.882133920987448,7.27739159266154,0.0628094876578204,4463905.333333333,4463905.333333333,4180992.922591109
Fill(Exclude),,,,,,,3882169.82,3882169.82,3916338.1686263257
PI152651,16.44323952992757,-5.747410456339519,22.84112040201823,2.6207865675290427,8.472469568252563,0.0532194137425026,2469451.4,2469451.4,2452561.2360285465
PI153844,8.43765115737915,-6.439189434051514,22.240874926249187,2.048478364944458,7.692151069641113,0.0469751761324007,3116726.0,3116726.0,3235451.5605391944
PI153846,11.609482628958563,-7.00482668195452,23.612742287772043,3.683338131223406,9.122788429260254,0.0559798866091853,2947925.4615384615,2947925.4615384615,3132659.961045776
PI153852,12.416367769241331,-5.911882281303406,22.67184591293335,2.3650118112564087,8.968777894973755,0.0531779032995152,3148494.6666666665,3148494.6666666665,3039732.7618399286
PI156549,,,,,,,,,
PI17548,,,,,,,,,
PI22326,14.365267753601074,-6.294020891189575,24.07277107238769,2.989059567451477,9.7816162109375,0.0623225711423075,3745463.0,3745463.0,3905747.487438103
PI24969,11.095729064941406,-8.607993793487548,24.807815933227538,3.009207820892334,6.759716606140136,0.0501626708612576,2457159.3333333335,2457159.3333333335,2571328.1453468665
PI276837,17.90181763966878,-12.35338830947876,25.447689692179363,3.1243103742599487,7.505628188451131,0.0485241019759413,3602841.909090909,3602841.909090909,3933084.750017568
PI329435,19.31432342529297,-8.047574520111084,22.719544728597004,4.803645769755046,9.49768098195394,0.0568694180238381,4421738.666666667,4421738.666666667,4528027.292786149
PI329440,10.831428951687284,-5.106948680347866,24.14662128024631,2.761091073354085,8.042613294389513,0.0601459324987155,3147628.705882353,3147628.705882353,3322884.48982238
PI34911,12.982765515645346,-10.40575917561849,24.688342412312824,3.1929474671681723,8.804810523986816,0.0513994645845908,3901628.3333333335,3901628.3333333335,4061912.820771437
PI35038,12.86020310719808,-7.683600266774495,23.985870997111004,3.1204991340637207,7.867599487304687,0.0518291784562771,3533676.5,3533676.5,3576045.420680208
PI48770,10.377748092015583,-5.362576246261597,24.49679374694824,2.324949264526367,8.167207400004068,0.0388376872905296,4181253.4285714286,4181253.4285714286,4223688.941952777
PI533745,18.18442217508952,-6.010316371917725,21.958170572916668,3.254650990168253,9.75158723195394,0.0613159552739495,2668708.6666666665,2668708.6666666665,2325368.603960921
PI533746,8.92249345779419,-2.248011827468872,22.872597694396973,2.375731945037842,7.51313042640686,0.0515355006459874,,,
PI533747,10.446301698684692,-4.106365884343783,24.3150847752889,3.504216949144999,10.689523379007976,0.0470219231472077,2750091.6666666665,2750091.6666666665,3184693.355442982
PI533749,10.163565476735434,-5.040384570757548,23.599846839904785,2.370970288912455,9.349764426549276,0.0528295928972409,3670616.0,3670616.0,3924893.783311828
PI533750,,,,,,,4673775.0,4673775.0,4559844.596241353
PI533751,11.18096955617269,-6.226953268051148,25.08250904083252,2.883074919382731,9.569398085276283,0.058945779873685,4235544.222222222,4235544.222222222,4315435.8247377295
PI533752,11.258443117141724,-3.839744071165721,24.705454508463543,3.60898494720459,9.191150506337484,0.0578384960229334,4231203.714285715,4231203.714285715,4183064.161353165
PI533753,17.611064910888675,-7.095805009206136,21.47423998514812,3.61538831392924,9.193145434061686,0.0552102838880399,3023137.0,3023137.0,2679796.9372942545
PI533754,7.09196122487386,-4.851947625478108,23.636611302693684,2.8821518421173096,8.10158109664917,0.0662298471818313,3774393.5,3774393.5,3440495.898343705
PI533755,15.007787307103476,-6.111571391423543,23.54250208536784,3.481857736905416,10.524612267812094,0.0654730366954118,3021177.1666666665,3021177.1666666665,3050737.01029332
PI533756,6.421578407287598,-4.43102011680603,24.11764030456543,2.410090494155884,8.182491493225097,0.0444899298469311,3959375.25,3959375.25,4245249.4013096895
PI533757,10.335900497436525,-9.042188930511475,24.817203903198244,2.804999732971192,7.167682838439942,0.0525283115122236,4749354.6,4749354.6,4839704.494596654
PI533758,13.440982341766356,-4.031742811203003,24.42612870534261,2.8919905026753745,9.656795978546144,0.0730445104819138,4213914.777777778,4213914.777777778,4368123.977602648
PI533759,9.03165078163147,-5.651471495628357,24.036536693573,2.2986437678337097,7.268531799316406,0.0422321415457192,3962459.714285714,3962459.714285714,4436768.150394924
PI533760,9.117278957366944,-7.43777379989624,24.82259521484375,2.9141592264175413,7.619961929321289,0.0426543810912734,3354058.222222222,3354058.222222222,3667052.607178196
PI533761,16.446467399597168,-5.903276910384496,23.888825098673504,3.5302249590555825,10.850056012471518,0.0621175237979404,4408965.181818182,4408965.181818182,4385157.764912936
PI533762,9.679047584533691,-6.01163403193156,24.591203689575195,2.7338139613469443,10.333045482635498,0.0575303651303933,3432560.4,3432560.4,3667559.639814728
PI533763,11.752196272214254,-3.156580403447151,22.297611872355144,3.741342087586721,8.953447580337524,0.0574015949196861,2792561.6,2792561.6,2494823.541028132
PI533764,12.370397885640465,-4.449381669362386,22.30568790435791,2.2962513168652854,9.884512424468994,0.0634612515499802,2421639.8333333335,2421639.8333333335,2462116.7817083057
PI533765,11.384920120239258,-7.113307634989421,23.439737955729168,2.326971093813578,9.236651420593262,0.0533819105490742,2922005.6666666665,2922005.6666666665,2989057.316952777
PI533766,11.988172133763632,-7.079673608144124,22.13286018371582,2.837830662727356,8.067325194676718,0.0539694343097527,3208102.5454545454,3208102.5454545454,3117927.3354407446
PI533767,,,,,,,3196756.3333333335,3196756.3333333335,2984720.730191396
PI533768,8.789415995279947,-7.199100017547607,25.107994079589844,2.687776565551758,7.522666613260905,0.0555553349887219,3846615.75,3846615.75,3765884.60642187
PI533769,17.11701250076294,-9.570393741130829,24.44674825668335,3.504473805427552,9.51856815814972,0.0554674057046887,3628663.076923077,3628663.076923077,3613249.190545824
PI533770,8.39648405710856,-2.775219187140465,22.66863187154134,2.848084012667338,8.859453360239664,0.0594772230245405,3221432.6666666665,3221432.6666666665,3184156.718572293
PI533771,12.55380153656006,-5.833043575286865,23.550474802653,2.569421529769897,10.632768472035728,0.0640391274051555,2761677.125,2761677.125,2837957.4392954702
PI533772,6.875053024291992,-4.512612199783325,22.736641693115235,2.11366491317749,8.270198917388916,0.0566513806818341,2672004.2,2672004.2,2732532.811574742
PI533773,,,,,,,3302189.75,3302189.75,3320811.275152977
PI533774,10.740224409103394,-7.155559015274048,24.70904788970948,2.656166076660156,9.523290061950684,0.0578777860224445,4020251.411764706,4020251.411764706,3775582.234264941
PI533775,10.8062105178833,-6.006268501281738,24.699262619018555,2.822600305080414,9.599364280700684,0.0622717788183974,3561596.5,3561596.5,3523341.566100056
PI533776,13.966904067993164,-6.117212295532227,24.12373733520508,3.438590145111084,10.793170547485351,0.068027263451584,3175182.714285714,3175182.714285714,3178829.1796019217
PI533777,13.141752481460571,-4.731522813439369,24.23128604888916,3.292375564575196,9.296706557273865,0.0516980856438911,3262000.0,3262000.0,2959934.803219718
PI533778,19.13649654388428,-4.503640020887057,23.54875946044922,3.8027497927347818,9.835585753122963,0.0598669355202158,3011112.3636363638,3011112.3636363638,2951308.6277194526
PI533779,7.466856002807617,-7.309846719106038,19.513477325439453,2.5684761206309,5.442498207092285,0.0465720625372789,1483884.25,1483884.25,1930838.5503568768
PI533780,9.189102268218994,-3.454519939422608,23.02534408569336,2.4772199153900147,10.429076766967771,0.0643237017056622,2882017.5,2882017.5,3029569.678131
PI533781,13.333029747009276,-5.772894763946534,23.77479400634765,3.628633499145508,9.19552402496338,0.0586105024547845,2771646.2,2771646.2,2983402.3361978787
PI533782,15.362845039367675,-4.602758812904358,19.69203033447265,2.8873074054718018,7.095340442657471,0.0457665123477441,1652714.0,1652714.0,2007054.1340073869
PI533783,11.994672060012816,-3.6970059971014657,23.19771162668864,2.511961261431376,10.045337835947672,0.0630890124676778,3292255.2,3292255.2,3112526.803833656
PI533784,13.698950004577636,-6.537467396259308,25.186250686645508,3.564021158218384,9.352309417724609,0.0516989308094339,4097362.0,4097362.0,4000194.42258319
PI533785,18.55982573827108,-6.326884031295776,23.06623140970866,3.795988957087199,8.727835257848104,0.0663669583719415,3619237.6666666665,3619237.6666666665,3659355.0391456224
PI533786,15.682221412658691,-8.2974458694458,22.715395355224608,3.3374791145324707,8.316496276855469,0.0492324375555502,3212869.2,3212869.2,3125346.4418196445
PI533787,11.3095805644989,-7.566087961196899,24.41517543792725,2.83826345205307,9.363468885421751,0.0556360964848238,3184486.25,3184486.25,3082840.546268588
PI533788,6.786760759353638,-5.348579072952271,23.293316268920897,2.372972106933594,8.929564952850342,0.0503934747618491,2641075.2,2641075.2,3437697.379057788
PI533789,10.276012738545736,-4.166697680950165,24.75216229756673,2.178080995877584,7.870848973592122,0.051210048135466,4432596.333333333,4432596.333333333,4142529.124361466
PI533790,14.538656997680665,-6.030575370788574,23.67580871582032,3.193609428405762,8.409691333770752,0.0546190966573465,2628437.6,2628437.6,2339855.544813761
PI533791,11.610270023345947,-6.26603776216507,22.521562099456787,3.0622912645339966,9.889772891998293,0.0641474216735472,2263204.0,2263204.0,2310626.6417124663
PI533792,9.242544174194336,-4.944413185119629,22.966522216796875,2.089338779449463,7.788272857666016,0.0491040416335208,3153997.0,3153997.0,3265241.3430535914
PI533793,10.974879264831545,-5.935910065968831,23.764121373494465,2.581712484359741,7.581851959228516,0.0420111102901769,5192925.0,5192925.0,5123881.077802617
PI533794,15.468538284301758,-5.134434938430786,23.88573424021403,3.675673921902975,7.721863587697347,0.0597263045288409,3544780.272727273,3544780.272727273,3881221.005268866
PI533795,13.957821573529923,-1.5603740641048975,24.97306142534529,3.255864041192191,8.650027888161796,0.0540269639416468,3554527.6666666665,3554527.6666666665,3756330.6781310006
PI533796,,,,,,,3553766.0,3553766.0,3598982.815930441
PI533797,14.254226684570312,-4.778675367434819,24.801685969034832,3.228048245112101,10.377334594726562,0.0603423982476662,4392044.7272727275,4392044.7272727275,4236871.33913051
PI533798,8.458223422368368,-4.979337533315023,24.39125410715739,2.139643371105194,9.169710715611776,0.0586112307271967,3842262.0,3842262.0,3863362.210428104
PI533799,11.348764737447103,-6.187333703041077,26.00273927052816,3.1945067644119263,8.863853454589844,0.0612190542848918,4937636.6,4937636.6,4870109.831302825
PI533800,9.66944964726766,-4.995235562324524,24.64197572072347,2.9611846208572388,9.258374532063804,0.068452885449006,3950928.0,3950928.0,3864235.1779713416
PI533801,,,,,,,2930162.3333333335,2930162.3333333335,3054483.8143488835
PI533802,11.033344825108848,-8.268436590830484,23.78682486216228,2.841668883959452,8.3409051100413,0.0529337845156937,3309505.3333333335,3309505.3333333335,3398653.330003184
PI533803,9.136110994550917,-5.335591952006022,22.757129457261826,2.48742417494456,9.85014788309733,0.069782677901955,2394726.875,2394726.875,2174139.034863946
PI533804,15.13127851486206,-3.6322411596775055,21.810147285461422,2.8396435379981995,8.864556312561035,0.0613421540615005,1757324.3333333333,1757324.3333333333,1779620.8786801996
PI533805,,,,,,,2812515.5454545454,2812515.5454545454,2758606.8513450725
PI533807,11.211487929026283,-6.390484114487966,24.94246419270833,2.815108597278595,9.603471120198568,0.0640309669197075,3593802.8333333335,3593802.8333333335,3655707.7618968417
PI533808,8.29357205496894,-4.012161466810438,25.03900294833713,1.9840195841259427,10.082357300652395,0.061691420962315,3779535.5555555555,3779535.5555555555,3619147.095173262
PI533809,12.613291025161743,-7.109959125518799,23.080678304036457,3.216065684954325,8.461240609486898,0.049460651271202,3296809.3333333335,3296809.3333333335,3599331.324114565
PI533810,9.68641153971354,-8.047455231348673,24.096094131469727,2.818730394045512,7.205083767573039,0.0481961764478252,3775010.5,3775010.5,3984022.6059324257
PI533811,14.059637864430746,-3.078794360160828,24.67471536000569,3.35755189259847,8.895889282226562,0.0418460875511049,3143614.3333333335,3143614.3333333335,3641540.504773875
PI533812,18.203036427497864,-6.627337098121643,24.1783299446106,3.2552547454833984,7.260833263397217,0.0550537578196496,2868123.0,2868123.0,3113315.7936753198
PI533813,14.8126114209493,-6.816451668739319,23.33952871958415,3.009692827860514,6.78693151473999,0.0522939130955552,4241095.666666667,4241095.666666667,4353896.141712466
PI533814,15.975294828414915,-6.962845087051392,22.976295471191406,3.50371390581131,7.547743797302246,0.0511635375889657,3560728.25,3560728.25,3001278.878147096
PI533815,,,,,,,3282722.714285714,3282722.714285714,3419665.315674053
PI533816,13.42041407691108,-7.995358255174425,22.526320775349934,2.984205484390259,7.332233428955078,0.050939784299526,3154710.875,3154710.875,3345278.7773130387
PI533817,,,,,,,3923700.0,3923700.0,3709918.191320561
PI533818,14.321424961090088,-5.192047834396362,21.69803047180176,2.9812660813331604,11.152141094207764,0.0727817330026118,2705180.0,2705180.0,2722725.1855692705
PI533819,13.754044669015068,-5.735287734440395,24.32520430428641,2.713342939104353,9.784696170261928,0.0573070763358478,3412814.777777778,3412814.777777778,3201041.5594793577
PI533820,10.005046844482422,-5.760173487663269,23.021769714355468,2.6179601192474364,8.302544021606446,0.0625135664315674,3629794.222222222,3629794.222222222,3339589.542005155
PI533821,9.723086902073453,-6.139103991644723,25.48217964172364,2.5827115263257707,10.432975496564593,0.0575086600037487,4495739.666666667,4495739.666666667,4330116.334863947
PI533822,10.14995756149292,-6.142139434814453,21.78426742553711,2.1717484474182127,8.07978630065918,0.0518857334681516,2546012.0,2546012.0,2697742.7173257824
PI533823,13.065063095092771,-2.5551057696342467,25.333061981201173,3.721649694442749,10.74974708557129,0.0669504436268878,3067804.4444444445,3067804.4444444445,3022907.851433338
PI533824,12.28859920501709,-9.061723518371585,27.076744079589844,3.136507558822632,9.020384407043457,0.0447952603039828,4808598.285714285,4808598.285714285,4883670.389100008
PI533825,10.754356225331623,-8.054939985275269,23.857340494791668,2.416150470574697,8.254550615946451,0.0427868517099463,3262951.272727273,3262951.272727273,3190985.8564218697
PI533827,10.28590977191925,-7.364360690116882,25.085484981536865,2.544781029224396,9.88706111907959,0.0635803376646682,3336574.1428571427,3336574.1428571427,3840514.9013096895
PI533828,15.04820982615153,-4.580027619997661,24.446760177612305,3.1550042629241943,10.658803939819336,0.0646454176078932,3204179.3333333335,3204179.3333333335,3461990.8109359806
PI533829,15.417215156555176,-4.900924921035767,24.680038833618163,3.881161975860596,11.124488258361817,0.0548307002089176,3591174.222222222,3591174.222222222,3882148.941337852
PI533830,17.791534105936687,-1.5703874826431274,27.109338124593098,4.810351610183716,12.184655825297035,0.07025870665154,3352974.3333333335,3352974.3333333335,3851729.688776316
PI533831,9.60001269976298,-4.849263111750285,26.000035603841145,2.500832239786784,8.342418909072876,0.0442992853607343,4749609.0,4749609.0,4724433.820260065
PI533832,12.854549090067543,-4.88454004128774,22.29930814107259,2.778874556223552,6.672574361165364,0.0647892876665362,2903323.0,2903323.0,2982682.8545185383
PI533833,8.94496981302897,-5.331910649935405,24.19431749979655,2.622113585472107,8.881961027781168,0.0575473634080746,3437134.6666666665,3437134.6666666665,3408258.068100004
PI533834,14.663007259368896,-6.604749202728272,23.50209204355876,2.88698426882426,8.523401419321695,0.0460032179666189,4998756.111111111,4998756.111111111,5063715.825024214
PI533835,14.613932800292968,-5.742279958724976,24.76309242248535,3.0779473781585693,7.91836519241333,0.0487056842419742,4581082.0,4581082.0,4718770.045346866
PI533836,11.509341637293495,-5.845152735710144,23.96748447418213,3.3337974150975547,9.47369376818339,0.0596158903294436,3614085.75,3614085.75,3640846.038259872
PI533837,12.23516883850098,-7.945738315582275,26.351538848876952,3.1763756275177,8.216929054260254,0.066158208559105,4394780.571428572,4394780.571428572,4673619.968739478
PI533838,13.92129635810852,-1.827885948121548,24.992738246917725,2.661296367645264,11.536843299865724,0.0793483109554934,3013085.75,3013085.75,3081924.0113044977
PI533839,5.681036432584127,-4.8682710727055865,23.1125332514445,1.9745508035024004,8.559076627095541,0.0552789958809682,2891134.2,2891134.2,2828370.89752406
PI533840,8.303818066914877,-3.377900749444961,22.537295659383137,2.429159998893738,9.038148562113443,0.0567696383383166,2599009.2,2599009.2,2681794.206292446
PI533841,11.21941860516866,-6.624440511067708,23.70490709940593,3.276183088620504,6.833812872568767,0.055280663619615,3662466.1666666665,3662466.1666666665,3501944.407987228
PI533842,11.562002976735434,-7.691572825113933,24.56145636240641,3.246650497118632,8.319741566975912,0.0489240685630076,3979124.777777778,3979124.777777778,3953109.235617936
PI533843,,,,,,,3333154.75,3333154.75,3096360.394762008
PI533844,13.048222923278807,-8.756146430969238,21.58602104187012,2.3103238105773927,7.825980091094971,0.0568785479242489,2461030.222222222,2461030.222222222,2805912.002864546
PI533845,,,,,,,3356390.875,3356390.875,3448455.2088518757
PI533846,14.160489082336426,-4.49189571539561,22.909391085306805,2.7525091965993247,7.597183624903361,0.0475987012112057,3050060.0,3050060.0,2889538.241320561
PI533847,10.909519481658936,-6.631256484985352,22.939776611328124,2.4461064100265504,9.39525146484375,0.0605418076091174,3035215.5,3035215.5,2745825.226617414
PI533848,15.637334982554115,-4.95494790871938,23.24778938293457,2.7836506565411887,10.558770974477133,0.0668401933936136,2781096.272727273,2781096.272727273,2837031.6032197187
PI533849,12.45246810913086,-4.702792367339134,20.84253616333008,2.42242488861084,7.566238689422607,0.0484326027594226,2293306.75,2293306.75,2670499.188618217
PI533850,9.519649744033812,-4.785231431325276,24.919450441996258,2.502496898174286,8.589314142862955,0.0512619629357605,4163070.125,4163070.125,4215958.940930441
PI533851,13.976691246032717,-9.097752690315248,22.696404457092285,2.2224358320236206,8.155837416648865,0.0547211898814377,2439983.714285714,2439983.714285714,2700704.214721367
PI533852,,,,,,,3758902.0,3758902.0,3896004.058756952
PI533853,10.079786459604898,-5.1323162118593855,23.605223655700684,3.689626773198446,8.879061222076416,0.0648826231868409,3409395.0,3409395.0,3215532.3198856865
PI533854,16.590032986232213,-4.047228506633213,23.375192369733536,2.6108969279697964,9.571976729801722,0.060780312722716,2564893.846153846,2564893.846153846,2535056.183563211
PI533855,9.49688138961792,-6.508931541442872,24.544327163696288,2.4237690448760985,9.064405632019042,0.0514564970298378,3897867.6,3897867.6,3831181.5344742406
PI533856,9.292341629664104,-5.340882778167725,24.147932370503742,2.510565916697184,10.110965410868326,0.0624376678007077,3667312.777777778,3667312.777777778,3468546.942991653
PI533857,14.174056434631348,-5.69496717453003,25.10243339538574,3.651846647262573,8.567006969451905,0.0463185114755811,4330841.142857143,4330841.142857143,4573520.638061595
PI533858,8.126699256896973,-7.085395622253418,24.9120662689209,2.907235097885132,8.375643444061279,0.0530125082555481,4328454.0,4328454.0,4329624.986552353
PI533859,15.52763064702352,-5.7701700528462725,24.516881942749023,2.9103099505106607,9.531125545501707,0.0476847228735534,4007637.0,4007637.0,3843587.4815996895
PI533860,8.341556453704834,-4.823391771316528,25.85192756652832,2.7807825565338136,9.814484024047852,0.0623334729641527,4430883.0,4430883.0,4425686.53650674
PI533861,12.508604129155476,-7.477013111114502,25.206653277079266,3.478436589241028,8.667602698008219,0.0455475647343694,4521565.333333333,4521565.333333333,4529638.488551039
PI533862,13.78010400136312,-3.3968489120403924,19.709285418192547,3.0605907837549844,10.086325645446776,0.07212231182253,1933003.8,1933003.8,2234983.415330496
PI533863,12.161493513319227,-6.846013493008083,22.193403032090927,2.7557000848982067,6.435588783688015,0.0618994974003374,3603002.5625,3603002.5625,3551220.6603388283
PI533864,15.000809828440348,-8.084410349527994,22.98060385386149,3.303871512413025,10.588013490041098,0.0607934566149009,2834911.1666666665,2834911.1666666665,2754861.424186474
PI533865,13.8890043258667,-5.420651245117187,22.022969436645507,2.928073787689209,7.489412307739258,0.0643967921246019,2949484.6,2949484.6,3187473.0755641568
PI533866,,,,,,,3478410.6666666665,3478410.6666666665,3649124.1704353546
PI533867,17.00161298116048,-5.812705039978027,22.90544255574544,3.67891518274943,8.752461115519205,0.0558073766900194,3350309.8,3350309.8,3415908.825905124
PI533869,13.077313804626463,-5.72208161354065,24.26421585083008,2.638246560096741,10.781568336486815,0.0645610454505059,3401186.0,3401186.0,3824511.3916008407
PI533870,12.711682455880302,-6.402618408203125,24.88879449026925,2.751438651766096,9.56627757208688,0.0533243034879956,4408987.333333333,4408987.333333333,4440935.468858792
PI533871,12.91359273592631,-7.450082778930664,23.38011868794759,2.6542711655298867,9.254852771759031,0.0512368840584166,3311329.0,3311329.0,3162797.404786
PI533872,10.12219774723053,-5.35982358455658,22.72262668609619,2.827070971330007,8.494701862335205,0.062399189956737,2970714.8181818184,2970714.8181818184,2825249.681832306
PI533873,7.777469515800476,-2.464796264966329,26.05571524302165,3.300511320432028,9.70453683535258,0.0603895522569409,4051288.111111111,4051288.111111111,4300345.150394924
PI533874,11.792543490727745,-6.369293928146362,21.94346555074056,2.2051713466644287,9.030600229899088,0.0630981020061713,2444028.1666666665,2444028.1666666665,2726205.3573407205
PI533876,14.628809769948324,-3.404333392779032,21.98810386657715,2.765305002530416,9.430970986684164,0.0649078008208579,2827070.727272727,2827070.727272727,2642628.448266357
PI533877,16.911868890126545,-3.791268716255824,25.00384076436361,3.8469512462615967,9.47277561823527,0.0538252122995758,3228230.25,3228230.25,3223413.571926672
PI533878,6.099187987191336,-3.991546392440796,25.80861064365932,2.7314260005950928,9.142095565795898,0.0603576928930532,4911072.571428572,4911072.571428572,4847300.887880973
PI533879,10.831878026326498,-4.8546262582143145,25.12133725484212,2.9722956816355386,9.9574244817098,0.0587405415581456,3581115.5,3581115.5,3646714.525905125
PI533880,11.308294216791788,-6.813453992207845,23.8500763575236,2.6866838137308755,9.747764428456623,0.065961793377747,2986431.6666666665,2986431.6666666665,2892025.843013201
PI533881,12.70017147064209,-1.8559035658836365,23.80684280395508,2.7050278186798096,10.364070415496826,0.0649045021733526,3457793.5,3457793.5,3382438.670373057
PI533882,8.424768447875977,-5.330420176188151,25.440539677937824,2.1840616861979165,9.148432731628418,0.0607161276780377,4908551.333333333,4908551.333333333,4839507.41113595
PI533883,12.323286628723144,-5.766889238357544,23.71217155456543,2.8855213642120363,9.297918319702148,0.0548133660189362,2544520.0,2544520.0,2647339.7985335663
PI533884,13.136108943394252,-3.450892754963466,23.77180889674596,3.2679949828556607,10.920925685337613,0.0645101021445046,3222761.4,3222761.4,3053839.553833656
PI533885,14.625066757202148,-1.800677220026652,25.087517420450848,3.475951830546061,12.172507445017496,0.0730686424427206,2649661.4,2649661.4,2540547.608486311
PI533886,,,,,,,2671901.777777778,2671901.777777778,2670315.926346534
PI533887,11.507988929748535,-7.558970928192139,21.61117172241211,2.5264816284179688,9.021305084228516,0.0629256093182061,,,
PI533888,13.537657928466796,-4.320839810371399,22.713967514038085,2.609997510910034,9.852435874938966,0.0535362003818865,3036122.888888889,3036122.888888889,2839483.4289872325
PI533889,,,,,,,2648462.6875,2648462.6875,2600480.2196439207
PI533890,9.996520042419434,-4.505541165669759,22.49026298522949,2.5090829531351724,8.996032555898031,0.0705528195569924,2850774.5,2850774.5,2781730.577802617
PI533891,,,,,,,2970635.3636363638,2970635.3636363638,3100368.2476822166
PI533893,9.8809388478597,-4.74160760641098,22.69024594624837,2.6414148807525635,10.083924770355225,0.05885714918521,2730139.8333333335,2730139.8333333335,2614091.973507256
PI533894,14.230270385742188,-2.092006047566732,25.02435048421224,3.530871868133545,11.180057684580484,0.0652547821824948,2980371.1666666665,2980371.1666666665,3045970.192571792
PI533895,11.814273643493651,-4.492521166801453,23.08645668029785,2.319699048995972,9.495716953277588,0.0610306150631185,3192926.75,3192926.75,3161333.770995571
PI533896,,,,,,,2091901.6666666667,2091901.6666666667,2034648.739100008
PI533897,7.6247241497039795,-4.449403365453084,22.569886207580566,1.9545308351516724,6.292498985926311,0.0536556793837382,3691090.8,3691090.8,3445815.203300968
PI533898,13.904388427734377,-5.101744699478149,22.43836479187012,2.7852566242218018,11.205809020996094,0.0757332965754055,2192775.0,2192775.0,2197042.045526632
PI533899,11.914214706420898,-2.901718544960022,24.81197891235352,2.745068502426148,9.436835479736327,0.0600605606822533,3496393.6,3496393.6,3484134.617551036
PI533900,14.634712505340577,-4.870482063293457,22.630718803405763,2.8202205419540407,10.03832507133484,0.0617228675867249,3143600.8,3143600.8,2993291.2466013804
PI533901,,,,,,,,,
PI533902,9.93167324066162,-4.418404233455658,25.19394760131836,3.071678638458252,8.706014060974121,0.0526596900591135,4374564.6,4374564.6,4374561.534217702
PI533903,11.673256079355877,-5.730233798424403,24.45777702331543,2.7710307439168296,10.097362041473389,0.0580538593069843,3632764.9,3632764.9,3591150.910322578
PI533904,8.632738709449768,-3.1971263252198696,24.28227996826172,3.386898914972941,7.517665227254231,0.0424930155471287,3913298.222222222,3913298.222222222,3801475.627123516
PI533905,6.914412975311279,-4.601307206683689,24.813712649875217,2.638377573755053,9.517313851250542,0.05878666122276,4113424.2352941176,4113424.2352941176,3915577.993941807
PI533906,12.278291702270508,-7.287355422973633,23.812276363372803,2.931730389595032,8.856220006942749,0.0632485071948944,3571813.0,3571813.0,3678101.626119482
PI533907,9.885757105691091,-5.415317109652928,25.14820507594517,3.454469544546945,7.280617373330252,0.0608319224250484,4658655.0,4658655.0,4694436.408011738
PI533908,9.777031977971395,-6.62733252843221,24.832083384195965,2.4781518379847207,9.322484493255615,0.0599637603461914,4042323.0,4042323.0,4060267.756713324
PI533909,9.250607286180768,-3.875677683523723,24.457901545933314,2.6420407635825023,10.626344408307755,0.0665813728195275,3342595.8571428573,3342595.8571428573,3292365.250470777
PI533910,7.671855163574219,-4.850180578231812,24.933953094482423,2.7203520774841308,7.881964492797851,0.0504940362117603,3765282.4,3765282.4,3787578.945346866
PI533911,10.791448752085367,-4.919680347045262,26.58742904663086,3.45398485660553,10.912714004516602,0.061406275224885,4242976.444444444,4242976.444444444,4319687.375308122
PI533912,11.819621324539185,-7.976252794265747,23.01195287704468,2.6466309428215027,6.736513614654541,0.0438688791401016,2560548.3333333335,2560548.3333333335,3013876.192090285
PI533913,15.435498646327428,-4.023306914738247,24.474773951939174,2.8453935214451382,10.409474509102958,0.0632677884038529,3198427.4285714286,3198427.4285714286,3308060.4795003864
PI533914,10.193397521972656,-7.44651460647583,25.52898120880127,2.499875982602437,10.041972478230791,0.0580192113554232,3504308.272727273,3504308.272727273,3502189.033620033
PI533915,7.885869238111708,-4.71838774283727,24.896661122639973,2.4556205405129328,9.775735219319662,0.0578619335635119,3866750.5833333335,3866750.5833333335,3803129.828733758
PI533916,12.588566780090332,-4.69305009841919,21.776468658447264,2.2304546356201174,9.32446231842041,0.0662599276491486,2403324.4285714286,2403324.4285714286,2565489.5020002336
PI533917,16.020281410217287,-8.218038845062257,22.808946228027345,2.734841012954712,9.280789279937744,0.0672360027452474,2087407.0,2087407.0,2336100.554628013
PI533918,9.186325645446775,-6.231058788299561,24.72859687805176,2.221314024925232,7.541021633148193,0.0456092586809352,4504718.333333333,4504718.333333333,4757593.873379318
PI533919,11.04488925933838,-3.7936038255691527,23.24461708068848,2.458376264572144,9.494501495361328,0.0541403466563927,3798691.2,3798691.2,3934673.7153123408
PI533920,8.115789810816446,-6.10813311735789,25.247351328531902,2.9140828450520835,9.416214148203531,0.0521697576345724,4091298.4,4091298.4,3965725.534217702
PI533921,13.301578998565674,-4.424002468585968,23.14801549911499,2.7644893527030945,8.55778193473816,0.0570832490399528,3330246.5,3330246.5,3213597.8280198304
PI533922,8.628462791442871,-5.593631744384766,25.10899098714193,4.598097920417786,9.20899518330892,0.0572166946615728,4418013.222222222,4418013.222222222,4519079.900518543
PI533923,16.195619265238445,-4.844326814015706,23.537020365397137,3.668101906776428,11.046916484832764,0.0693474808624667,3071159.8,3071159.8,3052709.7613044977
PI533924,4.755325794219971,-4.228719234466553,24.476337432861328,4.108017603556315,9.31605307261149,0.0584487032699646,3607430.4,3607430.4,3836935.730356876
PI533925,7.829313596089681,-4.398441871007283,24.72877025604248,3.111135482788086,7.90072504679362,0.0456553528599815,4256772.8,4256772.8,4138890.1237532655
PI533926,11.653717041015623,-4.125315060218175,24.2799752553304,3.333896001180013,10.104774475097656,0.0680048440214283,2609967.5,2609967.5,2652336.420680208
PI533927,,,,,,,,,
PI533928,12.589345455169678,-4.85397082567215,24.336599826812744,2.3915162086486816,7.445004105567932,0.0441297039659524,3754676.5714285714,3754676.5714285714,3679920.339119196
PI533929,12.243169498443605,-6.961476135253906,22.329539108276368,2.825891780853272,6.879746532440185,0.0641304506264007,3578294.25,3578294.25,3830784.0390224047
PI533930,11.951759762234158,-7.121702167722914,24.85698085361057,2.245786375469632,7.365426964230007,0.0589992267481748,4706777.733333333,4706777.733333333,4850724.844799313
PI533931,8.866091251373291,-4.421647389729817,25.316335995992024,3.2000734408696494,9.308022658030191,0.0574740933550917,3231348.909090909,3231348.909090909,2962180.80965832
PI533932,11.153662840525309,-6.221717993418376,25.738393783569336,3.1853630940119424,7.550795475641887,0.0485925564535879,4954804.333333333,4954804.333333333,4849611.824666901
PI533933,6.297876834869385,-5.344065761566162,25.211988830566405,2.5138477802276613,8.936651229858398,0.0560967447159203,4123435.4,4123435.4,4018605.984643023
PI533934,12.822141647338867,-6.1158136367797855,25.210168075561523,2.7044546127319338,9.764570808410644,0.0559302210449934,4616497.6,4616497.6,4299456.874361467
PI533935,13.297015735081263,-2.904949631009783,25.56880487714495,3.126617056982858,9.696801730564662,0.0552829033687688,3751566.714285714,3751566.714285714,3882368.38421538
PI533936,8.515140235424042,-4.199010372161865,22.43736886978149,2.5612996220588684,5.020948886871338,0.0575669919499211,3656454.6666666665,3656454.6666666665,3453908.9936753195
PI533937,11.023316277398004,-5.233588483598497,23.856724633110893,2.502996656629774,8.2536727587382,0.056078491953368,4013482.6875,4013482.6875,3981547.662509087
PI533938,10.912007967631022,-5.969875017801921,25.549771626790363,3.176187793413798,10.880847930908203,0.0591880633750641,4016776.7,4016776.7,4086979.64949683
PI533939,,,,,,,3196872.3333333335,3196872.3333333335,3131619.468774077
PI533940,13.153146425882976,-6.950530290603638,23.559988021850582,2.4382631381352744,8.642127672831217,0.0557945854432709,3207094.285714286,3207094.285714286,3401041.07823818
PI533941,8.731720129648844,-3.8769293626149497,22.663551966349285,2.0914023319880166,8.045554637908936,0.0481836709045916,3078127.090909091,3078127.090909091,3364108.383728258
PI533942,6.634508450826009,-6.146702766418457,24.01408195495605,2.1673488219579062,8.293153603871664,0.0503122028507601,3468660.0,3468660.0,3359898.095173262
PI533943,11.445510387420654,-3.167381048202514,21.937209129333496,2.201533257961273,7.685500144958496,0.0427114967550006,3030141.3333333335,3030141.3333333335,3093550.044514007
PI533944,14.945258776346842,-5.528722782929738,23.567821502685547,3.4152282079060874,8.757076104482016,0.0559284608021701,3492743.3333333335,3492743.3333333335,3512664.198791403
PI533946,14.089163780212402,-8.014972686767578,24.609505653381348,2.409063220024109,9.433665752410889,0.0456169181348082,3414098.6666666665,3414098.6666666665,3177394.591152838
PI533947,10.63582878112793,-6.765079116821289,23.04138603210449,3.0836548805236816,9.303866577148437,0.0592431280156677,3447059.3333333335,3447059.3333333335,3727554.388061594
PI533948,9.04668124516805,-6.990216255187988,23.24574343363444,2.248225073019664,7.372732162475586,0.0571211904260022,3708058.8,3708058.8,3513982.423428649
PI533949,11.39812183380127,-8.630659262339273,25.285547892252605,2.9256070454915366,7.608163197835286,0.0481375115082342,3975821.3333333335,3975821.3333333335,4087065.676386925
PI533950,13.998588371276856,-7.373135089874268,22.73610992431641,3.0180556774139404,10.682004356384278,0.0629916801124178,2720355.0,2720355.0,2714561.223637507
PI533951,8.38720409075419,-4.975881298383077,27.389748573303223,2.3721132477124534,8.88658881187439,0.0575408102169318,5069088.888888889,5069088.888888889,4935732.945054437
PI533952,12.422449906667074,-4.863680164019267,23.5656795501709,3.6854360898335776,8.423978487650553,0.0615953556291904,3632861.4,3632861.4,3940591.896797973
PI533953,10.982563177744549,-6.1115498542785645,24.34484990437825,2.2583500941594443,9.747432072957356,0.0567409313742795,3186258.5454545454,3186258.5454545454,3341914.566818505
PI533954,8.032148361206055,-3.965612316131592,22.92947807312012,2.7059386730194093,9.165763473510742,0.0630636813512095,3324385.2,3324385.2,3383861.987559444
PI533955,14.358392397562662,-4.666797300179799,23.64530086517334,2.940695842107137,9.65833044052124,0.0596963955152106,3565970.6,3565970.6,3426050.78913051
PI533956,13.509451707204184,-5.273238341013591,25.48993905385335,2.945505698521932,9.33064317703247,0.0609496176773972,3890597.5,3890597.5,3638193.002000233
PI533957,13.876704321967232,-6.045337769720289,22.783416324191624,2.8411736488342285,7.438349935743544,0.0676243982386079,3481869.4285714286,3481869.4285714286,3282422.3270054944
PI533958,13.958746433258057,-5.948246955871582,22.47631025314331,3.164840996265412,7.502316951751709,0.0626874034020108,3703437.25,3703437.25,4063909.766404397
PI533959,9.69821842511495,-1.9681906054417293,25.306994438171387,2.939928770065308,9.650562127431234,0.0606481777613568,4340618.454545454,4340618.454545454,4556982.773148062
PI533960,10.990493774414062,-5.444614124298096,24.27427444458008,3.3601049900054933,8.513102149963379,0.0505031336740061,3396213.6,3396213.6,3552930.042714459
PI533961,,,,,,,3004581.6666666665,3004581.6666666665,2661241.603960921
PI533962,12.75259248415629,-7.461279312769572,24.44545078277588,2.555662592252096,9.621310472488403,0.060849557399068,3111830.25,3111830.25,3155524.0321247363
PI533963,15.924104690551758,-9.144869327545166,23.30963134765625,2.221331536769867,8.647749423980713,0.0478849792561576,3398517.0,3398517.0,3747537.0055548
PI533964,18.00663423538208,-7.830013116200765,24.46704165140788,3.2406899134318032,11.073714097340902,0.0700499816934202,3503356.3333333335,3503356.3333333335,3545654.751261024
PI533965,9.792012373606363,-5.956908742586772,24.34534072875977,2.970696528752645,7.699259122212728,0.0622647663970546,3760057.1666666665,3760057.1666666665,3641061.038259872
PI533966,12.50906244913737,-6.061117331186931,24.13123671213786,2.303109089533488,9.179451783498129,0.0597626654434899,3776529.272727273,3776529.272727273,3777001.3191134254
PI533967,12.044617811838783,-1.2250685493151348,25.26927630106608,2.6933035055796304,10.020814259847006,0.0571647550708131,4233992.0,4233992.0,4237502.285789086
PI533968,14.34218978881836,-3.4500282605489097,22.62977472941081,3.851048390070597,8.279987970987955,0.0521969161838711,2906315.6666666665,2906315.6666666665,3336906.200394924
PI533969,12.794002374013266,-7.146973371505737,24.82634099324544,3.302437941233317,9.680019537607828,0.0613904253312212,4022968.888888889,4022968.888888889,3991732.728092093
PI533970,10.649652004241943,-7.522098700205485,25.21587371826172,2.7500380674997964,7.522194226582845,0.0433173214577484,4248873.444444444,4248873.444444444,4354998.732963074
PI533971,18.48195234934489,-7.224828799565633,23.411283493041992,3.860526959101359,9.578409671783447,0.0520241268345373,3789744.0,3789744.0,3709694.257519808
PI533972,16.18167896270752,-6.970987892150879,23.62196769714356,2.5665616512298586,9.804725646972656,0.0581926397164817,3591347.2,3591347.2,3822970.174889941
PI533973,10.654314517974854,-4.515862941741943,24.02400588989257,2.42478080590566,9.570676326751707,0.0502113064286129,4679824.7,4679824.7,4556660.712193298
PI533974,13.106300671895346,-8.583229382832846,23.077022552490234,2.5235304832458496,6.877850850423177,0.056646619450384,3562692.25,3562692.25,3822804.333350901
PI533975,11.801698525746664,-2.391072442134221,25.41170883178711,3.252060194810232,10.433554490407309,0.0673088771210054,3681708.5,3681708.5,3523286.451140908
PI533976,15.801379124323526,-7.666590531667073,27.26184336344401,4.093084176381429,9.500356117884316,0.0551865923854247,4415652.166666667,4415652.166666667,4386775.568100004
PI533977,14.815166791280111,-7.248979290326436,23.43115456899007,2.876534620920817,9.347107569376629,0.0578065430265159,3783941.285714286,3783941.285714286,4160549.3901121262
PI533978,10.044136683146158,-5.271308064460754,24.06205495198568,2.3089219133059182,7.549172321955363,0.0545101963143367,3065543.375,3065543.375,3103064.077008652
PI533979,6.917462666829427,-5.588421026865642,22.129557609558105,2.326407591501872,5.785891215006511,0.0477113372057322,3187294.4,3187294.4,3052454.736926732
PI533980,11.730603377024332,-8.88634212811788,25.31724294026693,2.4970664580663047,8.50018016497294,0.0477500727786851,4566649.0,4566649.0,4471902.475797566
PI533981,9.563501596450806,-7.18158233165741,24.00353479385376,2.653017997741699,7.232091188430786,0.0535503923316181,3636601.5714285714,3636601.5714285714,3636124.7623862857
PI533982,15.206671237945557,-5.41938837369283,23.26639588673909,2.981564919153849,10.311889171600342,0.0547658093520711,3905933.6,3905933.6,4042741.961182122
PI533983,10.522813856601717,-5.929676532745361,23.76828408241272,3.0976536571979523,8.112997770309448,0.0563655143740591,4197791.384615385,4197791.384615385,4024560.087919099
PI533984,10.787684546576608,-7.58503172132704,24.054399914211697,2.215781225098504,8.541555245717367,0.0524270071389217,3668612.222222222,3668612.222222222,3731046.9753081216
PI533985,13.977577209472656,-6.232954541842143,24.1085106531779,3.061947305997213,8.288419008255005,0.0568196689848781,3942347.3333333335,3942347.3333333335,3833931.771044236
PI533986,6.678373432159424,-4.212688732147217,23.40733184814453,2.105777072906494,7.050999069213868,0.049470494948212,3318420.888888889,3318420.888888889,3188537.59367532
PI533987,14.997720718383787,-6.0634812116622925,24.283027331034344,2.704455236593882,9.244589487711588,0.0525695352067252,3369900.75,3369900.75,3164700.458357546
PI533988,9.110079560961042,-6.837947709219796,24.62350736345564,3.0681678567613875,6.511328833443778,0.0505099172765086,3679868.6,3679868.6,3581244.515506736
PI533989,17.28269608815511,-5.481734116872151,25.42831293741862,3.688410838445028,11.494236946105955,0.0690769524938959,4268529.666666667,4268529.666666667,4193174.837039725
PI533990,12.422179222106934,-4.823353385925293,23.122796630859376,2.641571855545044,6.901763534545898,0.0603237622114142,3830842.0,3830842.0,4048655.140776866
PI533991,11.134939829508465,-6.453694767422146,23.785836113823784,2.097527689403958,9.1327510409885,0.0606408909587014,3439886.230769231,3439886.230769231,3631717.7425314095
PI533992,12.329179366429647,-6.418228546778361,23.13098939259847,3.223486383756002,7.5397108395894366,0.0654690479442777,3492820.7,3492820.7,3660717.67823818
PI533993,13.474876085917154,-6.7063398361206055,24.12151877085368,3.181410610675812,11.160794417063396,0.066945489015976,3288696.1666666665,3288696.1666666665,3257103.187662237
PI533994,11.6705535252889,-7.014378865559896,24.488709767659504,2.388154228528341,9.860922495524088,0.0637450371779768,4006796.0,4006796.0,3834017.8699676334
PI533995,12.763936042785645,-4.988368678092956,23.318654251098632,2.4765876293182374,9.784075736999512,0.0605476211773948,3067998.6,3067998.6,3178597.061571513
PI533996,17.051442282540457,-5.117877883570535,24.113563537597656,3.051157440458025,9.41342612675258,0.0571015901139573,2921867.1428571427,2921867.1428571427,3074393.174219454
PI533997,9.521885204315186,-6.204857921600341,23.385640716552736,2.944025707244873,9.040598106384277,0.0639483482512721,2972347.25,2972347.25,2782133.6134439507
PI533998,,,,,,,3182137.909090909,3182137.909090909,3158083.7336703893
PI533999,11.663162231445312,-6.397866090138753,21.444246927897137,2.483994642893473,7.672590255737305,0.0533467272231865,3136649.0,3136649.0,3061294.170373057
PI534000,,,,,,,4295473.428571428,4295473.428571428,4176055.783347205
PI534001,9.637063026428224,-6.854429721832275,24.139060656229656,2.361694594224294,8.232117335001627,0.0459513848149837,4198256.0,4198256.0,3569755.81146598
PI534002,6.9443793296813965,-3.8803500652313234,23.785552978515625,2.299576163291931,9.227790927886964,0.0630027688560038,2806416.6666666665,2806416.6666666665,2828713.2120135333
PI534003,,,,,,,3586521.0,3586521.0,3375584.800492232
PI534004,8.01570192972819,-5.720781842867534,24.713184038798016,2.879679878552755,9.229362567265827,0.0564602221135246,4220370.4,4220370.4,4389722.252399841
PI534005,9.632774114608765,-7.1656334400177,24.43080711364746,3.792439103126526,8.069223880767822,0.0586879870506767,,,
PI534006,11.261193561553956,-7.8220783233642575,23.90605201721192,2.640055894851685,7.227828884124756,0.0403775775035287,3812379.0,3812379.0,4072491.0833509015
PI534007,20.27867539723714,-6.525232632954915,26.536924997965496,3.099196592966716,10.987567265828451,0.0707588845976714,3996450.0,3996450.0,3759745.924486172
PI534008,12.438628991444906,-7.440434535344441,22.0458246866862,1.9898323218027751,8.593520561854044,0.0542393190923252,2815782.1666666665,2815782.1666666665,2827441.030723121
PI534009,11.78092679977417,-4.584143114089966,25.3206729888916,2.6253434658050536,9.137993907928466,0.0493059405168813,4564083.75,4564083.75,4057148.05282248
PI534010,12.775540669759115,-8.532082345750597,23.380399492051865,2.136262747976515,8.301917235056559,0.0481780693863578,3807496.125,3807496.125,3717951.343013201
PI534011,12.006491661071776,-2.00546632707119,24.92183780670166,2.632332175970077,11.529044151306152,0.068001901282386,3972341.75,3972341.75,3749856.991221297
PI534013,10.806997871398924,-5.533432865142823,24.39147491455078,2.580914926528931,7.753677177429199,0.0479376126616882,3741944.1428571427,3741944.1428571427,3806501.13523896
PI534014,9.055082639058432,-5.388831377029419,24.113370259602863,2.680604577064514,6.921626170476277,0.0467289154391096,4140585.5,4140585.5,3987666.361282313
PI534015,7.296243826548259,-5.882562875747681,26.29687277475993,2.683058460553488,8.799906969070435,0.0484306245451123,4538405.0,4538405.0,4513433.457086599
PI534016,11.194587389628092,-4.668155034383138,23.927390734354656,2.793350776036581,9.331702868143717,0.0543177244961654,4271179.0,4271179.0,4185581.335333566
PI534017,17.948599497477215,-7.690951903661092,25.23250611623128,3.1960986852645874,10.318780104319254,0.0620271034277928,3748595.4,3748595.4,3748582.958357546
PI534018,9.210337241490684,-4.80079307158788,25.330560048421223,2.5531258980433145,8.508442401885986,0.0560586981290653,3770010.0,3770010.0,3702187.015506736
PI534019,13.222431659698486,-7.582717339197795,23.65383815765381,2.2908034722010293,8.88697369893392,0.0654640341386921,3036506.2,3036506.2,2761973.7012907565
PI534020,11.345003128051758,-6.457787275314331,26.881927172342937,2.9009256760279336,10.346476236979166,0.0585986575567708,4284028.833333333,4284028.833333333,4359703.922595414
PI534021,9.611495812733969,-6.893112738927205,26.85915692647298,2.740210851033529,8.554486989974976,0.0496639439044536,3860453.5,3860453.5,3764292.6123862863
PI534022,11.442541599273682,-4.642046451568604,24.534924030303955,3.1663618087768555,9.56839156150818,0.0606572332263991,4168411.5,4168411.5,3620281.886155812
PI534023,10.095909118652344,-3.236627181371053,25.319361050923664,2.603072563807169,9.460352818171184,0.0501845049597811,4280676.222222222,4280676.222222222,4652829.513187864
PI534024,13.031164646148682,-4.5422340134779615,23.59051259358724,3.226283589998881,8.54708997408549,0.0549693795156549,4236959.181818182,4236959.181818182,4309653.503170353
PI534025,15.572191647120883,-6.881790978567941,23.332271848406112,3.116200310843332,7.255394799368722,0.0485622345313012,4717098.25,4717098.25,4870538.804246269
PI534026,19.64624087015788,-6.797146956125896,26.660313924153645,3.92419171333313,9.345643679300943,0.0592653861761453,3567067.0,3567067.0,3678311.343053592
PI534027,12.98375974382673,-2.777948124068124,25.063401085989817,3.1813755375998363,8.255239077976771,0.0533067539324117,4276139.571428572,4276139.571428572,4291525.837193298
PI534028,11.621808815002442,-5.786600780487061,23.22959060668945,2.843421745300293,6.831429767608642,0.0494605382888358,4242019.8,4242019.8,4088405.1306130975
PI534030,12.116957267125448,-4.790640076001485,24.222599029541016,4.163708925247192,9.893234729766846,0.0696564630692312,3563142.0,3563142.0,3465532.073223021
PI534031,17.82325808207194,-8.457278490066528,24.679075241088867,3.5176992813746133,9.731451829274496,0.0515470033684017,4026491.0,4026491.0,3885930.61603722
PI534032,14.998393058776855,-5.577830123901367,25.89535636901856,3.629831981658936,10.934636878967286,0.06479526654192,4859390.0,4859390.0,5190698.876119482
PI534033,9.80268096923828,-4.279987335205078,24.869099617004395,2.552515824635824,8.06827712059021,0.0419129817691471,4439257.0,4439257.0,4188615.711480429
PI534034,13.338948885599772,-6.884243130683899,23.95776112874349,3.2034904956817627,7.770307779312134,0.041883713706224,4650400.0,4650400.0,4629544.872729686
PI534035,11.259086200169154,-4.541476283754621,24.81254850115095,3.2730072907039096,7.912594318389893,0.0459531706421776,4119288.222222222,4119288.222222222,4245634.050990948
PI534036,8.976500113805136,-5.369257211685181,25.315460205078125,2.6643455028533936,6.841569026311238,0.0428498932169716,4829710.25,4829710.25,4771526.243675319
PI534037,17.866198857625324,-7.886828184127808,20.44673728942871,3.5754594802856445,7.392658710479736,0.0423875080995579,2360056.5555555555,2360056.5555555555,2116498.391706868
PI534038,8.369160842895507,-4.930541229248047,23.660474395751955,2.837355041503906,6.46151762008667,0.051639060425595,3990019.8,3990019.8,3822770.2803614656
PI534039,,,,,,,4198686.2,4198686.2,4265737.850286111
PI534040,10.79843635559082,-5.710192584991455,23.403306579589845,2.6238757610321044,6.458417129516602,0.0526734004855745,4474427.222222222,4474427.222222222,4583946.388095617
PI534041,12.827853202819824,-7.170398871103923,25.204456011454266,2.347556710243225,7.110372304916382,0.0454389185530309,4357536.818181818,4357536.818181818,4517138.181015551
PI534042,10.144832770029703,-1.329082482183973,25.89504623413086,2.9879479010899863,10.627305189768473,0.057564785434679,3362942.5,3362942.5,3080030.089257776
PI534043,13.954543431599935,-8.913476626078287,24.788369178771973,3.404827356338501,9.598132292429606,0.0552328759408024,3754404.3333333335,3754404.3333333335,3603137.082703887
PI534044,17.569433212280273,-8.035401185353598,22.815719922383625,4.338071306546529,9.071085453033447,0.0570761089035336,3644690.8181818184,3644690.8181818184,3805105.726119482
PI534045,10.340726852416992,-6.102807998657227,22.84655475616455,2.3603634238243103,5.695712685585022,0.0584758814196966,3079900.75,3079900.75,2844388.774110199
PI534046,14.574464797973633,-4.75407338142395,23.9987576007843,2.8332909047603607,9.96838665008545,0.0575043180501872,3599383.3333333335,3599383.3333333335,3621409.274379158
PI534047,13.765357971191406,-4.979823541641236,21.56454925537109,2.517985343933105,6.765154457092285,0.0531751290614105,2717742.777777778,2717742.777777778,2846389.0003649667
PI534048,,,,,,,4563659.818181818,4563659.818181818,4408586.086155813
PI534049,17.13990478515625,-10.204440879821778,25.012505722045898,3.80972957611084,7.399211978912353,0.0561221858693641,4210538.444444444,4210538.444444444,4327373.574604008
PI534050,10.820522705713907,-7.866128126780192,26.59073797861735,2.827962835629781,10.1780792872111,0.0580775728488423,4438953.363636363,4438953.363636363,4307224.649370553
PI534051,16.10677299499512,-7.735198879241944,24.43014335632324,4.24629397392273,10.029818344116212,0.0610571001778984,3670688.4444444445,3670688.4444444445,3739839.2567133233
PI534052,12.278053828648158,-5.478289748941149,24.43805313110352,3.0124387741088867,9.716640881129674,0.0567316991480419,4268706.4,4268706.4,4284374.672368812
PI534053,16.367972056070965,-6.405999183654785,23.24358336130778,3.09953510761261,9.912800470987955,0.052467908941593,3010925.8333333335,3010925.8333333335,3105648.015439605
PI534054,11.369179566701254,-6.375594774881999,24.06744639078776,3.956479549407959,9.758914152781168,0.0589893418067392,3826456.3333333335,3826456.3333333335,4078946.122355738
PI534055,10.673556566238403,-5.549342791239421,23.036461512247723,2.6021448175112405,8.939746856689453,0.0577027828622004,3285693.1666666665,3285693.1666666665,2995625.957694799
PI534056,,,,,,,3336385.090909091,3336385.090909091,3508195.290321493
PI534057,11.38940782546997,-7.509446620941162,25.836581802368165,2.696211624145508,10.348691368103028,0.062903516302664,3977112.3333333335,3977112.3333333335,4024015.4594130367
PI534058,12.875377655029297,-5.388172388076782,21.92819277445476,3.411639094352722,7.985846837361653,0.0619508762452823,2270057.272727273,2270057.272727273,2268099.7567133238
PI534059,9.626899560292562,-4.196677049001058,22.44615300496419,2.6912907361984253,8.626067161560059,0.059725630720106,2881472.909090909,2881472.909090909,2834991.468951269
PI534060,6.02397198677063,-4.351299619674682,21.256421279907222,2.150909209251404,7.788202857971191,0.0513105059059438,2715514.25,2715514.25,2863509.285840149
PI534061,12.5744722366333,-7.601353454589844,25.624170303344727,2.647546005249024,9.746720123291016,0.0605430219007045,3851795.222222222,3851795.222222222,3809891.012286098
PI534062,9.140947151184085,-5.564698123931885,23.791490173339845,2.799319887161255,9.045918083190918,0.0492390504438265,3956195.6666666665,3956195.6666666665,3875464.5230885367
PI534063,9.205673615137735,-7.253272612889607,24.700057665507,2.9217968384424844,9.604051589965822,0.0493194570050139,4227435.0,4227435.0,4395050.369113427
PI534064,,,,,,,2681801.5,2681801.5,2801332.849725818
PI534065,9.000005086263021,-6.531283696492513,24.316553751627605,2.6648537317911782,8.724300702412924,0.0529420408038479,3132374.4285714286,3132374.4285714286,3192688.0160204554
PI534066,11.57238540649414,-3.443523442745209,22.03810844421387,3.079020023345948,10.27237949371338,0.0853839553816827,2549908.5,2549908.5,2564640.741345072
PI534067,9.40454395612081,-4.667864481608073,24.493558565775555,2.866312106450399,10.001111110051474,0.0556567668294115,3335436.3,3335436.3,3507350.0554429824
PI534068,,,,,,,4733334.333333333,4733334.333333333,4389994.270627588
PI534069,9.160510222117106,-3.967423756917318,22.40451176961263,2.339181383450826,8.050743500391642,0.0595389154079108,3071282.0,3071282.0,2807553.8450544374
PI534070,16.786759853363037,-2.9072704911231995,24.291630427042644,3.984148939450582,11.249643802642822,0.0693261081789536,3054118.6666666665,3054118.6666666665,3022527.5953077287
PI534071,,,,,,,2942005.0,2942005.0,2688343.178987232
PI534072,15.864798818315778,-6.665893350328718,23.32830102103097,2.943148749215262,9.373773847307476,0.0580047003154082,2876391.6,2876391.6,2601630.937867308
PI534073,12.177848625183106,-4.942218971252442,24.796286392211915,2.7295932292938234,8.982088661193847,0.0545694570506042,4197627.2,4197627.2,4167896.793790183
PI534074,11.01026177406311,-7.959970116615295,24.081128120422363,3.2480790615081787,9.451313018798828,0.079454261634537,2681956.2,2681956.2,2947883.213202246
PI534075,11.638775944709778,-3.764956340193749,25.261101961135864,2.616769015789032,12.487886190414429,0.0889016156959858,3166215.714285714,3166215.714285714,3170342.7545635225
PI534076,8.171537558237711,-4.212817509969075,23.32888094584148,2.6538626750310264,9.96843655904134,0.06793982771625,3197264.4545454546,3197264.4545454546,3180094.743662917
PI534077,9.997939427693684,-7.221991300582886,22.513956387837727,2.102210799853007,10.765940030415852,0.0791054909782636,2000532.25,2000532.25,2260644.333350901
PI534078,20.20527114868164,-7.637572002410889,24.51885528564453,2.969155788421631,8.016966438293457,0.0509307101862234,2500667.0,2500667.0,2415114.4751956486
PI534079,8.436113675435385,-8.051702181498209,22.7926737467448,2.778056701024373,7.401290416717529,0.0539624259620126,3284720.2,3284720.2,3395964.543053592
PI534080,11.116974544525146,-3.928428316116333,23.75553970336914,2.6232225775718687,8.068295001983643,0.0541956226290621,2636477.8666666667,2636477.8666666667,3195225.7356689963
PI534081,10.27502425511678,-3.5005752642949424,22.6541166305542,3.4728289047876992,9.30029026667277,0.0552797410059912,3247666.8,3247666.8,3337432.8326871223
PI534082,15.857455253601074,-3.867866563796997,26.568191528320312,4.412757492065429,11.245885276794434,0.0630407547889263,3158865.0,3158865.0,3393362.605932426
PI534083,9.818778236707052,-5.312137603759766,23.22156588236491,2.630584816137949,9.936800161997477,0.0694320412309776,3011303.5,3011303.5,2901678.9151656395
PI534084,14.247799714406332,-5.53617250919342,23.945016225179035,3.047166665395101,9.553513765335085,0.0609489297637597,2722898.3333333335,2722898.3333333335,2783270.0460984027
PI534085,,,,,,,,,
PI534086,10.726805210113524,-3.148335558672746,24.337856928507488,2.8094800313313804,9.027579228083292,0.0509013806184498,4236222.333333333,4236222.333333333,4170690.527719453
PI534087,12.040221532185871,-0.1875112851460776,24.17095375061035,3.715983231862386,9.715288480122885,0.0618468067252871,3664129.3333333335,3664129.3333333335,3729728.359238458
PI534088,11.565287780761718,-5.13316969871521,23.84761161804199,3.158517980575561,9.980570983886718,0.0690175751226562,3111530.111111111,3111530.111111111,3244159.714348883
PI534089,9.864071687062582,-1.5142614245414734,23.86250909169515,3.646380424499512,9.868542830149332,0.0567123164948437,3135082.0,3135082.0,3189792.28548316
PI534090,8.9804048538208,-4.685182020068169,24.300094604492188,3.0580665667851767,10.212749481201172,0.0625154707705855,3314176.1666666665,3314176.1666666665,3509249.849248286
PI534091,14.27086385091146,0.9599673946698508,22.082614580790203,4.12123195330302,9.832993030548096,0.052260908230805,2367085.0,2367085.0,2384630.185569271
PI534092,10.987031364440918,-2.144218611717224,24.42670936584473,3.049520444869996,11.014665603637695,0.0731529174175601,3220442.4,3220442.4,3391296.0755641568
PI534093,11.608439207077026,-3.752116501331329,21.89803433418274,4.246906578540802,10.472960591316223,0.0641272515140456,2531371.0,2531371.0,2334720.438952765
PI534094,9.969685633977257,-4.754042347272237,23.174839973449707,2.348745365937551,9.968952973683676,0.0607121620491847,3228647.5,3228647.5,3270945.917927691
PI534095,,,,,,,2453234.0,2453234.0,2432559.1296019224
PI534096,9.729811986287435,-7.551452000935872,22.588951746622723,2.485741297403971,7.6528639793396,0.0460157390394458,3039133.0,3039133.0,3150377.3430535914
PI534097,11.133017937342323,-5.920651356379191,22.80856386820476,2.8797436952590942,6.708200295766194,0.0600711803159878,3052240.1666666665,3052240.1666666665,2932903.3377109026
PI534098,11.073654254277548,-3.423295716444651,24.68175411224365,3.077409485975901,10.344459613164268,0.063848401111304,3273387.111111111,3273387.111111111,3647804.342899929
PI534099,11.203062057495115,-8.386931419372559,25.092305819193523,3.150598327318827,8.09138528505961,0.0521277662287601,4001656.2,4001656.2,4008084.7557666735
PI534100,6.615818929672241,-3.103705263137817,26.16984367370605,2.611093044281006,9.84405059814453,0.0529304422509042,4337207.571428572,4337207.571428572,4617467.106394923
PI534101,19.453067779541016,-5.640849908192952,24.603174845377605,4.904683828353882,10.854903856913248,0.057744713500995,4248502.0,4248502.0,4026017.2412212966
PI534102,12.208587010701498,-8.591506640116373,23.49559466044108,3.22638467947642,8.881680011749268,0.0566684866315176,3390952.5454545454,3390952.5454545454,3350492.8225954142
PI534103,13.743568420410156,-5.760861078898112,24.19192790985108,2.9385029077529907,9.3342707157135,0.0581548288293095,2999488.75,2999488.75,3161249.147265788
PI534104,,,,,,,4307017.0,4307017.0,4266927.644269315
PI534105,15.303454399108888,-5.490170280138652,21.600661277771,2.953797618548075,8.929764986038208,0.0531609808100338,3600035.6363636362,3600035.6363636362,3524925.3800641303
PI534106,9.692557525634763,-5.163966321945191,23.112742233276368,2.1534363269805907,7.311105823516845,0.0502951427659717,3084204.0,3084204.0,3121634.514066725
PI534107,12.42808477083842,-4.172440270582835,24.72521146138509,3.0980724493662515,9.65979544321696,0.0557159430241552,4051268.4,4051268.4,4037958.907937343
PI534108,14.228828271230062,-4.945422415932019,24.371593793233234,2.5794771114985147,9.488460858662922,0.0497754931734683,4291276.0,4291276.0,4235132.649680204
PI534109,10.40153455734253,-2.7863333274920783,23.51161543528239,2.447982668876648,8.243237415949503,0.0472821396685152,4900601.1,4900601.1,4666851.949234199
PI534110,14.384797732035318,-6.365166743596395,23.594852765401203,2.757558306058248,9.98594649632772,0.053773003983115,4250412.333333333,4250412.333333333,4177725.366270676
PI534111,15.362733946906197,-5.941753837797377,25.868263880411785,3.136085589726766,9.485264619191488,0.0528345851589664,3542919.714285714,3542919.714285714,4056723.0565047623
PI534112,12.103931347529093,-7.98405400911967,23.557115236918133,3.234813610712687,8.68180799484253,0.0552692054911017,4013486.7,4013486.7,4044307.716296408
PI534113,16.229386806488037,-6.816373507181804,24.065372467041016,2.433014392852783,8.407975753148397,0.0501432517857107,3265737.6,3265737.6,3581829.026939091
PI534114,8.520561695098877,-4.968709508577983,22.70267168680827,3.2298675775527954,8.54679528872172,0.0637736204770279,3150259.1666666665,3150259.1666666665,3087484.160574465
PI534115,8.05088726679484,-5.053362886110942,25.04830423990885,2.420586784680685,7.0883363882700605,0.0562865739236765,4406501.625,4406501.625,4442283.033011739
PI534116,8.148975133895874,-7.126856009165446,22.39442316691081,2.9167968034744263,9.014076709747314,0.056680094905747,2706299.1666666665,2706299.1666666665,2766670.879431736
PI534117,9.657912731170654,-4.636113961537679,23.89952023824056,2.4633659521738687,10.984763145446776,0.0776015700213813,3575730.0,3575730.0,3500375.170373058
PI534118,9.956830263137816,-5.203522682189941,23.95568561553955,3.3133280873298645,8.370238423347473,0.0630913596910555,4954258.5,4954258.5,4881346.722100054
PI534119,13.234896087646485,-8.006482219696045,22.180172729492188,2.9732337474823,6.58506851196289,0.0512941899207817,3521143.8,3521143.8,3538563.1399593325
PI534120,12.87265427907308,-7.212766329447429,26.19249121348064,3.311612923940023,9.9194065729777,0.0530040364584609,3936549.7,3936549.7,4145561.805932426
PI534121,6.9369806289672855,-5.056483507156372,23.89898834228516,2.368101072311401,8.523019218444825,0.052392728653219,4086113.25,4086113.25,4316225.486552783
PI534122,7.572913765907288,-5.731075167655946,22.68450355529785,2.229750454425812,8.100858211517334,0.0480065538261623,2972731.0,2972731.0,3593475.595230176
PI534123,9.904358439975317,-5.243613137139215,24.73984209696452,2.52005664507548,9.48653342988756,0.0595493348958888,4140664.882352941,4140664.882352941,3904604.733603999
PI534124,10.049470329284668,-5.48079400062561,24.001584625244146,2.7894869327545164,7.334115695953369,0.0490574331673941,3839897.2,3839897.2,3731817.921044236
PI534125,12.125444793701172,-5.770936918258667,24.213486099243163,2.8833839893341064,9.098811912536622,0.0467025592189709,3598512.4,3598512.4,3520290.167927691
PI534126,9.860467910766602,-5.950950860977173,23.03035831451416,4.652818441390991,9.075042247772217,0.0420149062390939,3247688.5,3247688.5,3353977.126119482
PI534127,5.249331533908844,-4.770913541316986,23.020596504211422,2.4659548699855804,6.614727139472961,0.050007616329919,3480500.285714286,3480500.285714286,3318294.030723122
PI534128,11.649300003051758,-6.715524768829345,25.909117889404296,3.105564546585083,8.88727502822876,0.0549019558449201,4597865.888888889,4597865.888888889,4430542.834863946
PI534129,,,,,,,4405321.0,4405321.0,4046343.750591939
PI534130,9.960119605064392,-4.407116691271464,24.415281613667805,4.022086262702942,7.55246901512146,0.0638735736682321,3886562.0,3886562.0,4053347.003131001
PI534131,11.307161808013916,-6.060908317565918,23.40732415517171,2.7018500566482544,6.020223538080852,0.0502942343541696,4589358.75,4589358.75,4607058.415930442
PI534132,12.864312648773192,-4.397728721300761,24.457119623819988,3.6591047445933023,8.334925731023153,0.0679817424274561,4535475.555555556,4535475.555555556,4988994.676233262
PI534133,9.158524322509766,-6.771573209762574,23.000174713134765,2.6711679458618165,7.598260402679443,0.0498144808840459,3053933.6,3053933.6,3243910.379868913
PI534134,9.170925617218018,-3.862341451644897,24.44990463256836,2.905843734741211,7.4767965316772464,0.0547534059757493,4493393.2,4493393.2,4234488.257548436
PI534135,8.355624198913574,-6.868942070007324,25.17736892700196,3.8725825786590575,7.694484043121338,0.0437350257478403,4464015.625,4464015.625,4473502.564348884
PI534136,14.412273089090982,-7.926601648330688,23.743360201517746,4.505127628644307,9.242021560668944,0.0593807269559428,4092439.2,4092439.2,4212642.818862107
PI534137,10.29536179133824,-6.966656480516706,24.55502346583776,2.5379824468067715,8.715444019862584,0.0472017047323199,4141975.769230769,4141975.769230769,4463868.087787096
PI534138,18.11375681559245,-6.515705029169719,23.068898518880207,2.8926791747411094,10.24585771560669,0.0675233429892865,2857383.727272727,2857383.727272727,2918698.960221262
PI534139,19.093648274739586,-5.635348637898763,25.55773480733236,3.2856551011403403,11.036729176839192,0.0782764049141622,3407270.5,3407270.5,3184785.7412212966
PI534140,9.871437390645346,-5.600428938865662,23.29654312133789,2.5630863904953003,9.266789436340332,0.0552316395724152,3644190.8333333335,3644190.8333333335,3485428.083925272
PI534141,15.175326983133951,-7.561020930608113,24.6502587000529,3.11916732788086,10.540120760599772,0.0575197055458339,3553530.3333333335,3553530.3333333335,3572343.995619431
PI534142,6.703566657172309,-2.14349058104886,25.175822575887043,3.291630506515503,11.038974232143826,0.0539292073993446,3488195.6470588236,3488195.6470588236,3317410.069699384
PI534143,15.388882637023928,-2.140326380729676,24.72686131795248,3.6026557286580405,9.53830655415853,0.0453874956583728,3685695.6363636362,3685695.6363636362,3690165.2103225775
PI534144,14.1328031539917,-5.763612747192383,24.866704177856445,3.125938606262207,10.290069198608398,0.0549048638298194,4244938.4,4244938.4,4088984.864731394
PI534145,,,,,,,,,
PI534146,10.230464100837708,-7.014399170875549,27.67883586883545,3.6984161734580994,9.56862473487854,0.0650652059239098,4836475.0,4836475.0,5037423.249294255
PI534147,12.777711868286133,-3.499098467826843,22.974499130249026,3.936185026168823,8.702451801300048,0.0441433474262552,3066870.888888889,3066870.888888889,3073186.9945610696
PI534148,11.429499785105389,-4.562474211057027,24.675750732421875,2.380679567654928,9.657869259516398,0.0573417675444467,4140251.4545454546,4140251.4545454546,4174136.738202797
PI534149,16.4727783203125,-13.969524383544922,20.78878593444824,3.909234762191773,7.4265875816345215,0.0364292772643108,2172703.0,2172703.0,2432815.0833509
PI534150,10.504016160964966,-5.688224871953328,23.6534210840861,2.9013338486353555,10.016294797261557,0.0638320605423639,3329633.875,3329633.875,2972138.1281470954
PI534151,11.136016209920248,-5.973256429036458,25.0219783782959,2.9773969252904258,10.12673536936442,0.0650291491749704,3348732.6,3348732.6,3349973.8191134264
PI534152,10.414476680755616,-5.8845422744750975,23.89704360961914,2.207651472091675,9.72078857421875,0.064394661204821,3588707.8,3588707.8,3602962.431149822
PI534153,12.899356722831726,-4.560823440551758,23.82742738723755,3.806227743625641,8.197891116142273,0.0524689745104213,4033273.75,4033273.75,3959657.074653894
PI534154,13.869635200500488,-5.526692819595337,23.623812866210937,2.70260272026062,10.250735473632812,0.0671565840890332,4306402.4,4306402.4,4412691.026119483
PI534155,13.30351734161377,-6.673084545135498,25.547368240356445,4.048398303985596,8.510937404632568,0.0553699249326821,4614080.75,4614080.75,4701726.250286111
PI534156,12.227025985717772,-7.00957465171814,27.43662548065185,2.675902009010315,9.748545090357462,0.0550352583647202,4532912.6,4532912.6,4588681.287386142
PI534157,10.971704006195068,-7.180714130401611,24.142303466796875,2.593099276224772,7.837374369303386,0.0460826921070164,4486216.666666667,4486216.666666667,4452622.965095316
PI534158,12.804120881216866,-5.969246966498239,22.796777725219727,3.5154292242867604,7.25875507082258,0.0533619946918933,3984130.5714285714,3984130.5714285714,3746027.557900425
PI534159,13.2148228486379,-6.821004549662272,22.779671669006348,3.3985936641693115,7.266110022862752,0.0533538059134653,4289562.545454546,4289562.545454546,4343492.104869464
PI534160,12.096275568008425,-6.955045620600383,23.79602209726969,2.500150958697001,9.204852739969889,0.0541030773033134,3542998.272727273,3542998.272727273,3583860.1445154552
PI534161,,,,,,,4454728.8,4454728.8,4411502.960428105
PI534162,8.706699657440186,-5.183257579803467,25.03139419555664,3.1763686656951906,9.15699348449707,0.0529133226349134,4091923.5,4091923.5,4239475.678131001
PI534163,11.305853652954102,-7.030237197875977,23.5129451751709,2.145261859893799,6.749749374389649,0.0561555740111508,3422640.25,3422640.25,3472949.277533562
PI534164,13.475740750630695,-2.0805360128482184,22.99054845174153,2.5835394859313965,10.467201232910156,0.0647761769498805,2974859.6,2974859.6,2596982.5317068687
PI534165,15.556203365325928,-7.417751312255859,22.99396753311157,3.055910050868988,7.621887803077698,0.0580676776066603,4123381.3333333335,4123381.3333333335,3973253.507926736
PI534166,16.48591709136963,-3.3197798430919647,22.965965270996094,3.767262935638428,9.038813829421995,0.0575299839188238,3012568.3333333335,3012568.3333333335,3017217.3557371977
PI534167,10.862212975819906,-6.256497144699097,24.09325917561849,3.0274412631988525,9.34144139289856,0.0579086238736863,3976870.4,3976870.4,3840594.890173924
PI540816,10.808375146653916,-4.492989116244846,23.90273157755534,2.517708486980862,7.1455877092149525,0.0625958720700736,4102914.6,4102914.6,4066973.362593489
PI542406,14.229231675465902,-10.126625219980877,23.539601643880207,2.7749633391698203,5.849704027175903,0.041666134134553,2907791.888888889,2907791.888888889,2833197.9015831854
PI542718,12.579455184936524,-0.7956120491027832,26.383758544921875,3.660177183151245,10.155689811706544,0.055959296061802,4345175.5,4345175.5,4291385.167517468
PI543243,9.255457957585651,-5.070446173350017,22.94021193186442,2.2762386202812195,7.007196664810181,0.0599216441813852,3250323.4,3250323.4,3206231.926390609
PI543247,7.045054356257121,-5.853691180547078,23.72051048278809,2.821504314740499,6.573243697484334,0.0623704642282622,3460247.909090909,3460247.909090909,3437264.706858716
PI544069,6.718518733978272,-5.4833332061767575,23.860051727294923,2.822318601608276,8.64186134338379,0.0568654482785856,3625233.6,3625233.6,3561371.0930572767
PI548797,8.389089504877726,-5.820396502812703,24.282565116882324,2.474082907040914,8.515853722890219,0.0563859081009316,3882679.8571428573,3882679.8571428573,3782787.178387771
PI552856,14.04119348526001,-7.741542021433513,23.61917018890381,3.268710176150004,7.51219089825948,0.0668616279818759,4444869.666666667,4444869.666666667,4474429.510293319
PI552861,13.08290672302246,-6.224581003189087,24.957254791259764,3.175994539260864,7.885391998291015,0.0540984043465665,4215870.666666667,4215870.666666667,4509465.3849859405
PI554646,9.664748764038086,-5.163578343391419,24.763401412963866,3.038285827636719,7.240106678009033,0.0568241398155788,3961961.3333333335,3961961.3333333335,3993425.04019205
PI554647,,,,,,,,,
PI554648,6.575551305498395,-6.0676179613385886,24.571791785103933,3.935801506042481,7.19774729864938,0.0533238373080294,3719620.1428571427,3719620.1428571427,3691665.331858716
PI554649,4.622825264930725,-4.56112007300059,23.70716381072998,2.58965273698171,8.326719919840494,0.0526882448444213,3860510.0,3860510.0,3803580.623525383
PI554650,10.993308067321776,-7.050782283147176,23.081000010172527,2.84547777970632,6.897566318511963,0.059939858928564,3024645.1666666665,3024645.1666666665,3002939.540192049
PI554652,,,,,,,,,
PI554654,8.21110851424081,-3.109990148672036,23.778956821986608,2.346895865031651,8.442517621176583,0.0536692626876871,3877593.0,3877593.0,3809479.998525383
PI555457,8.672342697779337,-5.909469445546468,25.966896375020344,2.561485528945923,7.037306944529216,0.0637617718408614,4436538.166666667,4436538.166666667,4414832.540192049
PI561071,9.141090989112854,-5.647191524505615,25.358689785003666,3.144677996635437,8.947357535362244,0.0373614782277805,3754336.3333333335,3754336.3333333335,4293645.355442982
PI561072,9.323717991511026,-7.651794672012329,23.12738259633382,2.469719886779785,6.710825761159261,0.0596386502982636,3173414.3333333335,3173414.3333333335,3135159.3994333884
PI561073,10.916210651397703,-6.788899660110474,24.7132830619812,2.9512895941734314,8.039037466049194,0.0584887293775508,4376768.0,4376768.0,4201271.084594357
PI561472,12.410648663838703,-7.1869988441467285,25.94163767496745,2.746817429860433,8.702552477518717,0.0543527039440533,4964182.5,4964182.5,5024483.960754857
PI561926,10.24903885523478,-5.773432493209839,22.37739372253418,2.527212659517924,6.634186665217082,0.0658247047999476,3540177.0,3540177.0,3518471.373525383
PI562621,,,,,,,,,
PI562622,,,,,,,,,
PI562623,7.632850090662639,-5.70482349395752,24.77429453531901,2.789258003234864,7.423071146011352,0.0572885928506877,3947833.1666666665,3947833.1666666665,3926127.5401920495
PI562624,,,,,,,,,
PI562625,,,,,,,,,
PI562730,,,,,,,,,
PI564085,,,,,,,,,
PI564163,10.98509146306087,-5.124315095328582,24.071787944296947,2.961348782886158,7.640974368158663,0.0593939764282175,4000052.408491947,4000052.408491947,4021514.93704683
PI564164,10.022454261779783,-5.893404444058736,22.89919821421305,2.989783445994059,6.2437615394592285,0.0595455903940432,3863095.0,3863095.0,3943254.42245253
PI564165,14.497562980651855,-6.180292701721191,22.64620895385742,3.056016016006469,7.657210445404052,0.0622973618634813,4125051.2,4125051.2,4346482.924219454
PI565121,13.034515486823189,-6.2149829334682885,24.98970900641548,2.6720118522644043,9.25718445248074,0.0597760159777023,4678558.8,4678558.8,4682733.175565455
PI566819,,,,,,,,,
PI574397,5.6050833861033125,-5.8071372509002686,22.70481077829997,2.706204930941264,6.231324036916097,0.0596983990580154,3506730.3333333335,3506730.3333333335,3485024.7068587155
PI574398,8.08420991897583,-4.269548296928406,25.23116525014241,2.832860787709554,9.1817995707194,0.060352939631519,3914823.0,3914823.0,3893117.373525383
PI574406,,,,,,,,,
PI574407,6.94944413503011,-5.901947259902954,24.96185239156087,2.4232550462087,6.803801854451497,0.0575886636086691,3983791.5,3983791.5,3962085.873525383
PI574455,,,,,,,4731546.166666667,4731546.166666667,4807221.255928747
PI576130,13.07381041844686,-6.774321953455607,22.340527216593426,2.8652313152949014,7.368974685668945,0.0447943451812042,3468478.125,3468478.125,4116174.223844863
PI576328,6.1325582504272464,-5.621165800094604,24.106814193725587,2.4961745500564576,6.546031951904297,0.0484135769324811,3712748.3333333335,3712748.3333333335,3604813.9143600967
PI576329,9.303525924682615,-4.3616939932107925,24.27328109741211,2.614185611406962,8.153338034947714,0.0672037456390632,3652508.5,3652508.5,3594410.433670389
PI576330,,,,,,,3134471.8,3134471.8,3849765.135406144
PI576331,9.812020683288576,-4.353974509239197,23.581257247924803,2.632247972488403,9.480699157714843,0.0515757295411677,2933025.5,2933025.5,2932036.538259872
PI576332,10.917279879252115,-3.842300097147624,22.877689997355144,2.534854253133138,6.668935298919678,0.0585605698993766,3513096.6,3513096.6,3535393.1453468665
PI576333,10.64049129486084,-5.757781505584717,22.92886085510254,2.730476713180542,7.591112899780273,0.0564872220431832,3319044.5,3319044.5,3840671.450394924
PI576334,7.886409600575765,-2.2843251625696817,23.508687655131023,2.670984427134196,9.82930866877238,0.0469842645293023,3993525.4545454546,3993525.4545454546,3912126.77699625
PI576335,12.256841818491615,-4.176401694615682,23.29347578684489,3.0800376335779824,8.165740887324015,0.0651264821078558,3259877.272727273,3259877.272727273,3059748.4528224794
PI576336,,,,,,,3057876.0,3057876.0,2967818.080950752
PI576337,,,,,,,2549339.285714286,2549339.285714286,2799432.173338281
PI576338,12.834318161010742,-5.383072738846143,22.67886575063069,3.38333789507548,10.331897099812826,0.0624766794516432,2860268.6363636362,2860268.6363636362,3156360.110935981
PI576339,7.8241011301676435,-3.478569447994232,24.607105890909832,2.7125465075174966,9.956878344217936,0.0519026536280414,4595984.7272727275,4595984.7272727275,4543384.473704601
PI576340,11.352797826131184,-5.929718613624573,24.11250368754069,2.620368917783101,8.02258332570394,0.0557470843099973,4112380.1666666665,4112380.1666666665,4034337.18006413
PI576341,15.51000131879534,-4.781406164169312,21.758941650390625,2.760468210492815,7.692483016422817,0.0587344514400301,2391410.75,2391410.75,2321212.0856179367
PI576342,12.257753213246664,-4.374952077865601,24.111703236897785,2.661209146181742,9.987464745839436,0.060500963096106,3553324.111111111,3553324.111111111,3494752.3455266324
PI576343,5.922445933024089,-4.657784183820089,23.90885353088379,2.8400610287984214,9.338817755381266,0.052910998199451,3244287.5555555555,3244287.5555555555,3149117.195753704
PI576344,,,,,,,4507635.636363637,4507635.636363637,4738521.664360097
PI576345,11.77875213623047,-3.757582139968872,26.290877532958984,2.922221088409424,10.489516067504884,0.0599222932769592,4113896.6,4113896.6,4119982.9558122894
PI576346,9.723514556884766,-6.175735187530518,24.430965423583984,2.5648787021636963,9.663806533813476,0.0643832020722646,2986192.0,2986192.0,2920956.8797517703
PI576347,,,,,,,2899886.0,2899886.0,2741943.485666603
PI576348,12.880727005004882,-4.280511093139649,22.34452247619629,2.7559414386749266,6.085646629333496,0.0559171046060515,2631628.25,2631628.25,2605099.107859963
PI576349,,,,,,,,,
PI576350,18.44307918548584,-5.384134674072266,23.10897750854492,2.7105963230133057,9.966609382629397,0.0624312154161698,2421660.0,2421660.0,3046730.295435354
PI576351,12.552047808965048,-5.81858217716217,24.773303349812824,2.294732451438904,8.347242593765259,0.0502133850021068,4124100.5,4124100.5,4039229.14752406
PI576352,15.763889857700892,-3.892519882747105,23.95188958304269,2.751108305794852,9.454075132097516,0.054438067843842,3220975.2,3220975.2,2841271.35659969
PI576353,14.233846346537272,-8.284984985987345,22.49909750620524,3.571276148160299,7.608688275019328,0.0550273834362484,3466657.2,3466657.2,3540582.2733998457
PI576354,13.532878112792968,-6.892733478546143,24.75520553588867,2.390695023536682,10.03136749267578,0.0700939614742559,4099600.5,4099600.5,4189305.604735192
PI576355,17.310012022654217,-8.8005051612854,24.827571868896484,4.223829984664917,8.667800585428873,0.0532702759303554,4252707.6,4252707.6,4172657.8575198073
PI576356,,,,,,,3070500.3,3070500.3,3437251.925659116
PI576357,14.107213497161863,-3.98566522449255,24.247148195902508,3.230630656083425,10.370821475982666,0.0644299818657149,3405157.5555555555,3405157.5555555555,3327318.213946432
PI576358,10.527353604634603,-2.5800629953543344,22.712338129679363,2.5408714612325034,9.709389209747314,0.0580181502872893,3452433.75,3452433.75,3585183.0912964065
PI576359,12.0523788134257,-6.621276577313741,24.724413871765137,2.7477880716323853,9.12535826365153,0.061548360328647,3658970.25,3658970.25,3650649.734350241
PI576360,14.642970766339984,-5.443102904728481,24.68688174656459,2.7660504409245084,8.621667861938477,0.0491994183764834,3484333.5384615385,3484333.5384615385,3429784.7877145195
PI576361,6.577574014663696,-3.212181101242701,22.741824467976887,3.162413477897644,8.625061432520548,0.0482018897464383,3094980.1666666665,3094980.1666666665,3592854.022109649
PI576362,18.12922649383545,-8.44092264175415,24.314098739624026,2.7366591930389403,9.70935287475586,0.0588059543539262,3855967.6666666665,3855967.6666666665,3794847.962286098
PI576363,7.925727526346843,-6.302819689114888,25.660664240519207,2.680257737636566,7.664602915445964,0.0572742100505522,3730105.8333333335,3730105.8333333335,3500466.2763249865
PI576364,14.922184626261393,-7.023864666620891,23.62371253967285,2.7188702821731567,9.002725601196289,0.0536694646835129,3556429.1666666665,3556429.1666666665,3569207.9079373423
PI576365,,,,,,,3181196.7,3181196.7,3303180.062851872
PI576366,9.957028468449913,-6.050959308942159,23.34415531158448,2.477986971537272,6.398407777150472,0.0610242890699574,3823085.090909091,3823085.090909091,3788310.8984286487
PI576367,,,,,,,2738894.3333333335,2738894.3333333335,2922411.420554792
PI576368,12.978174209594728,-8.170976877212524,23.77681350708008,2.3667274117469788,7.111509680747986,0.0596720220946093,3070082.25,3070082.25,3349224.8388881334
PI576369,8.893353343009949,-7.178346037864685,26.93590021133423,2.877086043357849,8.426865816116333,0.0520550802650226,4853902.666666667,4853902.666666667,5110362.535406145
PI576370,14.353964805603027,-6.656965414683024,23.425354321797688,4.758763392766316,9.63207499186198,0.0543444571201579,3353368.6666666665,3353368.6666666665,3427697.440066512
PI576371,9.930449485778809,-6.350182453791301,23.851889610290527,2.840403954188029,8.645277976989746,0.0570029965877774,3152564.3333333335,3152564.3333333335,3197437.2250034125
PI576372,15.030579884847006,-7.092260122299194,21.34508736928304,2.9593027432759604,6.633759339650472,0.0488570247445355,3363095.5555555555,3363095.5555555555,3457042.8115715133
PI576373,12.317815780639648,-7.421920458475749,24.174314816792805,2.611039559046428,9.390573024749756,0.0614724291477495,3470918.8333333335,3470918.8333333335,3452078.4224333405
PI576374,8.896846373875936,-5.748354991277059,26.42053381601969,2.710525552431742,8.789292414983114,0.0526180385940902,4586313.666666667,4586313.666666667,4630987.764483157
PI576375,9.50714750289917,-2.2551971912384032,25.99632148742676,4.123806142807007,11.508832359313963,0.0658429156914755,3999247.375,3999247.375,4330861.176233262
PI576376,17.037710825602215,-1.7388578255971272,26.272350947062176,3.6773038705190015,9.963788986206056,0.0748608645914609,3790114.3333333335,3790114.3333333335,3812410.8786802
PI576377,8.387492418289185,-7.699695905049642,25.204825401306152,2.5143994092941284,9.748695532480877,0.0538482028748604,3661522.5,3661522.5,3495899.16819728
PI576378,7.782695865631103,-5.789385890960693,24.77974052429199,2.8464404106140138,7.416628360748291,0.0451576811787211,3767829.8,3767829.8,3822867.894908075
PI576379,8.952991008758545,-5.466416597366333,25.252118587493896,3.367902159690857,10.119787693023682,0.0557351842853736,3901280.0,3901280.0,3916536.5997377294
PI576380,6.973209381103516,-5.911441723505656,24.23224226633708,2.7833442290623984,7.247744719187419,0.0670413491061337,4659328.0,4659328.0,4533003.406556355
PI576381,12.560285250345864,-4.730124187966188,24.878307978312176,2.625745177268982,11.11028003692627,0.0687036171146541,3713347.5,3713347.5,3732161.162286098
PI576382,7.899891217549642,-4.221493522326152,24.42882474263509,2.8670520385106406,7.678574641545613,0.053053878395724,4207862.2,4207862.2,4209720.13277316
PI576383,12.977110068003336,-5.604603211085002,21.850265502929688,2.8121246099472046,9.183226903279625,0.0551589790061709,2415889.5,2415889.5,2505579.969886384
PI576385,6.016078035036723,-4.653160591920217,23.332919756571453,2.5482045809427896,6.090051094690959,0.0548748902620442,3318949.4,3318949.4,3137373.8985476387
PI576386,11.747580687204996,-7.168450911839803,23.806971232096355,2.3085272510846457,9.52918275197347,0.0669472353844058,3043742.3636363638,3043742.3636363638,2931527.9207194746
PI576387,14.847225030263266,-7.88424277305603,24.19694900512696,3.2259549697240195,8.18602720896403,0.0650723820390054,4044101.0,4044101.0,3905001.7596798674
PI576389,10.942990938822428,-5.012206395467122,21.907968521118164,2.5842052698135376,6.552666743596395,0.0514845679222643,2447777.0,2447777.0,2577476.0826871227
PI576390,15.583603858947754,-4.9479672114054365,23.71075503031413,2.9011064370473227,11.450064977010092,0.0735105792837457,2877374.6666666665,2877374.6666666665,2936139.757519807
PI576391,13.658138434092203,-7.424838145573934,24.371191660563152,2.8773669004440308,9.002954562505087,0.0566743020889882,3991103.1666666665,3991103.1666666665,3708190.7559244414
PI576392,7.745308458805084,-5.257468014955521,25.34645986557007,2.3525314331054688,8.794569492340088,0.0502925804517112,4232819.4,4232819.4,4020566.809130899
PI576393,12.487831433614096,-7.062818209330241,22.84165445963541,2.543994386990865,7.248929897944133,0.0603010699547731,3203983.5,3203983.5,3052375.5488215843
PI576394,,,,,,,3224863.0,3224863.0,3214899.537236293
PI576395,11.289914528528849,-5.077668845653534,23.5122594833374,2.6521440744400024,7.597870111465454,0.0465537847316063,3935261.222222222,3935261.222222222,3980708.512851872
PI576396,15.26674509048462,-8.642295519510904,18.869047164916992,2.5054089029630027,5.400816639264424,0.0439280440618361,1445240.0,1445240.0,1869230.1982381805
PI576397,10.638021278381348,-6.603588485717774,24.23695640563965,2.780280017852783,8.19712038040161,0.0601089177560847,4115293.25,4115293.25,4168543.6612277366
PI576398,11.637309233347574,-5.144835491975148,24.647274653116863,3.4845378001530967,7.623960256576538,0.0563075580990542,4779665.777777778,4779665.777777778,4870687.350102494
PI576399,13.144493341445925,-3.526833112041156,24.152414004007976,2.966360549132029,10.50555674235026,0.0606505131158076,2782582.222222222,2782582.222222222,3092908.509566596
PI576400,13.807154814402262,-7.350223143895467,23.765368779500324,3.3333553075790405,8.512748082478842,0.0567068391812308,3754411.0,3754411.0,3722479.228092093
PI576401,13.046458435058591,-7.376989841461182,25.01147041320801,2.533229446411133,9.270522212982176,0.0511106619531102,4702869.222222222,4702869.222222222,4659098.898428649
PI576402,10.240449587504068,-6.179053743680318,26.360774993896484,2.408230463663737,9.646172841389976,0.0537592803505833,4258898.888888889,4258898.888888889,4156389.195753704
PI576403,10.061362266540527,-5.144870599110921,24.996554692586265,2.756032546361288,9.29823398590088,0.0547278074967517,5015700.8,5015700.8,4940345.970373059
PI576404,,,,,,,2706226.0,2706226.0,2794900.879601922
PI576405,8.63503368695577,-2.6694545025626817,24.955915451049805,2.038114349047343,9.809233903884888,0.062675672672825,3812091.6,3812091.6,4127977.937172793
PI576406,13.996159076690674,-6.211024502913157,23.34098720550537,3.022387385368347,9.486428578694662,0.0542841958413126,3490683.4285714286,3490683.4285714286,4130176.72129468
PI576407,15.035715579986572,-6.616949558258057,21.635401248931885,2.7191938161849976,8.348702430725098,0.0503688763100476,5417165.0,5417165.0,5492007.655053591
PI576408,11.839641412099205,-4.925376097361247,21.83284982045492,3.347172260284424,9.084818840026855,0.0596164925999777,2274103.7,2274103.7,2270167.2231390905
PI576409,8.761391639709473,-5.306856298446656,24.47231636047363,2.167078423500061,9.658512496948244,0.0589726568335923,3494647.2,3494647.2,3537227.1633365178
PI576410,8.066616535186768,-6.139970111846924,24.677863693237303,2.553001642227173,8.839712810516357,0.0513323244175174,3631515.0,3631515.0,3484692.5327211088
PI576411,12.445180892944336,-6.871675332387288,23.10943667093913,2.716504395008087,8.555103302001953,0.0519721327526554,3326578.6666666665,3326578.6666666665,3114543.063524729
PI576412,13.69605286916097,-6.313731670379639,24.436641693115234,2.64971387386322,10.058321634928385,0.0654837965471074,3470821.6666666665,3470821.6666666665,3464322.620569626
PI576413,14.952690696716308,-4.359453535079956,24.990908050537108,3.3193154335021973,10.470910835266114,0.0600474375976404,3262452.8,3262452.8,3336766.806625999
PI576414,10.447980690002442,-4.183428430557251,24.04648246765137,2.891166615486145,8.25608558654785,0.0638100933719393,3419299.4444444445,3419299.4444444445,3290413.0681000045
PI576415,7.6491005420684814,-2.1974178751309714,22.499773343404133,2.5082662105560303,9.017640670140583,0.063586283577562,2798312.0,2798312.0,2865829.4654429825
PI576416,18.709433873494465,-7.734509468078613,23.163848876953125,3.2376120885213218,10.41464900970459,0.0607628454320669,2990267.8,2990267.8,2910218.0575198075
PI576417,11.508233642578125,-5.076473045349121,22.814281463623047,2.829438257217407,8.423361015319824,0.0561673455231268,3103345.0,3103345.0,3155679.7008843683
PI576418,14.259339809417725,-5.938681125640869,23.68866793314616,3.174392422040304,9.953020413716636,0.0614536027205022,3591636.6666666665,3591636.6666666665,3633768.4668965447
PI576419,13.624252700805664,-5.141613292694092,20.79558753967285,2.906122159957886,8.973846054077148,0.0670643160442423,2314966.25,2314966.25,2195031.762320565
PI576420,11.925233920415245,-4.010316237807274,24.08204936981201,3.3555925289789834,8.682263453801474,0.0578023247057952,4063432.5454545454,4063432.5454545454,4131515.2436266528
PI576421,5.815745751063029,-3.724102775255839,25.395134290059406,2.15283993879954,9.218608538309732,0.0451098936836323,5014124.25,5014124.25,4822861.495173262
PI576422,9.474120378494264,-3.830196738243103,23.274471759796143,2.413137823343277,8.512788891792297,0.0699109581439128,3852436.4285714286,3852436.4285714286,3530973.577971164
PI576423,17.909760856628417,-6.329445266723633,24.316659927368164,4.224738597869873,11.077171516418456,0.0665062655421961,3452550.6,3452550.6,4157798.076012303
PI576424,12.31243839263916,-4.971328496932983,26.763998413085936,3.678467082977295,10.993407726287842,0.0599313926123469,4738142.666666667,4738142.666666667,4953926.205932425
PI576425,18.055926895141603,-7.991799259185791,23.538211059570312,4.449064636230469,9.79040355682373,0.0652849964624252,3322496.3333333335,3322496.3333333335,3177062.2502861107
PI576426,18.120497226715088,-6.6948948701222735,23.14058907826741,6.56646466255188,10.202336152394611,0.0690289213032926,3619323.5454545454,3619323.5454545454,3697852.946274232
PI576427,15.947126252310616,-8.323990821838379,23.75820187159947,2.767438292503357,9.869050775255475,0.0549931420861891,3699015.0,3699015.0,3771734.4726039767
PI576428,15.32763500213623,-6.207962226867676,25.1803279876709,3.3565773963928223,7.738934803009033,0.0570168839492789,4598584.0,4598584.0,4622977.88855104
PI576429,10.928300380706789,-4.528760989507039,21.77372360229492,3.17592434088389,7.098959684371948,0.0433120151437357,2822457.1666666665,2822457.1666666665,2953482.806631244
PI576430,13.975527490888323,-5.1912917239325385,22.919412067958287,3.011278561183385,10.890136173793248,0.0663152974113976,2923669.6923076925,2923669.6923076925,2857090.5336703896
PI576431,9.489072481791178,-6.013083577156067,23.117190996805828,2.818732420603434,9.093488295873009,0.0573889544199196,2602723.1666666665,2602723.1666666665,2828749.8083367464
PI576432,13.164645195007324,-4.244762758413951,23.836501015557182,2.952666918436686,9.315553347269692,0.0612387957121048,3805166.125,3805166.125,3730625.653465951
PI576433,8.71233900388082,-5.616966009140015,25.652190844217937,2.6411807934443154,9.036916255950928,0.0483168722724411,4619794.0,4619794.0,4616149.487559443
PI576434,11.022659619649252,-5.442021369934082,29.13464101155599,3.139466126759847,10.758890469868978,0.0761144797277405,5183498.4,5183498.4,5249097.425905125
PI576435,10.569258769353231,-5.362888018290202,23.4950049718221,3.4621369441350303,7.196312665939331,0.0506649352233045,3435621.6666666665,3435621.6666666665,3510008.76005604
PI576436,17.00956497192383,-8.453367233276367,24.35874481201172,3.000518274307251,8.097006130218507,0.0514972954993358,3968186.8,3968186.8,3848751.455812289
PI576437,9.72152862548828,-7.0759156227111815,23.13133850097656,1.9513715028762817,7.910241031646729,0.0482405174401261,3092055.5,3092055.5,3133630.0016840342
PI585291,5.991865793863933,-5.405784050623576,24.236363410949707,2.583290100097656,6.3318469524383545,0.0624083279379877,4145024.3333333335,4145024.3333333335,4011672.1237532655
PI585295,9.449506998062134,-2.9804441183805466,23.278515179951984,2.861310283342997,7.686680475870768,0.0669087570474947,4186637.25,4186637.25,4041299.1240878375
PI594354,,,,,,,,,
PI594355,10.433438142140709,-5.565513849258423,25.397433280944824,2.349175294240316,6.717668771743774,0.0557692944255511,4186915.0,4186915.0,4174832.24019205
PI595221,,,,,,,,,
PI595699,13.181664943695068,-3.442373216152191,24.639870007832844,3.1895572741826377,9.721121072769163,0.0643747475051935,4069965.5,4069965.5,3953316.82801983
PI595700,9.398210684458414,-3.611906886100769,26.07498423258464,2.8641047875086465,12.125699679056805,0.0713328268205535,3380925.4444444445,3380925.4444444445,3679653.5059996014
PI595701,11.915441989898682,-6.399546027183533,23.684808254241943,2.1458483040332794,8.203421711921692,0.051025599471867,3258317.0,3258317.0,3052910.759829716
PI595702,15.001725514729818,-2.2973262866338096,26.126957575480144,3.428304433822632,9.618117650349935,0.0591838290427564,4926654.0,4926654.0,4992253.025905124
PI595703,9.893492017473491,-4.959489209311349,25.639251164027623,3.034081595284598,9.303182601928713,0.0583046281880751,3532173.0833333335,3532173.0833333335,3658074.021185205
PI595704,9.66862964630127,-5.766750240325928,25.82664794921875,3.112993335723877,9.497016525268554,0.0559269743141011,4458778.555555556,4458778.555555556,4332591.814933024
PI595705,19.3555908203125,-5.308536052703857,22.03994083404541,3.5248512029647827,9.855986595153809,0.0645483989231981,2248049.0,2248049.0,2313648.025905125
PI595706,9.61946709950765,-3.449490706125895,24.90858459472656,2.3424039681752524,8.637468179066977,0.0553744034187399,4638577.0,4638577.0,4563222.170373058
PI595708,9.345173796017963,-4.531529506047566,22.293131192525227,3.803062081336975,10.13355302810669,0.0595108938572771,2600460.111111111,2600460.111111111,2591482.437851872
PI595709,10.761784871419271,-4.2841928998629255,24.636616071065266,2.5898909171422324,10.349873860677084,0.0708242713013818,3415364.3333333335,3415364.3333333335,3596122.266392485
PI595710,9.191538906097412,-6.49101152420044,26.4834098815918,2.588223648071289,9.75092296600342,0.0560561057716093,4360604.0,4360604.0,4476078.348991653
PI595711,10.307667096455893,-8.062870422999064,24.64008045196533,2.0769199331601462,8.847091754277548,0.056730351392286,3394461.1666666665,3394461.1666666665,3299714.642464233
PI595712,13.85032288233439,-7.455871343612671,23.21817334493001,3.530387798945109,9.084504763285318,0.0596704910493717,3509862.5,3509862.5,3852384.179628013
PI595713,13.568186124165852,-7.540281613667806,25.027790281507706,2.616970976193746,11.283149401346842,0.0710126047430994,4426949.153846154,4426949.153846154,4439617.100842485
PI595714,11.16934355099996,-6.233183582623799,23.50016117095948,2.6687163511912027,7.012863636016846,0.0539770343496161,3881209.0,3881209.0,3708430.8699676334
PI595715,,,,,,,,,
PI595716,12.971250343322756,-8.577744293212891,25.419779586792,2.711511325836182,8.194648551940919,0.0584065552358175,4040089.6,4040089.6,3906118.7140962807
PI595717,8.255184888839722,-6.417869806289673,24.64655303955078,3.3488686084747314,10.221841812133787,0.0590728024604671,3479779.0,3479779.0,4504122.85642187
PI595718,15.219725608825684,-7.190696398417155,23.44741090138753,3.0549916426340737,10.406380971272789,0.064076445288704,3391862.909090909,3391862.909090909,3447427.3991931435
PI595719,7.614193042119344,-3.5333827137947083,26.36597728729248,4.332076589266459,8.070752143859863,0.0513596056982512,4432065.222222222,4432065.222222222,4044434.49367532
PI595720,12.268108749389649,-2.959787607192993,22.992988204956056,4.852639675140381,10.443752098083497,0.0591725777591952,3038333.125,3038333.125,2995052.651146025
PI595721,12.517530918121338,-5.308144688606262,22.351784706115723,3.0762596130371094,9.35046625137329,0.0565113514608109,3376126.0,3376126.0,3417700.5016840342
PI595722,13.628849665323893,-5.04224419593811,22.97159481048584,3.564291993776957,10.128214120864868,0.0613896996880758,3536172.1666666665,3536172.1666666665,3747872.4295746856
PI595723,9.478352467219034,-5.467095494270325,26.314196904500324,3.660199443499247,10.362272103627523,0.0707797491686749,3867752.1818181816,3867752.1818181816,3892129.3843502407
PI595724,10.795956452687582,-4.040824929873149,23.48637167612712,2.402224520842234,8.685545365015665,0.0574138649459705,4073145.4,4073145.4,4109925.458357546
PI595725,22.259814262390137,-9.350176334381104,23.20472526550293,3.523573875427246,8.267203569412231,0.0512092731732599,3441260.5,3441260.5,3483629.420680208
PI595726,13.45188331604004,-6.172670788235134,23.121211793687607,2.867978678809272,9.888845655653212,0.060862075450728,3310957.1764705884,3310957.1764705884,3708939.1635961207
PI595727,5.999652067820231,-5.699192365010579,24.279359817504883,2.0250653028488155,7.966256618499756,0.0653730209317862,3087473.6666666665,3087473.6666666665,2850679.3114286745
PI595728,16.189470052719116,-8.29767620563507,24.02683687210083,4.944429159164429,9.688653707504272,0.0578269220683338,4444996.25,4444996.25,4511131.187662237
PI595729,11.0269513130188,-4.757662169635296,23.29014078776041,2.37377123037974,6.914949893951416,0.0623827420610533,2859713.888888889,2859713.888888889,3107957.2568538887
PI595730,12.175651550292969,-4.141385595003764,23.28126780192057,3.0133416652679443,9.881468454996744,0.063423234982073,3061848.8,3061848.8,3131730.752695213
PI595731,5.717599074045817,-1.5351967612902324,25.594274520874023,2.403504212697347,9.917793909708658,0.0589524237973585,3811548.6666666665,3811548.6666666665,4310304.022109649
PI595732,8.735560735066732,-6.085943778355916,26.812102953592937,2.8740559021631875,8.662598292032877,0.0519062061848291,5390074.5,5390074.5,5068870.208822478
PI595733,11.484903812408447,-6.980429649353027,24.63513946533203,2.9008358319600425,7.538786013921102,0.0739566571375327,4749404.75,4749404.75,4652192.032721109
PI595734,17.423583507537842,-9.32376217842102,27.12035083770752,3.5180951356887817,9.61304807662964,0.0666485540775798,4752147.5,4752147.5,5190075.427758698
PI595735,8.818662881851196,-6.764062643051148,27.044442176818848,2.9823814233144126,7.016441583633423,0.0493179347078258,4954154.333333333,4954154.333333333,4910921.653593397
PI595736,6.545473496119182,-5.7760688463846845,25.823797861735027,2.3920681277910867,8.2031991481781,0.0555892368652723,4817305.090909091,4817305.090909091,4622315.711428674
PI595737,11.778547286987305,-5.904050588607788,23.84807364145915,2.61572813987732,6.928242524464925,0.0645686120917171,4516057.818181818,4516057.818181818,4291656.720500322
PI595738,9.85882250467936,-7.604435364405314,26.297228177388508,2.336542904376984,9.031777381896973,0.0525378551470812,4267573.2727272725,4267573.2727272725,4086653.608399865
PI595739,18.608043670654297,-7.64152979850769,23.66409206390381,3.607403337955475,8.966594994068146,0.0637746370421372,4073965.4166666665,4073965.4166666665,4060251.4070574986
PI595740,7.875444094340007,-6.015592575073242,23.9349422454834,4.022550463676453,6.39246129989624,0.0441222687614163,4480288.888888889,4480288.888888889,4455376.1230766615
PI595741,11.756218274434408,-5.254859983921051,25.05871868133545,3.039715806643168,11.171995480855308,0.0722274444503177,2850892.4444444445,2850892.4444444445,3088840.641670079
PI595742,6.248478730519612,-4.966914017995198,23.39837582906087,2.6436469554901123,9.559456825256348,0.0579890094903967,3624409.3333333335,3624409.3333333335,3665983.835017368
PI595743,12.15333922704061,-3.389090965191523,23.95414129892985,3.914100170135498,8.701403220494589,0.0447066554164965,3200128.2,3200128.2,3631941.2886022
PI595744,9.002380084991454,-1.4932581424713134,23.346110916137697,2.5006319284439087,8.519291591644286,0.062483486928702,4197002.0,4197002.0,4121647.170373058
PI595745,17.88838243484497,-4.771464506785075,25.608214378356934,3.6823320388793945,10.925299803415934,0.0629244621896327,3687611.8181818184,3687611.8181818184,4000893.876411707
PI595746,11.061034599939982,-3.53699400027593,22.85107707977295,3.388249158859253,7.753684043884277,0.0750898344584214,3505121.8,3505121.8,3534445.6746297413
PI595747,15.35101996527778,-8.09369452794393,23.991413328382706,2.55405702855852,10.41921255323622,0.0569656204434275,3727214.153846154,3727214.153846154,3715576.357730033
PI595748,11.3941920598348,-7.903407573699951,23.89065647125244,2.5738025108973184,9.08009664217631,0.0615504813477451,3236909.1666666665,3236909.1666666665,3325824.0031703534
PI596332,8.946071942647299,-5.872122367223104,24.384333610534668,2.985958218574524,8.346912384033203,0.0533933983624174,4109763.6,4109763.6,4127716.873525383
PI596567,9.872359911600748,-8.671002308527628,26.506861050923664,2.232603073120117,6.926449537277222,0.0493087319616571,3682078.1666666665,3682078.1666666665,3674920.498525383
PI597943,9.809196949005129,-8.051793177922567,27.04188315073649,2.545433243115743,10.09908946355184,0.0601081941734894,4530781.2,4530781.2,4452544.471884374
PI597944,10.355731725692747,-5.383673238754272,24.04761466979981,2.5886236906051634,7.71264877319336,0.048250608671497,4583863.333333333,4583863.333333333,4537691.589119197
PI597945,9.978808403015137,-2.4626488089561462,24.408557256062824,2.6938948233922324,9.36063003540039,0.0525664491939563,3523535.3333333335,3523535.3333333335,3363013.5746538937
PI597946,10.955225372314452,-6.844586753845215,24.183801651000977,2.38689386844635,8.960609912872314,0.0578252409845297,3512356.4,3512356.4,3625532.0028645457
PI597947,9.00997813542684,-6.113929510116577,24.04232947031657,2.2853090365727744,8.755261739095053,0.0574007080915226,3099281.8,3099281.8,3152219.233013538
PI597949,15.331990718841553,-7.874122460683186,23.03829765319824,3.2304066816965737,10.102138678232828,0.0674309352728452,3222811.8,3222811.8,3449840.343626653
PI597950,12.004551887512209,-2.67408299446106,21.85804748535156,2.5808796882629395,8.161675453186035,0.0489150101322011,2321312.0,2321312.0,2163369.485666603
PI597951,16.649025042851765,-6.05893458922704,24.618869145711265,2.9259762167930603,7.6988803545633955,0.048768923463027,2618416.8333333335,2618416.8333333335,2381667.6179574234
PI597952,11.108613777160643,-5.089022064208985,24.50175552368164,2.89335036277771,7.4212902069091795,0.0427721245121363,3886115.625,3886115.625,3948800.2623862857
PI597953,12.136356163024905,-3.614324331283569,23.561592864990235,2.8475497245788577,9.776901245117188,0.060851970079143,2802375.4,2802375.4,2805996.7603225783
PI597954,,,,,,,3434547.5555555555,3434547.5555555555,3510410.673399845
PI597955,8.244615316390991,-5.9007790088653564,23.41725730895996,1.947806894779205,9.949803829193115,0.057749418645735,3300624.3333333335,3300624.3333333335,3799379.688776316
PI597956,7.655731519063313,-2.430774753292402,24.35964775085449,2.992607037226359,11.394333521525065,0.0583528231123578,3576719.3333333335,3576719.3333333335,3233379.270627588
PI597957,,,,,,,3847077.6,3847077.6,3634752.28840972
PI597958,13.782033125559488,-6.307554562886556,22.43490028381348,2.594504872957865,9.604620615641275,0.0583531133248511,3158618.8,3158618.8,3212931.875985073
PI597959,14.83193858464559,-6.674341599146525,23.289713541666668,2.730367064476013,8.607118209203085,0.0469026252858927,3847205.0,3847205.0,3839638.9411634975
PI597960,10.564757347106934,-4.648166964451472,24.067039489746094,2.359962403774261,9.084009250005089,0.0541745574708305,4182666.4285714286,4182666.4285714286,3952341.484358381
PI597961,12.970113356908165,-7.718227783838908,24.5246073404948,3.246632178624471,8.151622533798218,0.055762395356591,4297765.5,4297765.5,4278187.179052953
PI597962,11.444429556528728,-8.11766266822815,26.47403875986735,2.888006011644999,8.590087334314982,0.0589249730756751,4800173.909090909,4800173.909090909,4803172.20614964
PI597963,9.695180130004882,-4.3036208152771,23.725822067260744,2.5007466793060305,6.317111778259277,0.0659545872127234,4312144.0,4312144.0,4241712.1911932975
PI597964,,,,,,,,,
PI597965,11.233936309814451,-8.081801732381185,27.54235521952312,3.1395908196767173,9.656485557556152,0.0517150715835488,3986612.0,3986612.0,3905880.85642187
PI597966,12.66967765490214,-6.341407497723897,26.960395495096844,2.336688995361328,10.67366894086202,0.0661754262142745,3147752.2,3147752.2,3398566.8719355324
PI597967,14.5225195089976,-7.194370667139689,26.610008875528973,3.5773521661758423,9.20840303103129,0.0594399627657216,4587698.0,4587698.0,4617257.843626653
PI597968,9.382660706837973,-0.6628994594017664,25.094225247701008,3.466031233469645,9.6361403465271,0.0502918012538334,4138610.222222222,4138610.222222222,4121031.436028546
PI597969,,,,,,,3053170.875,3053170.875,3125700.940569733
PI597970,8.626837253570557,-4.345537900924683,23.744733810424805,2.28385853767395,10.506436347961426,0.0737602838277627,3757384.0,3757384.0,3682029.170373057
PI597971,11.085085391998293,-4.673816959063212,23.40411885579427,2.431265215078989,7.868368466695149,0.0451971891401555,4046554.0,4046554.0,4000382.255785863
PI597972,8.381481885910034,-3.6811360319455466,24.3610258102417,2.490777373313904,8.524720430374146,0.05599514812861,3517397.125,3517397.125,3672868.850394924
PI597973,10.698542674382528,-4.70651650428772,23.6425584157308,3.124985615412394,9.00039291381836,0.0560184923939625,3922433.8333333335,3922433.8333333335,3857180.968774078
PI597974,12.202995777130129,-0.5294872000813486,22.21379518508911,2.5579787492752075,6.87062406539917,0.0646957729895483,2488717.8,2488717.8,2694510.644904847
PI597975,10.823776960372925,-3.902135729789734,22.336790084838867,3.170876860618592,8.6311616897583,0.0595192146831143,2634456.25,2634456.25,2877892.6457867958
PI597976,13.243238925933838,-5.54166054725647,23.131425221761067,2.3716100653012595,8.759779294331869,0.0614191507059031,2910624.0,2910624.0,2962381.2733256235
PI597977,16.522706985473633,-1.439405729373296,23.805817286173504,5.158896565437317,10.443260510762531,0.0509088830446079,2642881.0,2642881.0,2584591.097407029
PI597978,13.764452616373696,-6.966200431187947,22.24347146352132,2.636525789896647,8.968040704727173,0.0608500140456619,2998025.0,2998025.0,2610512.597127914
PI597979,18.66243476867676,-6.2817079544067385,19.65224571228028,3.5655163288116456,8.886386299133301,0.0584654451712381,1722941.25,1722941.25,1879243.3666716137
PI597980,11.682429552078249,0.7095462381839752,24.656973361969,3.071876496076584,9.0912344455719,0.0647748440428307,3548010.5,3548010.5,3448954.00889749
PI597981,9.330979029337565,-4.195757682124774,22.23412068684896,2.546353300412496,7.653182824452718,0.0460542216064137,2882827.2,2882827.2,2905123.7453468665
PI597982,10.622226238250732,-5.292039712270101,20.165324846903484,2.18743101755778,6.329510132471721,0.0520675455584966,1879589.5,1879589.5,2114882.757265789
PI598069,12.704488563537598,-9.451418209075928,22.11528167724609,2.593816947937012,5.479911708831788,0.04559321276071,2173729.2,2173729.2,1979706.5043775688
PI598070,9.865127563476562,-6.335797667503357,20.677406787872314,2.919265111287435,7.323111216227214,0.0491440973308249,1388616.3333333333,1388616.3333333333,1961859.1703949235
PI601264,,,,,,,,,
PI601415,8.92928695678711,-5.000247319539388,24.7927786509196,2.9581186771392822,8.255886952082315,0.0547760061485888,4310079.666666667,4310079.666666667,4288374.04019205
PI601552,,,,,,,,,
PI601553,7.808068672815959,-6.535307327906291,25.091124534606934,4.206775347391765,8.85457976659139,0.0604769318912008,4032408.8181818184,4032408.8181818184,4010997.52639061
PI601554,10.302407423655191,-7.056950648625691,24.204883575439453,2.438001712163289,6.532114267349243,0.0515841542064444,4025424.5,4025424.5,3760715.199991111
PI601555,8.992850383122763,-6.696627696355184,23.256604830423992,2.677590092023214,7.048791726430257,0.0500022060306311,3134123.5,3134123.5,3112417.8735253825
PI601556,7.612265427907308,-6.173381964365642,23.54507001241048,2.716428438822428,6.630705277125041,0.0599452576736195,3632693.0,3632693.0,3586308.4263906097
PI601557,6.203166675567627,-4.489130973815918,23.99364967346192,2.6908740520477297,8.28956117630005,0.0561694153665962,4132794.5555555555,4132794.5555555555,4070251.223525383
PI601716,9.583509604136148,-6.225554466247559,22.89067872365316,2.5307101806004844,8.849226474761963,0.0578214691182931,3154380.6666666665,3154380.6666666665,3107996.093057276
PI601717,,,,,,,,,
PI601718,,,,,,,,,
PI601719,,,,,,,,,
PI601720,,,,,,,,,
PI601721,7.679422616958618,-5.84111746152242,25.116924285888672,2.246919492880503,7.902618169784546,0.0748311544265945,4394691.181818182,4394691.181818182,4327416.659723943
PI601743,6.524919827779134,-3.8372678756713854,22.664452234903973,2.3889527320861816,6.414235273996989,0.0755784079673914,3898606.6,3898606.6,3807592.654635355
PI601744,7.428670501708984,-5.389527702331543,22.26674880981445,2.619503211975098,6.73349142074585,0.0654582834613653,2899813.5,2899813.5,2853428.926390609
PI601756,8.39832329750061,-4.336652874946594,22.49398708343506,2.7905802726745605,7.142544349034627,0.0616839936523392,3762014.3333333335,3762014.3333333335,3715629.759723943
PI601816,8.94472599029541,31.88633728027344,61.92276382446289,1.3540003299713137,2.5460028648376465,0.0001512973749905,,,
PI602599,8.27530845006307,-5.027342597643535,24.98211097717285,2.632491111755371,7.808587551116943,0.0616542442397371,3921077.8333333335,3921077.8333333335,3899372.206858716
PI602600,8.624917984008789,-3.829951047897339,23.501871744791668,2.454757134119669,7.408646424611409,0.0681944590805085,3659525.0,3659525.0,3525142.2597239427
PI603983,7.162514686584473,-7.348257144292195,24.85289160410564,2.475783387819926,6.590099891026815,0.0643535522312705,3855496.3333333335,3855496.3333333335,3833790.706858716
PI605723,5.716735124588013,-5.014256954193115,23.462926864624023,2.844375312328338,7.040794213612874,0.0519830035896825,3904565.0,3904565.0,3858180.4263906097
PI605724,5.6671576499938965,-4.6279414892196655,23.726662317911785,2.8132259448369346,7.122229655583699,0.0672912913539574,3573750.5,3573750.5,3552044.873525383
PI605725,7.494401386805943,-5.6783261980329245,22.68588556562151,3.038408824375697,8.618833269391741,0.0619253933916981,3379144.5714285714,3379144.5714285714,3292317.8847239427
PI605726,6.4152021408081055,-6.236907958984375,24.02524185180664,3.0347928206125894,6.045212109883626,0.0600683582395747,3905548.3333333335,3905548.3333333335,3903793.131479196
PI606788,8.092661539713541,-4.950188795725505,24.673561096191406,2.799490054448446,8.168590466181437,0.0655670484833099,4112975.5454545454,4112975.5454545454,4079341.673525383
PI607931,16.23917531967163,-6.129674315452576,23.761765003204346,2.475976288318634,6.44278347492218,0.051781326956498,4098590.0,4098590.0,4165641.650286111
PI609456,20.110796610514324,-8.109736720720926,24.31180636088053,3.8708318074544272,8.361212491989136,0.0402027151483674,2427901.888888889,2427901.888888889,2621938.453131001
PI613536,11.496641159057615,-6.380793491999309,25.378136316935223,2.798566619555156,8.351096789042154,0.0478768586401507,4623943.9,4623943.9,4526579.077149826
PI613610,,,,,,,4553021.2,4553021.2,4568472.747125885
PI613611,6.2451101541519165,-1.6978105008602142,24.627806186676025,2.822242319583893,9.69328474998474,0.0633538070195338,3356443.25,3356443.25,3611542.873525383
PI613612,,,,,,,3430721.5714285714,3430721.5714285714,3348887.8013906097
PI613613,5.546653747558594,-4.581482982635498,23.834547805786134,2.917912530899048,7.981180953979492,0.0555359271921554,3812258.5555555555,3812258.5555555555,3691786.54019205
PI619402,7.598485549290975,-5.824095964431763,23.639567375183105,3.052308320999145,6.97058121363322,0.0624399202406431,3934808.1666666665,3934808.1666666665,3913102.54019205
PI629034,11.733946164449057,-7.3337082862854,23.49197483062744,2.592906395594279,7.009517510732015,0.0569921042664737,3706540.272727273,3706540.272727273,3665727.987386141
PI629040,10.61747875213623,-7.2182690620422365,23.958516311645507,2.73832631111145,7.005349636077881,0.0581066903620449,3641169.5,3641169.5,3622329.089100008
PI629059,16.313610871632893,-6.374635616938273,24.936111132303875,2.967135230700175,8.13197127978007,0.0638621804339385,4816639.090909091,4816639.090909091,4916026.33710202
PI641824,12.099830627441406,-8.512192408243815,23.694327036539715,3.054147720336914,7.9492293993632,0.0533065739595515,3165234.6666666665,3165234.6666666665,3425346.750017567
PI641836,13.75355307261149,-5.8492491245269775,22.252838770548504,3.2399348417917886,6.95496940612793,0.0517167582749496,3271971.5,3271971.5,3267093.5981390905
PI641849,13.226044654846191,-8.165051301320394,21.812435785929363,2.850898583730062,6.626602649688721,0.0512924528138874,2733745.0,2733745.0,2624983.095173262
PI641874,12.636245727539062,-8.15802001953125,22.38429578145345,3.1659228404363,7.396135012308757,0.0483649229662472,2738011.5,2738011.5,2657280.356421871
PI642791,9.228167533874512,-7.300645232200623,23.62846803665161,2.831301748752594,7.313171982765198,0.0685204851725853,3762421.1428571427,3762421.1428571427,3438816.642464233
PI642793,8.859346294403077,-4.657979345321655,21.75054817199707,2.564364528656006,6.072910213470459,0.0431609555576124,2318146.6666666665,2318146.6666666665,2816902.022109649
PI642992,10.571433067321776,-5.845861792564392,24.711950302124023,2.9551597833633423,8.047536373138428,0.0577815101169043,4138844.0,4138844.0,3902049.644762009
PI642998,16.217124938964844,-6.485172271728516,23.11596870422364,3.031685709953308,8.589648962020874,0.0868487152044427,1530039.5,1530039.5,1625978.3903730577
PI651492,8.54265308380127,-6.777924537658691,23.721816698710125,2.70146381855011,6.549526691436768,0.0595982394185299,4112892.6,4112892.6,3991982.232766722
PI651496,19.391363620758057,-10.104934811592102,22.1823525428772,3.666216373443604,5.446225643157959,0.0312314142505986,2406875.714285714,2406875.714285714,2990916.5891191964
PI653616,14.737370681762696,-8.509786128997803,22.554664611816406,2.6670167446136475,6.334894752502441,0.0565090615166081,2352141.3333333335,2352141.3333333335,2008801.270627588
PI653617,10.568382581075031,-4.71250851949056,23.01158841451009,2.936478614807129,8.462703069051107,0.0480788099191583,2951064.0,2951064.0,2607723.9372942545
PI655970,13.561377684275309,-5.361006697018941,23.490708033243816,2.90749192237854,8.29638401667277,0.0622761407970688,4175484.9,4175484.9,4147976.065066512
PI655971,12.695478598276772,-5.062974731127421,22.36387252807617,3.31285838286082,8.065801541010538,0.0606496758920775,2902372.111111111,2902372.111111111,2940837.203173406
PI655972,4.800723195075989,-4.502317309379578,25.65726375579834,2.0088030993938446,7.810911417007446,0.041959937305893,3819510.3333333335,3819510.3333333335,3665287.985666603
PI655973,16.693179448445637,-8.470419512854683,23.060245090060764,3.1646362940470376,10.732331169976128,0.0636919563238899,3431024.882352941,3431024.882352941,3408316.023804164
PI655974,5.15446670850118,-4.680725336074829,23.57579167683919,2.370915730794271,6.222988287607829,0.0557796407817837,3651879.3333333335,3651879.3333333335,3415084.978095342
PI655975,8.52019770940145,-6.325804630915324,25.598875363667805,2.6637284755706787,8.556431929270426,0.0549903993901762,4263435.625,4263435.625,4190670.404377569
PI655976,14.156034660339357,-2.162052309513092,26.272418212890624,2.803541088104248,11.405993843078614,0.0626553588297734,3918364.777777778,3918364.777777778,3829433.2237873534
PI655977,9.21787158648173,-5.38918121655782,23.776562690734863,2.124647339185079,7.329415877660115,0.043250019845053,4079642.727272727,4079642.727272727,4342579.028563509
PI655978,7.35693302154541,-4.792174291610718,22.44031143188477,2.4280238151550293,6.344724559783936,0.0574626485664498,2991431.2,2991431.2,2826142.573223021
PI655979,13.858710289001465,-7.382516225179036,23.723600069681805,2.683459003766378,8.30860980351766,0.0579804292937052,4469998.0,4469998.0,4344322.846694388
PI655980,11.80355429649353,-8.52028512954712,20.095490217208862,2.2175191938877106,6.094439506530762,0.0492016134221776,1917465.0,1917465.0,1813479.8091308996
PI655981,,,,,,,3243450.1428571427,3243450.1428571427,3674157.219396941
PI655982,14.823944250742594,-6.6876130898793535,22.089233080546062,2.9618863264719644,6.622008164723714,0.0559426935156294,3796981.8181818184,3796981.8181818184,3913924.2593456367
PI655983,6.885120709737142,-5.744843482971191,23.55621083577474,2.147661606470744,5.696566263834636,0.070752934543733,3816597.0,3816597.0,3579802.6447620085
PI655984,9.631753524144491,-5.179257273674011,24.819863319396973,2.345115602016449,9.626022497812906,0.0519410400473132,4463987.090909091,4463987.090909091,4277076.420500323
PI655985,13.688524055480958,-4.524579238891602,24.39243240356445,2.9670925617218016,8.240184116363526,0.0698307798360868,4180288.75,4180288.75,3932121.501684034
PI655986,13.679534753163656,-6.28543488184611,24.040382703145344,3.091310898462931,7.5001663366953535,0.0672914619808411,4239618.166666667,4239618.166666667,4479766.590886121
PI655987,8.038676977157593,-5.833977460861206,28.22513103485108,3.2793790102005005,8.136174440383911,0.0677603540604841,4839461.666666667,4839461.666666667,4810244.367551036
PI655988,11.073851585388184,-5.647587060928345,23.03527545928955,2.80871319770813,7.958416938781738,0.0640541195540397,3074832.0,3074832.0,3584944.456556224
PI655989,10.055460532506308,-5.986514409383138,23.2656478881836,2.68267830212911,7.004882176717122,0.0646886703337116,3506720.0,3506720.0,3494771.207926736
PI655990,7.582901000976562,-4.588256454467773,24.314846801757813,2.4392117977142336,7.123656654357911,0.0530577674005737,3940409.25,3940409.25,3733542.089119196
PI655991,9.125983119010924,-4.541308840115865,22.61901092529297,2.447506546974182,6.212171792984009,0.0622054237880066,3744304.3333333335,3744304.3333333335,3658706.6686669
PI655992,8.675848245620728,-4.607154369354248,23.37774499257405,2.5360995133717856,6.0965235233306885,0.0641963649152652,3659857.5,3659857.5,3552608.5950544374
PI655993,10.690844853719076,-5.768547058105469,24.22050666809082,2.0746639172236123,8.595649613274468,0.0584301752966508,4468044.0,4468044.0,4308244.965095316
PI655994,,,,,,,3325638.6666666665,3325638.6666666665,3259750.82801983
PI655995,12.174506664276125,-9.286421378453571,25.05097262064616,3.227279305458069,9.049731095631918,0.054143393287319,3639730.714285714,3639730.714285714,3292766.441163497
PI655996,5.151411056518555,-5.034425258636475,23.517237527029856,2.372257096426828,7.715520790645054,0.0575626503121604,4021534.8333333335,4021534.8333333335,3884178.845173262
PI655997,17.26025848388672,-7.102681350708008,23.349087524414063,3.426863431930542,8.759544372558594,0.0520358751921062,4020768.5,4020768.5,3962670.4336703895
PI655998,17.034290075302124,-4.037174418568611,22.70447540283203,3.0119303464889526,7.4026466608047485,0.0629090910971451,3175536.0,3175536.0,3276465.4945610696
PI655999,10.63068421681722,-7.584839900334676,19.946600596110027,2.277488629023234,5.947183609008789,0.0503022474148992,1844668.5,1844668.5,1813075.5209955703
PI656000,13.350618998209637,-5.298820124732123,24.4263170030382,3.3264116711086698,9.827287567986382,0.0650465136457137,4271615.529411765,4271615.529411765,4249846.514454343
PI656001,12.392615954081217,-7.114550908406575,23.78275299072266,2.636791547139486,7.374649100833469,0.0634817563359797,4195778.125,4195778.125,4259276.610646372
PI656002,14.52131430308024,-6.163232167561849,22.49715264638265,2.7505754232406616,6.932481447855632,0.0630007846761798,3596840.5454545454,3596840.5454545454,3570129.4548778725
PI656003,10.748715162277222,-7.168230454126994,22.66016292572021,2.3277182976404824,6.223356246948242,0.0506108174854727,2999074.1818181816,2999074.1818181816,3160428.18101555
PI656004,6.226715644200643,-3.752600987752279,23.228736241658527,2.478590329488118,7.6070347627003985,0.0644773764062981,3741295.25,3741295.25,3653151.546098402
PI656005,14.307610352834066,-7.960472742716472,23.52335453033448,2.6432339747746787,6.87250034014384,0.0636463167838198,3389160.6666666665,3389160.6666666665,3404757.9669533665
PI656006,13.398250961303711,-8.351338863372803,24.581676483154297,3.554439306259156,8.155828952789307,0.0631179654237545,3565576.8571428573,3565576.8571428573,3872703.799219454
PI656007,12.506885051727297,-3.0213160316149392,23.16455014546712,2.541761596997579,7.360693136850993,0.0711837810935609,3371565.6,3371565.6,3429391.3336983
PI656008,16.97341823577881,-6.226706027984619,24.232887903849285,3.747759262720744,8.121607939402262,0.0600068720308837,5772609.25,5772609.25,5422337.813684034
PI656009,,,,,,,5316419.714285715,5316419.714285715,5172912.075489146
PI656010,9.99463176727295,-4.556503335634868,22.60300095876058,2.4686096906661987,6.802142699559529,0.0536752564459467,3149456.6666666665,3149456.6666666665,3280437.166769161
PI656011,15.300271352132162,-8.519670645395914,22.929872194925945,4.422391494115193,7.174634695053101,0.0602892473585075,3588945.75,3588945.75,3805614.6612277366
PI656012,11.084237257639566,-7.65887729326884,26.79714870452881,3.607365369796753,8.3656747341156,0.0558726751468348,4319425.0,4319425.0,4463839.684508752
PI656013,11.84554672241211,-6.845824241638184,25.4253158569336,3.809800863265991,10.602474212646484,0.0703809581005626,3133713.0,3133713.0,3053663.257519807
PI656014,18.57007090250651,-7.945208549499512,25.154449144999187,3.87143357594808,8.327271620432535,0.0515558686481249,3631877.5555555555,3631877.5555555555,3661267.447816489
PI656015,11.879785299301147,-7.6437985102335615,25.596769332885746,3.2490734656651816,7.684966325759888,0.0504680167649069,3506692.5,3506692.5,3399443.595054438
PI656016,11.853376197814942,-7.663970899581909,23.44522857666016,3.5006558418273928,7.182241535186767,0.0621225358134912,3910780.25,3910780.25,3597467.53840972
PI656017,10.835476493835449,-8.13990306854248,24.04673042297363,3.896368551254272,7.953981304168701,0.0539502711358714,3553412.4,3553412.4,3538274.0759850736
PI656018,9.441177474127876,-5.854612588882446,23.87278535630968,2.744693239529928,7.430968761444092,0.061037983135925,4224567.4,4224567.4,4235689.672368812
PI656019,9.25674311319987,-3.54265558719635,23.20265070597331,2.740232507387797,7.96253498395284,0.0535403924467235,3099955.6666666665,3099955.6666666665,3382859.169531213
PI656020,9.74974193572998,-3.8627577304840086,24.449957275390624,3.1998643398284914,10.245091819763184,0.0629789595619506,3585552.0,3585552.0,3476790.095173262
PI656021,23.02062670389812,-1.9323573509852088,21.858474731445312,3.507200161616008,9.274187723795572,0.0641284142905027,1888808.6666666667,1888808.6666666667,1545468.60396092
PI656022,10.099754015604654,-6.25838581720988,23.021055221557617,2.694567362467448,8.265074888865152,0.0607352521744922,2798677.6666666665,2798677.6666666665,2825090.516392485
PI656023,15.294354438781738,-7.337507997240339,23.757633754185267,2.576720033373152,9.095776557922363,0.051853427853979,3620289.4545454546,3620289.4545454546,3668915.4323186814
PI656024,14.97451572418213,-2.0756591677665712,23.10556640625,3.401637935638428,7.403915405273437,0.0472827288328077,2714486.2,2714486.2,3038449.3372214586
PI656025,13.061492729187012,-0.4758581161499023,26.097958755493163,3.9504695892334,9.564100646972657,0.0564700789138645,4341705.0,4341705.0,4150014.357038016
PI656026,16.23640251159668,-6.298906723658244,24.8607447942098,2.6804901162783303,8.103330691655477,0.0608005862874117,4822474.625,4822474.625,4499054.44338614
PI656027,9.311350186665852,-7.713739395141602,25.83020528157552,3.241985321044922,9.242833137512209,0.057223838651501,4126070.0,4126070.0,4286354.487438102
PI656028,16.194725195566814,-8.650664409001669,23.404544194539387,3.1196175813674927,9.781427462895712,0.0552151202918638,3216289.5,3216289.5,3014189.8041511974
PI656029,17.190204620361328,-6.601435859998067,23.373067537943523,4.453211069107056,9.792780955632528,0.063069351900288,3327396.4545454546,3327396.4545454546,3391932.2058443767
PI656030,,,,,,,1742589.0,1742589.0,1808188.0259051248
PI656031,7.467088317871093,-6.851505851745605,22.947449111938475,2.203600788116455,5.6901778221130375,0.0603280176000281,3276224.4,3276224.4,3176099.4065563544
PI656032,14.902114295959471,-6.358822584152222,23.50353965759277,2.5216400146484377,8.917585086822509,0.0525193545751849,3223210.0,3223210.0,3691615.06346464
PI656033,15.685661474863688,-7.10648779074351,26.18065071105957,4.058923165003459,10.673581918080648,0.0685765697859594,3980515.4,3980515.4,3905217.41603722
PI656034,13.714345932006836,-8.257415215174357,23.997466405232743,2.2521973053614297,8.422704935073853,0.0461916368294671,4248365.090909091,4248365.090909091,4348144.050286111
PI656035,12.438177108764648,-6.745728810628255,22.765405654907227,2.6858530839284263,8.66140333811442,0.0619998378436806,2685610.2,2685610.2,2707906.745346866
PI656036,14.652754624684652,-8.598390181859335,23.21741358439128,2.7930849393208823,5.92570424079895,0.0568787859266639,3766682.3636363638,3766682.3636363638,3819871.196669851
PI656037,12.76216729482015,-6.631067911783855,24.588774998982743,2.334446390469869,8.30626885096232,0.0609690354055238,4368901.4,4368901.4,4531756.954628014
PI656038,11.088659286499023,-6.656597812970479,23.210288047790527,2.699059844017029,7.002611875534058,0.0502675499072606,3070298.3333333335,3070298.3333333335,3347838.819465911
PI656039,11.637416076660156,-4.49638267159462,24.67582321166992,3.036313390731812,7.828102207183837,0.0672285631232607,4527205.222222222,4527205.222222222,4174108.7308902126
PI656040,15.086288213729858,-5.054173111915588,23.520987033844,4.432282447814941,9.71930766105652,0.0690800103262906,3827943.5,3827943.5,3867720.171929987
PI656041,8.058867931365967,-6.8154014348983765,25.62196254730225,3.0502004623413086,7.759565591812134,0.0606237887522947,4025513.8,4025513.8,3867571.285666602
PI656042,11.69953727722168,-8.234265406926474,25.490498224894207,3.423081954320272,8.347346782684326,0.057062176621544,4248127.0,4248127.0,4096519.048821584
PI656043,7.5965250333150225,-6.6226528485616045,25.773038228352863,3.307178497314453,7.940293471018474,0.0507615984920324,3967052.0,3967052.0,4196557.330356876
PI656044,9.297346512476604,-7.678163131078084,26.35344282786052,2.710831801096598,7.324356079101562,0.0459543174690667,5192621.5,5192621.5,5073625.371593205
PI656046,10.646738449732462,-5.095058997472127,26.28904914855957,2.963298439979553,8.266087532043457,0.050519700151861,4110779.0,4110779.0,4067546.320260064
PI656047,22.568451690673825,-6.30629415512085,28.80983505249024,5.108951616287231,8.106956481933594,0.0231651621967421,2922652.3333333335,2922652.3333333335,3121392.1762332623
PI656048,10.812962690989176,-7.479045947392781,23.83213901519776,3.0353407065073648,6.615565538406372,0.0589774697883246,4465145.166666667,4465145.166666667,4399892.302107411
PI656049,4.95197057723999,-3.159470319747925,26.29409980773925,3.227127313613892,8.919751644134521,0.0648542838410781,4451530.0,4451530.0,4293587.485666603
PI656050,8.77390260696411,-6.595248985290527,25.035158920288087,2.945636677742004,10.03054656982422,0.0643973086674193,3298543.6,3298543.6,3590141.9713949272
PI656051,13.558445930480955,-5.458990092078845,26.54857285817464,3.1070335308710733,8.64133906364441,0.0625899642885274,5396946.444444444,5396946.444444444,5262327.796173922
PI656052,10.171778996785482,-6.334460258483887,23.67853609720866,2.617815891901652,7.8691050211588545,0.0515088575773687,4727368.0,4727368.0,4769736.920680208
PI656053,12.482111930847168,-5.851216697692872,23.282862854003906,2.7792755126953126,9.438569355010989,0.0623822209315126,3334173.5555555555,3334173.5555555555,3930421.312453462
PI656054,14.612455050150553,-6.233764370282491,24.150225321451824,2.3642216324806213,7.67430027325948,0.0465036572283439,4356562.4,4356562.4,4270549.40130969
PI656055,9.24436834880284,-7.091365133013044,24.26050567626953,3.0729692663465227,7.673351492200579,0.0623540846010555,4052225.5,4052225.5,3949822.331712652
PI656056,9.456954638163248,-4.706869761149089,24.44119707743327,2.526800274848938,7.06470251083374,0.0564202161331473,4326692.0,4326692.0,4168749.4856666015
PI656057,11.581874179840089,-8.081689262390137,26.154272079467773,2.7298689603805544,7.893963146209717,0.0454949122100645,4280341.0,4280341.0,4553299.649804907
PI656058,13.745389938354492,-5.424263636271159,24.177221298217773,2.608498771985372,7.642364343007405,0.0520981545286522,4736680.857142857,4736680.857142857,4508558.689100008
PI656059,13.552120208740234,-5.7622666756312055,24.4658047358195,4.410460948944092,9.553707281748451,0.062524311420206,4345060.7272727275,4345060.7272727275,4512106.503839459
PI656060,11.364724053276907,-6.061505211724176,21.96780819363064,2.5272890064451428,6.922344472673204,0.0632292594771108,3030197.294117647,3030197.294117647,2903485.703070293
PI656061,13.59544324874878,-5.280335942904155,21.62668577829997,3.70974067846934,8.341617425282797,0.0582232771723907,2699441.5,2699441.5,3203875.4059996014
PI656062,19.83466021219889,-7.92645788192749,25.42818768819173,3.924355904261271,7.647171497344971,0.0604278223454067,4017030.0,4017030.0,3780325.924486172
PI656063,11.937416553497314,-4.032727281252543,24.669358889261883,3.6450637578964233,9.594764709472656,0.0609220234685733,4346868.6,4346868.6,4704912.791337852
PI656064,11.671581586201986,-7.083235104878743,25.587608973185223,3.1496050357818604,10.133556207021078,0.06996835523825,3368840.2,3368840.2,3230110.3309507524
PI656065,9.525820016860962,-7.906073093414307,24.07267475128174,2.196408033370972,8.684816201527914,0.0515204108270762,3104714.6,3104714.6,3100485.548428649
PI656066,13.263950030008951,-6.997904856999715,23.99534034729004,2.6451323429743447,8.483934243520102,0.0478384776397708,4318395.333333333,4318395.333333333,4050422.275905125
PI656067,13.026435216267904,-8.039052406946817,26.048837025960285,2.6519387563069663,8.689424355824789,0.0673843248958536,3318265.8,3318265.8,3248701.483013537
PI656068,14.712812995910644,-7.553810882568359,23.28084526062012,3.232232904434204,7.031839847564697,0.0553525131288002,4389513.75,4389513.75,4343342.005785863
PI656069,14.444394641452366,-6.354809284210205,24.67163297865126,2.9695244895087347,10.404836018880207,0.0591596573269325,4480635.6,4480635.6,4436334.203343233
PI656070,17.376182079315186,-8.10685646533966,23.408265113830566,3.607775747776032,9.801682710647585,0.0622581731162178,3756008.4285714286,3756008.4285714286,3668388.141270676
PI656071,13.352293586730957,-5.955215740203857,25.0862979888916,2.484571409225464,9.708675003051756,0.0657230332642451,4121438.2,4121438.2,4128003.588095618
PI656072,16.34642728169759,-9.012109835942589,25.345738728841145,3.931771119435629,9.548870960871378,0.0542876549030097,4568949.454545454,4568949.454545454,4625514.2748164935
PI656073,12.592172241210935,-7.117743396759034,28.03683433532715,3.855193662643432,9.719017696380616,0.0564797639518307,5662832.285714285,5662832.285714285,5300372.868970841
PI656074,9.039165019989014,-7.790521860122681,21.67445659637451,3.1801111698150635,7.42055344581604,0.042198512494626,2471389.5,2471389.5,2970144.8554429817
PI656075,12.888627211252848,-4.594425181547801,24.935411771138508,2.8201419512430825,10.563291390736898,0.0595712833995853,4621893.555555556,4621893.555555556,4268283.287294254
PI656076,15.114135197230748,-7.852960859026227,23.857249123709543,3.062692267554147,8.68521227155413,0.0468083714973604,3995361.0,3995361.0,3882967.3354568495
PI656077,9.90530788898468,-5.075108647346497,23.94244384765625,2.6407436430454254,8.699957251548767,0.066541935849881,3174079.1428571427,3174079.1428571427,2977124.011304674
PI656078,13.980238755544027,-5.3685968319575,23.392296473185223,3.0122085412343345,9.6088228225708,0.0532628090825939,3381559.1,3381559.1,3453445.1689383416
PI656079,11.904966354370115,-5.034684181213379,24.82405185699463,3.1346147457758584,11.501364390055338,0.0782206441428744,3552498.8333333335,3552498.8333333335,3450029.0467286184
PI656080,,,,,,,2616684.6,2616684.6,2846189.930356876
PI656081,,,,,,,1974761.75,1974761.75,2101378.426100056
PI656082,12.794153531392416,-5.7175906499226885,23.699132283528645,2.866974353790283,10.303709348042808,0.0619074654410632,2716122.0,2716122.0,2822410.6261194823
PI656083,7.6379475593566895,-7.23253059387207,26.22758801778157,2.554370562235514,10.320734977722168,0.0529865838683608,4836215.4,4836215.4,4755484.256421872
PI656084,,,,,,,3958248.3333333335,3958248.3333333335,3943792.5068538887
PI656085,12.631014823913574,-5.035817050933838,24.6543399810791,5.065051555633545,9.28904848098755,0.0579343981517315,3471895.75,3471895.75,3712111.866645161
PI656086,12.064244349797567,-7.12185541788737,25.26276397705078,3.258804440498352,8.029325405756632,0.053205329182912,3924880.777777778,3924880.777777778,4203754.736552783
PI656087,8.282328510284424,-3.8151652336120607,26.18295211791992,2.9760857582092286,9.638413047790529,0.0566790370329063,4582785.428571428,4582785.428571428,4675308.604518538
PI656088,16.309454202651978,-2.5301366448402405,24.2150673866272,3.4420037865638733,9.611651182174684,0.0617693341733462,3588285.6666666665,3588285.6666666665,3843054.178131
PI656089,,,,,,,3568604.1428571427,3568604.1428571427,3643819.222368812
PI656090,15.998762448628744,-8.593334992726644,24.388145446777344,2.634038766225179,8.116967837015787,0.05011207531553,3500496.6666666665,3500496.6666666665,3391734.7618399286
PI656091,18.36950810750325,-8.286387284596762,21.819232940673828,4.42235819498698,7.352105458577474,0.0504962447858017,4038653.5,4038653.5,4144942.1261194814
PI656092,10.417689895629882,-6.785051727294922,25.35713081359864,4.414092111587524,8.714892387390137,0.0531876194710532,4502590.6,4502590.6,4562066.545466006
PI656093,12.616865634918211,-3.579401622215906,22.76864687601725,1.998196601867676,9.284839232762655,0.0618797081839021,2777186.75,2777186.75,2772308.8481390905
PI656094,9.575896581013998,-6.288584272066752,22.84827168782552,2.6291116873423257,7.312368392944336,0.0562906603628531,3291267.6666666665,3291267.6666666665,3848370.061045776
PI656095,12.2104541460673,-5.42197056611379,24.5492426554362,3.0249565839767456,10.532944997151692,0.0638663762461411,3624306.8333333335,3624306.8333333335,3543916.3903041733
PI656096,12.249354553222656,-6.159923553466797,24.47345733642578,3.4973387241363527,10.118353652954102,0.0569089821848742,4128531.285714286,4128531.285714286,4217012.173338281
PI656097,10.64832337697347,-6.398664792378743,24.489354451497395,3.159140110015869,8.845420201619467,0.0477667333861187,4651576.0,4651576.0,4757864.626119482
PI656098,5.829005161921184,-5.020059267679851,23.211346944173176,1.93926215171814,7.46340274810791,0.0533337580511004,2632650.3333333335,2632650.3333333335,2654946.8786801994
PI656099,14.606876373291016,-6.149907541275025,23.802265167236328,2.4183640003204347,9.699212265014648,0.0595826745002867,3441369.0,3441369.0,3085550.59755688
PI656100,11.38010324750628,-6.475109849657331,24.32751791817801,3.039282424109323,7.395387513296945,0.0459639070746959,4147636.0,4147636.0,4307292.62166985
PI656101,10.280913670857748,-6.876708348592122,22.18288771311442,2.78849458694458,8.446110328038534,0.0474809102584545,2295906.8333333335,2295906.8333333335,2350219.909318406
PI656102,7.868071174621582,-6.2981164932250975,24.12449760437012,2.0973922967910767,9.507024002075196,0.0601517661137671,3280985.222222222,3280985.222222222,3086333.119967634
PI656103,11.354546944300331,-2.8991171518961587,23.988159497578938,3.7223809957504272,10.223779996236166,0.0630435602744319,3510480.8571428573,3510480.8571428573,3580530.9304612475
PI656104,15.964982414245606,-9.129201698303223,22.92253761291504,2.2355698585510253,8.958192539215087,0.0561157026639911,2441330.6,2441330.6,2482498.270722508
PI656105,8.454729954401651,-6.659246603647868,22.62516021728516,2.423867245515188,7.171360413233439,0.0423346222121434,3468317.25,3468317.25,3534647.264483156
PI656106,11.739417182074654,-7.502446333567302,24.89087422688802,2.359545032183329,9.376674864027237,0.0533409713063546,4181586.411764706,4181586.411764706,4070294.130891989
PI656107,11.868985176086426,-10.000942548116049,29.95709164937337,3.826298634211222,9.713056564331056,0.0500924089349694,4568506.333333333,4568506.333333333,4488456.59085314
PI656108,11.072140216827393,-3.4638868222634,24.521462122599285,2.803417960802714,9.400386015574137,0.0486284007930182,3988203.3636363638,3988203.3636363638,3850801.795653899
PI656109,9.520764112472534,-4.930151760578156,23.419979095458984,2.6121689677238464,8.68196415901184,0.0533237681531793,3524468.0,3524468.0,3331361.264056455
PI656110,16.117414315541584,-8.171666145324707,22.460323651631672,4.4082457224528,9.102543433507284,0.0542119719883914,3083851.75,3083851.75,3073589.6612277366
PI656111,10.553281943003336,-5.29794426759084,24.17085138956706,3.180821895599365,10.458547910054524,0.0587562348548642,3094372.909090909,3094372.909090909,3281176.0919747883
PI656112,10.352495988210045,-5.0843318700790405,24.981310208638508,3.058977603912353,10.9765731493632,0.0607884591097868,4477895.375,4477895.375,4382399.141712466
PI656113,10.671674410502115,-4.009515980879466,24.39602438608805,2.8719370365142822,8.740830024083456,0.0505645079494496,3817943.875,3817943.875,4099185.158851876
PI656114,10.027255694071451,-7.789616425832112,23.8348757425944,2.472761392593384,6.888318538665772,0.0509792244619929,3827242.6666666665,3827242.6666666665,3868817.1683507
PI656115,10.12726060549418,-5.503545463085175,23.36094792683919,2.673436919848124,8.645975112915039,0.0484641481394691,3260981.25,3260981.25,3442012.327894402
PI656116,,,,,,,3008101.6666666665,3008101.6666666665,2928051.9241864737
PI656117,,,,,,,4467410.0,4467410.0,4838847.620554794
PI656118,11.839826107025146,-7.049620469411214,22.22377014160156,2.9517465035120645,8.328131516774496,0.0536581504731508,2937587.1666666665,2937587.1666666665,3237505.2052688664
PI656119,,,,,,,1189538.0,1189538.0,2200088.575442981
PI656120,12.340719858805338,-7.057607253392537,25.73725191752116,3.017077008883158,8.304158528645834,0.0617790746709697,4385010.75,4385010.75,4298281.141712466
PI656121,8.214977025985718,-2.418298855423928,21.586589336395264,2.2834120392799377,6.763617038726807,0.0505669355056874,2553561.8571428573,2553561.8571428573,2858624.749248286
PI659691,12.748785400390624,-7.18841781616211,22.305572509765625,2.7463261127471923,7.694739913940429,0.0508787526604921,3313652.5,3313652.5,3612844.226411707
PI659692,,,,,,,1495996.0,1495996.0,1937527.4874144436
PI659693,,,,,,,4336433.0,4336433.0,4402032.025905124
PI659694,9.722407341003418,-7.29224689801534,23.5032533009847,2.718407233556112,6.6220011711120605,0.0682652796479097,3753376.6,3753376.6,3800432.897235091
PI659695,9.670228004455566,-3.1848822608590126,24.50796254475912,2.483898520469665,10.088128725687662,0.0589778950936624,3608686.6666666665,3608686.6666666665,3470542.46045685
PI659696,6.846952506474087,-3.6454745701381137,23.52767208644322,2.64106091431209,10.573483739580428,0.0716665960450213,2996598.6666666665,2996598.6666666665,3586085.155442982
PI659753,10.99503723780314,-7.388865073521932,25.626112302144367,2.3622483809789023,8.990098476409912,0.0525112154041135,3990484.1666666665,3990484.1666666665,4154066.033485173
SC0003,8.25405502319336,-4.813179206848145,24.1005859375,2.491829919815064,6.368069076538086,0.0569827874917008,3951788.0,3951788.0,3787915.426346534
SC0027,7.103010177612305,-6.066348552703857,24.67509333292644,3.3033270835876465,7.071061611175537,0.047039040793051,4019324.75,4019324.75,4029595.421746365
SC0041,16.25689681371053,-3.650693953037262,23.77260462443034,3.198935508728028,8.822333097457886,0.061046654280331,3407625.777777778,3407625.777777778,3512188.308894174
SC0092,22.780144373575848,-9.004218101501465,23.600629806518555,3.6487476030985513,7.437303066253662,0.0497119569207165,2883334.6,2883334.6,2900879.785569271
SC0138,11.40175167719523,-6.661321560541789,24.21619415283203,2.57697602113088,9.556315263112388,0.064129235451932,3165847.888888889,3165847.888888889,3228509.025308121
SC0150,11.75441845258077,-8.487841606140137,26.452980359395344,3.5034703413645425,9.658735434214272,0.0681444555161674,2932968.5454545454,2932968.5454545454,3106632.5152458474
SC0156,12.783990542093912,-7.019004662831624,22.30495548248291,2.716094652811686,6.878076950709025,0.0478028975218378,3561923.2,3561923.2,3419075.3938725274
SC0157,13.274161020914711,-3.2366168101628623,24.12875239054362,3.8754512866338096,8.848482767740885,0.0544661202884441,3677667.6363636362,3677667.6363636362,3753982.9463686175
SC0159,14.556013425191244,-4.727762679258983,23.899621963500977,3.486574133237203,9.060783386230469,0.0555263757746039,3465769.090909091,3465769.090909091,3600429.7698863847
SC0178,11.371172666549684,-3.1707660257816315,25.015161832173664,2.9305875301361084,9.11013118426005,0.0564740363626048,4086730.909090909,4086730.909090909,3980062.516054442
SC0179,9.802388747533165,-5.919455448786418,23.10509363810221,3.1944036881128945,7.739673614501953,0.0618593331154014,3174141.3333333335,3174141.3333333335,3170496.820892776
SC0190,,,,,,,5065563.625,5065563.625,4754253.070892777
SC0191,10.183453957239786,-4.604383071263631,23.4410047531128,2.484845737616221,9.232786178588867,0.0512106379692058,3387740.1666666665,3387740.1666666665,3310023.612420371
SC0201,11.608625253041586,-6.011295795440674,25.718464851379395,2.8253870010375977,8.67180093129476,0.0482804807035177,4243328.714285715,4243328.714285715,4150055.48476667
SC0235,12.271448930104574,-4.341541409492493,22.138814608256023,2.670322895050049,8.859009742736816,0.0488836812460253,3783647.4545454546,3783647.4545454546,3694375.582721108
SC0236,10.940335818699428,-5.010263238634382,23.85521480015346,3.279112475258964,8.684221608298165,0.0491471127991532,3529626.0,3529626.0,3628851.768366673
SC0247,12.595026016235352,-7.618958187103272,24.58020782470703,2.9099752426147463,9.746103954315185,0.069658736717519,2622123.3333333335,2622123.3333333335,2873428.422368813
SC0249,17.190406799316406,-7.580216646194458,25.84435208638509,3.4690571626027427,8.634480158487955,0.0479918167130912,3281005.4,3281005.4,3510510.7303568763
SC0263,8.186840375264486,-5.519303957621257,21.952340443929035,2.243877013524373,7.013740539550781,0.0450216974161747,2621411.3333333335,2621411.3333333335,2688462.983619444
SC0266,8.072602081298829,-4.518250203132629,23.355437088012696,2.7952176094055177,9.979691505432127,0.0638006063066152,3047003.714285714,3047003.714285714,2567403.691956488
SC0276,10.20309829711914,-5.331908294132778,23.905091966901505,3.2109213215964183,10.237656048366002,0.0620764093780732,2647742.7,2647742.7,2651075.258620032
SC0287,16.9235559463501,-9.532071685791015,18.54138107299805,3.2415364265441893,7.749209785461426,0.0559541929126966,1663592.8,1663592.8,1922361.1728337195
SC0297,15.507713476816813,0.1085361540317536,23.46623770395915,5.078637321790059,10.860790570576986,0.0593082807317837,2546047.4545454546,2546047.4545454546,2425288.16045685
SC0314,6.20237922668457,-4.173868179321289,24.094861602783205,2.228091526031494,7.044005584716797,0.0580995176892486,2916572.0,2916572.0,2907888.9856666024
SC0343,20.01970990498861,-7.270105997721354,23.72616577148437,3.714994430541992,10.858673413594564,0.072072276076053,3640423.0,3640423.0,3654831.543600209
SC0371,6.355839681625366,-2.6519481420516966,22.86612777709961,2.7382761955261232,9.273746585845949,0.0577204084521411,2872070.0,2872070.0,3735779.31946591
SC0400,16.753892421722412,-5.938600460688273,21.40353997548421,2.8115042448043823,9.865841070810951,0.0571451864053049,2297861.0,2297861.0,2272968.1350676874
SC0409,10.59204896291097,-2.848517005642256,22.734065055847168,3.4574244817097983,9.755978027979532,0.06284227139364,2840032.6,2840032.6,3204162.9428999284
SC0412,12.889324760437011,-7.725261211395264,23.007011795043944,2.3754530906677247,9.623137855529786,0.064347642837816,2963420.0,2963420.0,3046645.4945610696
SC0436,15.86771240234375,-7.960624694824219,23.00902099609376,3.425987386703491,8.17360954284668,0.0525338248022286,3073895.2,3073895.2,3038959.191819644
SC0438,17.81649128595988,-6.8132820924123125,23.143397013346355,4.308902780214946,10.721585909525553,0.0715723501703935,3133710.0,3133710.0,3122178.106733179
SC0445,12.99565052986145,-6.257025321324666,23.93123658498128,2.911698361237844,9.85646629333496,0.05732874528932,3625695.8333333335,3625695.8333333335,3474813.0528224786
SC0448,11.522185881932575,-4.267543435096741,25.171373685201008,3.6691307624181113,10.4802033106486,0.0631420553578702,4487120.555555556,4487120.555555556,4554093.400364967
SC0456,13.403029759724935,0.3791353503863017,25.293833414713543,3.9352328777313232,9.881064573923746,0.0787352423587184,4638235.0,4638235.0,4557503.85642187
SC0458,3.1397278785705565,-2.8319593906402587,24.34941291809082,3.2687843322753904,8.5398530960083,0.058218641087904,4006286.0,4006286.0,3938467.6821734025
SC0463,8.95905179977417,-5.80914535522461,25.60096702575684,2.2289883375167845,9.937313461303711,0.0543934059664725,5105928.222222222,5105928.222222222,5294571.211465982
SC0470,9.055513064066568,-6.53775676091512,25.34761333465576,2.44275971253713,10.526171366373696,0.0617419580062735,4029381.727272727,4029381.727272727,4014751.041270676
SC0479,15.594488302866615,-7.146162192026774,22.42048517862956,3.2690013647079468,7.24929674466451,0.042522120378335,3846714.0,3846714.0,3472646.2194891456
SC0505,11.498579263687134,-5.943307518959045,24.42537212371826,2.888326108455658,8.47370433807373,0.0482153004446539,3883027.6666666665,3883027.6666666665,4250035.396929454
SC0517,10.862930655479431,-8.073310017585754,22.30046796798706,3.5340657830238342,9.989070892333984,0.0649074300810494,2389608.0,2389608.0,2150768.365766675
SC0521,9.256600220998129,-0.7002767423788706,23.57837200164795,3.6355742613474527,11.101473013559977,0.0726411340548452,2800609.3333333335,2800609.3333333335,3190571.9649988078
SC0540,10.287812614440918,-6.283109092712403,23.23961944580078,2.6389255285263062,8.526185989379883,0.0441410705442051,2895512.8,2895512.8,3100762.1892657587
SC0542,10.810024452209472,-7.520372772216797,24.07612724304199,1.9874428987503048,9.802669906616211,0.0564188575995339,3487704.2,3487704.2,3488727.3048694646
SC0547,,,,,,,,,
SC0550,12.309475898742676,-8.619061628977457,21.820778210957844,2.081980546315511,7.528884728749593,0.0442215178809797,2558114.0,2558114.0,2625165.6502861106
SC0551,12.30886936187744,-3.813793341318766,24.477402051289875,4.021917303403218,11.287593682607016,0.0701024066926559,2777078.7,2777078.7,3194618.6297738748
SC0556,13.02457502910069,-5.36172730582101,25.18370110648019,3.2140942301068987,9.788223402840751,0.0650186319405685,2839814.0,2839814.0,2951058.343053591
SC0581,11.265076828002927,-7.93436632156372,23.391101837158203,2.7533727884292603,8.11596212387085,0.0515790308092605,3170215.3333333335,3170215.3333333335,3600805.833435828
SC0582,17.28533697128296,-7.532756567001343,23.35097026824951,3.01869527498881,9.337529023488363,0.0509928231334774,3953972.0,3953972.0,3981661.860221263
SC0602,6.007766342163086,-4.611624050140381,25.28616523742676,2.35377197265625,10.642157173156738,0.0808833731747672,3596942.3333333335,3596942.3333333335,3498236.743675319
SC0604,5.975333309173584,-4.771394062042236,23.083459854125977,2.1832372188568114,6.133794212341309,0.0618212074095958,3099969.0,3099969.0,2863174.6447620075
SC0615,4.250594198703766,-2.8841382265090942,22.873209476470947,2.1042368412017822,8.203181385993958,0.0528326449481643,3395996.0,3395996.0,2989414.231880972
SC0616,11.003828525543211,-5.9084287484486895,22.41391595204671,2.544215559959412,9.13157606124878,0.0634615165011517,2519194.777777778,2519194.777777778,2464167.264056454
SC0618,11.616664409637451,-6.124280293782552,23.354984283447266,2.2171122630437217,9.339213212331137,0.0536535140815381,3587590.8333333335,3587590.8333333335,3653916.171428951
SC0631,5.519771099090576,-4.0912434458732605,22.88820791244507,2.0286624133586884,5.381101489067078,0.0506110350438754,3297533.0,3297533.0,3073295.2318809726
SC0636,11.306098365783692,-6.745335292816162,25.211631774902344,3.635858869552613,10.798054695129396,0.0731109842641933,3670715.75,3670715.75,3713084.670680208
SC0640,,,,,,,3974738.0,3974738.0,3815580.76005604
SC0652,9.1917062997818,-1.2089822739362717,25.26338005065918,2.978139817714691,9.772920727729796,0.0541460728329025,4320445.6,4320445.6,4239714.45642187
SC0685,10.201820850372314,-5.571853756904602,22.55762418111165,2.986102898915609,7.514397144317627,0.0501205182829397,2661298.4,2661298.4,2759413.149248286
SC0713,13.754724661509195,-8.322115818659464,23.814828236897785,2.8732794523239136,7.776023626327515,0.0536810863466088,3566033.0,3566033.0,3560482.183670389
SC0741,7.59700288772583,-3.567790269851685,24.957660675048828,2.8846059799194337,7.995041561126709,0.0495841591038323,4692581.6,4692581.6,4758922.665908078
SC0747,15.401501655578612,-7.258001804351807,22.741066932678223,3.542527794837952,7.500198125839233,0.0503512867512762,3645355.6666666665,3645355.6666666665,3681313.4611821217
SC0753,9.661836338043212,-1.5252906799316408,27.11550369262695,3.569574785232544,11.193225288391114,0.0755208879118024,3949288.5,3949288.5,3404443.1114804284
SC0759,13.44489574432373,-6.642567217350006,23.99566125869751,2.7136711478233337,8.772292852401733,0.0582674143530135,3526853.0,3526853.0,4101930.959184136
SC0777,12.83792813618978,-5.301672657330831,23.48251342773437,2.466845313707988,7.5621972878774,0.0565294442328308,3912781.6363636362,3912781.6363636362,4236844.226411706
SC0814,8.054611968994141,-5.220063591003418,29.13390045166016,3.154187083244324,9.948101234436034,0.0614205240610767,4224209.4,4224209.4,4387168.818100004
SC0823,14.270596385002136,-4.205288393422961,22.86399555206299,3.528470993041992,10.042181372642515,0.0563084477984305,3338803.466666667,3338803.466666667,3359107.2762989397
SC0834,9.747910976409912,-6.6572794914245605,26.10281658172608,3.2468862533569336,9.201510906219482,0.0543359787080186,4283111.142857143,4283111.142857143,4684732.88855104
SC0837,6.405585384368896,-5.735455799102783,24.05711593627929,2.816767454147339,6.4557085037231445,0.0626951735969502,3738019.0,3738019.0,3615638.8152143057
SC0847,11.28424866994222,-1.539913813273112,26.635779062906902,3.625044822692871,12.265753746032717,0.0700927554741062,4405616.5,4405616.5,4081466.850782588
SC0848,12.788207626342771,-5.809727585315704,22.906444931030272,2.714346694946289,10.233662796020509,0.0704270341986174,2188021.6,2188021.6,2465059.8381072097
SC0854,10.699157333374025,-5.91335244178772,24.0761531829834,2.714874267578125,9.72586727142334,0.0586192036234152,3229535.2,3229535.2,3341069.804628013
SC0858,13.015499413013458,-4.2528713420033455,23.4642813205719,2.4897972345352173,10.199808716773989,0.0561834906015422,3321758.533333333,3321758.533333333,3392520.321507808
SC0860,10.397535610198975,-4.374206590652466,25.996791458129884,3.0776154518127443,9.782980918884276,0.0596303437553635,4331972.0,4331972.0,4429073.256421871
SC0864,6.67267115910848,2.147121469179789,28.4256165822347,5.238631010055542,13.432236353556316,0.0554088184790778,3651654.6666666665,3651654.6666666665,3601393.855442982
SC0868,8.93849261601766,-5.267876426378886,24.28868802388509,2.642899473508199,10.243044058481852,0.0657139572462848,4229787.833333333,4229787.833333333,4191532.899433389
SC0870,11.783933401107788,-6.039332628250122,23.09162378311157,3.018178224563598,7.102867782115936,0.0570769381339722,4118288.8,4118288.8,4261222.03548316
SC0871,10.274113972981771,-0.8715311090151469,25.69443893432617,3.5639113982518515,9.49909734725952,0.0576763380012065,3827073.25,3827073.25,3759250.265506736
SC0877,8.242132091522217,-6.002189636230469,26.175372314453124,2.2988352298736574,10.437628746032717,0.0635705954584095,3862725.111111111,3862725.111111111,3844483.3191134254
SC0878,,,,,,,,,
SC0893,11.450006484985352,-4.896656036376953,25.8078369140625,2.777766561508179,10.726128578186035,0.059861321685363,4031580.0,4031580.0,3920688.8963686177
SC0895,,,,,,,,,
SC0914,18.018792833600724,-7.453998838152204,23.488163266863143,3.062595639910017,9.731811795915876,0.0630063689431595,3666723.0,3666723.0,3754624.49267897
SC0921,7.021135489145915,-4.723749955495198,25.491777420043945,2.506309032440185,9.374246915181478,0.0641021605499701,4017608.6666666665,4017608.6666666665,3780814.311428675
SC0923,11.009287039438885,-2.444562236467997,25.268648783365887,3.620294054349264,9.578431606292725,0.0482149608400788,3723670.0,3723670.0,3766038.9206802086
SC0965,6.7634148597717285,-4.6303221702575685,24.780694580078126,3.2474608421325684,9.16709632873535,0.0507497664489892,3534476.0,3534476.0,3516531.89752406
SC0999,14.492603778839111,-5.044774850209554,25.01407464345296,2.98471466700236,9.812235832214355,0.0562718641304154,3519694.5,3519694.5,3824694.349248285
SC1021,11.68836498260498,-4.223554253578186,25.096466064453125,2.6303844451904297,8.842932065327963,0.0573869549618135,4361066.8,4361066.8,4295091.466106493
SC1023,13.00350014368693,-4.268618216117223,25.44326527913412,3.534673889478048,10.25179680188497,0.0593355008451024,4523960.222222222,4523960.222222222,4490470.262124243
SC1024,14.06886068979899,-5.239595731099446,25.973529815673828,2.895621260007222,9.7620579401652,0.0474891389219824,4842866.333333333,4842866.333333333,4909917.983619443
SC1058,11.386919021606444,-4.323207338651021,23.86768690745036,2.9104148546854653,10.808027903238932,0.0723018591075855,3663827.090909091,3663827.090909091,3775785.565976055
SC1082,17.070796012878418,-4.765342439923968,22.423227310180664,3.205653429031372,9.767992292131696,0.0592707908870544,2808040.5714285714,2808040.5714285714,2766593.337320901
SC1097,10.719107151031494,-4.400836070378621,27.05091603597005,2.7881131172180176,9.13149611155192,0.0580630933208106,4517999.666666667,4517999.666666667,4409237.761839928
SC1107,13.765082740783692,-7.873791980743408,25.52169189453125,2.712708234786988,9.244451141357422,0.0513166966346833,3803816.4,3803816.4,3699257.390454021
SC1114,13.74772834777832,-7.357747650146484,23.66728858947754,3.402406120300293,9.778006744384763,0.0684718929088816,2883428.25,2883428.25,2818220.525302826
SC1119,11.823531786600748,-6.064861178398132,25.59481875101725,3.732161164283752,9.903325160344442,0.0641331026339546,3827108.4444444445,3827108.4444444445,3795213.9865523535
SC1120,14.323951721191406,-6.935853560765584,24.995906829833984,3.371203859647115,9.466425816218058,0.0597651866997356,3567410.909090909,3567410.909090909,3492022.490853141
SC1133,9.686700582504272,-6.053095579147339,23.23718738555908,2.39809008439382,9.930028438568115,0.0588232804700654,3346348.0,3346348.0,3309821.909318407
SC1166,5.058190663655599,-3.374238093694052,25.584794362386067,3.136041561762492,7.71296755472819,0.0537410089526075,4112561.4,4112561.4,3875767.044762008
SC1170,14.77323611577352,-2.2076787520200014,23.70847193400065,3.902283350626628,9.671995480855308,0.0527559715677436,2809976.5714285714,2809976.5714285714,3288584.441163497
SC1178,9.45685601234436,-5.333462317784627,23.12842305501302,2.7777432203292847,8.334609667460123,0.0605063835226967,2979159.1818181816,2979159.1818181816,2965087.5542261098
SC1193,18.96965503692627,-5.533573855956395,23.12686824798584,3.3139288822809854,7.904596408208211,0.0564910929103443,2941096.1666666665,2941096.1666666665,3156127.5237046825
SC1216,15.507073296440971,-5.406208939022488,23.768004523383247,3.043881469302707,11.089048809475369,0.0746375416432723,2797928.3529411764,2797928.3529411764,2963280.347095401
SC1442,14.170540618896483,-5.79788761138916,20.46032295227051,2.277205753326416,8.994554138183593,0.0665889224609535,2001530.5,2001530.5,2067129.5259051248
SC1446,14.378785610198976,-5.8726950486501055,23.301268577575684,3.3719050089518228,9.489596366882324,0.0551772963833699,3581397.3333333335,3581397.3333333335,3378956.936935562
