{
  "disease": {
    "human_score": {
      "n": 541,
      "n_minor": 19,
      "beta_std": -0.16597202664185007,
      "p": 0.15122748146582535
    },
    "disease_exg": {
      "n": 895,
      "n_minor": 43,
      "beta_std": 0.007254894447129531,
      "p": 0.9326666938653082
    },
    "disease_exg_CV": {
      "n": 894,
      "n_minor": 42,
      "beta_std": 0.09801227644491484,
      "p": 0.26004046271677234
    },
    "pct": {
      "n": 895,
      "n_minor": 43,
      "beta_std": 0.012586917638668196,
      "p": 0.881007488687115
    }
  },
  "color": {
    "b_mean": {
      "n": 895,
      "n_minor": 43,
      "beta_std": 0.029266764929924253,
      "p": 0.7389800150323846
    },
    "a_mean": {
      "n": 895,
      "n_minor": 43,
      "beta_std": 0.19249496621487533,
      "p": 0.02442782843372227
    },
    "L_mean": {
      "n": 895,
      "n_minor": 43,
      "beta_std": 0.33255240485041315,
      "p": 0.00011130464987491543
    },
    "b_sd": {
      "n": 895,
      "n_minor": 43,
      "beta_std": 0.08311719014063643,
      "p": 0.3444159420285031
    },
    "L_sd": {
      "n": 895,
      "n_minor": 43,
      "beta_std": 0.14122710945449607,
      "p": 0.09282976060467675
    },
    "gloss": {
      "n": 895,
      "n_minor": 43,
      "beta_std": 0.1373604003621,
      "p": 0.11971867071678013
    }
  },
  "size": {
    "leaf_area_img": {
      "n": 895,
      "n_minor": 43,
      "beta_std": -0.0367818076497917,
      "p": 0.6405537234975218
    },
    "mask_pixels_img": {
      "n": 1,
      "n_minor": 0,
      "beta_std": NaN,
      "p": NaN,
      "note": "degenerate"
    },
    "mask_pixels_blue": {
      "n": 891,
      "n_minor": 42,
      "beta_std": -0.07166290295426662,
      "p": 0.36401243143898177
    }
  }
}