{
  "Sobic.006G223900": {
    "mean_TPM": 0.078,
    "n": 750,
    "effect": -0.0008119231016742048,
    "p": 0.9363209781066074
  },
  "Sobic.006G224000": {
    "mean_TPM": 0.709,
    "n": 750,
    "effect": -0.10593039745985619,
    "p": 0.04949779998308739
  },
  "Sobic.006G224100": {
    "mean_TPM": 4.221,
    "n": 750,
    "effect": 0.06638642927993975,
    "p": 0.0335446002271849
  },
  "Sobic.006G224200": {
    "mean_TPM": 0.145,
    "n": 750,
    "effect": -0.0008777171956399332,
    "p": 0.9708397938613548
  },
  "Sobic.006G224300": {
    "mean_TPM": 2.002,
    "n": 750,
    "effect": 0.032099182785544134,
    "p": 0.2657003262648156
  },
  "Sobic.006G224400": {
    "mean_TPM": 0.256,
    "n": 750,
    "effect": 0.031240872323725973,
    "p": 0.25513999896814266
  },
  "Sobic.006G224500": {
    "mean_TPM": 0.017,
    "n": 750,
    "effect": -0.00402456075312035,
    "p": 0.46729896583756614
  },
  "Sobic.006G224600": {
    "mean_TPM": 0.324,
    "n": 750,
    "effect": -0.07107202591397245,
    "p": 0.0027007003492011627
  },
  "Sobic.006G224800": {
    "mean_TPM": 5.742,
    "n": 750,
    "effect": -0.03121569182605481,
    "p": 0.2926548934320699
  },
  "Sobic.006G225000": {
    "mean_TPM": 0.026,
    "n": 750,
    "effect": -0.003849756382313448,
    "p": 0.42287495692559174
  },
  "Sobic.006G225100": {
    "mean_TPM": 1.317,
    "n": 750,
    "effect": -0.05300677777176394,
    "p": 0.05537403988807531
  },
  "Sobic.006G225200": {
    "mean_TPM": 88.94,
    "n": 750,
    "effect": 0.10149923774599891,
    "p": 0.30386359482033415
  },
  "Sobic.006G225300": {
    "mean_TPM": 62.584,
    "n": 750,
    "effect": 0.0845712796295188,
    "p": 0.009838066228243635
  },
  "Sobic.006G225400": {
    "mean_TPM": 4.84,
    "n": 750,
    "effect": 0.12401274473848715,
    "p": 0.021952857288091963
  },
  "Sobic.006G225500": {
    "mean_TPM": 0.162,
    "n": 750,
    "effect": -0.10611364905209623,
    "p": 0.00037071422791237866
  },
  "Sobic.006G225550": {
    "mean_TPM": 0.009,
    "n": 750,
    "effect": 0.0024496153375325887,
    "p": 0.5197154329204532
  },
  "Sobic.006G225600": {
    "mean_TPM": 42.056,
    "n": 750,
    "effect": 0.03216387858249788,
    "p": 0.3912297413155539
  },
  "Sobic.006G225700": {
    "mean_TPM": 1.457,
    "n": 750,
    "effect": 0.7000929530914276,
    "p": 1.4266208194849778e-24
  },
  "Sobic.006G225750": {
    "mean_TPM": 0.281,
    "n": 750,
    "effect": -0.02332628789400982,
    "p": 0.48491917380421634
  },
  "Sobic.006G225800": {
    "mean_TPM": 1.426,
    "n": 750,
    "effect": -0.56898958918604,
    "p": 1.8067657262150465e-31
  },
  "Sobic.006G225900": {
    "mean_TPM": 10.742,
    "n": 750,
    "effect": 0.17632077411289476,
    "p": 9.126092276342272e-05
  },
  "Sobic.006G226000": {
    "mean_TPM": 0.502,
    "n": 750,
    "effect": -0.12042927307929832,
    "p": 0.009890968428102886
  },
  "Sobic.006G226100": {
    "mean_TPM": 96.094,
    "n": 750,
    "effect": -0.2991323466966744,
    "p": 2.4096385800764997e-11
  },
  "Sobic.006G226200": {
    "mean_TPM": 6.716,
    "n": 750,
    "effect": -0.66913512872175,
    "p": 2.616589234240715e-21
  },
  "Sobic.006G226300": {
    "mean_TPM": 13.101,
    "n": 750,
    "effect": 0.05474448726062196,
    "p": 0.13118614295634007
  },
  "Sobic.006G226400": {
    "mean_TPM": 5.771,
    "n": 750,
    "effect": 0.03387760983500087,
    "p": 0.724871243786843
  },
  "Sobic.006G226700": {
    "mean_TPM": 6.184,
    "n": 750,
    "effect": 0.4493844873108867,
    "p": 4.725798995879447e-11
  },
  "Sobic.006G226800": {
    "mean_TPM": 2.028,
    "n": 750,
    "effect": -0.3946366199307245,
    "p": 0.0001195080199092017
  },
  "Sobic.006G226900": {
    "mean_TPM": 8.492,
    "n": 750,
    "effect": 0.4509849481794098,
    "p": 2.7670816698950716e-14
  },
  "Sobic.006G227000": {
    "mean_TPM": 24.397,
    "n": 750,
    "effect": 0.033570544114480266,
    "p": 0.8586356768653116
  },
  "Sobic.006G227100": {
    "mean_TPM": 0.797,
    "n": 750,
    "effect": -0.020233800547927356,
    "p": 0.7572973985067375
  },
  "Sobic.006G227200": {
    "mean_TPM": 0.813,
    "n": 750,
    "effect": -0.12265287961340143,
    "p": 0.023481473417742975
  },
  "Sobic.006G227250": {
    "mean_TPM": 3.73,
    "n": 750,
    "effect": -0.9404723681072878,
    "p": 3.4886967654077445e-21
  },
  "Sobic.006G227300": {
    "mean_TPM": 5.897,
    "n": 750,
    "effect": -1.2125459891486126,
    "p": 5.15284054588874e-35
  }
}