group,marker,chrom,pos,ref,alt,phenotype_column,n_observations,n_marker_nonmissing,n_ref_homozygote,n_heterozygote,n_alt_homozygote,phenotype_mean,phenotype_sd,effect_alt_allele,se,p_value,standardized_effect_alt_allele,standardized_alt_homozygote_vs_ref,alt_effect_direction,status,skip_reason
Alabama2025,9:62301540:T:A,9,62301540,T,A,human_score,132,132,128,0,4,2.602651515151515,0.7770934499719366,0.13312785399675495,0.20176791712104514,0.5105916640294891,0.17131511532050955,0.3426302306410191,increases,tested,
Georgia2025,9:62301540:T:A,9,62301540,T,A,human_score,147,147,145,0,2,2.7090419501133787,0.7691803497046108,,,,,,,skipped,n_alt_homozygote < 3
Nebraska2025,9:62301540:T:A,9,62301540,T,A,human_score,561,561,528,2,31,1.9280897207367795,0.6463920139830311,0.13408398519340012,0.0658219728856988,0.042117798021517126,0.20743447055786188,0.41486894111572375,increases,tested,
Nebraska2025-Common,9:62301540:T:A,9,62301540,T,A,human_score,42,42,41,0,1,1.6989087301587302,0.4815589518192176,,,,,,,skipped,n_alt_homozygote < 3
